rank,Company ID,Investor,Capital Group,Current Holdings (objects),Holdings Area (m²),Main Holding Type,Main Holding Cities,Active Property Types,Active Cities,Active Regions,Entities / Vehicles Used,Last Activity
1,ef9a0659-10ad-4cbf-b011-85eeba3b2645,Union Investment,Institutional,606,6685594.729530473,Apartment; Office,Duisburg; Berlin; Chemnitz,Apartment; Office; Retail,Berlin; Duisburg; Hamburg,North Rhine-Westphalia; Hesse; Saxony,DIFA; Defo - Deutsche Fonds; Immo-Invest: Europa; UniImmo: Deutschland (+5 more),2026-04-20 00:00:00
2,c68b64d8-b73e-4a25-ba39-38357058cd15,Patrizia,Institutional,465,7076112.492313834,Retail; Apartment,Berlin; Hamburg; Munich,Retail; Office; Apartment,Munich; Berlin; Hamburg,Hesse; North Rhine-Westphalia; Bavaria,Patrizia France; Rockspring (Patrizia); Sparinvest; SuDeWo (+1 more),2026-05-05 00:00:00
3,96bfee4b-13ae-477b-86b9-72db946855b8,ZBI,Institutional,408,1964286.52119359,Apartment; Office,Duisburg; Chemnitz; Berlin,Apartment; Office; Dev Site,Duisburg; Zwickau; Berlin,North Rhine-Westphalia; Saxony; Berlin,,2025-09-07 00:00:00
4,d356b54b-a01c-4aec-b41c-06e72f14a22c,Blackstone,Institutional,365,7312356.126356824,Industrial; Office,Berlin; Munich; Dusseldorf,Industrial; Office; Retail,Hamburg; Berlin; Dusseldorf,North Rhine-Westphalia; Bavaria; Baden-Wurttemberg,Dream Global REIT; Logicor (Blackstone); Mileway; Multi Corporation (+1 more),2026-07-22 00:00:00
5,792fb897-bfa9-4708-bb90-74b8925664d9,DekaBank,Institutional,254,4452018.8701328,Office; Retail,Munich; Hamburg; Frankfurt am Main,Office; Retail; Industrial,Frankfurt am Main; Dusseldorf; Hamburg,North Rhine-Westphalia; Hesse; Bavaria,Deka Immobilien; Deka-ImmobilienEuropa; Deka-ImmobilienGlobal; WestInvest (+2 more),2026-04-07 00:00:00
6,d01bab78-9ac8-45a9-acf6-203cdfd141bb,Vonovia SE,Public,236,4496585.29722477,Apartment; Seniors Housing & Care,Berlin; Potsdam; Gelsenkirchen,Apartment; Seniors Housing & Care; Dev Site,Berlin; Duisburg; Chemnitz,Berlin; North Rhine-Westphalia; Saxony,BUWOG (Vonovia); Deutsche Annington REOC; Deutsche Wohnen (Vonovia); Neckar Manager Sarl,2026-06-13 00:00:00
7,dcf1a66a-e4e3-4c68-9697-564862c13dc0,Slate Asset Management,Institutional,228,878582.5620624,Retail,Dresden; Berlin; Leipzig,Retail,Dresden; Berlin; Leipzig,Saxony; Saxony-Anhalt; Thuringia,,2025-12-11 00:00:00
8,c549efda-6dba-488b-9e6c-2a91958e8816,HIH Real Estate,Institutional,221,2628502.04722888,Office; Retail,Hamburg; Berlin; Frankfurt am Main,Office; Retail; Industrial,Hamburg; Berlin; Dusseldorf,North Rhine-Westphalia; Hamburg; Bavaria,HIH Invest Real Estate; IntReal; Warburg-HIH Invest,2026-07-07 00:00:00
9,19953b6b-9c80-4761-a213-60b53ae7e260,Swiss Life AM,Institutional,218,2985920.014817182,Office; Apartment,Berlin; Hamburg; Dusseldorf,Office; Apartment; Retail,Berlin; Hamburg; Dusseldorf,North Rhine-Westphalia; Bavaria; Hesse,Babcock Pensionskasse; Corpus Sireo (Swiss Life); Swiss Life REF CH Swiss Properties; Swiss Life REIM,2026-06-01 00:00:00
10,74fba7a8-f59b-4e8b-8e63-f45319110ea8,Aroundtown,Institutional,183,2812040.5146004,Office; Hotel,Berlin; Frankfurt am Main; Dresden,Retail; Office; Hotel,Berlin; Dresden; Frankfurt am Main,North Rhine-Westphalia; Berlin; Hesse,Primecity Investment PLC (AroundTown); TLG Immobilien (Aroundtown),2026-06-22 00:00:00
11,12249ef6-8ec6-4791-9c19-d73b29269efe,Catella,Institutional,170,1466678.11218084,Apartment; Office,Munich; Berlin; Nuremberg,Apartment; Office; Industrial,Munich; Hamburg; Berlin,Bavaria; North Rhine-Westphalia; Baden-Wurttemberg,CREAG; CRIM; Focus Nordic Cities,2025-12-10 00:00:00
12,8875ad68-90a0-417c-bb62-cab675242752,Universal-Investment,Institutional,166,2139791.7878064,Retail; Office,Hamburg; Berlin; Nuremberg,Retail; Office; Apartment,Hamburg; Berlin; Frankfurt am Main,Bavaria; North Rhine-Westphalia; Lower Saxony,,2026-01-22 00:00:00
13,26d45ecb-c839-4b67-bd1c-7fc4a68e4594,Howoge,User/Other,156,1074103.4616188,Apartment; Dev Site,Berlin; Panketal,Apartment; Dev Site,Berlin; Panketal,Berlin; Brandenburg,,2024-11-13 00:00:00
14,e8146302-d8be-4a81-b325-88ffa9311619,Branicks Group AG,Public,153,2927888.022580287,Office; Industrial,Hamburg; Mannheim; Frankfurt am Main,Office; Retail; Industrial,Hamburg; Mannheim; Frankfurt am Main,North Rhine-Westphalia; Hesse; Baden-Wurttemberg,DIC Asset AG,2025-12-01 00:00:00
15,619f1193-699d-4252-9ad4-cc4ecc2bd944,Garbe Group,Private,145,5446692.236278957,Industrial; Dev Site,Hamburg; Berlin; Cologne,Industrial; Dev Site; Retail,Hamburg; Frankfurt am Main; Cologne,North Rhine-Westphalia; Bavaria; Lower Saxony,1st Red AG; GRR. Garbe Retail; Garbe Institutional Capital,2026-06-09 00:00:00
16,32ca3059-3851-419a-b128-5c648ea2d4ce,BVK,Institutional,142,2050451.9190716,Retail; Office,Berlin; Hamburg; Munich,Retail; Office; Apartment,Berlin; Hamburg; Frankfurt am Main,Bavaria; North Rhine-Westphalia; Hesse,BRAStV; BVK Europa Immo SF,2026-03-20 00:00:00
17,becfe4d3-58f2-478b-b17d-ea4ab8fc44c2,Habona Invest GmbH,Institutional,141,385348.4423076,Retail; Other General,Berlin; Selm; Pampow,Retail; Other General,Berlin; Oberhausen; Porta Westfalica,Bavaria; North Rhine-Westphalia; Lower Saxony,,2026-06-26 00:00:00
18,aeedd54f-4896-4f65-a2a3-0fb6a7a28fcb,Aberdeen Group Plc,Institutional,140,1250519.32429539,Apartment; Office,Berlin; Frankfurt am Main; Hamburg,Office; Apartment; Retail,Frankfurt am Main; Berlin; Hamburg,Hesse; North Rhine-Westphalia; Berlin,Aberdeen; Aberdeen DL; Aberdeen Immobilien DL; Aberdeen Standard Invest (+8 more),2026-06-10 00:00:00
19,ba170208-e4d0-45dc-8cc5-77b17399b4b9,M7 Real Estate,Institutional,135,2245901.269106664,Industrial; Office,Berlin; Dusseldorf; Dietzenbach,Industrial; Office; Retail,Dusseldorf; Hanover; Berlin,North Rhine-Westphalia; Hesse; Baden-Wurttemberg,,2026-04-14 00:00:00
20,7ddda94d-c827-4f64-ab38-b6ba77906f92,Aachener Grund,Institutional,135,724032.1780989436,Retail; Office,Berlin; Hamburg; Cologne,Retail; Office; Apartment,Cologne; Berlin; Hamburg,North Rhine-Westphalia; Baden-Wurttemberg; Lower Saxony,,2026-06-01 00:00:00
21,37a55571-6f9c-42bc-9545-f34576d6b963,Covivio,Public,130,1558687.3922204,Apartment; Hotel,Berlin; Frankfurt am Main; Hamburg,Apartment; Hotel; Office,Berlin; Dresden; Frankfurt am Main,Berlin; North Rhine-Westphalia; Saxony,Covivio Hotels; Covivio Office AG; FDL Developpement Logements; Fonciere Europe Logistique (+1 more),2026-02-19 00:00:00
22,eac9e335-1a80-4699-be35-7dc5298d72cb,DWS Group,Institutional,126,3993062.0704384,Retail; Apartment,Frankfurt am Main; Berlin; Dusseldorf,Office; Retail; Apartment,Frankfurt am Main; Berlin; Hamburg,Hesse; North Rhine-Westphalia; Bavaria,DB Real Estate; DWS Investments; Deutsche AWM - Germany; Deutsche Grundbesitz Investment (+5 more),2026-06-23 00:00:00
23,3d5ee436-2734-4877-995e-fa937b3f8513,Corestate Capital,Institutional,125,3022961.528135129,Apartment; Office,Gelsenkirchen; Munich; Hamburg,Apartment; Office; Retail,Gelsenkirchen; Dortmund; Leipzig,North Rhine-Westphalia; Hesse; Bavaria,ATOS Asset Management; Hannover Leasing,2026-05-19 00:00:00
24,353d1b39-bf98-46cf-be8c-cfdd27ef421a,BEOS AG,Institutional,123,3829695.1796904,Industrial; Office,Berlin; Hamburg; Dusseldorf,Industrial; Office; Dev Site,Berlin; Hamburg; Frankfurt am Main,Berlin; North Rhine-Westphalia; Bavaria,,2026-05-04 00:00:00
25,d97e00a5-e79c-4419-91ad-21b8b5bf542e,Quantum,Private,121,1500557.055740506,Apartment; Office,Hamburg; Berlin; Dusseldorf,Office; Apartment; Retail,Hamburg; Berlin; Dusseldorf,Hamburg; North Rhine-Westphalia; Berlin,,2026-07-21 00:00:00
26,b8590b97-7815-425a-b8aa-a7af410f1069,ActivumSG,Institutional,118,1883911.2440044,Dev Site; Office,Leipzig; Berlin; Frankfurt am Main,Dev Site; Apartment; Office,Frankfurt am Main; Berlin; Leipzig,North Rhine-Westphalia; Hesse; Saxony,Activum SG; Fairvesta; GRK Holding; GRK ImmoWert (+5 more),2026-07-13 00:00:00
27,0435a836-889e-43a0-b13c-5a9e6fe335ac,Rabo RE Group,Institutional,117,2247085.29577498,Dev Site; Apartment,Berlin; Hamburg; Munich,Apartment; Dev Site; Office,Frankfurt am Main; Hamburg; Berlin,North Rhine-Westphalia; Lower Saxony; Hesse,BPD Immobilienentwicklung; Bouwfonds Development; Bouwfonds European Residential Fund; Bouwfonds IE (+2 more),2025-11-17 00:00:00
28,c96b2867-bd85-43a2-a472-f1ca31e0e68f,Aedifica,Public,116,272590.3486332,Seniors Housing & Care; Dev Site,Berlin; Chemnitz; Duisburg,Seniors Housing & Care; Dev Site; Hotel,Berlin; Chemnitz; Bergisch Gladbach,North Rhine-Westphalia; Lower Saxony; Saxony,,2026-06-29 00:00:00
29,8354abad-1f7c-4b36-9905-a82e2f2b5335,Deutsche Konsum REIT,Public,114,763120.7268544,Retail; Hotel,Leipzig; Kothen (Anhalt); Meissen,Retail; Hotel,Berlin; Marlow; Stendal,Saxony-Anhalt; Mecklenburg-West Pomerania; Saxony,,2026-05-13 00:00:00
30,c4770fd0-ffa9-4bf4-990d-0ac689db2174,Hahn Gruppe,Institutional,114,1404094.83924996,Retail; Office,Monchengladbach; Cologne; Hamburg,Retail; Office; Dev Site,Cologne; Munich; Ingelheim am Rhein,North Rhine-Westphalia; Bavaria; Lower Saxony,Hahn Group,2026-06-10 00:00:00
31,b08909f1-1360-47ec-87c9-d282ace675b8,Project Gruppe,Institutional,114,517760.3663388,Dev Site; Office,Berlin; Hamburg; Nuremberg,Dev Site; Office; Condo,Berlin; Hamburg; Dusseldorf,Berlin; Bavaria; Brandenburg,PI Project Immobilien; Project Fonds Gruppe,2025-07-28 00:00:00
32,36dd7797-0af8-4f91-9f0b-b5e415e91592,GIC,Institutional,113,3807148.70107536,Industrial; Retail,Frankfurt am Main; Hamburg; Berlin,Industrial; Retail; Dev Site,Berlin; Frankfurt am Main; Hamburg,Bavaria; Hesse; North Rhine-Westphalia,P3 Logistic Parks (GIC),2026-05-04 00:00:00
33,ea63a107-b0ff-49d7-9ba8-4f9128bcf31b,aik Invest,Institutional,108,773085.7932498797,Apartment; Office,Berlin; Cologne; Hamburg,Office; Apartment; Retail,Berlin; Cologne; Dusseldorf,North Rhine-Westphalia; Berlin; Lower Saxony,,2026-07-06 00:00:00
34,3ba7b3ef-d706-448f-a0e1-6002a0bbba1a,Commerz Real,Institutional,107,1388666.530216611,Office; Apartment,Munich; Frankfurt am Main; Hamburg,Office; Retail; Apartment,Frankfurt am Main; Munich; Berlin,Hesse; Bavaria; North Rhine-Westphalia,Commerz Grundbesitz; Commerzleasing und Immo; hausInvest,2025-10-24 00:00:00
35,7b9b3843-7db6-41f6-8dfa-ce1e57c4825d,AXA Group,Institutional,105,3289691.24116932,Office; Industrial,Berlin; Munich; Hamburg,Office; Industrial; Retail,Munich; Berlin; Dusseldorf,North Rhine-Westphalia; Bavaria; Hesse,AXA; AXA IM; AXA IM - Real Assets; AXA Immoselect (+6 more),2026-06-25 00:00:00
36,1425e3c0-d56e-488c-b321-8d85408c684d,CTP Invest,Private,104,3666591.0335532,Industrial; Dev Site,Bremen; Remscheid; Schortens,Industrial; Dev Site,Bremen; Remscheid; Schortens,North Rhine-Westphalia; Lower Saxony; Baden-Wurttemberg,Deutsche Industrie Grundbesitz AG,2026-07-09 00:00:00
37,7134bd24-a051-4900-bf26-662b1abd5f9e,Values Real Estate,Institutional,102,1070835.8709672,Office; Retail,Hamburg; Berlin; Dresden,Office; Retail; Industrial,Berlin; Hamburg; Munich,North Rhine-Westphalia; Berlin; Hamburg,DC Values,2026-05-04 00:00:00
38,47c943a6-0d23-40af-876d-ef7c6acd8305,GPEP,Institutional,101,964784.4586848,Retail; Apartment,Oberhausen; Porta Westfalica; Lubeck,Retail; Apartment,Oberhausen; Porta Westfalica; Lubeck,Lower Saxony; North Rhine-Westphalia; Bavaria,,2026-03-10 00:00:00
39,9edb9933-93f4-4543-b339-99c5ad341d92,Art Invest,Institutional,99,1491170.06283468,Office; Hotel,Dusseldorf; Munich; Cologne,Office; Hotel; Dev Site,Munich; Cologne; Hamburg,North Rhine-Westphalia; Bavaria; Hesse,maincubes,2026-06-23 00:00:00
40,2f7a0634-e85c-489e-80b1-d86ae5f0b2fd,Tristan Capital Partners,Institutional,98,2004271.094592,Office; Retail,Berlin; Leipzig; Dusseldorf,Office; Industrial; Retail,Berlin; Cologne; Frankfurt am Main,North Rhine-Westphalia; Berlin; Bavaria,,2026-01-14 00:00:00
41,42766e0f-83be-4a26-b030-321932878e23,AEW,Institutional,95,1882673.875417922,Office; Industrial,Hamburg; Frankfurt am Main; Cologne,Office; Industrial; Retail,Hamburg; Berlin; Frankfurt am Main,North Rhine-Westphalia; Hamburg; Hesse,AEW Capital; AEW Europe; Curzon Global Partners; EPI Orange Holdings (+2 more),2026-05-20 00:00:00
42,8351c2e9-462b-43d7-9687-6bde2ac3feec,BayernLB,Institutional,95,1415443.990399785,Office; Retail,Hamburg; Berlin; Munich,Office; Retail; Industrial,Munich; Hamburg; Berlin,Bavaria; Hamburg; North Rhine-Westphalia,Bayerische Landesbank; Bayern Immo; Real I.S.,2026-07-08 00:00:00
43,0f010ddf-5748-4005-b211-6a32a67eb6f7,Primus Valor,Institutional,94,557461.39761,Apartment; Industrial,Essen; Eschwege; Wolfsburg,Apartment; Industrial; Office,Essen; Eschwege; Wolfsburg,North Rhine-Westphalia; Hesse; Bavaria,,2026-06-10 00:00:00
44,46722e49-a3c8-49b3-a020-fbb2a2e369a4,Helaba,Institutional,88,1610146.2441746,Apartment; Dev Site,Hamburg; Berlin; Frankfurt am Main,Apartment; Office; Dev Site,Frankfurt am Main; Berlin; Hamburg,Hesse; North Rhine-Westphalia; Berlin,GWH Immobilien Holding; OFB Projektentwicklung,2026-07-08 00:00:00
45,fa81c1a5-c0da-4be0-90fb-0a4f2fd795a7,Sirius Real Estate,Institutional,86,2836000.216501523,Industrial; Office,Dreieich; Cologne; Mannheim,Industrial; Office; Dev Site,Berlin; Munich; Dusseldorf,North Rhine-Westphalia; Hesse; Bavaria,,2026-05-28 00:00:00
46,0fd52cd2-9df7-422d-bae9-70e71423f259,Deutsche Investment,Institutional,86,1383072.2522136,Apartment; Retail,Berlin; Hamburg; Dresden,Apartment; Retail; Office,Berlin; Hamburg; Dresden,Berlin; Hamburg; Saxony,,2026-06-24 00:00:00
47,f7e120b8-001f-4af9-8f8a-9d2c0e0cb39e,FIM Immobilien,Private,86,514178.8262686,Retail; Industrial,Hanover; Wolfsburg; Duisburg,Retail; Industrial; Dev Site,Hanover; Wolfsburg; Duisburg,North Rhine-Westphalia; Lower Saxony; Bavaria,,2026-02-27 00:00:00
48,11921be9-2276-45a2-95c9-63c621b2ff1b,alstria,Public,85,1311924.832696206,Office; Retail,Dusseldorf; Hamburg; Berlin,Office; Retail; Industrial,Hamburg; Dusseldorf; Berlin,North Rhine-Westphalia; Hamburg; Hesse,alstria office Prime,2026-06-03 00:00:00
49,253612cc-43ea-4c92-bbeb-c9d7022aee3a,HanseMerkur,Institutional,84,997732.6547292,Office; Apartment,Hamburg; Frankfurt am Main; Berlin,Office; Apartment; Retail,Hamburg; Berlin; Frankfurt am Main,Bavaria; Hesse; Hamburg,,2025-11-26 00:00:00
50,153d764f-c5d2-41a8-8d69-6359318e1025,Redos Real Estate,Institutional,82,1376081.051194,Retail; Office,Wiesbaden; Mulheim an der Ruhr; Berlin,Retail; Office; Dev Site,Mulheim an der Ruhr; Wiesbaden; Cologne,North Rhine-Westphalia; Bavaria; Baden-Wurttemberg,,2024-08-06 00:00:00
51,ea49503a-d498-4233-868e-4c86eb4b0787,Sicore Real Assets,Institutional,81,944434.8936601842,Apartment; Retail,Berlin; Hamburg; Frankfurt am Main,Office; Apartment; Retail,Berlin; Hamburg; Frankfurt am Main,North Rhine-Westphalia; Hesse; Bavaria,HANSAimmobilia; Hansainvest,2025-11-11 00:00:00
52,912b76c1-8970-48c8-a622-5ba38bee9c2d,Vivawest,Private,79,813673.1213652,Apartment; Dev Site,Cologne; Essen; Dortmund,Apartment; Dev Site; Industrial,Cologne; Essen; Dortmund,North Rhine-Westphalia,,2026-06-10 00:00:00
53,4d140153-2421-41f1-86c2-0b05065169f5,Captiva GmbH,Institutional,79,644924.263464,Retail; Office,Hamburg; Berlin; Magdeburg,Retail; Office; Seniors Housing & Care,Hamburg; Berlin; Magdeburg,North Rhine-Westphalia; Saxony-Anhalt; Lower Saxony,,2025-12-02 00:00:00
54,27d4970f-8605-47fa-ac26-7d3cd00a61c2,Nuveen Real Estate (UK),Institutional,78,1637630.7678874,Industrial; Retail,Bremen; Ulm; Nuremberg,Industrial; Retail; Office,Berlin; Bremen; Hamburg,Bavaria; Baden-Wurttemberg; Lower Saxony,TH Real Estate,2026-06-30 00:00:00
55,747f9df1-45b9-4384-a51e-1891e6bec45b,DEFAMA,Private,78,287303.9896116,Retail; Other Hospitality,Heiligenroth; Schneeberg; Osnabruck,Retail; Other Hospitality,Hohn; Heiligenroth; Schneeberg,Saxony-Anhalt; Rhineland-Palatinate; Saxony,,2026-05-13 00:00:00
56,9e517847-5032-4dcd-a145-5153e8a5c46e,Pinebridge Benson Elliot,Institutional,77,287908.9748496,Apartment; Retail,Berlin; Hamburg; Hanover,Apartment; Office; Retail,Berlin; Frankfurt am Main; Dusseldorf,Berlin; North Rhine-Westphalia; Lower Saxony,Benson Elliot,2025-03-10 00:00:00
57,36bb96f3-1bb0-4142-9255-f1ba898b5967,P&P Group,Private,76,398137.97720672,Apartment; Office,Nuremberg; Furth; Berlin,Apartment; Office; Industrial,Nuremberg; Furth; Munich,Bavaria; Hesse; Baden-Wurttemberg,P&P Wohnbau Franken,2026-06-30 00:00:00
58,44d7e53f-df0f-4d82-9d4e-3d5cf009cdb3,FCR Immobilien AG,Public,74,467757.5864364,Retail; Industrial,Gorlitz; Gera; Zella-Mehlis,Retail; Industrial; Apartment,Gorlitz; Nienburg (Weser); Duisburg,Lower Saxony; North Rhine-Westphalia; Saxony,,2026-04-13 00:00:00
59,f603825b-d4eb-4624-8df6-773a56c98962,Aurelis Real Estate,Private,71,32096262.45040724,Industrial; Dev Site,Dusseldorf; Duisburg; Ratingen,Dev Site; Industrial; Office,Munich; Frankfurt am Main; Nuremberg,North Rhine-Westphalia; Bavaria; Hesse,,2026-04-01 00:00:00
60,1453a3ee-7721-49cb-9668-6a1399bd9b0c,ILG Gruppe,Institutional,70,542430.7643664,Retail,Eschwege; Berlin; Bochum,Retail; Seniors Housing & Care; Office,Dresden; Eschwege; Augsburg,Bavaria; North Rhine-Westphalia; Hesse,,2025-09-22 00:00:00
61,5df0247d-7d22-4362-8132-278e6074fb78,Centerscape,Private,70,201497.0833512,Retail; Dev Site,Berlin; Stuttgart; Bremerhaven,Retail; Dev Site; Condo,Berlin; Stuttgart; Bremerhaven,Berlin; Lower Saxony; Bavaria,,2026-07-08 00:00:00
62,64a639e5-b469-4423-9f42-2e6ea77f95c4,Goldman Sachs,Institutional,69,2979319.334592532,Retail; Office,Berlin; Hamburg; Furth,Retail; Office; Hotel,Berlin; Munich; Frankfurt am Main,North Rhine-Westphalia; Bavaria; Hesse,Amelia Asset 1 BV; Archon; Archon Group; B&B Hotels (+3 more),2025-12-01 00:00:00
63,d9a027d8-9115-4b53-b054-b45d6fc48669,Mahren AG,Private,69,274379.3049816,Apartment; Industrial,Berlin; Dresden; Leipzig,Apartment; Industrial; Office,Berlin; Leipzig; Dresden,Berlin; Saxony; Saxony-Anhalt,,2025-09-25 00:00:00
64,137de0ca-cf43-4683-b5ab-2ae3488b344c,RFR Realty,Private,68,1451974.5417854,Retail; Office,Berlin; Frankfurt am Main; Munich,Retail; Office; Hotel,Berlin; Frankfurt am Main; Hamburg,Hesse; Berlin; Bavaria,RFR Holding,2026-05-29 00:00:00
65,342ce831-09a5-4dbb-b280-7e32fabd3ade,Greenman Investments,Institutional,68,556319.6754687,Retail; Apartment,Berlin; Petersberg; Sonneberg,Retail; Apartment,Berlin; Bergisch Gladbach; Stendal,Saxony-Anhalt; Lower Saxony; Brandenburg,,2026-07-03 00:00:00
66,42f47c3d-1b02-4ff5-b638-e38d703bfb8a,BNP Paribas,Institutional,68,808519.2716484,Office; Seniors Housing & Care,Munich; Hamburg; Berlin,Office; Seniors Housing & Care; Hotel,Munich; Hamburg; Dusseldorf,North Rhine-Westphalia; Bavaria; Hesse,BNP Paribas Cardif; BNP Paribas Fortis; BNP Paribas REIM; BNP Paribas REIM Germany (+1 more),2026-07-09 00:00:00
67,7cc4a06b-5258-4685-88a5-54ad02519041,UniCredit,Institutional,67,1153770.1120938,Office; Apartment,Munich; Hamburg; Berlin,Office; Retail; Industrial,Munich; Hamburg; Frankfurt am Main,Bavaria; Baden-Wurttemberg; North Rhine-Westphalia,Bank Austria Creditanstalt; Bank Austria Real Invest; HVB Immo; HVB Immobilien AG (+3 more),2026-03-12 00:00:00
68,4d9f9a7a-86d2-431a-ad5e-439cdcf183ab,LIP Invest GmbH,Institutional,67,1303132.2027984,Industrial,Bremen; Kerpen; Braunschweig,Industrial,Bremen; Kerpen; Braunschweig,Lower Saxony; Bavaria; North Rhine-Westphalia,,2026-04-14 00:00:00
69,1a4ffbf0-9359-473e-b762-bf2c1c8707bc,CIC,Institutional,65,2677353.361062,Industrial; Apartment,Bremen; Nuremberg; Neuss,Industrial; Apartment,Bremen; Berlin; Nuremberg,North Rhine-Westphalia; Bavaria; Hesse,BGP Group; Logicor (CIC),2026-04-20 00:00:00
70,7a5cad54-af10-4996-ab89-00e367a6f177,PGIM Real Estate,Institutional,64,1503323.53477028,Apartment; Office,Berlin; Hamburg; Frankfurt am Main,Apartment; Office; Retail,Berlin; Hamburg; Frankfurt am Main,North Rhine-Westphalia; Bavaria; Berlin,LHI Christie; Pramerica REI; Pricoa Prop Inv Mgmt; Prudential (+5 more),2025-11-01 00:00:00
71,8acd3030-eaaf-40c1-8db3-e5ac9fd82f18,Edeka,User/Other,63,2007842.314289133,Retail; Dev Site,Berlin; Ellhofen; Bad Oeynhausen,Retail; Dev Site; Industrial,Berlin; Bielefeld; Ellhofen,Lower Saxony; North Rhine-Westphalia; Saxony-Anhalt,Marktkauf; Netto Marken-Discount,2026-06-17 00:00:00
72,0a65597f-56a1-462e-9436-9f302827cedd,Hamborner REIT AG,Public,62,597675.3045048511,Retail; Office,Munster; Berlin; Stuttgart,Retail; Office; Industrial,Hamburg; Berlin; Duisburg,North Rhine-Westphalia; Baden-Wurttemberg; Hesse,Hamborner AG,2025-12-16 00:00:00
73,2b840222-ac00-4d9d-8888-84f1c7ca3765,LEG Immobilien,Public,62,1129830.4314648,Apartment; Dev Site,Cologne; Dusseldorf; Bremen,Apartment; Office; Dev Site,Dusseldorf; Cologne; Bremen,North Rhine-Westphalia; Lower Saxony; Rhineland-Palatinate,,2025-07-14 00:00:00
74,5c6446d6-3e79-4302-bff5-6ff09911faa7,CPI Property Group,Public,61,1487300.086101689,Industrial; Office,Berlin; Dusseldorf; Neu-Isenburg,Industrial; Office; Apartment,Berlin; Leipzig; Dusseldorf,Berlin; North Rhine-Westphalia; Saxony-Anhalt,GSG Berlin; Immofinanz (CPI); S Immo AG (CPI),2024-12-12 00:00:00
75,e1752013-28e2-4c7f-bf4e-c2da810f3c15,Prologis,Public,60,3561911.65501644,Industrial; Dev Site,Berlin; Hamburg; Dortmund,Industrial; Dev Site; Other General,Berlin; Hamburg; Dortmund,North Rhine-Westphalia; Baden-Wurttemberg; Hesse,Prologis European Props (PEPR),2025-09-19 00:00:00
76,091dcba7-72c5-46d1-84c8-a13febfb3b95,Adler Group SA,Public,59,3132922.5548244,Apartment; Office,Berlin; Leipzig; Dusseldorf,Apartment; Dev Site; Office,Berlin; Dusseldorf; Leipzig,Berlin; North Rhine-Westphalia; Hesse,ADO Properties; Adler Real Estate; Consus Real Estate,2026-04-14 00:00:00
77,9960d5db-ae3f-4df8-81fa-15e66b1abfb3,d.i.i.,Private,59,479655.78790064,Apartment; Dev Site,Hamburg; Berlin; Nuremberg,Apartment; Dev Site,Hamburg; Leverkusen; Berlin,North Rhine-Westphalia; Hesse; Hamburg,,2025-06-10 00:00:00
78,dfb05c52-d3a7-4b2e-a51d-bb60290cfd3f,MEAG,Institutional,59,689026.95292112,Retail; Apartment,Hamburg; Berlin; Bremen,Retail; Office; Apartment,Hamburg; Munich; Dusseldorf,North Rhine-Westphalia; Bavaria; Hesse,MEAG EURO PRO; Meag Munich Ergo Asset Management GmbH,2025-12-17 00:00:00
79,0905ecc1-79fd-43f9-9b4c-9f5e2d11977d,UBS,Institutional,58,670321.7366528,Retail; Office,Hamburg; Frankfurt am Main; Munich,Office; Retail; Industrial,Frankfurt am Main; Cologne; Munich,North Rhine-Westphalia; Hesse; Bavaria,UBS (D) 3 Sector RE Europe; UBS (D) Euroinvest Immo; UBS Bank Corp; UBS Real Estate (+2 more),2026-03-06 00:00:00
80,b9f8847b-6df1-4d99-b68e-140140e30a32,CBRE Investment Mgmt,Institutional,58,1956902.893915351,Industrial; Office,Berlin; Hamburg; Dusseldorf,Industrial; Office; Retail,Hamburg; Berlin; Dusseldorf,Hesse; North Rhine-Westphalia; Hamburg,CB Richard Ellis Global RE; CB Richard Ellis Investors; CBRE Global Investors,2026-07-22 00:00:00
81,32a9eb65-60aa-47b6-b3a0-3698a839240f,AP3 Tredje AP-fonden,Institutional,58,610250.9209965764,Seniors Housing & Care; Office,Berlin; Bremen; Darmstadt,Seniors Housing & Care; Office; Apartment,Berlin; Bremen; Darmstadt,Hesse; North Rhine-Westphalia; Bavaria,Hemso,2026-07-06 00:00:00
82,d4593f87-7d82-42e9-a7f5-21280f1e4355,Morgan Stanley,Institutional,57,2285968.422816542,Industrial; Office,Berlin; Munich; Wurzburg,Office; Retail; Industrial,Berlin; Hamburg; Frankfurt am Main,Berlin; North Rhine-Westphalia; Hesse,Morgan Stanley P2 Value,2025-10-28 00:00:00
83,c196cf7f-bc66-46bc-80a0-985e2408a7c8,Investa Real Estate,Private,57,646616.2221792,Retail; Office,Berlin; Munich; Mannheim,Retail; Office; Dev Site,Munich; Berlin; Hamburg,Bavaria; Baden-Wurttemberg; North Rhine-Westphalia,,2025-09-01 00:00:00
84,208af7a3-6821-4415-ae2c-9f2d791ef9b8,Berlinovo,User/Other,57,142980.5111904,Apartment; Retail,Berlin; Koblenz; Schalksmuhle,Apartment; Seniors Housing & Care; Retail,Berlin; Wolfsburg; Gottingen,Berlin; Lower Saxony; North Rhine-Westphalia,BIH; IBV der Berlinovo,2026-06-25 00:00:00
85,0a75f5a2-39ea-45f3-baba-691e4310653b,Hamburg Team,Institutional,57,518688.44469648,Apartment; Seniors Housing & Care,Hamburg; Berlin; Dusseldorf,Apartment; Seniors Housing & Care; Office,Hamburg; Berlin; Leipzig,Hamburg; Berlin; North Rhine-Westphalia,HTP Hamburg Team Gesellschaft für Projektentwicklung mbH,2026-03-23 00:00:00
86,5b215c3e-98da-45e9-a0b9-b544f7ca6913,Zech Group,Private,56,2272163.016555237,Dev Site; Office,Bremen; Frankfurt am Main; Berlin,Office; Dev Site; Apartment,Bremen; Frankfurt am Main; Dusseldorf,Hesse; North Rhine-Westphalia; Bremen,DFH Deutsche Fonds Holding; DLH Deutsche Logistik Holding; Deutsche Wohnwerte; Die Wohnkompanie (+2 more),2026-05-11 00:00:00
87,88898413-1c2d-4486-93ea-5acfea2168fd,KGAL Group,Institutional,56,725936.2259658,Apartment; Office,Munich; Frankfurt am Main; Cologne,Office; Apartment; Retail,Munich; Frankfurt am Main; Cologne,North Rhine-Westphalia; Bavaria; Hesse,,2025-12-10 00:00:00
88,61f7ff33-4ddc-4912-8889-bbcca2100a06,Mondial Kapitalanlagegesellschaft mbH,Institutional,56,174572.299232,Retail; Office,"Bremen; Hanau, Bruder-Grimm-Stadt; Rodenberg",Retail; Apartment; Office,"Bremen; Hanau, Bruder-Grimm-Stadt; Braunfels",Lower Saxony; North Rhine-Westphalia; Hesse,,2026-03-02 00:00:00
89,09ce3254-e79f-4a02-9513-2f3f5b2daf1a,Paref (Fosun),Public,55,564881.132023,Retail,Rieste; Torgau; Bedburg,Retail,Hamburg; Bad Harzburg; Stade,Lower Saxony; North Rhine-Westphalia; Bavaria,Paref,2025-12-12 00:00:00
90,c0617b9d-a4d8-42c1-9258-ce17c014c06e,Wertgrund,Institutional,54,365775.76686392,Apartment; Dev Site,Dusseldorf; Hamburg; Munich,Apartment; Office; Dev Site,Berlin; Hamburg; Dusseldorf,North Rhine-Westphalia; Berlin; Hesse,,2026-01-26 00:00:00
91,c6ab2ce3-a33f-4f1d-a97d-b6b80c6057de,Becken,Private,52,481710.2459832,Apartment; Dev Site,Hamburg; Berlin; Frankfurt am Main,Apartment; Office; Dev Site,Hamburg; Berlin; Dusseldorf,Hamburg; Hesse; North Rhine-Westphalia,Becken Gewerbe- & Wohnungsbau; Becken Immobilien; Industria Wohnen (Becken),2026-06-09 00:00:00
92,153c9ccf-f040-44ed-a0e5-e5da5cc36084,Imaxxam Asset Management,Institutional,52,605422.2243644,Office; Retail,Frankfurt am Main; Giessen; Berlin,Office; Retail; Apartment,Giessen; Frankfurt am Main; Berlin,Hesse; North Rhine-Westphalia; Bavaria,,2026-06-09 00:00:00
93,302be70c-4bc6-4541-a864-4b900fa65572,Bonava,Public,52,1055383.618446144,Dev Site; Seniors Housing & Care,Berlin; Cologne; Leipzig,Dev Site; Apartment; Seniors Housing & Care,Berlin; Cologne; Hamburg,North Rhine-Westphalia; Berlin; Brandenburg,,2026-04-07 00:00:00
94,4f98ca4e-4eb1-4973-b9cb-9752c2435ffd,Goodman Group,Public,51,4159924.14569,Dev Site; Industrial,Bremen; Hamburg; Duisburg,Industrial; Dev Site; Data Center,Bremen; Graben; Monchengladbach,North Rhine-Westphalia; Hesse; Bavaria,Goodman Deutschland; Goodman European Logistics Fund (GELF),2025-12-23 00:00:00
95,ed49ae03-7eff-4cab-ac83-3009901405e6,LaSalle,Institutional,50,833900.9693024,Office; Industrial,Munich; Berlin; Frankfurt am Main,Office; Retail; Industrial,Munich; Berlin; Frankfurt am Main,Bavaria; North Rhine-Westphalia; Berlin,Jones Lang LaSalle; LaSalle Investment,2025-09-01 00:00:00
96,1419575e-3022-4d74-8784-454f9fee8782,Hines,Institutional,49,1644812.2728848,Office; Industrial,Hamburg; Stuttgart; Munich,Office; Industrial; Retail,Berlin; Munich; Stuttgart,Bavaria; North Rhine-Westphalia; Berlin,Hines Germany; Hines Global REIT; Hines RE Fund,2025-12-31 00:00:00
97,ca77d106-6783-4801-8148-2865383cffa0,VIB Vermogen,Public,49,1303786.766283349,Retail; Industrial,Nuremberg; Regensburg; Frankfurt am Main,Industrial; Retail; Office,Regensburg; Neufahrn bei Freising; Nuremberg,Bavaria; Baden-Wurttemberg; Hesse,BBI,2025-11-15 00:00:00
98,3e67cb0a-01e6-4049-a7c1-2bd0a0675aa4,Lahav Group,Public,48,324323.0863236,Retail; Industrial,Wurselen; Bochum; Cuxhaven,Retail; Industrial; Office,Wurselen; Bernburg (Saale); Dortmund,North Rhine-Westphalia; Lower Saxony; Saxony-Anhalt,,2026-04-13 00:00:00
99,886b2af2-7755-4a5a-9f4e-eb68e2bdcd84,Domicil Immobilien,Institutional,48,569412.1060056,Apartment,Hamburg; Berlin; Ingolstadt,Apartment; Office,Hamburg; Berlin; Ingolstadt,North Rhine-Westphalia; Bavaria; Hamburg,,2026-03-23 00:00:00
100,310f9fff-d35d-427e-aa37-a3a3e871b339,TSC Real Estate Germany,Institutional,48,213282.7586128,Seniors Housing & Care; Office,Flensburg; Berlin; Duisburg,Seniors Housing & Care; Office; Apartment,Flensburg; Bochum; Berlin,Lower Saxony; North Rhine-Westphalia; Bavaria,,2026-06-30 00:00:00
101,a83572ca-5b93-4046-ad46-6d4c12eefad7,Invesco Real Estate,Institutional,47,1085388.515874,Hotel; Industrial,Munich; Frankfurt am Main; Maisach,Hotel; Retail; Office,Munich; Berlin; Frankfurt am Main,Bavaria; Hesse; North Rhine-Westphalia,Invesco PIT Limited; Invesco UK,2026-05-19 00:00:00
102,0864d2af-5d87-4186-8628-6d97c859cda9,Praemia REIM,Institutional,47,375264.8433144,Seniors Housing & Care; Office,Kreischa; Neuenhagen bei Berlin; Bremen,Seniors Housing & Care; Apartment; Office,Frankfurt am Main; Kreischa; Neuenhagen bei Berlin,Hesse; Saxony; Lower Saxony,Praemia Healthcare; Praemia REIM Germany; Primonial REIM; Primonial REIM Germany,2025-07-01 00:00:00
103,afd14c81-93c5-445f-9460-df0912b4013c,Conren Land AG,Institutional,46,405598.1033506,Office; Apartment,Dusseldorf; Munich; Stuttgart,Office; Apartment; Retail,Munich; Stuttgart; Hamburg,Bavaria; Baden-Wurttemberg; Hesse,PlusAlpina,2026-04-20 00:00:00
104,bd2496b9-78ed-4451-887e-c11543f6ddf9,Talanx,Institutional,46,553151.502774,Office; Retail,Berlin; Munich; Hamburg,Office; Retail; Hotel,Munich; Hamburg; Berlin,North Rhine-Westphalia; Bavaria; Hamburg,Ampega Real Estate; HDI Versicherung; HDI-Gerling; Hannover Re (+2 more),2025-11-03 00:00:00
105,ebb41731-5cba-4746-8d9d-a61644e62b99,Savills IM,Institutional,44,857591.0060244411,Industrial; Retail,Berlin; Essen; Leipzig,Office; Retail; Industrial,Berlin; Hamburg; Frankfurt am Main,Berlin; North Rhine-Westphalia; Bavaria,Cordea Savills; Savills Fund Management GmbH,2025-12-01 00:00:00
106,906c362e-20e6-4d04-b686-2075a37f17ad,Doric Group,Institutional,44,212288.6315133764,Seniors Housing & Care; Office,Duisburg; Bremen; Braunschweig,Seniors Housing & Care; Office; Hotel,Berlin; Duisburg; Bremen,Hesse; Lower Saxony; North Rhine-Westphalia,Quadoro Doric RE,2026-01-13 00:00:00
107,9b74307b-8348-47e7-bfa1-ef0c65ea4695,Frasers Property,Public,43,1886307.9729624,Industrial; Dev Site,Frankfurt am Main; Hanau; Gaggenau,Industrial; Dev Site; Hotel,Bergheim; Obertshausen; Giengen an der Brenz,North Rhine-Westphalia; Baden-Wurttemberg; Bavaria,Frasers Property Europe,2026-05-25 00:00:00
108,8c30c285-1c3a-4418-9f37-363804f0535d,XXXLutz,User/Other,43,1136021.08063224,Retail; Dev Site,Wurselen; Hamburg; Hanover,Retail; Dev Site; Industrial,Wurselen; Berlin; Hamburg,North Rhine-Westphalia; Lower Saxony; Schleswig-Holstein,,2025-07-17 00:00:00
109,79abbbe6-80b8-4087-af4e-9323a073f9bc,Panattoni Development,Private,43,3063931.8220372,Dev Site; Industrial,Cologne; Wunstorf; Ahrensburg,Industrial; Dev Site; Office,Schkeuditz; Hanover; Essen,North Rhine-Westphalia; Baden-Wurttemberg; Lower Saxony,Panattoni Europe; Panattoni Investments,2026-07-16 00:00:00
110,4be4d6c2-5e4f-4679-9c2d-d9abf9e64b83,Capital Bay GmbH,Institutional,42,415635.8582376,Seniors Housing & Care; Apartment,Berlin; Mannheim; Munich,Hotel; Seniors Housing & Care; Apartment,Berlin; Wiesbaden; Braunschweig,Hesse; Lower Saxony; Baden-Wurttemberg,,2026-06-22 00:00:00
111,680128d1-3b99-4b4c-b458-270c425efda4,Arbireo Capital,Private,42,299308.6966896,Retail; Industrial,Potsdam; Swisttal; Oelde,Retail; Industrial; Hotel,Potsdam; Swisttal; Oelde,North Rhine-Westphalia; Bavaria; Saxony-Anhalt,,2025-05-06 00:00:00
112,4f1a58d3-48d9-4ca0-be3c-026203709f47,Saller Group,Private,42,443562.1768188,Retail; Dev Site,Viersen; Lubeck; Plauen,Retail; Dev Site; Office,Viersen; Lubeck; Plauen,North Rhine-Westphalia; Lower Saxony; Saxony,,2026-06-01 00:00:00
113,b2f777c9-e45e-4056-bbeb-7f3159a6e693,Allianz,Institutional,40,1961963.3227648,Office; Industrial,Berlin; Hamburg; Munich,Office; Retail; Industrial,Hamburg; Berlin; Munich,Hamburg; Bavaria; Hesse,Allianz Lebensversicherungs-AG; Allianz RE Germany; Euler Hermes; PIMCO Prime Real Estate,2026-03-03 00:00:00
114,e5f9af20-c24a-4fbe-a77d-63f07e623cf0,Landmarken AG,Private,40,564530.2251264,Dev Site; Office,Aachen; Dusseldorf; Bonn,Office; Dev Site; Retail,Aachen; Bochum; Dusseldorf,North Rhine-Westphalia; Rhineland-Palatinate; Baden-Wurttemberg,AMW Projekte; Stadtmarken,2026-04-16 00:00:00
115,5a4edd57-adb0-4dff-8a8f-60ad81aa5493,Lidl,User/Other,40,1218769.28189104,Dev Site; Retail,Hamburg; Chemnitz; Monchengladbach,Dev Site; Industrial; Retail,Hamburg; Erfurt; Eggolsheim,North Rhine-Westphalia; Lower Saxony; Bavaria,,2026-04-28 00:00:00
116,48278c47-4363-4e37-9f53-a78bbcdc08cc,Ten Brinke Groep,Private,40,589282.335645488,Dev Site; Retail,Dusseldorf; Bonn; Dortmund,Apartment; Retail; Dev Site,Berlin; Bonn; Dusseldorf,North Rhine-Westphalia; Bavaria; Berlin,Ten Brinke,2026-07-24 00:00:00
117,5301ae95-e285-4176-b535-5e714f9345c0,REWE Group,User/Other,40,1302094.81674,Retail; Dev Site,Bremen; Cologne; Soltau,Retail; Dev Site; Industrial,Dresden; Erlensee; Chemnitz,North Rhine-Westphalia; Saxony; Lower Saxony,toom Baumarkt,2026-03-02 00:00:00
118,281c56e0-85ed-43cb-a613-405a9ceb9218,Degewo Gruppe,User/Other,40,1258504.291746,Apartment; Dev Site,Berlin,Apartment; Dev Site; Condo,Berlin,Berlin,,2026-03-12 00:00:00
119,57e148d7-e681-448c-8888-2782ec3b857b,HT Group,Institutional,39,339669.7579352,Apartment; Office,Berlin; Mainz; Stuttgart,Apartment; Office; Hotel,Hamburg; Berlin; Mainz,Hamburg; Baden-Wurttemberg; Berlin,Hamburg Trust; Hamburg Trust REIM,2025-11-15 00:00:00
120,4a3b6057-84ff-46e8-8b90-2ae83346c52d,LHI,Institutional,39,471980.4833952,Office; Retail,Berlin; Hamburg; Frankfurt am Main,Office; Retail; Hotel,Berlin; Cologne; Munich,Bavaria; Baden-Wurttemberg; North Rhine-Westphalia,LHI Leasing,2026-02-09 00:00:00
121,b803585c-a319-4e20-bad8-83a93383fcc6,SCPI Paref Prima,Private,39,396484.3255464,Retail,Rieste; Dortmund; Seesen,Retail,Hamburg; Bad Harzburg; Stade,Lower Saxony; North Rhine-Westphalia; Hesse,SCPI Novapierre Allemagne,2025-12-12 00:00:00
122,8a3f223b-9417-457a-98a4-6e25258fd2b5,Strabag,Public,39,49052590.23110912,Dev Site; Office,Frankfurt am Main; Stuttgart; Munich,Office; Dev Site; Apartment,Dusseldorf; Hamburg; Berlin,Baden-Wurttemberg; North Rhine-Westphalia; Hesse,Ed Zublin AG; Strabag AB; Strabag Real Estate,2026-01-20 00:00:00
123,b34f6ae1-d889-4d77-bcaa-fba7dd2e965c,Alpha Real Estate Group,Institutional,38,214960.7548296,Apartment,Amberg; Heidelberg; Worms,Apartment,Bielefeld; Plauen; Erlangen,North Rhine-Westphalia; Hesse; Rhineland-Palatinate,,2024-12-16 00:00:00
124,d73ea440-5a73-4d6d-b4dc-60ec3176f2a0,Peach Property Group,Public,38,938838.0917916,Apartment; Hotel,Kaiserslautern; Berlin; Bochum,Apartment; Hotel; Retail,Berlin; Kaiserslautern; Erkrath,North Rhine-Westphalia; Rhineland-Palatinate; Berlin,,2026-05-22 00:00:00
125,98c623c7-5320-4cf0-b392-1220b8f157a3,Fundamenta Real Estate,Public,38,253362.8177964,Apartment,Hamburg; Leipzig; Lubeck,Apartment,Hamburg; Neuss; Leipzig,Lower Saxony; North Rhine-Westphalia; Saxony,Fundamenta Group Deutschland,2026-03-05 00:00:00
126,9641ff05-e508-4486-9760-029472388276,City of Hamburg,User/Other,38,1713187.693840411,Office; Dev Site,Hamburg,Office; Dev Site; Retail,Hamburg; Wismar,Hamburg; Mecklenburg-West Pomerania,F&W Fordern & Wohnen; LIG,2026-05-29 00:00:00
127,513e929a-c1be-4b03-81e4-32dd805a7795,Threestones Capital,Institutional,38,107871.3678744,Seniors Housing & Care; Apartment,Berlin; Stollberg/Erzgebei; Grossenbrode,Seniors Housing & Care; Apartment; Other General,Berlin; Sulzbach-Rosenberg; Mainaschaff,Hesse; North Rhine-Westphalia; Lower Saxony,,2025-05-21 00:00:00
128,559ced33-65fd-4b9b-9cba-6fee917157e4,ECE Group,Institutional,37,1668638.2838608,Retail; Dev Site,Frankfurt am Main; Hamburg; Dresden,Retail; Industrial; Office,Hamburg; Berlin; Cologne,North Rhine-Westphalia; Hamburg; Bavaria,ECE Projektmanagement,2025-12-01 00:00:00
129,1004c6d7-13ee-4107-aca8-83990856f9d3,Wustenrot & Wurttembergische AG (DEU),Institutional,36,367893.0231912,Hotel; Apartment,Stuttgart; Frankfurt am Main; Berlin,Office; Retail; Apartment,Stuttgart; Hamburg; Berlin,Baden-Wurttemberg; Bavaria; North Rhine-Westphalia,WurttLeben,2025-07-17 00:00:00
130,8a29d4fd-7410-49f0-aa90-6ccaef684169,LBBW,Institutional,36,877742.0983636,Office; Dev Site,Munich; Stuttgart; Mainz,Office; Dev Site; Apartment,Munich; Frankfurt am Main; Stuttgart,Baden-Wurttemberg; Bavaria; Hesse,Berlin Hyp; LBBW Immobilien,2025-01-01 00:00:00
131,4f565988-5463-444e-8c3c-808ae922931a,Carlyle Group,Institutional,36,700816.8691298793,Industrial; Dev Site,Nuremberg; Hanover; Hamburg,Office; Industrial; Hotel,Hamburg; Dusseldorf; Hanover,Hamburg; North Rhine-Westphalia; Baden-Wurttemberg,B&B Hotels; Carlyle Europe,2023-05-15 00:00:00
132,cb15a37c-b4ec-4e23-baca-dab76dcb057b,Advenis,Institutional,36,433154.2722866,Office; Industrial,Wolfsburg; Cologne; Dusseldorf,Office; Industrial; Other General,Cologne; Wolfsburg; Bremen,North Rhine-Westphalia; Bavaria; Hesse,,2026-06-30 00:00:00
133,3dbf6e43-b080-40a0-967b-8a78905f3f63,Pandox,Public,36,67598.100659,Hotel,Cologne; Kelsterbach; Hamburg,Hotel,Cologne; Hanover; Bad Neuenahr-Ahrweiler,North Rhine-Westphalia; Hesse; Baden-Wurttemberg,,2025-04-01 00:00:00
134,0fb70572-82e2-4f63-98be-0868dbc4f9c7,Dahlke Immobilien AG,Private,35,171251.8213536,Retail; Dev Site,Huckelhoven; Wurselen; Halberstadt,Retail; Dev Site; Apartment,Huckelhoven; Weissenthurm; Eilenburg,North Rhine-Westphalia; Lower Saxony; Saxony-Anhalt,,2025-10-07 00:00:00
135,896ef960-ba2d-498b-8e50-bdfd175f429d,Pandion,Private,35,619240.7239806851,Dev Site; Office,Berlin; Cologne; Munich,Dev Site; Office; Apartment,Dusseldorf; Munich; Berlin,North Rhine-Westphalia; Baden-Wurttemberg; Bavaria,,2026-05-18 00:00:00
136,e9388da5-4f2d-4c18-bf53-9f2c177684ca,SCPI Eurovalys,Private,35,423754.5016466,Office; Industrial,Wolfsburg; Cologne; Dusseldorf,Office; Industrial; Other General,Cologne; Wolfsburg; Bremen,North Rhine-Westphalia; Bavaria; Hesse,,2026-06-30 00:00:00
137,0be05b58-9929-4fcf-805e-530f6d13cd00,AIF Capital Group,Institutional,35,144259.4799828,Seniors Housing & Care; Retail,Murrhardt; Frankfurt am Main; Hoppegarten,Seniors Housing & Care; Retail; Apartment,Murrhardt; Oberrot; Frankfurt am Main,Baden-Wurttemberg; North Rhine-Westphalia; Brandenburg,E&G Funds & Asset Management,2026-04-22 00:00:00
138,09e9cd23-97af-4b76-a4a0-4c77699c8daf,Interra Immobilien,Private,34,263811.5628408,Retail; Office,Nordharz; Kamp-Lintfort; Laatzen,Retail; Office; Dev Site,Rosswein; Linz am Rhein; Kahla,North Rhine-Westphalia; Rhineland-Palatinate; Thuringia,,2025-11-28 00:00:00
139,3291b9b4-e276-4a50-b4f0-c6b56ad77111,Peakside Capital,Institutional,34,567837.1444356,Office; Industrial,Frankfurt am Main; Munich; Hanover,Office; Industrial; Hotel,Frankfurt am Main; Berlin; Hamburg,Hesse; Berlin; North Rhine-Westphalia,,2026-05-13 00:00:00
140,7547d2f7-c5c0-4928-a615-f378095009bb,SEGRO,Public,34,3221381.775095856,Dev Site; Industrial,Dusseldorf; Krefeld; Schonefeld,Industrial; Dev Site,Krefeld; Dusseldorf; Malsfeld,North Rhine-Westphalia; Hesse; Bavaria,,2025-03-06 00:00:00
141,78f60843-4ebc-4792-9d38-d0f4e52beebb,State of Bavaria,User/Other,34,593016.24703304,Dev Site; Apartment,Nuremberg; Munich; Furth,Dev Site; Apartment; Office,Munich; Nuremberg; Furth,Bavaria; North Rhine-Westphalia,BayernHeim; Freistaat Bayern; Immobilien Freistaat Bayern; Siedlungswerk Nurnberg (+1 more),2026-04-13 00:00:00
142,9d3cd64a-856f-40ad-85c8-630fd0b2a69c,ehret+klein,Institutional,34,318191.2359444,Office; Dev Site,Munich; Karlsruhe; Nuremberg,Office; Dev Site; Retail,Munich; Karlsruhe; Nuremberg,Bavaria; Baden-Wurttemberg; Rhineland-Palatinate,,2026-04-02 00:00:00
143,37ba9ec2-c9ab-4258-b5ea-556d72510030,Palmira Capital Partners,Institutional,33,678153.378332,Industrial; Office,Freising; Esselbach; Neufahrn bei Freising,Industrial; Office; Dev Site,Bremen; Esselbach; Wiesbaden,Bavaria; North Rhine-Westphalia; Lower Saxony,,2025-11-10 00:00:00
144,9da973b3-13e9-4292-b255-3cb26913513d,Osmab Holding,Private,33,795803.14075528,Industrial; Dev Site,Cologne; Kerpen; Frechen,Industrial; Dev Site; Office,Cologne; Kerpen; Grossbeeren,North Rhine-Westphalia; Brandenburg,Alcaro Invest,2026-07-22 00:00:00
145,8c23a7db-c12a-4d61-8dab-d9296e92d707,Vicus AG,Private,32,344939.5832688,Office; Retail,Leipzig; Berlin; Hamburg,Office; Retail; Dev Site,Leipzig; Berlin; Jena,Saxony; Bavaria; Berlin,,2025-01-21 00:00:00
146,856523cf-c016-4520-9528-9665674e461f,Cerberus,Institutional,32,681131.3892788,Apartment; Retail,Berlin; Siegen; Dessau-Rosslau,Retail; Office; Apartment,Berlin; Hamburg; Dusseldorf,North Rhine-Westphalia; Bavaria; Baden-Wurttemberg,Promontoria,2025-07-02 00:00:00
147,6f0ba56b-5dd7-4480-ab90-2084a916a7a1,Tishman Speyer,Institutional,32,530880.0462108,Apartment; Office,Mannheim; Frankfurt am Main; Berlin,Office; Apartment; Retail,Frankfurt am Main; Hamburg; Berlin,Hesse; Hamburg; Baden-Wurttemberg,,2026-05-05 00:00:00
148,8c6509bc-a38c-49a4-8df1-7e4ca8a34bb8,Pamera RE Partners,Private,32,174748.7360268,Office; Apartment,Munich; Leipzig; Dusseldorf,Office; Apartment; Hotel,Leipzig; Munich; Dusseldorf,North Rhine-Westphalia; Bavaria; Saxony,,2025-09-30 00:00:00
149,725b86b9-99c2-49cc-b7db-57c5100349eb,ABG Frankfurt Holding,Private,32,636471.89646264,Dev Site; Apartment,Frankfurt am Main; Offenbach am Main; Neu-Isenburg,Dev Site; Apartment; Office,Frankfurt am Main; Offenbach am Main; Neu-Isenburg,Hesse,,2026-06-02 00:00:00
150,24e66008-f3ac-4c52-b38a-e6b56706d53c,BC Partners,Institutional,32,105052.436658,Hotel; Dev Site,Broderstorf; Duren; Essen,Hotel; Office; Dev Site,Warstein; Broderstorf; Duren,North Rhine-Westphalia; Bavaria; Hesse,,2026-01-22 00:00:00
151,5ca7fa20-0860-44ab-a825-e3b75d8448c7,Kingstone IM,Institutional,32,186571.4475456,Office; Apartment,Nuremberg; Gauting; Rosenheim,Office; Apartment; Hotel,Nuremberg; Gauting; Rosenheim,Bavaria; Baden-Wurttemberg; Schleswig-Holstein,,2026-04-09 00:00:00
152,b3e0d0c9-2d5b-4f59-874b-6f49173abd05,Credit Suisse,Institutional,31,368520.8064608,Office; Retail,Berlin; Dusseldorf; Frankfurt am Main,Office; Retail; Industrial,Berlin; Frankfurt am Main; Hamburg,North Rhine-Westphalia; Berlin; Hesse,CS Euroreal; CS Property Dynamic; CS REF International; CSA Real Estate Germany (+1 more),2025-08-01 00:00:00
153,3b72c32e-e3ee-49ef-a0ca-3124d144c9ce,Sontowski & Partner Group,Private,31,254841.7817088,Dev Site; Seniors Housing & Care,Nuremberg; Erlangen; Stein,Dev Site; Office; Retail,Erlangen; Nuremberg; Coburg,Bavaria; Baden-Wurttemberg; North Rhine-Westphalia,BayernCare,2026-03-27 00:00:00
154,31537789-81b9-426a-8a14-fccd164da094,Berenberg Bank,Institutional,31,305585.5435308,Office; Apartment,Hamburg; Berlin; Norderstedt,Office; Apartment; Retail,Hamburg; Berlin; Norderstedt,Hamburg; Schleswig-Holstein; Berlin,Berenberg Real Estate Asset Management GmbH,2026-06-09 00:00:00
155,56f2e4c8-0467-4fa9-a10b-cf68e0c5e545,Deutsche Zinshaus,Private,31,289605.9334428,Apartment; Office,Koblenz; Giessen; Ulm,Apartment; Office; Retail,Essen; Lauterbach (Hessen); Koblenz,Hesse; North Rhine-Westphalia; Lower Saxony,,2026-03-02 00:00:00
156,6dd5b165-2851-4d5b-ae2f-ff51478bd4f8,Barings,Institutional,30,730685.1708468,Office; Industrial,Munich; Berlin; Stuttgart,Office; Retail; Industrial,Berlin; Dusseldorf; Frankfurt am Main,North Rhine-Westphalia; Hesse; Berlin,Cornerstone RE Advisers; Pamera Cornerstone,2025-11-17 00:00:00
157,d19ac2c3-936b-4698-9d5a-1fa6ab1c677c,CLS Holdings,Public,30,366137.9838968355,Office; Retail,Hamburg; Berlin; Dusseldorf,Office; Industrial; Retail,Hamburg; Dusseldorf; Dortmund,North Rhine-Westphalia; Bavaria; Hamburg,,2026-06-09 00:00:00
158,135b613f-248f-400c-8f14-7d649b6b8f3e,Apollo Global RE,Institutional,28,1542630.817161174,Office; Apartment,Cologne; Unterfohring; Oberding,Office; Industrial; Hotel,Cologne; Berlin; Frankfurt am Main,North Rhine-Westphalia; Bavaria; Baden-Wurttemberg,CPI Capital Partners,2025-07-01 00:00:00
159,809488be-a2e8-4008-9ae9-31e1a6c579d2,Generali Group,Institutional,28,2424651.430511617,Office; Retail,Frankfurt am Main; Hamburg; Berlin,Office; Retail; Apartment,Hamburg; Berlin; Munich,Hamburg; Hesse; North Rhine-Westphalia,AMB Generali Immobilien; AachenMunchner Versicherung AG; Generali Deutschland Immo; Generali RE Fund SICAF (+2 more),2026-07-03 00:00:00
160,4bdef9e8-efcd-46c1-b0e9-2dcd81f4535b,La Francaise,Institutional,28,450732.0018708,Office; Retail,Essen; Hamburg; Frankfurt am Main,Office; Retail; Seniors Housing & Care,Stuttgart; Frankfurt am Main; Essen,North Rhine-Westphalia; Baden-Wurttemberg; Hesse,LFF RE Partners International; La Francaise RE Managers,2025-12-31 00:00:00
161,c539d8b0-47d6-4fbe-bc6f-5976187aa655,Schroders,Institutional,28,553744.8113880029,Office; Apartment,Berlin; Cologne; Hamburg,Office; Industrial; Retail,Berlin; Hamburg; Cologne,North Rhine-Westphalia; Berlin; Hesse,Aareal Immobilien Kapitalanlagegesellschaft mbH; Columbus Capital; Schroder Properties Ltd; Schroder Property KAG (+3 more),2026-07-15 00:00:00
162,a94459f6-3438-4c3f-9f62-03be0727cedc,KanAm Grund Group,Institutional,28,304324.4999792,Office; Industrial,Berlin; Frankfurt am Main; Munich,Office; Industrial; Retail,Munich; Frankfurt am Main; Hamburg,Bavaria; Hesse; North Rhine-Westphalia,KanAm Grund; Leading Cities Invest (KanAm),2025-10-27 00:00:00
163,bbed01a4-82bd-4e8b-aa39-414a46423b8a,Dietz AG,Private,28,2229867.063346,Dev Site; Industrial,"Frankfurt am Main; Hanau, Bruder-Grimm-Stadt; Hockenheim",Industrial; Dev Site; Retail,"Frankfurt am Main; Sindelfingen; Hanau, Bruder-Grimm-Stadt",Hesse; Baden-Wurttemberg; North Rhine-Westphalia,,2026-03-02 00:00:00
164,9daed7ea-6194-4be0-8226-76f3c3318ff3,Herkules Group,Institutional,28,101468.8668878876,Retail; Apartment,Hamburg; Berlin; Bad Schwartau,Retail; Apartment; Hotel,Hamburg; Duisburg; Berlin,North Rhine-Westphalia; Lower Saxony; Schleswig-Holstein,,2025-06-13 00:00:00
165,b270fbfa-3a59-494d-8518-a565ed715ff4,LLB,Institutional,28,214219.77291,Office; Hotel,Berlin; Magdeburg; Dusseldorf,Office; Retail; Hotel,Berlin; Magdeburg; Dortmund,Berlin; North Rhine-Westphalia; Bavaria,,2025-06-25 00:00:00
166,54f48dcd-a349-42a9-9a87-07b86f4ff193,GESOBAU AG,User/Other,28,1342520.2417068,Apartment; Dev Site,Berlin,Apartment; Dev Site; Office,Berlin,Berlin,,2026-03-18 00:00:00
167,b5722b80-49ae-4547-b15b-dbef896c9c59,Stadt und Land,User/Other,28,269819.4162456,Apartment; Dev Site,Berlin; Ludwigsfelde; Schonefeld,Apartment; Dev Site,Berlin; Ludwigsfelde; Schonefeld,Berlin; Brandenburg,,2026-07-13 00:00:00
168,5e726aed-2775-4036-8b60-20182853c41d,Signa Group,Private,27,551529.5423508,Retail; Office,Berlin; Hamburg; Frankfurt am Main,Retail; Office; Dev Site,Berlin; Hamburg; Munich,North Rhine-Westphalia; Bavaria; Baden-Wurttemberg,Signa Property Funds,2026-04-16 00:00:00
169,91f2bfc2-2cdb-4572-a0ac-9c11142da27b,JP Morgan,Institutional,27,656344.4023086,Office; Industrial,Hamburg; Berlin; Dusseldorf,Office; Retail; Industrial,Stuttgart; Berlin; Hamburg,North Rhine-Westphalia; Baden-Wurttemberg; Hesse,JP Morgan Asset Management; JP Morgan Cap Prtnrs,2026-06-16 00:00:00
170,e01b4db5-cf2d-41d7-aa63-dc02cf38d77b,Event Hotels,Private,27,8099.80236,Hotel,Munich; Berlin; Leipzig,Hotel,Dresden; Munich; Berlin,Saxony; Bavaria; North Rhine-Westphalia,,2025-09-01 00:00:00
171,8d07927e-3834-4306-b9cc-cb0d2535d068,Montano Real Estate,Institutional,27,276207.2603784,Office; Retail,Hamburg; Dusseldorf; Duisburg,Office; Retail; Other General,Eschborn; Dusseldorf; Hamburg,Hesse; North Rhine-Westphalia; Bavaria,Montano AM,2026-03-05 00:00:00
172,14083eb1-45a2-4d41-9045-c5b1ae44a163,Wohninvest,Private,26,246537.62640128,Office; Retail,Fellbach; Bremen; Stuttgart,Office; Retail; Apartment,Stuttgart; Duisburg; Fellbach,Baden-Wurttemberg; North Rhine-Westphalia; Hesse,,2025-05-20 00:00:00
173,fbbba275-8aa0-4e17-a1d7-2200ecc3ce69,Rock Capital GmbH ,Private,26,368717.0030856,Office; Dev Site,Munich; Taufkirchen; Unterschleissheim,Office; Apartment; Dev Site,Munich; Bad Homburg vor der Hohe; Taufkirchen,Bavaria; Hesse,,2025-03-12 00:00:00
174,ee1a278c-f6fc-463f-9fd8-df5f278fc76f,Dawonia,Public,26,245073.3541408,Apartment; Dev Site,"Munich; Nuremberg; Hanau, Bruder-Grimm-Stadt",Apartment; Dev Site,"Munich; Nuremberg; Hanau, Bruder-Grimm-Stadt",Bavaria; Hesse; Baden-Wurttemberg,GBW Gruppe,2026-06-10 00:00:00
175,d84fffb5-0a90-43b3-a70a-5e7c03b49731,Civitas Investment Management,Institutional,26,3830.9065236,Seniors Housing & Care,Berlin; Hamburg; Leipzig,Seniors Housing & Care,Berlin; Hamburg; Leipzig,Saxony; Berlin; Brandenburg,,2024-10-02 00:00:00
176,79a682dd-c2c2-4c95-b5ac-e6a12287c549,Civitas European Social Infrastructure Fund SCSp,Institutional,26,3830.9065236,Seniors Housing & Care,Berlin; Hamburg; Leipzig,Seniors Housing & Care,Berlin; Hamburg; Leipzig,Saxony; Berlin; Brandenburg,,2024-10-02 00:00:00
177,f95fb637-2bca-4812-8efd-4d20fc5c0fb0,Oaktree,Institutional,25,1126518.0899542,Retail; Office,Munich; Hamburg; Dessau-Rosslau,Office; Retail; Seniors Housing & Care,Frankfurt am Main; Dusseldorf; Berlin,Hesse; North Rhine-Westphalia; Baden-Wurttemberg,Acorn Real Estate GmbH; Deutsche EuroShop AG,2024-11-13 00:00:00
178,84ca6bd7-a996-499a-a91f-d282ab91f51f,Brookfield AM,Institutional,25,1279491.75555912,Industrial; Dev Site,Stuttgart; Bremen; Fuldabruck,Industrial; Hotel; Dev Site,Dresden; Berlin; Leipzig,Saxony; North Rhine-Westphalia; Hesse,Brookfield Europe; IDI Gazeley,2025-05-15 00:00:00
179,62ab2dcd-b79f-40f5-b00f-acce4f880106,BlueRock Group,Institutional,25,239868.1470744,Apartment; Office,Berlin; Cologne; Nuremberg,Office; Apartment,Berlin; Cologne; Eschborn,Berlin; North Rhine-Westphalia; Hesse,,2026-05-05 00:00:00
180,956b70ad-a5be-4a21-a554-f603b5cc1a11,Partners Group,Institutional,25,473896.4366448,Office; Industrial,Hanover; Munich; Ratingen,Office; Industrial; Retail,Hamburg; Berlin; Potsdam,Hesse; North Rhine-Westphalia; Baden-Wurttemberg,Empira AG (Partners Group),2026-07-11 00:00:00
181,d06e9af2-2231-469d-be9d-51e15f79c828,Zurich Financial,Institutional,25,333072.8728236,Office; Apartment,Hamburg; Berlin; Frankfurt am Main,Office; Retail; Hotel,Berlin; Hamburg; Frankfurt am Main,Berlin; North Rhine-Westphalia; Hesse,Immobilien Europa Direkt; Zurich Assurance; Zurich Financial Services; Zurich Insurance (+1 more),2025-05-01 00:00:00
182,fb1bb047-eb4b-4bd0-97b5-570727294d45,Versicherungskammer Bayern,Institutional,25,421032.7265508,Office; Retail,Munich; Berlin; Hamburg,Office; Retail; Apartment,Munich; Berlin; Frankfurt am Main,Bavaria; Berlin; North Rhine-Westphalia,,2026-03-05 00:00:00
183,e89e3551-4c2d-4d74-b0eb-764ee6e4df54,HighBrook Investors,Institutional,25,184725.492588,Industrial; Office,Berlin; Mannheim; Nuremberg,Industrial; Office; Dev Site,Berlin; Mannheim; Nuremberg,Berlin; North Rhine-Westphalia; Baden-Wurttemberg,,2025-07-09 00:00:00
184,75f2b3c1-5d91-461a-86e5-e8b4f96edf55,Propetti,Private,25,100293.5527776,Retail; Office,Minden; Stuttgart; Einbeck,Retail; Office; Apartment,Berlin; Minden; Stuttgart,North Rhine-Westphalia; Lower Saxony; Bremen,,2026-02-17 00:00:00
185,27c82cd9-3b22-43c1-99a5-a1bc49b21b1b,R+V Versicherung,Institutional,25,366274.0626948,Office; Retail,Hamburg; Munich; Frankfurt am Main,Office; Retail; Apartment,Hamburg; Munich; Frankfurt am Main,Baden-Wurttemberg; Hesse; Bavaria,,2026-07-20 00:00:00
186,9897886a-7e53-46bd-9724-3304d5697a96,Starwood Capital,Institutional,24,459501.7878828,Industrial; Hotel,Hildesheim; Oberding; Niederviehbach,Industrial; Hotel; Office,Dresden; Leipzig; Ratingen,North Rhine-Westphalia; Saxony; Hesse,Louvre Hotels (Starwood),2026-03-12 00:00:00
187,f5530266-c468-4932-8173-0e5163c3a0d1,UBM,Public,24,215006.7537072,Dev Site; Hotel,Munich; Mainz; Berlin,Dev Site; Office; Hotel,Munich; Berlin; Mainz,Bavaria; Berlin; Rhineland-Palatinate,Munchner Grund; Strauss & Partner; UBM Group,2024-10-04 00:00:00
188,246f1d13-7ec6-4fed-84e2-0be20f53ad33,GEG German Estate Group,Institutional,24,538802.4653108,Office; Hotel,Frankfurt am Main; Dusseldorf; Cologne,Office; Hotel; Retail,Frankfurt am Main; Munich; Dusseldorf,Hesse; Bavaria; North Rhine-Westphalia,,2024-10-08 00:00:00
189,70c9a8b3-85b4-4fbd-aa9d-9ada5ab02384,GEWOBAG,User/Other,24,695129.0384376,Apartment; Retail,Berlin,Apartment; Office; Retail,Berlin; Neuruppin,Berlin; Brandenburg,,2025-03-11 00:00:00
190,5ae148e5-8918-489f-96bd-109c6c14442e,Aldi,User/Other,24,835916.7718436,Dev Site; Retail,Cologne; Aachen; Leichlingen (Rheinland),Dev Site; Retail; Industrial,Berlin; Bremen; Leichlingen (Rheinland),North Rhine-Westphalia; Baden-Wurttemberg; Berlin,Aldi Nord; Aldi Sud,2026-04-30 00:00:00
191,73fb589f-87a6-4124-9522-b94a88754763,Gateway RE AG,Public,23,791055.00079704,Dev Site; Retail,Cologne; Berlin; Wiesbaden,Retail; Office; Dev Site,Berlin; Dusseldorf; Cologne,North Rhine-Westphalia; Berlin; Bavaria,Development Partner (Gateway),2026-04-02 00:00:00
192,ac7f982e-f1a2-496a-8447-d64797549f17,GxP German Properties,Institutional,23,207003.9489804,Office; Retail,Hanover; Dresden; Berlin,Office; Retail; Apartment,Berlin; Hanover; Dresden,North Rhine-Westphalia; Berlin; Hesse,GAM,2025-09-11 00:00:00
193,b23312b6-73d2-471e-8472-ff5741b01cd9,Hagedorn,Private,23,1676999.45858712,Dev Site; Industrial,Bielefeld; Gutersloh; Leipzig,Dev Site; Industrial,Bielefeld; Gutersloh; Leipzig,North Rhine-Westphalia; Lower Saxony; Saxony,,2026-06-11 00:00:00
194,068207bb-a527-4d57-a348-df0fb6b8a3d3,Optima Aegidius Firmengruppe,Private,23,228448.20605106,Office; Apartment,Munich; Dresden; Berlin,Office; Apartment; Dev Site,Munich; Dresden; Berlin,Bavaria; Saxony; Berlin,,2025-12-17 00:00:00
195,93f5a8e8-ee80-4957-ba0e-cb60c105be9c,May & Co.,Private,23,499175.89398416,Dev Site; Retail,Hamburg; Nuremberg; Salzgitter,Dev Site; Retail; Industrial,Hamburg; Schonefeld; Nuremberg,Lower Saxony; Schleswig-Holstein; Hamburg,,2026-02-11 00:00:00
196,91809ba9-4579-47a0-a875-6af5675e3bdb,HEICO Holding GmbH,Private,23,122860.0021428,Retail,Bremen; Jever; Pforzheim,Retail; Dev Site,Osterode am Harz; Bremen; Hattorf am Harz,Lower Saxony; North Rhine-Westphalia; Bavaria,,2024-11-06 00:00:00
197,5217311d-8c2d-4067-b5b2-62aaf7c27cbd,Livos Gruppe,Private,23,524971.578872188,Industrial; Office,Berlin; Rostock; Schwabmunchen,Industrial; Office; Apartment,Berlin; Pohlheim; Bad Hersfeld,Berlin; Hesse; Thuringia,,2025-02-03 00:00:00
198,ff7b9bc4-938e-4692-b78e-7afcae7c744f,Deutsche Reihenhaus,Private,23,394745.12524888,Dev Site,Kaltenkirchen; Ladenburg; Leichlingen (Rheinland),Dev Site; Apartment; Condo,"Hanau, Bruder-Grimm-Stadt; Gelsenkirchen; Kaltenkirchen",North Rhine-Westphalia; Rhineland-Palatinate; Baden-Wurttemberg,DRH Deutsche Reihenhaus AG,2026-01-01 00:00:00
199,99acba4b-9fe4-4ac7-924d-ca422b14985f,Kaufland,User/Other,23,260162.6518764,Retail; Dev Site,Hamburg; Ahaus; Witten,Retail; Dev Site; Industrial,Berlin; Hamburg; Luneburg,North Rhine-Westphalia; Baden-Wurttemberg; Saxony,,2025-03-18 00:00:00
200,3da3d73b-f034-4fb7-bd14-02c407add5c7,VGP Group,Private,23,3710680.60040224,Dev Site; Industrial,Neu Wulmstorf; Frankenthal (Pfalz); Giessen,Dev Site; Industrial; Apartment,Neu Wulmstorf; Frankenthal (Pfalz); Erfurt,Hesse; Lower Saxony; Rhineland-Palatinate,,2026-01-27 00:00:00
201,4a1446e8-cffb-45e3-8fdc-da002a6b9967,Brookline Capital GP,Institutional,23,371103.9448428,Apartment; Office,Berlin; Wandlitz; Leipzig,Apartment; Office; Dev Site,Berlin; Leipzig; Strausberg,Berlin; Saxony; Brandenburg,Accentro AG,2026-06-15 00:00:00
202,ea1d3e68-0f76-4ba0-807e-11add7428ff0,Round Hill Capital,Institutional,23,264681.5416128,Apartment; Seniors Housing & Care,Berlin; Hohen Neuendorf; Hamburg,Apartment; Seniors Housing & Care,Berlin; Hohen Neuendorf; Bremen,North Rhine-Westphalia; Brandenburg; Berlin,,2025-02-12 00:00:00
203,023ad0f7-fb81-45de-80d2-b47683ebed59,Digital Realty,Public,23,418377.7277892,Data Center; Dev Site,Frankfurt am Main; Dusseldorf; Hattersheim am Main,Data Center; Dev Site; Industrial,Frankfurt am Main; Hattersheim am Main; Dusseldorf,Hesse; North Rhine-Westphalia,,2024-12-03 00:00:00
204,a8413eae-ed76-4ab6-b916-4530970fc03b,Gold Tree Group,Institutional,22,337820.7569724,Retail; Office,Hamburg; Frankfurt am Main; Olbernhau,Retail; Office,Hamburg; Leipzig; Dusseldorf,North Rhine-Westphalia; Bavaria; Hesse,,2025-08-01 00:00:00
205,973553fd-ada8-42f7-9174-d22db8a4f1b9,Dornieden Gruppe,Private,22,336184.7968908,Dev Site; Apartment,Krefeld; Bergheim; Leichlingen (Rheinland),Dev Site; Apartment,Cologne; Gelsenkirchen; Monchengladbach,North Rhine-Westphalia; Lower Saxony; Schleswig-Holstein,Fairhome; Vista Reihenhaus,2026-07-24 00:00:00
206,c2afb8fe-5f15-4eb1-86b7-3de7acf709d0,IN-WEST Immobilien GmbH,Institutional,22,526930.1425908,Apartment,Schkeuditz; Hambuhren; Grimma,Apartment,Berlin; Schkeuditz; Hambuhren,Saxony; Berlin; North Rhine-Westphalia,,2025-02-27 00:00:00
207,3d3ff403-5916-4a1a-8093-2eecfce92f8f,Fosun Int'l Ltd,Public,22,157114.1663208,Office; Retail,Trier; Meinerzhagen; Neumarkt-Sankt Veit,Office; Retail; Data Center,Trier; Meinerzhagen; Neumarkt-Sankt Veit,North Rhine-Westphalia; Bavaria; Baden-Wurttemberg,Hauck Aufhauser Lampe Privatbank (HAL),2026-03-31 00:00:00
208,32f343f1-d978-4235-9d82-d79fcdba0b8b,Whitbread,Public,22,63099.4603356,Hotel; Dev Site,Hamburg; Berlin; Frankfurt am Main,Hotel; Dev Site; Office,Hamburg; Berlin; Frankfurt am Main,Hamburg; Baden-Wurttemberg; Bavaria,Premier Inn,2025-03-25 00:00:00
209,8a5d0b6f-1877-480e-9c40-d14d25437991,Amundi,Institutional,21,577947.8977272,Office; Hotel,Frankfurt am Main; Berlin; Hamburg,Office; Retail; Hotel,Hamburg; Frankfurt am Main; Berlin,Hesse; Hamburg; Berlin,Unimo,2026-06-09 00:00:00
210,88ef1b56-0ea2-45c4-93f7-a02afc33d09a,Redevco,Private,21,276142.0718808294,Retail; Office,Dusseldorf; Hanover; Dortmund,Retail; Industrial; Office,Dusseldorf; Berlin; Hamburg,North Rhine-Westphalia; Bavaria; Lower Saxony,Redevco Deutschland; Redevco Europe,2026-06-09 00:00:00
211,375b8adb-58c0-44b3-b73d-302cf1434cae,Paribus Capital,Institutional,21,244589.031882,Office; Apartment,Frankfurt am Main; Freiburg im Breisgau; Hamburg,Office; Retail; Apartment,Hamburg; Berlin; Frankfurt am Main,Hamburg; Hesse; Baden-Wurttemberg,Paribus Capital Immobilien,2026-07-09 00:00:00
212,337acfb4-6da6-4102-8777-f24b8a58de6c,Pensioenfonds ABP,Institutional,21,542735.356881956,Industrial; Data Center,Bremen; Munich; Frankfurt am Main,Industrial; Data Center; Hotel,Nuremberg; Bremen; Berlin,Bavaria; Bremen; Brandenburg,APG Group,2026-03-20 00:00:00
213,18d0ecfd-643f-4173-8a33-c837f60a48e3,Sahle Wohnen,Private,20,344468.5947612,Dev Site; Apartment,Frankfurt am Main; Hamburg; Bergisch Gladbach,Dev Site; Apartment; Retail,Dusseldorf; Frankfurt am Main; Hamburg,North Rhine-Westphalia; Hesse; Hamburg,,2025-12-11 00:00:00
214,8e7f33f8-32dc-479e-a44d-c42388643289,Wilma Immobilien,Private,20,229409.402274,Dev Site,Dortmund; Wurzburg; Mulheim an der Ruhr,Dev Site; Apartment; Hotel,Dusseldorf; Dortmund; Frankfurt am Main,North Rhine-Westphalia; Hesse; Baden-Wurttemberg,,2026-03-27 00:00:00
215,0227fc7d-d280-45ea-b658-61cc9878c313,Wohnbau,Private,20,209753.277569616,Apartment; Condo,Berlin; Dusseldorf; Cologne,Apartment; Office; Dev Site,Dusseldorf; Berlin; Erlangen,North Rhine-Westphalia; Berlin; Bavaria,,2025-02-03 00:00:00
216,cb23aebe-b126-40d8-bfb1-34f944c9d482,NBIM,Institutional,20,981328.6007058,Industrial; Office,Berlin; Dulmen; Sankt Augustin,Industrial; Office; Other General,Berlin; Munich; Frankfurt am Main,Berlin; North Rhine-Westphalia; Hesse,,2024-12-16 00:00:00
217,24f8a759-b928-4066-ae50-9b22fc21eeb2,Quarterback Immobilien AG,Private,20,252325.329548,Dev Site; Retail,Leipzig; Berlin; Boblingen,Apartment; Dev Site; Retail,Leipzig; Dresden; Berlin,Saxony; Brandenburg; Schleswig-Holstein,,2026-06-05 00:00:00
218,44870cdd-317a-4a6b-a64e-1b695fe8871e,Public Storage Inc,Public,20,87965.8535808,Self Storage; Dev Site,Hamburg; Berlin; Munich,Self Storage; Dev Site,Hamburg; Hanover; Berlin,Hamburg; Bavaria; North Rhine-Westphalia,Shurgard Storage,2025-10-31 00:00:00
219,e2625b4e-7fbc-48cf-b7b3-6e1a45494517,Arrow Capital Partners,Institutional,20,534262.9636656,Industrial; Dev Site,Chemnitz; Wiesbaden; Seevetal,Industrial; Dev Site,Chemnitz; Wiesbaden; Seevetal,Saxony; North Rhine-Westphalia; Hesse,,2026-02-20 00:00:00
220,d8f8b989-8459-47e6-88c0-8d34c9c08683,Interhomes AG,Private,19,379959.7287564,Dev Site,Berlin; Bremen; Rodenbach,Dev Site; Apartment,Berlin; Bremen; Dusseldorf,Berlin; North Rhine-Westphalia; Hesse,,2026-05-20 00:00:00
221,80e518da-7e91-45d4-8ec3-b1af027941f8,The Grounds Group,Private,19,368829.52586952,Apartment; Dev Site,Magdeburg; Emden; Berlin,Apartment; Dev Site; Hotel,Berlin; Frankfurt am Main; Magdeburg,Brandenburg; Hesse; Lower Saxony,,2024-12-23 00:00:00
222,e667b1e3-6bbc-48ba-9937-550e82e856bf,Cinthia Real Estate,Private,19,122416.0129764,Retail; Apartment,Nordhausen; Krefeld; Gefrees,Retail; Office; Apartment,Oberhausen; Rheine; Nordhausen,North Rhine-Westphalia; Rhineland-Palatinate; Brandenburg,,2025-11-03 00:00:00
223,d5354634-f6a3-48ab-adf2-f8488b86baab,Deutsche Post AG,User/Other,19,724480.54089824,Dev Site; Industrial,Witten; Iserlohn; Aachen,Industrial; Dev Site; Office,Munich; Hamburg; Nuremberg,North Rhine-Westphalia; Bavaria; Hesse,DHL International,2026-02-11 00:00:00
224,f92a66e4-292d-4461-9bf3-8a8be9754b78,Frasers Logistics & Commercial Trust,Public,19,492189.9902712,Industrial,Bergheim; Giengen an der Brenz; Frankenthal (Pfalz),Industrial,Bergheim; Giengen an der Brenz; Frankenthal (Pfalz),North Rhine-Westphalia; Baden-Wurttemberg; Rhineland-Palatinate,Frasers Logistics & Ind,2026-05-25 00:00:00
225,bc0fdb31-fee2-4e24-8f3c-0caef6ea8ae9,Clarion Partners,Institutional,19,880203.52251,Industrial; Dev Site,Halle (Saale); Voerde (Niederrhein); Sarstedt,Industrial; Dev Site,Halle (Saale); Voerde (Niederrhein); Sarstedt,North Rhine-Westphalia; Hesse; Lower Saxony,,2025-11-26 00:00:00
226,bc90bd65-61c2-4d8b-a686-4c4ee7d7e1cb,TPG Real Estate,Institutional,18,335416.81563,Office; Dev Site,Berlin; Hamburg; Bremen,Office; Industrial; Other Hospitality,Cologne; Berlin; Hamburg,North Rhine-Westphalia; Berlin; Hesse,A&O Hotels & Hostels (TPG); P3 Logistic Parks; TPG Angelo Gordon,2026-07-01 00:00:00
227,5e85ba3c-0ee1-4f24-a3aa-a7e3a65b550e,Fattal Hotels,Private,18,52161.7272228,Hotel; Office,Hamburg; Munich; Berlin,Hotel; Office,Munich; Cologne; Hamburg,North Rhine-Westphalia; Baden-Wurttemberg; Lower Saxony,Leonardo Hotels,2025-07-01 00:00:00
228,853c7d9b-423f-4172-8dfd-24ac5c8b2dc4,Ares Management,Institutional,18,1095609.2664816,Apartment; Office,Gelsenkirchen; Leuna; Berlin,Retail; Office; Industrial,Berlin; Dusseldorf; Hamburg,North Rhine-Westphalia; Hesse; Berlin,,2025-11-01 00:00:00
229,035d9c9d-56e6-4908-bbac-8815bcfbe3ce,HBB,Private,18,206687.9566908,Dev Site; Retail,Hamburg; Koblenz; Saarbrucken,Retail; Dev Site; Office,Hamburg; Berlin; Koblenz,North Rhine-Westphalia; Baden-Wurttemberg; Hamburg,,2024-08-14 00:00:00
230,934fed4d-25f6-4b40-8287-7edbfa50fb04,Baywobau,User/Other,18,403857.32222952,Dev Site; Office,Munich; Dresden; Berlin,Dev Site; Apartment; Office,Munich; Dresden; Berlin,Bavaria; Saxony; Berlin,,2025-11-18 00:00:00
231,f38769b8-e6bd-4a22-a327-8121965615a6,GBI AG,Private,18,114754.1999292,Dev Site; Hotel,Hamburg; Frankfurt am Main; Berlin,Hotel; Apartment; Dev Site,Hamburg; Frankfurt am Main; Nuremberg,Bavaria; Hesse; Hamburg,Nord Project,2026-07-09 00:00:00
232,7c882e90-0515-479c-a575-29de255ed7d7,M&G Real Estate,Institutional,18,318260.7986478097,Office; Retail,Berlin; Munich; Bielefeld,Retail; Office; Apartment,Berlin; Frankfurt am Main; Cologne,Hesse; North Rhine-Westphalia; Berlin,M&G Investments; PRUPIM,2026-07-09 00:00:00
233,66ad7724-9e21-42c1-af16-ab5e21b9965a,Empira AG,Institutional,18,437165.3329056,Apartment; Dev Site,Berlin; Munich; Cologne,Dev Site; Apartment; Office,Berlin; Munich; Cologne,North Rhine-Westphalia; Berlin; Bavaria,,2024-09-02 00:00:00
234,ecf139b5-dba7-4ace-a57e-ef3ebc0ff0a9,Greyfield Real Estate Group,Private,18,105980.4140148,Retail; Office,Dortmund; Duisburg; Essen,Retail; Dev Site; Office,Dortmund; Essen; Duisburg,North Rhine-Westphalia; Berlin; Lower Saxony,,2025-03-12 00:00:00
235,928aabb3-d226-48a3-8613-51f041de5c6c,Arrow Global,Institutional,18,120646.95625392,Apartment; Dev Site,Dusseldorf; Berlin; Munster,Apartment; Dev Site; Office,Dusseldorf; Berlin; Munster,North Rhine-Westphalia; Berlin; Schleswig-Holstein,Interboden Gruppe (Arrow Global),2026-07-07 00:00:00
236,51374356-3f6c-4457-9033-f59d9e811214,Imfarr,Private,17,379194.7474224,Dev Site; Office,Berlin; Munich; Frankfurt am Main,Office; Dev Site; Retail,Munich; Berlin; Leipzig,North Rhine-Westphalia; Bavaria; Baden-Wurttemberg,Development Partner (Imfarr); Whitecrow Partners,2025-05-06 00:00:00
237,d73fd28f-8587-4d71-bae4-0f6664efc93b,CA Immo,Public,17,16380258.2664238,Office; Dev Site,Berlin; Munich; Duren,Office; Dev Site; Industrial,Berlin; Munich; Mainz,Hesse; Berlin; Bavaria,CA Immo Deutschland; CA Immobilien Anlagen; Vivico Real Estate,2026-04-22 00:00:00
238,5bb59041-8aa3-4c96-aa5d-03c9baceaaaa,aam2core Service GmbH,Institutional,17,200061.1183896,Apartment; Office,Wiesbaden; Cologne; Dortmund,Apartment; Office; Industrial,Frankfurt am Main; Schwandorf; Weiden in der Oberpfalz,Bavaria; Hesse; Baden-Wurttemberg,aam2core Holding AG,2025-11-05 00:00:00
239,3a55f729-30a6-4636-b567-d3ac027c99f4,Unmussig Bautragergesellschaft Baden mbH,Private,17,137651.641218,Office; Retail,Freiburg im Breisgau; Karlsruhe; Stuttgart,Office; Retail; Apartment,Freiburg im Breisgau; Stuttgart; Heidelberg,Baden-Wurttemberg; Rhineland-Palatinate; Hesse,,2025-10-06 00:00:00
240,838a149e-2446-410d-a7cb-eca46a050f7e,Dupuis GmbH,Institutional,17,174015.753912,Apartment; Seniors Housing & Care,Berlin; Hanover; Magdeburg,Apartment; Office; Seniors Housing & Care,Berlin; Hanover; Potsdam,Berlin; Brandenburg; Bavaria,Deutsche Asset One GmbH,2026-01-06 00:00:00
241,5aa98fb3-20de-4ecd-851a-f02535459d77,Carestone Group,Private,17,7433.818610400001,Seniors Housing & Care,Essen; Weisswasser/Oberlausitz; Bad Muskau,Seniors Housing & Care; Dev Site; Office,Gevelsberg; Essen; Weisswasser/Oberlausitz,Saxony; North Rhine-Westphalia; Lower Saxony,,2025-07-31 00:00:00
242,8ae35ec8-e808-4418-b41b-d0e2272bf560,Dreger Group,Private,17,66128.386428,Dev Site; Office,Wallertheim; Aschaffenburg; Offenbach am Main,Dev Site; Office; Apartment,"Hanau, Bruder-Grimm-Stadt; Aschaffenburg; Frankfurt am Main",Hesse; Rhineland-Palatinate; Bavaria,,2025-05-12 00:00:00
243,2ce14cc8-f5f4-4f18-97e8-fc0aee6638a6,Fidelity International,Institutional,17,299888.598556,Industrial; Office,Wustermark; Munich; Lubeck,Industrial; Retail; Office,Berlin; Wustermark; Munich,Berlin; Bavaria; Brandenburg,,2025-01-17 00:00:00
244,2db4fcea-d860-4207-b34f-0327ee097932,Volksbank BraWo,Institutional,17,427107.5783208,Retail; Office,Braunschweig; Wolfsburg; Magdeburg,Retail; Office; Dev Site,Braunschweig; Wolfsburg; Magdeburg,Lower Saxony; North Rhine-Westphalia; Saxony-Anhalt,blueorange Group,2025-08-26 00:00:00
245,3898a09a-314d-4c77-b751-ef0c025b6e5b,Crédit Mutuel,Institutional,17,126168.9214032,Industrial; Retail,Umkirch; Bochum; Sangerhausen,Industrial; Retail; Other General,Umkirch; Bochum; Sangerhausen,Baden-Wurttemberg; Bavaria; North Rhine-Westphalia,Arkea,2026-06-09 00:00:00
246,6b12b078-f014-463b-80b0-37bd4b0c5628,SCPI Primovie,Private,17,273531.3256728,Seniors Housing & Care; Office,Biblis; Duisburg; Regensburg,Seniors Housing & Care; Office,Biblis; Duisburg; Regensburg,Hesse; Schleswig-Holstein; Lower Saxony,,2025-07-01 00:00:00
247,8074326a-5284-4445-8a19-5f3fd1fc9201,Edmond de Rothschild,Institutional,17,270666.3955788,Industrial; Office,Velten; Gladbeck; Rosbach vor der Hohe,Industrial; Office,Velten; Gladbeck; Rosbach vor der Hohe,Baden-Wurttemberg; Bavaria; North Rhine-Westphalia,ERRES SICAV; Edmond de Rothschild REIM,2026-07-21 00:00:00
248,b79b57ae-a547-4752-b2a9-7b2ebde559dc,Balandra Asset Management,Institutional,17,897448.101732,Apartment,Iserlohn; Magdeburg; Neuruppin,Apartment,Iserlohn; Magdeburg; Neuruppin,North Rhine-Westphalia; Brandenburg; Saxony-Anhalt,,2024-12-12 00:00:00
249,b49d3a14-cabd-4588-841c-02d05830955d,Quest Inv't Partners,Institutional,16,187651.3290368,Office; Apartment,Hamburg; Berlin; Frankfurt am Main,Office; Retail; Apartment,Hamburg; Berlin; Frankfurt am Main,Hamburg; Berlin; Hesse,,2025-08-04 00:00:00
250,3c639522-aeae-4f32-b21e-98c473cd5aa1,Specht Gruppe,Private,16,134461.19324,Seniors Housing & Care; Industrial,Bremen; Emden; Leer (Ostfriesland),Seniors Housing & Care; Industrial; Dev Site,Bremerhaven; Bremen; Leipzig,Lower Saxony; North Rhine-Westphalia; Bremen,Residenz Gruppe,2026-07-02 00:00:00
251,787c8927-c34a-4ac4-bf5c-1fbc968c66bb,MIMCO Capital,Institutional,16,153149.2630668,Retail; Office,Bad Salzungen; Bitterfeld-Wolfen; Schwerin,Retail; Other General; Industrial,Magdeburg; Recklinghausen; Worms,North Rhine-Westphalia; Saxony-Anhalt; Hesse,Mercureim,2024-12-19 00:00:00
252,26d1683e-7ee9-4a1a-94cc-0a8476d0dea8,Cells Group,Private,16,283287.0876264,Office; Retail,Hamburg; Frankfurt am Main; Dusseldorf,Office; Retail; Hotel,Frankfurt am Main; Hamburg; Berlin,Hesse; Hamburg; Berlin,,2026-03-12 00:00:00
253,53840c00-0326-4cb0-9a7e-2e7f785b6797,Bauwert AG,Private,16,248100.9461892,Dev Site; Office,Berlin; Fulda; Frankfurt am Main,Office; Dev Site; Apartment,Berlin; Fulda; Dusseldorf,Berlin; Brandenburg; Hesse,,2025-03-31 00:00:00
254,cb6f93c7-628f-4d8b-8bf1-cd944aab6fad,Procom Invest,Private,16,199727.4189884,Dev Site; Retail,Hamburg; Lubeck; Munster,Retail; Dev Site; Office,Hamburg; Lubeck; Neu-Ulm,Hesse; Hamburg; Schleswig-Holstein,,2026-03-02 00:00:00
255,9d01f84e-a722-44c5-b3ac-9de453d19321,Hartinger Grundbesitz,Private,16,53386.8552628,Office; Retail,Rosenheim; Kolbermoor; Munich,Office; Industrial; Retail,Rosenheim; Munich; Kolbermoor,Bavaria; Hesse; Lower Saxony,,2025-01-12 00:00:00
256,f999399f-a763-4298-b2d5-e9396a931f8c,Pflugfelder Immobilien,Private,16,161017.0710876,Dev Site; Apartment,Ludwigsburg; Stuttgart; Pforzheim,Dev Site; Apartment; Industrial,Ludwigsburg; Schonefeld; Stuttgart,Baden-Wurttemberg; Brandenburg,,2026-04-16 00:00:00
257,df6bf8c1-d7c9-4d66-b3f3-da4b6efb23a6,Junicke & Co,Private,16,1246227.9253732,Industrial; Office,Braunschweig; Isernhagen; Nienburg (Saale),Industrial; Office; Dev Site,Braunschweig; Bad Harzburg; Isernhagen,Lower Saxony; Saxony-Anhalt; Saxony,,2026-05-04 00:00:00
258,571c44b2-2270-465d-b4bf-a6a73924b45c,BS Grundbesitz GmbH,Private,16,75358.16121600001,Industrial; Office,Essen; Mulheim an der Ruhr; Recklinghausen,Industrial; Office; Apartment,Essen; Mulheim an der Ruhr; Recklinghausen,North Rhine-Westphalia; Berlin,,2026-02-28 00:00:00
259,9ef7d324-140d-4a6f-bdcc-c0559bb4a903,Transitions Europe,Private,16,113615.2277208,Industrial; Retail,Umkirch; Bochum; Sangerhausen,Industrial; Retail; Other General,Umkirch; Bochum; Sangerhausen,Baden-Wurttemberg; Bavaria; North Rhine-Westphalia,,2026-06-09 00:00:00
260,1a763101-9be0-4d73-a843-570ca6fd0902,Proprium Cap Prtnrs,Institutional,16,197923.1705568,Other Hospitality; Apartment,Berlin; Hamburg; Nuremberg,Other Hospitality; Apartment; Office,Berlin; Hamburg; Nuremberg,Berlin; North Rhine-Westphalia; Hamburg,A&O Hotels and Hostels (ADD AS JV WITH StepStone Group),2026-03-03 00:00:00
261,9976802f-45fc-43e0-976a-8bdd957e5637,Gewoba,Private,16,210446.4487792,Apartment; Office,Bremen; Monkeberg; Schleswig,Apartment; Dev Site; Office,Bremen; Monkeberg; Schleswig,Bremen; Schleswig-Holstein; Lower Saxony,,2026-04-20 00:00:00
262,3e273811-1b91-4f15-9e1a-7472fa48f851,La Caisse,Institutional,15,672196.19845848,Dev Site; Industrial,Berlin; Velten; Bischofsheim,Industrial; Office; Hotel,Frankfurt am Main; Munich; Berlin,Hesse; Bavaria; North Rhine-Westphalia,CDPQ; Ivanhoe Cambridge,2025-07-01 00:00:00
263,570cd959-f63c-4662-826f-24d3b6de55c8,Demire,Public,15,705424.7872152,Office; Retail,Frankfurt am Main; Schwerin; Celle,Office; Retail; Industrial,Bremen; Leipzig; Unterschleissheim,Bavaria; North Rhine-Westphalia; Hesse,Magnat Real Estate Opportunities,2026-02-12 00:00:00
264,010c63f0-e88c-4140-971f-400ab3c435e1,EQT AB,Institutional,15,959678.9173396,Industrial; Dev Site,Wittenburg; Horselberg-Hainich; Borna,Industrial; Office; Dev Site,Cologne; Munich; Frankfurt am Main,North Rhine-Westphalia; Hesse; Lower Saxony,EQT Exeter; EQT Real Estate,2026-04-20 00:00:00
265,051107e8-2a91-4296-b3c0-561b831a061c,Silverton Group,Private,15,139299.0592915744,Office; Industrial,Cologne; Hildesheim; Neuried,Office; Industrial; Hotel,Cologne; Essen; Hildesheim,North Rhine-Westphalia; Bavaria; Lower Saxony,,2025-05-13 00:00:00
266,8f883ef1-620d-4ab7-aeec-fc39b309b6dc,Momeni Group,Institutional,15,216116.6067822,Office; Retail,Cologne; Dusseldorf; Stuttgart,Office; Retail; Dev Site,Dusseldorf; Hamburg; Cologne,North Rhine-Westphalia; Hamburg; Baden-Wurttemberg,,2025-09-01 00:00:00
267,de2e862f-ca1c-4d39-a154-a3ceea443583,Coros Management,Institutional,15,282961.0240478,Office; Dev Site,Berlin; Nuremberg; Furth,Office; Dev Site; Condo,Berlin; Dusseldorf; Nuremberg,Berlin; Bavaria; North Rhine-Westphalia,Bayiko; Commodus Real Estate Capital,2025-04-01 00:00:00
268,682a93b8-0fd3-4eae-b4af-02ace2542fdd,Mark,Institutional,15,350996.435478,Industrial; Retail,Grossbeeren; Berlin; Delmenhorst,Industrial; Retail; Office,Berlin; Frankfurt am Main; Grossbeeren,Berlin; Hesse; Brandenburg,Crossbay; Meyer Bergman UK,2025-10-06 00:00:00
269,e5be7b1b-e3e5-4508-bd01-7ad755c2047b,Bauwens,Private,15,219300.3575992,Dev Site; Office,Berlin; Cologne; Frankfurt am Main,Dev Site; Office; Apartment,Cologne; Berlin; Dusseldorf,North Rhine-Westphalia; Berlin; Hesse,Bauwens Real Estate Group,2026-05-05 00:00:00
270,bb4138ea-7c93-4db6-8b88-d07a406342cf,DLE Group AG,Institutional,15,855648.3758508001,Dev Site; Industrial,Berlin; Magdeburg; Pohlheim,Dev Site; Retail; Industrial,Berlin; Bad Hersfeld; Stahnsdorf,Berlin; Brandenburg; Hesse,,2026-04-13 00:00:00
271,3efb661d-05c6-484f-9fad-352fd8ca1680,ABG Group,Private,15,345768.5630412,Dev Site; Office,Munich; Hamburg; Berlin,Office; Dev Site; Apartment,Hamburg; Berlin; Munich,Hamburg; North Rhine-Westphalia; Bavaria,,2025-07-01 00:00:00
272,79a1a369-c15e-4c7e-b2f8-c5e47b113f1e,Lang & Cie,Private,15,467108.602272,Dev Site; Office,Frankfurt am Main; Niederaula; Bonn,Office; Dev Site; Industrial,Frankfurt am Main; Essen; Niederaula,Hesse; North Rhine-Westphalia; Bavaria,,2026-02-11 00:00:00
273,2fc5c266-bb4a-4cf4-b361-ad21adbb838b,DVI,Institutional,15,536684.2386616,Office; Dev Site,Erfurt; Chemnitz; Berlin,Office; Retail; Apartment,Erfurt; Chemnitz; Berlin,Thuringia; Saxony; Berlin,,2026-02-02 00:00:00
274,8e38a57e-ba0c-41c4-aaf6-e2e7b9d1523e,Otto Wulff,Private,15,389553.75024928,Dev Site; Industrial,Hamburg; Berlin; Leipzig,Apartment; Dev Site; Office,Hamburg; Berlin; Leipzig,Hamburg; Berlin; Saxony,,2026-05-29 00:00:00
275,8268731a-2bcf-4e2f-b536-a8487cef093e,Volkswagen,User/Other,15,1233485.6591832,Dev Site; Office,Berlin; Hanover; Stuttgart,Dev Site; Office; Apartment,Wolfsburg; Berlin; Hanover,Lower Saxony; Baden-Wurttemberg; Bavaria,Audi AG,2025-02-13 00:00:00
276,5639493d-2e74-4b62-96bb-05ecae347adf,SAGA Unternehmensgruppe,User/Other,15,224094.34883552,Apartment; Dev Site,Hamburg,Apartment; Dev Site; Industrial,Hamburg,Hamburg,SAGA GWG Stiftung Nachbarschaft,2026-07-13 00:00:00
277,b764a1cc-2f21-463b-a4aa-0618d1a4550d,Inbright Development GmbH,Private,15,285260.0394852,Industrial; Dev Site,Stuttgart; Hamburg; Mainz,Industrial; Dev Site; Office,"Hamburg; Stuttgart; Hanau, Bruder-Grimm-Stadt",Hamburg; Baden-Wurttemberg; Hesse,Bright Industrial Investment,2026-03-05 00:00:00
278,1de90c03-6773-4bc1-b8c4-a010678fb956,Centrum Group,Private,14,129698.8352712,Retail; Office,Dusseldorf; Berlin; Cologne,Retail; Office; Dev Site,Dusseldorf; Berlin; Munich,North Rhine-Westphalia; Berlin; Bavaria,,2026-01-08 00:00:00
279,2bf398fc-3c1b-4bdb-857a-af821abfbce0,BVT Group,Institutional,14,77297.1139044,Office; Retail,Cologne; Dortmund; Blankenheim,Office; Retail; Industrial,Cologne; Dusseldorf; Dortmund,North Rhine-Westphalia; Hesse; Lower Saxony,,2026-05-13 00:00:00
280,8f6703d0-fc76-4350-af2a-e7a808bdf238,Proximus Real Estate AG,Public,14,82253.9929536,Office; Apartment,Cologne; Radolfzell am Bodensee; Warendorf,Office; Apartment; Hotel,Cologne; Radolfzell am Bodensee; Warendorf,North Rhine-Westphalia; Rhineland-Palatinate; Baden-Wurttemberg,,2025-12-19 00:00:00
281,aa662990-1f25-4610-93ff-c1a506919d3c,MIB AG Immobilien und Beteiligungen,Private,14,323292.11148,Dev Site; Retail,Leipzig; Chemnitz; Berlin,Retail; Office; Dev Site,Leipzig; Nuremberg; Flensburg,Saxony; Bavaria; Schleswig-Holstein,,2026-06-12 00:00:00
282,e8451139-5e3a-4fe3-8894-74b129a6ca38,City of Wiesbaden,User/Other,14,2864987.61768,Dev Site; Office,Wiesbaden,Dev Site; Office; Retail,Wiesbaden,Hesse,SEG Wiesbaden,2025-07-24 00:00:00
283,c14e6ed3-afc0-4adc-bb59-ca08b75fd52f,Baum Group,Private,14,460691.5540952,Apartment; Office,Hanover; Garbsen; Helmstedt,Office; Apartment; Dev Site,Hanover; Garbsen; Helmstedt,Lower Saxony; Bremen; Schleswig-Holstein,,2025-08-29 00:00:00
284,45166c05-0fbd-435c-a228-ef64064f18d8,SCPI Edissimmo,Private,14,360586.201482,Office; Hotel,Berlin; Frankfurt am Main; Hamburg,Office; Hotel; Industrial,Frankfurt am Main; Hamburg; Berlin,Hesse; Hamburg; Berlin,,2025-03-31 00:00:00
285,ff333d88-9e7f-4226-a673-6576cd76f11d,Kondor Wessels,Private,14,212724.44313904,Dev Site; Apartment,Berlin; Solingen; Rangsdorf,Apartment; Dev Site; Office,Berlin; Solingen; Wuppertal,Berlin; North Rhine-Westphalia; Brandenburg,,2026-07-13 00:00:00
286,51936d26-8468-46f2-83a6-2bb4de377b07,City of Berlin,User/Other,14,2298754.1388706,Office; Apartment,Berlin; Pasewalk; Burow,Dev Site; Apartment; Office,Berlin; Pasewalk; Bayrischzell,Berlin; Mecklenburg-West Pomerania; Bavaria,BBF Berliner Bodenfonds,2026-06-04 00:00:00
287,555dac3b-b9c5-47a5-b47f-9be9d5e6e36f,Schoofs Immobilien Group,Private,14,177705.435802784,Dev Site; Retail,Essen; Bochum; Erkelenz,Retail; Dev Site; Apartment,Essen; Bad Homburg vor der Hohe; Dinkelsbuhl,North Rhine-Westphalia; Hesse; Rhineland-Palatinate,Schoofs Immobilien,2025-07-30 00:00:00
288,a1bb0a81-3833-4e34-a114-25311b25ce29,Juniqo Invest,Private,14,71116.2647208,Apartment; Dev Site,Berlin; Potsdam; Zeuthen,Apartment; Dev Site; Office,Berlin; Bad Duben; Potsdam,Berlin; Brandenburg; Saxony,,2026-07-03 00:00:00
289,e88c6797-612a-42c6-8cf8-712c30983cd7,Coreo AG,Private,14,246079.9955016,Apartment; Industrial,Gottingen; Delmenhorst; Frankfurt am Main,Apartment; Industrial; Dev Site,Gottingen; Mannheim; Bad Kostritz,Lower Saxony; Baden-Wurttemberg; Hesse,,2024-12-23 00:00:00
290,151bfe94-d921-43a1-8957-6933f0255191,Dr. Peters Gruppe,Institutional,14,68277.3339924,Retail; Hotel,Bochum; Fulda; Bestwig,Retail; Hotel; Office,Bochum; Fulda; Bestwig,North Rhine-Westphalia; Lower Saxony; Bavaria,,2025-05-13 00:00:00
291,b85e4490-3db4-4ece-b56d-ef201f7b67f3,Contipark,Private,14,58998.5604,Parking Facility,Wesel; Freudenstadt; Cologne,Parking Facility,Wesel; Freudenstadt; Cologne,North Rhine-Westphalia; Baden-Wurttemberg; Rhineland-Palatinate,,2026-07-02 00:00:00
292,e125eb33-1c52-4bba-a28a-64898a923ae1,CityLink,Private,14,57906.5870448,Industrial,Mannheim; Nuremberg; Plankstadt,Industrial,Mannheim; Nuremberg; Plankstadt,Baden-Wurttemberg; North Rhine-Westphalia; Bavaria,,2026-02-06 00:00:00
293,2ade07ef-87b7-4e71-a0a0-a972ddca8695,ANH Hausbesitz,Institutional,14,58504.4309747096,Office; Retail,Berlin; Minden; Munster,Retail; Office; Dev Site,Berlin; Kirchhundem; Minden,Berlin; North Rhine-Westphalia; Baden-Wurttemberg,,2025-01-16 00:00:00
294,3e1bfbfa-6805-407c-8600-f50db7120a88,WATZL Group,Private,14,80653.032018,Office; Dev Site,Stuttgart; Goppingen; Ingolstadt,Office; Dev Site; Industrial,Stuttgart; Augsburg; Goppingen,Baden-Wurttemberg; Bavaria,JW Investment Holding,2026-02-06 00:00:00
295,03e1a1a9-5092-4c5a-8122-ab761cbfadae,StepStone Real Estate,Institutional,14,139924.5857568,Other Hospitality; Office,Berlin; Hamburg; Nuremberg,Other Hospitality; Office; Apartment,Berlin; Hamburg; Nuremberg,Berlin; Hesse; Hamburg,,2026-03-03 00:00:00
296,3ea991ed-ede1-401f-b6bb-da5f2d266d8a,GWG Gruppe,Private,14,210611.8609452,Apartment; Dev Site,Reutlingen; Stuttgart; Hamburg,Apartment; Dev Site; Office,Stuttgart; Hamburg; Reutlingen,Baden-Wurttemberg; Hamburg; Bavaria,,2024-11-13 00:00:00
297,d0af7d49-67a2-4864-b395-8fc6a69b978c,Bato Group,Institutional,13,67668.348852,Apartment; Office,Berlin,Office; Apartment,Berlin,Berlin,,2026-06-16 00:00:00
298,5f692379-740e-4eab-8b9a-dc12fe8447fc,PSP Investments,Institutional,13,652488.0789024,Industrial,Oberhausen; Hamburg; Kabelsketal,Industrial,Malsfeld; Neuenstadt am Kocher; Giengen an der Brenz,North Rhine-Westphalia; Baden-Wurttemberg; Hesse,,2025-03-06 00:00:00
299,6296451e-6aff-4d5b-9659-08c0fa083a18,GIEAG,Private,13,165170.7354362,Dev Site; Apartment,Gerlingen; Kummersbruck; Erfurt,Apartment; Office; Dev Site,Stuttgart; Karlsruhe; Baumholder,Baden-Wurttemberg; Bavaria; Rhineland-Palatinate,,2026-01-26 00:00:00
300,ec0ff5b4-2829-4660-b7e5-31029af67baa,Arax Properties,Private,13,359535.8725956,Office; Retail,Berlin; Hamburg; Laatzen,Office; Retail; Apartment,Berlin; Potsdam; Offenbach am Main,Berlin; Brandenburg; Hesse,,2026-01-05 00:00:00
301,c2e7afd3-080b-417a-83bf-eb5edf0a6ba7,Ratisbona,Private,13,63660.4466472,Retail; Dev Site,Naunhof; Sulingen; Gutersloh,Retail; Dev Site; Industrial,Regensburg; Eppelborn; Schwarzheide,North Rhine-Westphalia; Bavaria; Lower Saxony,,2026-02-12 00:00:00
302,8bd85cff-61a8-4973-9b6f-7ded8fc104b3,WP Carey REIT,Public,13,265524.0725224,Industrial; Retail,Wasserburg am Inn; Monchengladbach; Oberhaching,Retail; Industrial; Office,Essen; Munich; Warstein,North Rhine-Westphalia; Bavaria; Brandenburg,,2026-05-21 00:00:00
303,91e3af75-c5e1-4c26-96b1-17121a170af3,Hillwood,Private,13,842420.77185636,Dev Site; Industrial,Weiterstadt; Bad Schonborn; Kleinostheim,Dev Site; Industrial,Weiterstadt; Dusseldorf; Niederaula,North Rhine-Westphalia; Hesse; Baden-Wurttemberg,,2026-06-01 00:00:00
304,4f888385-8b50-4d0b-9288-edef8e1acc5d,LUWIN Real Estate Managers,Institutional,13,101574.5215212,Apartment; Office,Frankfurt am Main; Munich; Berlin,Office; Apartment; Retail,Frankfurt am Main; Munich; Hamburg,Hesse; Bavaria; Hamburg,,2025-10-30 00:00:00
305,4cfe41a0-d6a1-4e13-912b-4c26c3616054,Verdion,Institutional,13,2427919.87726488,Dev Site; Industrial,Emstek; Ludwigsfelde; Poing,Industrial; Dev Site,Emstek; Nettetal; Chemnitz,Lower Saxony; North Rhine-Westphalia; Bavaria,,2026-04-28 00:00:00
306,df03da5f-1fce-4cd9-a0f5-74f0df5d1c80,GLP,Institutional,13,640254.6880696,Industrial; Dev Site,Bremerhaven; Bischofsheim; Philippsburg,Industrial; Dev Site,Monchengladbach; Bremerhaven; Bischofsheim,North Rhine-Westphalia; Baden-Wurttemberg; Hesse,GLP Capital Partners,2024-12-13 00:00:00
307,73c0f1ef-e5f5-42b1-94ff-846a8863d3f8,Stefan Frey AG,Private,13,102242.505222,Office; Dev Site,Cologne; Wuppertal; Bergisch Gladbach,Office; Dev Site; Apartment,Cologne; Wuppertal; Bergisch Gladbach,North Rhine-Westphalia,,2026-01-19 00:00:00
308,d3b59c0f-d30b-4044-b709-17027b2d99ef,European Science Park Group (ESPG),Private,13,113849.582002416,Office; Industrial,Essen; Magdeburg; Wurselen,Office; Industrial,Essen; Magdeburg; Wurselen,North Rhine-Westphalia; Bavaria; Hesse,Diok RealEstate AG,2022-06-29 00:00:00
309,0c53446e-e229-48ba-8f09-27dfc2a52858,REAQ Immobilien,Private,13,14480.6466636,Apartment; Industrial,Aachen; Leipzig; Berlin,Apartment; Industrial; Office,Aachen; Leipzig; Berlin,North Rhine-Westphalia; Saxony; Berlin,,2026-04-10 00:00:00
310,d4393088-f7bc-4b5d-ace5-ca5182c9951f,HGV Hamburger Gesellschaft fur Vermogens- und Beteiligungsmanagement mbH,User/Other,13,9399.77064,Seniors Housing & Care,Hamburg,Seniors Housing & Care; Retail,Hamburg; Herford,Hamburg; North Rhine-Westphalia,,2025-01-15 00:00:00
311,c2d23727-94b9-455a-9f2c-27f687f8218b,Columbia Threadneedle,Institutional,13,90503.7544936,Apartment; Office,Bremen; Hamburg; Dachau,Apartment; Retail; Office,Bremen; Hamburg; Rostock,Bremen; Bavaria; Hamburg,Columbia Threadneedle REP,2026-03-03 00:00:00
312,1e33263d-2db1-4866-9be7-9084c20c0f0f,MiDeal Group,Private,13,409912.7184356,Retail; Industrial,Regensburg; Koblenz; Bonen,Industrial; Retail; Office,Regensburg; Koblenz; Bonen,Bavaria; North Rhine-Westphalia; Baden-Wurttemberg,,2025-09-01 00:00:00
313,dfcbf308-8e5b-4293-9f08-275fc102645c,Pegasus Capital Partners,Institutional,12,120329.0638992,Office; Retail,Nuremberg; Gutersloh; Munich,Office; Retail; Industrial,Nuremberg; Erlangen; Neu-Ulm,Bavaria; North Rhine-Westphalia; Baden-Wurttemberg,,2025-11-15 00:00:00
314,d3444c00-6e40-4c88-af1a-5175798da04f,ALITUS Capital Partners,Institutional,12,85489.9139952,Office; Retail,Nuremberg; Altdorf bei Nurnberg; Forchheim,Office; Retail; Dev Site,Nuremberg; Erlangen; Braunschweig,Bavaria; Saxony-Anhalt; Lower Saxony,,2026-07-20 00:00:00
315,d6edf2b6-915f-44c4-a18e-1d30a0b96a55,CPP Investment Board,Institutional,12,395992.0276368,Industrial; Retail,Bremen; Lahr/Schwarzwald; Leipzig,Industrial; Retail; Apartment,Bremen; Oberhausen; Frankfurt am Main,Bremen; North Rhine-Westphalia; Hesse,Liberty Living,2025-12-23 00:00:00
316,4c48b00f-c8f6-419c-a5d2-da2b723242e8,FFire Immobilienverwaltung,Private,12,386778.5623728,Apartment; Office,Reutlingen; Wetzlar; Lubeck,Apartment; Office; Retail,Berlin; Bonn; Emden,Berlin; North Rhine-Westphalia; Lower Saxony,,2026-03-13 00:00:00
317,2def65cc-843b-4d28-acdf-ae9f0ad31dfe,SHB AG,Private,12,192771.5551493204,Retail; Office,Furstenfeldbruck; Munich; Roth,Retail; Office; Hotel,Unterhaching; Schemmerhofen; Furstenfeldbruck,Bavaria; Baden-Wurttemberg; Lower Saxony,,2024-11-05 00:00:00
318,524733ec-f259-4106-957b-2502e2eb5f9e,Kriton Immobilien,Institutional,12,127549.8877068,Office; Industrial,Leipzig; Regensburg; Chemnitz,Office; Industrial; Apartment,Dusseldorf; Hamburg; Leipzig,North Rhine-Westphalia; Saxony; Bavaria,,2024-09-14 00:00:00
319,f5b4d3a1-1125-476d-9f20-cb0911891e7f,Eyemaxx,Public,12,169492.8642732,Dev Site; Industrial,Schonefeld; Leipzig; Aschaffenburg,Dev Site; Industrial; Apartment,Mannheim; Schonefeld; Leipzig,Brandenburg; Baden-Wurttemberg; Bavaria,,2026-05-26 00:00:00
320,3ea36030-7546-49cc-b926-e40abed6c250,Ashtrom Properties,Public,12,159246.8725304918,Office; Industrial,Dusseldorf; Leonberg; Dortmund,Office; Industrial,Dusseldorf; Frankfurt am Main; Hanover,North Rhine-Westphalia; Baden-Wurttemberg; Hesse,,2025-04-01 00:00:00
321,e3c6fc7b-f215-4841-b2bf-17894a0dd3d8,Metropol,Private,12,103541.4735264,Office; Industrial,Cologne; Bergheim; Bergisch Gladbach,Office; Industrial; Dev Site,Cologne; Bergheim; Bergisch Gladbach,North Rhine-Westphalia,Metroloq Holding GmbH,2026-04-29 00:00:00
322,edab7851-a430-4ae1-94b8-dbdb25b3db67,Aventos Management,Institutional,12,311024.4108192,Industrial; Dev Site,Berlin; Egelsbach; Furstenfeldbruck,Industrial; Dev Site; Office,Berlin; Nuremberg; Maisach,Bavaria; Hesse; Berlin,,2026-02-12 00:00:00
323,98a92e94-8b45-4dc0-a0d9-0340270ae066,Anter-Group,Private,12,26382.3562548,Hotel; Office,Dortmund; Bretten; Hoyerswerda,Hotel; Office; Apartment,Bochum; Dortmund; Neu-Ulm,North Rhine-Westphalia; Baden-Wurttemberg; Bavaria,,2025-09-24 00:00:00
324,222f891d-9082-4df8-8318-11bf625cd078,AOC I Die Stadtentwickler,Private,12,66422.3792544,Dev Site; Apartment,Leipzig; Dresden; Berlin,Dev Site; Apartment; Hotel,Leipzig; Dresden; Berlin,Saxony; Saxony-Anhalt; Berlin,AOC Immobilien AG,2026-03-13 00:00:00
325,29c59d07-48a0-4a79-920c-e98c69882044,City of Cologne,User/Other,12,1335513.5858432,Dev Site; Industrial,Cologne,Dev Site; Office; Industrial,Cologne; Bruhl; Rosrath,North Rhine-Westphalia,HGK Gruppe; Moderne Stadt,2026-06-10 00:00:00
326,e7f06f52-d442-4187-b515-75f612ad65bd,Kauri CAB,Private,12,411826.456206,Apartment; Dev Site,Berlin; Hochheim am Main; Karben,Apartment; Dev Site; Office,Berlin; Hochheim am Main; Karben,Berlin; Hesse; Saxony,,2026-04-22 00:00:00
327,786aa6e5-2f1d-488d-a7e7-2e8fcd54ae4b,Bauwo,Private,12,771969.261996528,Dev Site; Industrial,Lehrte; Muhldorf am Inn; Friedewald,Industrial; Dev Site; Office,Hanover; Lehrte; Pilsting,Lower Saxony; Bavaria; North Rhine-Westphalia,,2026-04-07 00:00:00
328,8b8b914c-078e-43ea-8061-99b998956954,Porth Immobiliengruppe,Private,12,122552.009658,Office; Retail,Erfurt; Lubeck; Luneburg,Office; Retail; Hotel,Erfurt; Lubeck; Luneburg,Thuringia; Baden-Wurttemberg; Schleswig-Holstein,,2025-10-06 00:00:00
329,f4f753a8-d535-4ef2-a556-ba1a7c12ed78,DBA Deutsche Bauwert,Private,12,224061.5327652,Dev Site; Apartment,Lahr/Schwarzwald; Donaueschingen; Eppingen,Dev Site; Apartment,Lahr/Schwarzwald; Donaueschingen; Eppingen,Baden-Wurttemberg; Rhineland-Palatinate,,2026-04-30 00:00:00
330,5f3dd56b-e4e2-406b-a140-91ecb935f8a3,Koehler Real Estate,Private,12,36410.1115716,Apartment; Office,Stuttgart; Esslingen am Neckar; Heidelberg,Apartment; Office; Industrial,Stuttgart; Esslingen am Neckar; Heidelberg,Baden-Wurttemberg,,2026-03-24 00:00:00
331,dc035b6f-53b1-4c3d-8fd3-25c6cb77d572,Lindhorst Gruppe (JLW Holding),Private,12,106290.68983296,Dev Site; Office,Hanover; Meppen; Bremerhaven,Seniors Housing & Care; Dev Site; Office,Porta Westfalica; Hanover; Meppen,North Rhine-Westphalia; Lower Saxony; Hesse,Cureus,2026-07-07 00:00:00
332,96cc63a4-f300-435c-bdb8-85869777f479,BGO,Institutional,12,741840.8986404,Industrial; Dev Site,Dorfen; Estorf; Nohra,Industrial; Dev Site; Apartment,Dorfen; Estorf; Nohra,Lower Saxony; North Rhine-Westphalia; Hesse,BentallGreenOak,2026-04-23 00:00:00
333,866e244e-d93c-4809-9953-772716303d6f,Schorghuber Unternehmensgruppe,Private,12,362240.95672,Dev Site; Office,Munich; Hamburg; Berlin,Office; Dev Site; Apartment,Munich; Hamburg; Stuttgart,Bavaria; Hamburg; Baden-Wurttemberg,Bayerische Hausbau,2026-03-26 00:00:00
334,cc161ae8-8126-48ba-9dc2-5febf051ec46,Dr Lohbeck Privathotels,Private,12,26599.35096,Hotel,Winterberg; Rangsdorf; Bad Zwischenahn,Hotel,Winterberg; Rangsdorf; Bad Zwischenahn,Schleswig-Holstein; Mecklenburg-West Pomerania; Baden-Wurttemberg,,2025-02-11 00:00:00
335,74052d6f-02e5-485e-a6bc-44e50fe4e763,Allbau,Private,12,92749.7368512,Dev Site; Apartment,Essen,Apartment; Dev Site; Office,Essen; Berlin,North Rhine-Westphalia; Berlin,,2024-07-31 00:00:00
336,bfd944fc-236a-4ac0-abe3-28ba21be0711,Dunman Capital Partners,Institutional,12,107868.3679476,Apartment; Office,Berlin; Potsdam; Zeuthen,Apartment; Office; Retail,Berlin; Potsdam; Zeuthen,Berlin; Brandenburg; Hesse,,2025-11-25 00:00:00
337,1f10f618-9f41-4062-9e84-fca68a8b6427,DigitalBridge Group,Public,11,62701.4514668,Data Center; Hotel,Berlin; Stuttgart; Bischofsheim,Office; Data Center; Hotel,Berlin; Stuttgart; Hamburg,North Rhine-Westphalia; Hesse; Berlin,Colony Capital (REIT); Colony Capital REIT; NorthStar,2025-07-01 00:00:00
338,50a3c307-8f18-4f53-b531-2e6c655cb9b0,Gerchgroup,Private,11,701793.8758116,Dev Site; Office,Nuremberg; Ingolstadt; Cologne,Dev Site; Office; Industrial,Cologne; Stuttgart; Nuremberg,Bavaria; North Rhine-Westphalia; Baden-Wurttemberg,,2025-05-01 00:00:00
339,3078d477-a8f7-4163-85b4-bb6265d4b6fc,Indigo Invest,Private,11,226300.4781336,Office; Apartment,Munich; Hamburg; Wiesbaden,Office; Retail; Apartment,Munich; Wiesbaden; Dusseldorf,North Rhine-Westphalia; Bavaria; Hesse,,2026-07-09 00:00:00
340,291698db-badd-46b6-b3c4-eb6c2e50dd8b,ZREV,Private,11,121986.0234684,Retail; Industrial,Mannheim; Bielefeld; Bovenden,Industrial; Retail; Office,Bielefeld; Mannheim; Braunschweig,Hesse; North Rhine-Westphalia; Baden-Wurttemberg,,2026-02-13 00:00:00
341,df3cb2d2-c873-407f-975a-89b49252b895,DW Real Estate,Private,11,247847.9523624,Office; Apartment,Munich; Berlin; Leipzig,Office; Apartment,Munich; Dusseldorf; Heidelberg,Bavaria; North Rhine-Westphalia; Baden-Wurttemberg,,2026-03-20 00:00:00
342,73544510-6ab6-45f1-9b45-f2fb80cbf196,Global Gate,Institutional,11,160798.0764312,Industrial,Hamburg; Gross-Gerau; Erfurt,Industrial; Office,Gross-Gerau; Hamburg; Munich,Hesse; Bavaria; North Rhine-Westphalia,,2026-06-01 00:00:00
343,f51baa95-da38-430f-95a5-9d1571666b8d,Pradera,Institutional,11,300712.662432,Retail,Cologne; Hofheim am Taunus; Koblenz,Retail,Wiesbaden; Cologne; Hallstadt,Hesse; North Rhine-Westphalia; Bavaria,,2025-09-15 00:00:00
344,5df02c57-5e3c-4fdf-9efc-1c362e3a203a,Doblinger Gruppe,Private,11,300198.0090664,Office; Dev Site,Munich; Frankfurt am Main; Haar,Industrial; Office; Dev Site,Munich; Stuttgart; Berlin,Bavaria; Baden-Wurttemberg; North Rhine-Westphalia,Dibag Industriebau,2024-08-30 00:00:00
345,97b5ed77-df55-4c66-b79f-db7c8e0ce642,SynVest RE Fund,Institutional,11,42122.9500642,Retail; Office,Wilhelmshaven; Wiesbaden; Gummersbach,Retail; Office; Apartment,Grefrath; Wiesbaden; Wittenberge,North Rhine-Westphalia; Brandenburg; Lower Saxony,,2025-11-11 00:00:00
346,54d10d99-13fd-4b8f-b290-0edfe2447af8,FN Capital Holding,Private,11,74463.021318816,Industrial; Other General,Bobzin; Ziesendorf; Dresden,Retail; Industrial; Other General,Rostock; Bobzin; Ziesendorf,Mecklenburg-West Pomerania; Saxony-Anhalt; Saxony,,2025-11-24 00:00:00
347,ca97beaf-b1c4-49fd-bca7-4f35189a516e,Trockland,Private,11,103970.4630588,Dev Site; Office,Berlin; Potsdam,Dev Site; Office; Apartment,Berlin; Potsdam,Berlin; Brandenburg,,2026-07-07 00:00:00
348,8ada5896-14b5-46ef-a238-45832e5782d5,Fiege Logistik,Private,11,821471.9555952001,Dev Site; Industrial,Munster; Landsberg; Burgwedel,Industrial; Dev Site,Bremen; Burgwedel; Neuss,North Rhine-Westphalia; Lower Saxony; Saxony-Anhalt,,2025-06-27 00:00:00
349,9a1c6706-9fb9-4eeb-a889-2ce61a10353d,Urban Partners,Institutional,11,303770.5878168,Dev Site; Apartment,Cologne; Garbsen; Hamburg,Dev Site; Apartment; Industrial,Cologne; Garbsen; Hamburg,North Rhine-Westphalia; Lower Saxony; Hamburg,NREP,2026-06-22 00:00:00
350,829266da-ebf0-4dc7-a7c2-2cefdec11f04,REinvest Asset Management,Institutional,11,204148.0186668,Office; Retail,Berlin; Leipzig; Essen,Office; Retail,Berlin; Leipzig; Essen,North Rhine-Westphalia; Berlin; Saxony,,2024-09-01 00:00:00
351,b72bfb6d-2db4-4e44-9d1d-c6c50f3e0a48,Getec Gruppe,Private,11,103215.454354,Office; Dev Site,Hanover; Magdeburg; Gottingen,Office; Dev Site; Apartment,Hanover; Magdeburg; Gottingen,Lower Saxony; Saxony-Anhalt,,2026-07-08 00:00:00
352,48c166be-c9c1-4714-86a3-aef55a00a93a,Hopp Family Office,Private,11,287854.9761672,Office; Dev Site,Heidelberg; Frankfurt am Main; Teltow,Office; Dev Site; Apartment,Heidelberg; Frankfurt am Main; Teltow,Hesse; Baden-Wurttemberg; Bavaria,7280 Improving Assets,2025-12-23 00:00:00
353,36b1e79e-2c7a-4db0-aa07-075b27936250,JD.com Inc,User/Other,11,505692.660798,Industrial,Osnabruck; Falkensee; Morfelden-Walldorf,Industrial,Osnabruck; Falkensee; Morfelden-Walldorf,Lower Saxony; Brandenburg; Hesse,JD Property; Jindong Logistics,2026-01-31 00:00:00
354,ea22167e-e223-4eb9-8803-4d69a7e062a0,City of Munich,User/Other,11,574757.9755632,Apartment; Office,Munich,Dev Site; Apartment; Office,Munich,Bavaria,,2025-12-19 00:00:00
355,48dd14f8-047c-4ea3-b580-4785fcd124dd,Amadeus Group,Private,11,45098.89956,Apartment,Siegen; Blankenhain; Mainz,Apartment,Siegen; Blankenhain; Mainz,Hesse; North Rhine-Westphalia; Rhineland-Palatinate,,2026-03-02 00:00:00
356,82ab7a6a-edc9-4d3f-91c7-4ccaa6d47dbb,Revikon GmbH,Private,10,1098969.34710976,Dev Site; Industrial,Giessen; Wetzlar; Langgons,Dev Site; Industrial; Apartment,Giessen; Wetzlar; Babenhausen,Hesse; Rhineland-Palatinate,,2026-04-20 00:00:00
357,241b5e36-4edd-4c4a-a5c0-725a9b875290,Revitalis,Private,10,118494.1086732,Dev Site; Office,Dresden; Erfurt; Freiburg im Breisgau,Apartment; Dev Site; Office,Dresden; Erfurt; Freiburg im Breisgau,Saxony; Hesse; Thuringia,,2025-09-01 00:00:00
358,bbf8efdf-d441-473a-99f3-97e8715b596f,Cosimo Immobilien,Private,10,140309.5763628,Office; Retail,Berlin; Potsdam; Duisburg,Office; Retail; Dev Site,Berlin; Dusseldorf; Munich,North Rhine-Westphalia; Berlin; Brandenburg,,2026-02-05 00:00:00
359,f526b9cb-f04c-4436-8e86-93dc34513bd3,Aug.Prien,Private,10,108019.3642632,Dev Site; Industrial,Hamburg; Dusseldorf; Pinneberg,Office; Apartment; Dev Site,Hamburg; Dusseldorf; Pinneberg,Hamburg; Schleswig-Holstein; North Rhine-Westphalia,,2026-07-02 00:00:00
360,f84bd381-e920-44f3-941b-24bf4bd45f36,Immovation Immobilien,Private,10,241207.1144028,Apartment; Dev Site,Kassel; Monchengladbach; Salzgitter,Apartment; Dev Site; Seniors Housing & Care,Kassel; Heidenheim an der Brenz; Dresden,Hesse; Lower Saxony; Baden-Wurttemberg,,2024-11-04 00:00:00
361,963613ab-a6ad-476c-9429-6a04259c1260,Intaurus,Private,10,462388.36783872,Dev Site; Industrial,Kirchheim bei Munchen; Reichertshofen; Lehrte,Industrial; Dev Site; Office,Leipzig; Reichertshofen; Karlsfeld,Bavaria; Saxony; Lower Saxony,,2025-10-15 00:00:00
362,ab60d1c8-9078-4d94-9fa6-5857b9f457ea,Groner Group,Private,10,164368.9892988,Office; Apartment,Karlsruhe; Karlsfeld; Mannheim,Apartment; Dev Site; Office,Erfurt; Mannheim; Karlsruhe,Baden-Wurttemberg; Thuringia; Bavaria,CG Elementum,2024-11-14 00:00:00
363,4323a3c3-66fc-4098-a309-d56d3c770f4f,Blackbear Real Estate,Institutional,10,38419.062552,Office; Hotel,Dusseldorf; Cologne; Bonn,Office; Hotel,Dusseldorf; Cologne; Offenbach am Main,North Rhine-Westphalia; Hesse,,2025-09-17 00:00:00
364,efd1ae11-ccb7-4a2b-a196-9e13fd510add,Ferox Projektentwicklung,Private,10,147968.3894832,Retail; Office,Wuppertal; Kaltenkirchen; Dusseldorf,Retail; Office; Apartment,Wuppertal; Frankfurt (Oder); Kaltenkirchen,North Rhine-Westphalia; Brandenburg; Schleswig-Holstein,,2026-03-03 00:00:00
365,38fa0e9a-5e70-4eec-ae5d-6befe3223d2a,Daimler AG,User/Other,10,862178.6349404,Dev Site; Office,Stuttgart; Leinfelden-Echterdingen; Frankfurt am Main,Office; Dev Site; Retail,Berlin; Stuttgart; Frankfurt am Main,Berlin; Baden-Wurttemberg; Hesse,DaimlerChrysler Corp; Debis Fondsmanagement,2024-12-03 00:00:00
366,dc70196e-d9ba-4506-91a4-ade6a54a2521,Oxenwood Real Estate,Private,10,144573.08942456,Industrial; Office,Duisburg; Landsberg; Weissenhorn,Industrial; Office; Dev Site,Neuss; Cologne; Duisburg,North Rhine-Westphalia; Bavaria; Saxony-Anhalt,,2024-09-26 00:00:00
367,96479259-f5c2-4733-acaa-e9dcff525dad,Quincap,Institutional,10,424024.653546,Office; Dev Site,Berlin; Frankfurt am Main; Munich,Office; Dev Site,Berlin; Munich; Frankfurt am Main,Berlin; Bavaria; Hesse,Quantum Capital,2025-11-10 00:00:00
368,d285aff2-96a7-4197-b5d7-0e37e604e915,Lambert Unternehmensgruppe,Private,10,71798.24808,Dev Site; Office,Munich; Berlin; Frankfurt am Main,Dev Site; Hotel; Office,Munich; Berlin; Hamburg,Bavaria; Berlin; Hamburg,,2025-04-01 00:00:00
369,1e9b4cb8-3b27-4360-90d0-242e3b97e150,Benchmark RE Dev,Private,10,48593.814282,Dev Site; Office,Frankfurt am Main; Dresden; Oberhausen,Hotel; Dev Site; Apartment,Frankfurt am Main; Leipzig; Dresden,Hesse; Saxony; North Rhine-Westphalia,,2025-09-09 00:00:00
370,5b333d60-5f97-43c3-95a6-9080f775ef09,City of Frankfurt,User/Other,10,168383.8913328,Dev Site; Office,Frankfurt am Main; Offenbach am Main,Dev Site; Office; Industrial,Frankfurt am Main; Offenbach am Main,Hesse,,2024-08-30 00:00:00
371,d2960db2-fc8a-4e76-aa57-f8ef2b5e4b70,Bauwerk Capital,Private,10,106557.93377656,Dev Site; Office,Munich; Herrsching am Ammersee; Berlin,Dev Site; Office; Apartment,Munich; Stuttgart; Herrsching am Ammersee,Bavaria; Hesse; Baden-Wurttemberg,,2025-11-05 00:00:00
372,9b14eca5-1669-419e-b802-9cf9226061a1,KKR,Institutional,10,168449.8897224,Data Center; Industrial,Frankfurt am Main; Burgwedel; Duisburg,Data Center; Industrial; Apartment,Frankfurt am Main; Burgwedel; Duisburg,Hesse; North Rhine-Westphalia; Lower Saxony,,2026-02-04 00:00:00
373,2c6babd2-08aa-4b03-b54c-893850ee3653,Ixocon,Private,10,294606.7499343535,Dev Site; Industrial,Monchengladbach; Hamburg; Moers,Industrial; Dev Site; Office,Hamburg; Monchengladbach; Volkmarsen,Hamburg; North Rhine-Westphalia; Hesse,,2025-10-21 00:00:00
374,ef827b52-8f8d-4139-a1fe-51638471f354,Activ Group,Private,10,506059.4887108,Retail; Industrial,Munich; Kunzelsau; Villingen-Schwenningen,Retail; Office; Dev Site,Vaterstetten; Munich; Berlin,Baden-Wurttemberg; Bavaria; Berlin,,2026-03-03 00:00:00
375,fa89056a-bac4-4230-a135-2e830443e1e3,List Gruppe,Private,10,100277.553168,Dev Site; Retail,Hanover; Essen; Aachen,Hotel; Dev Site; Retail,Rostock; Hanover; Aachen,North Rhine-Westphalia; Lower Saxony; Baden-Wurttemberg,List Develop Commercial GmbH & Co. KG,2026-06-08 00:00:00
376,7cb80d95-1299-4ae0-a668-69401c00e359,Mercurius Real Estate,Private,10,26536.310878,Office; Apartment,Frankfurt am Main; Filderstadt,Apartment; Office; Retail,Frankfurt am Main; Frankfurt (Oder); Heidelberg,Hesse; Baden-Wurttemberg; Brandenburg,,2024-08-27 00:00:00
377,fe6a9198-742c-4348-8cf4-2ce5499eae77,Skjerven Group,Institutional,10,111589.2771552,Apartment,Berlin,Apartment,Berlin; Bielefeld,Berlin; North Rhine-Westphalia,,2025-12-19 00:00:00
378,30f68224-6927-4ba7-9af3-deb36c0161d2,Forte Capital,Institutional,10,351056.434014,Apartment,Dortmund; Kiel; Cologne,Apartment,Schwalbach am Taunus; Dortmund; Kiel,North Rhine-Westphalia; Hesse; Schleswig-Holstein,,2025-10-08 00:00:00
379,8b982f68-145c-43f7-877b-0b1bcc175ad4,Bundesanstalt fur Immobilienaufgaben,User/Other,10,2126182.8768396,Dev Site; Office,Berlin; Konigs Wusterhausen; Wiesbaden,Dev Site; Office; Apartment,"Berlin; Hanau, Bruder-Grimm-Stadt; Giessen",Hesse; Bavaria; North Rhine-Westphalia,BImA,2026-06-18 00:00:00
380,851a1535-c06c-4f02-9a9d-86cf531e4531,Loosen & de Graaf Projekt,Private,10,62317.4794164,Apartment; Office,Aachen; Moers; Krefeld,Apartment; Office; Retail,Aachen; Moers; Krefeld,North Rhine-Westphalia; Rhineland-Palatinate,,2026-04-15 00:00:00
381,d0063148-6ceb-40b4-8b49-8589cd5c2293,Casaplan Seeliger,Private,10,39037.0474728,Industrial,Cottbus; Geretsried; Sprockhovel,Industrial,Kobern-Gondorf; Haldensleben; Cottbus,North Rhine-Westphalia; Brandenburg; Rhineland-Palatinate,,2025-11-13 00:00:00
382,a32e9cc6-ca36-402f-93d5-fb5d5afe72b4,State of Baden-Wurttemberg,User/Other,10,103764.4680852,Office; Hotel,Stuttgart; Mannheim; Herrenberg,Office; Dev Site; Hotel,Stuttgart; Esslingen am Neckar; Heidelberg,Baden-Wurttemberg,BadenWurttemberg state,2024-11-11 00:00:00
383,2065b91d-2516-4bdf-bd75-022097353b55,Cabot Properties,Institutional,10,115541.1807264,Industrial,Wedemark; Kitzingen; Wulfrath,Industrial,Wedemark; Kitzingen; Wulfrath,North Rhine-Westphalia; Bavaria; Hesse,,2025-08-20 00:00:00
384,4872368b-a49f-4fb7-bfdb-2ecd1ea2c997,Meravis,Private,10,83341.9664064,Apartment; Office,Hanover; Ahrensburg; Buchholz in der Nordheide,Apartment; Office; Dev Site,Hanover; Hamburg; Bielefeld,Lower Saxony; North Rhine-Westphalia; Hamburg,,2026-05-25 00:00:00
385,c1baf67f-0cc2-41e7-9cc8-592e81dad4b2,Reggeborgh Group,Private,10,174755.735856,Dev Site; Apartment,Berlin; Cologne; Potsdam,Dev Site; Apartment; Office,Berlin; Potsdam; Cologne,Berlin; Brandenburg; North Rhine-Westphalia,Laborgh Investment GmbH,2026-05-13 00:00:00
386,d1589f86-6793-4101-a627-2c42c5853089,Sonar Real Estate,<unknown>,10,175602.7151892,Office; Industrial,Berlin; Eschborn; Oberding,Office; Industrial,Cologne; Berlin; Eschborn,Bavaria; Hesse; North Rhine-Westphalia,,2026-01-08 00:00:00
387,251b20d1-5d62-4366-80f0-622846a9850e,VK Immobilien,Private,10,43848.93006,Retail; Office,Menden (Sauerland); Emden; Swisttal,Retail; Office; Hotel,Menden (Sauerland); Emden; Swisttal,North Rhine-Westphalia; Lower Saxony; Rhineland-Palatinate,,2026-06-17 00:00:00
388,e5c4ae4d-9c23-4740-96c9-759fecfc39a5,Eisenberger Real Estate GmbH,Private,10,35899.12404,Apartment; Retail,Hanover; Salzgitter; Hildesheim,Apartment; Retail,Hanover; Salzgitter; Hildesheim,Lower Saxony,,2025-08-20 00:00:00
389,2bd1fa94-8d47-4ce1-8378-7411680ce0b5,Boreal IM,Institutional,10,359095.2378624,Industrial,Bochum; Bornheim; Florsheim am Main,Industrial,Bochum; Bornheim; Florsheim am Main,North Rhine-Westphalia; Hesse; Baden-Wurttemberg,,2025-07-01 00:00:00
390,f751a29d-1d93-4abf-9f44-f6cb0af08dea,HR Group,Private,9,,Hotel,Harrislee; Hildesheim; Cologne,Hotel,Bad Neuenahr-Ahrweiler; Kelsterbach; Freising,Bavaria; Hesse; Schleswig-Holstein,,2026-07-22 00:00:00
391,9e5b1ac9-5a9b-4721-a045-4751d1d75107,Patron Capital,Institutional,9,136120.6785744,Industrial; Office,Hamburg; Mainz; Frankfurt am Main,Office; Industrial; Retail,Berlin; Leipzig; Hamburg,Berlin; Saxony; Hamburg,,2026-03-05 00:00:00
392,0b060ddf-ed86-43cb-9ae8-e4826aa8e4c9,Cilon GmbH,Private,9,133296.76606,Industrial; Dev Site,Eschborn; Gross-Gerau; Dornstadt,Industrial; Office; Dev Site,Eschborn; Frankfurt am Main; Kassel,Hesse; Baden-Wurttemberg; Bavaria,,2024-08-30 00:00:00
393,00aface9-5afc-40f7-8221-e61b3189eda2,COPRO GmbH,Private,9,69997.2920244,Apartment; Office,Berlin; Stuttgart; Tubingen,Office; Apartment; Dev Site,Berlin; Stuttgart; Tubingen,Berlin; Baden-Wurttemberg; Brandenburg,,2025-09-25 00:00:00
394,d4f024dd-867b-4ebe-9ab8-8440b7c9d264,Bahners & Schmitz,Private,9,30351.2594112,Office; Retail,Dusseldorf; Duisburg,Office; Retail; Apartment,Dusseldorf; Erfurt; Leipzig,North Rhine-Westphalia; Saxony; Thuringia,,2026-06-22 00:00:00
395,547a93c8-e494-4076-ade4-670ce8b0a5ef,Burstone Group Limited,Public,9,762390.3972203999,Industrial,Frankfurt am Main; Berlin; Monchengladbach,Industrial,Frankfurt am Main; Hoppegarten; Solingen,North Rhine-Westphalia; Hesse; Brandenburg,Investec REIT,2024-10-28 00:00:00
396,e24a7da9-f9e7-473c-8977-3a1a1232dc34,Employees Provident Fund,Institutional,9,680709.4174124,Industrial; Data Center,Ergolding; Marl; Morfelden-Walldorf,Industrial; Office; Data Center,Offenbach am Main; Waghausel; Munich,Hesse; Bavaria; North Rhine-Westphalia,,2025-02-04 00:00:00
397,a46f7139-98cb-40ed-ba89-c4334bdf9f45,Honestis,Private,9,184847.1741228,Hotel; Retail,Bad Neuenahr-Ahrweiler; Ratingen; Bonn,Hotel; Retail; Office,Magdeburg; Wiesbaden; Baden-Baden,North Rhine-Westphalia; Hesse; Saxony-Anhalt,,2026-05-19 00:00:00
398,bb2addfb-31a8-4a64-8be3-bf612f36f3b6,Ditting Bau,Private,9,96731.47321360001,Dev Site; Industrial,Hamburg; Luneburg; Berlin,Apartment; Dev Site; Office,Hamburg; Berlin; Luneburg,Hamburg; Berlin; Lower Saxony,,2026-07-13 00:00:00
399,79132f17-3645-42b4-b851-182ae5eb707b,Bechtolsheim,Private,9,52834.7108016,Office; Retail,Mannheim; Cologne; Leipzig,Office; Retail; Industrial,Bielefeld; Mannheim; Bad Hersfeld,Hesse; North Rhine-Westphalia; Baden-Wurttemberg,,2025-12-04 00:00:00
400,e499966c-b301-4844-bfe8-8a93b6df6e85,Aconlog Projektentwicklung,Private,9,230194.38312,Dev Site; Industrial,Alsdorf; Krefeld; Viersen,Industrial; Dev Site,Krefeld; Kerpen; Alsdorf,North Rhine-Westphalia,,2026-06-11 00:00:00
401,1c4086f5-bbc2-415e-b104-f1c0bc2b9740,Globus SB-Warenhaus Holding & Co,Private,9,263102.747732,Retail; Dev Site,Taunusstein; Koblenz; Peine,Retail; Dev Site,Idar-Oberstein; Taunusstein; Koblenz,Rhineland-Palatinate; Bavaria; Hesse,,2026-03-03 00:00:00
402,7da55da8-4ab5-45a5-b5b5-cd7948f9b315,Valor Real Estate Partners,Institutional,9,128400.8669424,Industrial,Berlin; Offenbach am Main; Neuss,Industrial,Berlin; Offenbach am Main; Neuss,Berlin; Brandenburg; Hesse,,2025-12-16 00:00:00
403,f4ef298c-1b04-492b-9723-dbab9df6c0ea,FAY Projects,Private,9,131195.7987444,Dev Site; Retail,Wiesloch; Chemnitz; Schonefeld,Office; Dev Site; Retail,Mannheim; Frankfurt am Main; Cologne,Baden-Wurttemberg; Hesse; North Rhine-Westphalia,,2026-04-16 00:00:00
404,3451c479-53cd-4138-b361-6bf3a8f1faea,Vivum GmbH,Private,9,29699.27532,Dev Site; Apartment,Frankfurt am Main; Berlin; Hamburg,Apartment; Retail; Dev Site,Frankfurt am Main; Berlin; Hamburg,Hesse; Berlin; Hamburg,,2025-08-06 00:00:00
405,5af11f4b-1e19-4b32-8c83-71a9465cfaf4,Arcadia Investment GmbH,Private,9,208334.916504,Dev Site; Office,Leipzig; Schonefeld; Gera,Dev Site; Retail; Parking Facility,Leipzig; Neubrandenburg; Schonefeld,Saxony; Mecklenburg-West Pomerania; Brandenburg,,2026-06-09 00:00:00
406,10e891b8-81ef-4b27-b258-02dfa1902b3b,AEW Commerce Europe SCPI,Private,9,120397.04366,Retail; Office,Rosenheim; Falkensee; Cologne,Retail; Office,Bremen; Rosenheim; Falkensee,Bavaria; North Rhine-Westphalia; Bremen,Actipierre Europe SCPI,2026-03-31 00:00:00
407,2ffeee0b-3d5e-4a46-83ce-2176712d42cc,Dormero Hotels,User/Other,9,4699.88532,Hotel,Luneburg; Weingarten; Pirmasens,Hotel,Luneburg; Weingarten; Pirmasens,Baden-Wurttemberg; Lower Saxony; Rhineland-Palatinate,,2026-03-05 00:00:00
408,ab446fde-b4a4-4d53-bced-3f002f6886f0,PSD Bank,Institutional,9,36799.10208,Apartment; Office,Erlangen; Mainz; Budenheim,Apartment; Office; Hotel,Erlangen; Mainz; Budenheim,Rhineland-Palatinate; Lower Saxony; Bavaria,,2024-12-01 00:00:00
409,c0b17681-bf28-48bb-9a47-ce94b0105694,Primus Immobilien,Private,9,40916.0016252,Hotel; Dev Site,Berlin; Prerow; Potsdam,Office; Hotel; Dev Site,Berlin; Cologne; Prerow,Berlin; North Rhine-Westphalia; Mecklenburg-West Pomerania,,2026-05-07 00:00:00
410,2424ddf1-c2a6-4759-90f8-7b1a67ec905c,PLAZA Hotel,Private,9,41373.99045,Hotel,Hamburg; Gelsenkirchen; Timmendorfer Strand,Hotel,Hamburg; Gelsenkirchen; Timmendorfer Strand,Hamburg; Schleswig-Holstein; North Rhine-Westphalia,,2025-02-04 00:00:00
411,ea347712-c641-47f4-83be-fcfcbe27cee3,SCPI Iroko Zen,Private,9,131722.7858856,Retail; Industrial,Hirschstein; Guben; Leipzig,Retail; Industrial; Office,Hirschstein; Guben; Leipzig,Saxony; Brandenburg; North Rhine-Westphalia,,2026-03-31 00:00:00
412,bc6ae602-d014-4909-b0ca-6f5c338662bf,Atream,Institutional,9,15241.6280952,Hotel; Other Hospitality,Berlin; Aschheim; Erlangen,Hotel; Other Hospitality,Berlin; Aschheim; Erlangen,Bavaria; Berlin; Lower Saxony,,2026-04-14 00:00:00
413,602ac184-e869-4420-b493-4fe1202b251f,SCPI Atream Hotels,Private,9,15241.6280952,Hotel; Other Hospitality,Berlin; Aschheim; Erlangen,Hotel; Other Hospitality,Berlin; Aschheim; Erlangen,Bavaria; Berlin; Lower Saxony,,2026-04-14 00:00:00
414,a76eb77f-a092-46e5-b760-601f4a5f7a21,Leoff Gruppe,Institutional,9,85730.9081148,Retail,Berlin; Horstel; Brandenburg an der Havel,Retail,Berlin; Horstel; Brandenburg an der Havel,North Rhine-Westphalia; Berlin; Brandenburg,,2026-03-02 00:00:00
415,ac75d661-f44e-4463-add0-4f1a290099bb,REITS Family Office,Private,9,64322.4304944,Apartment; Office,Hamburg; Berlin; Saarbrucken,Apartment; Office; Retail,Hamburg; Berlin; Saarbrucken,Hamburg; Berlin; Saarland,,2026-06-09 00:00:00
416,6597e050-7928-487c-bc2e-e0e246fab098,Concept-Real AG,Private,9,116727.151788,Retail; Office,Munich; Unterhaching,Retail; Office; Dev Site,Munich; Unterhaching,Bavaria,Schwaiger Group,2025-12-15 00:00:00
417,84d4447e-b9ab-41ab-8987-a582ba19d978,Greenwater Capital GmbH,<unknown>,9,16419.599352,Apartment; Retail,Wiesbaden; Frankfurt am Main; Feldatal,Apartment; Retail,Wiesbaden; Frankfurt am Main; Feldatal,Hesse; North Rhine-Westphalia,,2024-09-25 00:00:00
418,a052576c-1867-48df-90c3-ecdeaa5afd16,Downtown Immobilien,Private,9,12157.7033448,Apartment,Monchengladbach; Dusseldorf; Cologne,Apartment,Monchengladbach; Dusseldorf; Cologne,North Rhine-Westphalia; Hamburg,,2026-04-27 00:00:00
419,7cbff6e4-59d6-4f2e-a10f-d6bd47327b95,publity,Institutional,8,135595.6913844,Office; Retail,Bad Homburg vor der Hohe; Bensheim; Leipzig,Office; Industrial; Retail,Frankfurt am Main; Ratingen; Cologne,North Rhine-Westphalia; Hesse; Bavaria,PREOS Real Estate AG,2026-06-01 00:00:00
420,28ffa342-6403-4ef4-a2ca-d42d75d6b547,NorthWest Healthcare Properties,Public,8,62574.864812,Office,Konigs Wusterhausen; Berlin; Fulda,Office,Berlin; Fulda; Hamburg,Berlin; Hesse; Bavaria,,2026-07-01 00:00:00
421,8dcea4fd-d9a7-4532-b0b6-53f148d8a4ea,LFP Europimmo SCPI,Private,8,108737.346744,Office; Industrial,Nuremberg; Hamburg; Dusseldorf,Office; Retail; Industrial,Essen; Dusseldorf; Frankfurt am Main,North Rhine-Westphalia; Hesse; Bavaria,,2025-12-31 00:00:00
422,26b9b1c2-e51f-434f-8095-51ef59321736,Leipziger Stadtbau AG,Private,8,95797.66248,Dev Site; Office,Halle (Saale); Leipzig,Office; Dev Site; Apartment,Leipzig; Halle (Saale),Saxony; Saxony-Anhalt,,2024-12-01 00:00:00
423,af902d08-c0d9-47c6-9528-ea8636c5dbee,Situs,Private,8,36036.1206972,Office; Industrial,Cologne; Norden; Hagen,Office; Retail; Industrial,Hagen; Essen; Cologne,North Rhine-Westphalia; Lower Saxony; Brandenburg,,2025-06-25 00:00:00
424,d346c7ba-4636-4e84-838f-5d8459e6459f,Immobilien Zentrum,Private,8,163295.60761184,Dev Site; Apartment,Regensburg; Munich,Dev Site; Apartment; Retail,Regensburg; Munich; Bad Abbach,Bavaria,,2025-04-01 00:00:00
425,eea9931b-6e60-4210-889e-d7dfd0f38009,Wöhr + Baur,Private,8,463361.6936988,Dev Site; Office,Stuttgart; Munich; Frankfurt am Main,Office; Dev Site; Retail,Munich; Stuttgart; Eschborn,Bavaria; Hesse; Baden-Wurttemberg,,2026-03-12 00:00:00
426,b1fa69aa-2b3f-459e-bea1-853712f1341f,Ardian,Institutional,8,138759.6141828,Office; Apartment,Frankfurt am Main; Berlin; Hamburg,Office; Apartment,Berlin; Munich; Frankfurt am Main,Berlin; Bavaria; Hesse,,2025-09-11 00:00:00
427,eb937690-3b1c-4bd9-a3b7-62957ce3efbf,Gross & Partner,Private,8,87695.8601688,Dev Site; Apartment,Frankfurt am Main; Offenbach am Main,Office; Dev Site; Apartment,Frankfurt am Main; Hamburg; Neu-Isenburg,Hesse; Hamburg,,2024-09-26 00:00:00
428,f661a42d-5c0d-40d2-b788-3811268355c5,Tetris Grundbesitz GmbH,Private,8,30552.2545068,Office; Hotel,Berlin; Hamburg; Nuremberg,Office; Retail; Hotel,Berlin; Hamburg; Wurzburg,Berlin; Bavaria; Hamburg,,2026-06-16 00:00:00
429,3fbed292-069b-4808-998a-16004c4ea892,6B47 Real Estate Investors,Private,8,40462.0127028,Dev Site; Office,Dusseldorf; Berlin; Ingolstadt,Dev Site; Apartment; Office,Dusseldorf; Frankfurt am Main; Berlin,North Rhine-Westphalia; Hesse; Bavaria,6B47 Germany,2024-11-04 00:00:00
430,44fd24cb-1190-4c4b-8e27-3fec71fb2d13,IKEA Fastigheter AB,User/Other,8,849979.26,Dev Site; Retail,Essen; Lubeck; Bremerhaven,Retail; Dev Site; Industrial,Lubeck; Hofheim am Taunus; Dortmund,North Rhine-Westphalia; Hesse; Schleswig-Holstein,IKEA; Ingka Group; Inter IKEA Investments,2024-11-03 00:00:00
431,2a9d0c5f-15c9-4b41-b957-cedd63d5f210,Luigs Real Estate,Private,8,33426.1843812,Apartment; Office,Frankfurt am Main; Bad Nauheim; Marburg,Retail; Office; Apartment,Frankfurt am Main; Marsberg; Linden,Hesse; North Rhine-Westphalia,,2025-05-14 00:00:00
432,0c928fe7-d76e-4eed-b9b3-cc2c07e9403d,Kolb + Partner,Private,8,82631.9837304,Dev Site; Office,Darmstadt; Frankfurt am Main,Dev Site; Office; Retail,Darmstadt; Schonefeld; Weiterstadt,Hesse; Brandenburg,,2025-06-13 00:00:00
433,78252c44-8b8f-49f2-85e5-dc8d804c821e,Justus Grosse GmbH,Private,8,134212.7251296,Office; Industrial,Bremen; Hamburg,Apartment; Office; Parking Facility,Bremen; Hamburg,Bremen; Hamburg,,2026-04-20 00:00:00
434,9fa43932-eaa1-4fd8-a324-932858d59084,VSW Landesarztekammer Hessen,Institutional,8,75437.1592884,Apartment; Hotel,Leipzig; Munich; Berlin,Apartment; Hotel; Office,Leipzig; Munich; Berlin,Hesse; Saxony; Bavaria,,2025-09-30 00:00:00
435,1806ea7e-ec4f-4c8d-8b4f-89c61ca73583,die Developer,Private,8,134476.718688,Dev Site; Office,Dusseldorf; Berlin; Bonn,Office; Dev Site; Retail,Dusseldorf; Bonn; Krefeld,North Rhine-Westphalia; Bremen; Berlin,,2025-12-04 00:00:00
436,e0404df3-ffa4-4da5-ab23-d964f28cebd1,City of Duisburg,User/Other,8,49798.78488,Apartment; Dev Site,Duisburg,Dev Site; Office; Apartment,Duisburg,North Rhine-Westphalia,,2026-04-01 00:00:00
437,3e3e29f5-325a-4f4f-9395-b5370e57c274,weisenburger,Private,8,64752.4200024,Dev Site; Office,Cologne; Bedburg; Tonisvorst,Apartment; Dev Site; Office,Stuttgart; Fellbach; Berlin,Baden-Wurttemberg; North Rhine-Westphalia; Berlin,,2026-05-20 00:00:00
438,9be8d604-6fe8-4bfa-bb84-97163f7c91a4,Deutsche Immobilien AG,Private,8,86721.50936160001,Office; Dev Site,Hamburg; List; Wiesbaden,Office; Dev Site; Apartment,Hamburg; Berlin; List,Hamburg; Schleswig-Holstein; Berlin,Deutsche Immobilien Invest GmbH,2025-02-03 00:00:00
439,9d713002-c589-4a23-8222-1b0d9898cd1e,PIER GmbH,Institutional,8,25569.376092,Apartment,Frankfurt am Main; Oedheim; Munich,Apartment,Frankfurt am Main; Dormagen; Oedheim,Baden-Wurttemberg; North Rhine-Westphalia; Hesse,,2026-07-24 00:00:00
440,07b7b1f8-7e33-4823-be06-859699d9cc5a,Johann Bunte,Private,8,32049.65461,Industrial; Dev Site,Celle; Leer (Ostfriesland); Borken,Industrial; Dev Site; Office,Celle; Cologne; Leer (Ostfriesland),Lower Saxony; North Rhine-Westphalia; Schleswig-Holstein,,2025-05-04 00:00:00
441,a039a478-287e-49be-880f-b63337dfa368,MAG,Private,8,77962.09767840001,Dev Site; Office,Mainz; Saarbrucken; Darmstadt,Apartment; Dev Site; Office,Mainz; Darmstadt; Saarbrucken,Rhineland-Palatinate; Hesse; Saarland,,2025-06-26 00:00:00
442,3b5ca56b-e4f4-43e1-9148-1a1f3ff9e878,Barton Group,Institutional,8,74271.1877388,Apartment,Grevenbroich; Frankfurt am Main; Dusseldorf,Apartment,Grevenbroich; Frankfurt am Main; Dusseldorf,North Rhine-Westphalia; Bavaria; Hesse,,2025-06-10 00:00:00
443,343477a0-190d-4f14-949e-d840407c3a93,Rossmann,User/Other,8,37368.0881964,Retail; Office,Hanover; Welver; Niebull,Retail; Office; Industrial,Hanover; Welver; Niebull,Lower Saxony; North Rhine-Westphalia; Schleswig-Holstein,,2026-04-29 00:00:00
444,ff6ed8f2-0c80-4168-811a-e1a5f555e46c,Antin,Institutional,8,53946.6836688,Data Center; Dev Site,Munich; Frankfurt am Main; Nuremberg,Data Center; Dev Site,Munich; Frankfurt am Main; Nuremberg,Bavaria; Hesse; Berlin,,2026-03-20 00:00:00
445,4629d823-4740-4cc2-892a-fd6a599726f7,NorthC Datacenters - Antin,Private,8,53946.6836688,Data Center; Dev Site,Munich; Frankfurt am Main; Nuremberg,Data Center; Dev Site,Munich; Frankfurt am Main; Nuremberg,Bavaria; Hesse; Berlin,,2026-03-20 00:00:00
446,35c4573a-ba97-409d-ac57-0ef952fc0ace,Norkon,Institutional,8,201455.084376,Industrial; Retail,Hirschstein; Bad Driburg; Leverkusen,Office; Industrial; Retail,Hirschstein; Bad Driburg; Leverkusen,Hesse; Saxony; North Rhine-Westphalia,,2026-03-31 00:00:00
447,5067e232-38ea-4ec6-b5fd-7cadb6f83936,Iroko,Institutional,8,123572.9847456,Retail; Industrial,Hirschstein; Guben; Leipzig,Retail; Industrial,Hirschstein; Guben; Leipzig,Saxony; Brandenburg; North Rhine-Westphalia,,2026-03-31 00:00:00
448,dcaa243a-6ce2-4fdc-a66f-1e5771a88e0d,Drees & Sommer,Institutional,8,45198.89712,Seniors Housing & Care; Office,Selm; Essen; Rheine,Seniors Housing & Care; Office,Selm; Essen; Unterfohring,North Rhine-Westphalia; Baden-Wurttemberg; Bavaria,,2025-12-17 00:00:00
449,4da74190-3ceb-4063-b5ab-3163427b5503,VSW Arztekammer Schleswig-Holstein,Institutional,8,67914.3428496,Apartment; Office,Flensburg; Dusseldorf; Lubeck,Apartment; Office; Seniors Housing & Care,Flensburg; Dusseldorf; Lubeck,Schleswig-Holstein; North Rhine-Westphalia; Hamburg,,2026-07-07 00:00:00
450,5286fc89-f65e-4a0d-a617-44b573502f90,Arzteversorgung ST,Institutional,8,239144.16474,Office; Apartment,Hamburg; Leipzig; Frankfurt am Main,Office; Apartment; Retail,Hamburg; Leipzig; Frankfurt am Main,Hamburg; Saxony; Hesse,,2026-06-05 00:00:00
451,7b5ea897-fc04-48bc-bc5a-f147a9ea2e76,City of Stuttgart,User/Other,8,70578.22582400001,Retail; Office,Stuttgart,Dev Site; Office; Retail,Stuttgart; Stuttgart Städte,Baden-Wurttemberg,City of Stuttgart ,2025-01-28 00:00:00
452,5eac48a8-abb4-4e31-854d-32ef42d99cd2,Reba Immobilien,Private,8,41301.9922068,Dev Site; Hotel,Hann. Munden; Am Ohmberg; Solingen,Dev Site; Hotel; Office,Hann. Munden; Am Ohmberg; Solingen,Lower Saxony; Thuringia; North Rhine-Westphalia,,2024-11-20 00:00:00
453,9ba6c5b1-0bc6-4b4b-82a6-b47ad46eaab1,Bowery Europe,Institutional,8,109224.3348612,Industrial,Duisburg; Messel; Weil der Stadt,Industrial,Duisburg; Messel; Weil der Stadt,North Rhine-Westphalia; Baden-Wurttemberg; Hesse,,2026-07-22 00:00:00
454,5b9b6ffd-91a5-4840-bb2d-f32f1eb649d7,Phoenix Spree,Public,8,75956.14662479999,Apartment,Berlin; Blankenfelde-Mahlow,Apartment; Retail; Office,Berlin; Dinslaken; Blankenfelde-Mahlow,Berlin; Brandenburg; North Rhine-Westphalia,,2024-12-17 00:00:00
455,e22f0647-affc-4669-8c44-21cf94b559fa,ML Real AG,Institutional,8,32334.211026,Office,Eberswalde; Prenzlau; Frankfurt (Oder),Office,Eberswalde; Prenzlau; Frankfurt (Oder),Brandenburg; Mecklenburg-West Pomerania; Berlin,,2024-12-15 00:00:00
456,4856f27e-9aa8-48d8-a946-a72cd24bb735,Tikehau Capital,Institutional,8,116407.159596,Retail; Office,Berlin; Naunhof; Bad Zwischenahn,Retail; Office; Apartment,Berlin; Naunhof; Bad Zwischenahn,Berlin; Saxony; Lower Saxony,,2025-10-27 00:00:00
457,f735056e-a5fd-400c-a5f8-e2e88d7f7951,Kreissparkasse Koln,Institutional,8,49825.7842212,Dev Site; Office,Bonn; Siegburg; Bruhl,Dev Site; Office; Apartment,Bonn; Cologne; Siegburg,North Rhine-Westphalia,PARETO GmbH,2025-09-29 00:00:00
458,e7fc1943-1151-46f0-a010-86ac1bc9ef9e,Hansereal,Private,8,24172.4101788,Apartment,Berlin; Hamburg,Apartment,Berlin; Hamburg,Berlin; Hamburg,,2024-08-14 00:00:00
459,c75313fe-d006-45f4-b231-b565249e5f11,Modulus Real Estate,Institutional,7,51676.7390568,Retail; Dev Site,Gelsenkirchen; Hann. Munden; Hamburg,Retail; Dev Site; Office,Braunschweig; Hamburg; Soltau,Lower Saxony; Schleswig-Holstein; North Rhine-Westphalia,,2026-03-31 00:00:00
460,87e57f75-dbc4-4892-9bcf-587a0d360046,BlackRock,Institutional,7,318800.1839248,Dev Site; Office,Karben; Salzgitter; Munich,Office; Retail; Dev Site,Munich; Hamburg; Berlin,Bavaria; Hesse; Hamburg,BlackRock Real Estate; BlackRock UK,2026-04-22 00:00:00
461,f5902255-a943-4df5-8d75-5e83de424edf,Madison International,Institutional,7,187287.4300752,Industrial; Retail,Hilpoltstein; Kammeltal; Weissenburg im Bay.,Industrial; Office; Retail,Frankfurt am Main; Berlin; Dresden,Bavaria; Brandenburg; Hesse,,2025-05-27 00:00:00
462,a18ed2fc-6730-4543-898d-8bc880374042,Soravia Group,Private,7,196594.7035296,Dev Site; Hotel,Saarbrucken; Berlin; Cologne,Hotel; Dev Site; Office,Berlin; Munich; Mainz,North Rhine-Westphalia; Berlin; Bavaria,Ifa AG,2026-02-12 00:00:00
463,30e9b359-9fd8-441e-b0c7-1ad485f27c30,BEMA Development,Private,7,114433.2077616,Dev Site; Office,Neuss; Dusseldorf; Cologne,Dev Site; Office; Hotel,Dusseldorf; Neuss; Krefeld,North Rhine-Westphalia; Brandenburg,,2026-04-16 00:00:00
464,42156f74-92b0-4254-9698-da46556db81d,Hubert Haupt Immobilien,Private,7,370276.050514,Dev Site; Retail,Regensburg; Gersthofen; Munich,Office; Hotel; Apartment,Munich; Regensburg; Nuremberg,Bavaria; Rhineland-Palatinate,Concrete Capital,2025-04-29 00:00:00
465,989ec677-48c4-4be2-b750-b9970f4b8d3f,ZAR Real Estate,Private,7,176541.6922776,Apartment; Dev Site,Cologne; Nuremberg; Zirndorf,Dev Site; Apartment; Retail,Berlin; Munich; Cologne,Berlin; Bavaria; North Rhine-Westphalia,,2025-09-29 00:00:00
466,df5c009d-8d54-4e8e-ab04-255044d84605,Hanseatic Group,Private,7,220694.61492,Dev Site; Retail,Gottingen; Kassel; Magdeburg,Dev Site; Apartment; Retail,Bremen; Wiesbaden; Gottingen,Hesse; Lower Saxony; Bremen,,2025-09-16 00:00:00
467,6bca4138-4747-4b2d-8981-5b40e0a6bbaf,Peper & Sohne,Private,7,229394.40264,Dev Site,Bremen; Loxstedt; Kassel,Industrial; Dev Site; Hotel,Bremen; Thiendorf; Wilhelmshaven,Bremen; Lower Saxony; Schleswig-Holstein,,2026-05-28 00:00:00
468,1c526156-47da-4ff9-96aa-cc8e1ef775e7,Corum,Institutional,7,77820.1011432,Retail; Hotel,Kelsterbach; Ratingen; Dusseldorf,Office; Hotel; Retail,Kelsterbach; Frankfurt am Main; Ratingen,Hesse; North Rhine-Westphalia; Hamburg,,2025-12-17 00:00:00
469,3bcf99f2-2ce2-4181-88ee-cc4897572100,KRE Krakat Real Estate,Private,7,36751.1032512,Dev Site; Retail,Bamberg; Lohr am Main; Cottbus,Retail; Dev Site; Seniors Housing & Care,Bremen; Bamberg; Worms,Bavaria; Rhineland-Palatinate; Bremen,,2025-05-22 00:00:00
470,11032925-9103-4748-8f38-64ca75381a92,Ariston Real Estate AG,Institutional,7,56456.29962060226,Retail; Office,Munich; Garmisch-Partenkirchen; Freising,Retail; Office; Industrial,Freising; Munich; Frankfurt am Main,Bavaria; Hesse; Schleswig-Holstein,,2026-06-02 00:00:00
471,16952e2c-ccef-4b5a-ace8-458c57a1661c,Bremer AG,Private,7,183295.3610032,Dev Site; Industrial,"Paderborn; Hanau, Bruder-Grimm-Stadt; Duisburg",Industrial; Dev Site; Data Center,"Hanau, Bruder-Grimm-Stadt; Bielefeld; Paderborn",North Rhine-Westphalia; Hesse; Brandenburg,,2025-09-29 00:00:00
472,49fffba8-410b-48c3-b109-cfe43841b9b1,FOM Real Estate,Private,7,76098.14316,Retail; Office,Stuttgart; Duisburg; Hildesheim,Office; Retail; Hotel,Munich; Frankfurt am Main; Darmstadt,North Rhine-Westphalia; Hesse; Bavaria,,2025-01-28 00:00:00
473,77a87a89-7c2c-487d-bf80-1324dc9216de,ABR German Real Estate AG,Private,7,31749.2253,Office; Apartment,Hamburg; Berlin,Office; Apartment; Dev Site,Hamburg; Berlin,Hamburg; Berlin,,2026-02-20 00:00:00
474,b97b637c-861d-47ee-a2e0-f72db1772b64,The Flag,Private,7,30380.2587036,Office; Dev Site,Frankfurt am Main; Cologne; Wiesbaden,Office; Dev Site; Hotel,Frankfurt am Main; Cologne; Wiesbaden,Hesse; North Rhine-Westphalia; Rhineland-Palatinate,RMCB GmbH; RMW,2025-10-23 00:00:00
475,45dd2741-ca85-463d-a191-1f7f20fb8525,Merkur Development,Private,7,36931.0988592,Office; Dev Site,Frankfurt am Main; Mainz; Stuttgart,Office; Dev Site; Apartment,Aachen; Neu-Isenburg; Frankfurt am Main,Hesse; North Rhine-Westphalia; Baden-Wurttemberg,,2025-06-25 00:00:00
476,7e1b94da-0e74-4e09-9fd3-9ed3134f380f,J Molitor Immobilien,Private,7,92686.7383884,Dev Site; Office,Mainz; Darmstadt; Oestrich-Winkel,Office; Apartment; Dev Site,Mainz; Darmstadt; Budenheim,Rhineland-Palatinate; Hesse,,2025-08-18 00:00:00
477,708582ff-ceb8-40ac-9af2-cb0e0c724e30,Fidelity Investments,Institutional,7,85692.82729,Office; Apartment,Munich; Hamburg,Office; Data Center; Apartment,Munich; Hamburg; Berlin,Bavaria; Hamburg; Berlin,Colt Technology Services; Pembroke (Fidelity),2025-09-01 00:00:00
478,5703c3d3-b519-416c-8b55-5b15b5212e84,Quantum Capital Partners,Private,7,195046.2407556,Apartment; Office,Schonefeld; Freiburg im Breisgau; Hamburg,Apartment; Office; Dev Site,Hamburg; Schonefeld; Freiburg im Breisgau,Hamburg; Brandenburg; Baden-Wurttemberg,,2026-04-02 00:00:00
479,310c63ba-386d-41d3-9b8e-92e52ddb608d,Schwarz Gruppe,User/Other,7,165986.9509344,Retail; Office,Berlin; Dortmund; Menden (Sauerland),Retail; Office; Dev Site,Berlin; Dortmund; Menden (Sauerland),North Rhine-Westphalia; Baden-Wurttemberg; Berlin,,2025-02-25 00:00:00
480,b5175218-43fa-4881-a849-b075bcc1e909,Four Parx GmbH,Private,7,670110.8353700801,Dev Site,Wilhelmshaven; Hildesheim; Kirchheim bei Munchen,Industrial; Dev Site,Gross-Gerau; Dietzenbach; Weiterstadt,Hesse; Lower Saxony; North Rhine-Westphalia,Nextparx,2024-11-20 00:00:00
481,944c59c5-6255-408b-a293-b2242b50ea3a,DSV Group,User/Other,7,356990.7065312,Dev Site; Industrial,Hagen; Neunkirchen; Hamburg,Industrial; Dev Site,Bochum; Peine; Homburg,North Rhine-Westphalia; Lower Saxony; Saarland,DB Schenker (DSV),2025-04-30 00:00:00
482,9d0ac859-3b73-404e-932a-08a9ab4ccfd0,spreewater,Private,7,9329.772348,Apartment; Condo,Berlin,Apartment; Condo,Berlin,Berlin,,2025-01-20 00:00:00
483,b1683bc2-a8f9-4038-a504-5feecd432639,WvM Immobilien,Private,7,63800.4432312,Dev Site; Retail,Cologne; Petershagen/Eggersdorf; Bergisch Gladbach,Dev Site; Apartment; Retail,Cologne; Petershagen/Eggersdorf; Bergisch Gladbach,North Rhine-Westphalia; Brandenburg,,2026-01-23 00:00:00
484,f2cb646f-0d27-4001-81f4-f8ca4786dfc0,Midstad B.V.,Institutional,7,42576.9610968,Retail; Dev Site,Dusseldorf; Berlin; Leipzig,Retail; Dev Site; Office,Dusseldorf; Berlin; Leipzig,North Rhine-Westphalia; Berlin; Saxony,,2026-07-10 00:00:00
485,e669b6d8-6a50-498d-907b-edc436adf311,HPG Capital GmbH,Private,7,16692.5926908,Apartment; Other General,Hamburg; Potsdam; Leipzig,Apartment; Hotel; Other General,Hamburg; Potsdam; Leipzig,Hamburg; Saxony; Baden-Wurttemberg,,2025-11-12 00:00:00
486,b765d3bc-193c-47e4-baaa-148807a148ff,hedera bauwert,Private,7,99544.5710532,Retail; Apartment,Dresden; Rostock; Bernau bei Berlin,Retail; Apartment; Dev Site,Dresden; Berlin; Rostock,Saxony; Brandenburg; Berlin,,2026-01-08 00:00:00
487,97573e78-da78-4a15-a57b-9da13e296c15,Immotime AG,Private,7,43398.94104,Retail; Office,Gelsenkirchen; Schwetzingen; Neustadt an der Weinstrasse,Retail; Office; Seniors Housing & Care,Gelsenkirchen; Schwetzingen; Neustadt an der Weinstrasse,North Rhine-Westphalia; Baden-Wurttemberg; Rhineland-Palatinate,,2025-05-12 00:00:00
488,06851a6e-396f-475a-b42a-41e969b6a6bb,Unibail-Rodamco-Westfield,Public,6,509784.542474274,Retail; Dev Site,Bochum; Monchengladbach; Oberhausen,Retail; Dev Site; Office,Leipzig; Berlin; Gera,North Rhine-Westphalia; Bavaria; Saxony,Unibail-Rodamco,2026-02-12 00:00:00
489,1280e045-a449-4da0-bc9c-a7f2e91e036f,AEW Patrimoine,Institutional,6,56947.6104444,Retail; Office,Falkensee; Cologne; Hochstadt an der Aisch,Retail; Office,Mannheim; Peine; Kehl,Lower Saxony; North Rhine-Westphalia; Baden-Wurttemberg,Ciloger,2026-03-31 00:00:00
490,49816279-4875-4fc3-8761-29701846177a,Fakt AG,Institutional,6,319492.2042,Office; Dev Site,Essen; Datteln; Paderborn,Office; Retail; Dev Site,Essen; Bergkamen; Marl,North Rhine-Westphalia; Saxony-Anhalt,,2025-09-30 00:00:00
491,1f88fdcc-d141-4bdc-b56e-53fdf20942e6,Reiss & Co,Private,6,67964.34162959999,Dev Site; Hotel,Stuttgart; Hamburg; Schonefeld,Office; Dev Site; Hotel,Stuttgart; Munich; Hamburg,Baden-Wurttemberg; Bavaria; Hamburg,,2025-05-21 00:00:00
492,d8aeed92-8f83-4438-8496-3ca6beb0f271,Rockstone Real Estate,Private,6,46398.86784,Office; Dev Site,Berlin; Pinneberg; Stuttgart,Office; Apartment; Dev Site,Berlin; Frankfurt am Main; Kiel,Berlin; Hesse; Schleswig-Holstein,,2026-06-09 00:00:00
493,b0402414-38a2-4221-b0d3-e00deb2d700a,Aventin Real Estate,Private,6,20074.51017,Dev Site; Office,Nuremberg; Gauting; Grafelfing,Office; Apartment; Dev Site,Nuremberg; Erlangen; Grafelfing,Bavaria,,2026-05-11 00:00:00
494,6ef39dfb-76a9-4297-98c4-06d2e0e8aefb,Essendi,Private,6,20149.50834,Hotel; Office,Munich; Hamburg; Munster,Hotel; Office,Munich; Hanover; Ingolstadt,North Rhine-Westphalia; Bavaria; Lower Saxony,AccorInvest,2025-07-01 00:00:00
495,3868b3c3-746d-4bbe-ba0d-1692b9a25ef6,Buschl Group,Private,6,354756.343734,Dev Site; Industrial,Munich; Stuttgart; Starnberg,Office; Dev Site; Apartment,Munich; Freising; Stuttgart,Bavaria; Baden-Wurttemberg,,2025-07-18 00:00:00
496,7e5581eb-4ff5-4ddd-aadb-e78d788f7374,Klingsohr Group,Private,6,98431.5982104,Dev Site; Office,Berlin,Office; Apartment; Dev Site,Berlin,Berlin,,2026-01-06 00:00:00
497,493491a7-972d-45b9-9ca3-087da6d3d6e1,Terragon,Private,6,105297.43068,Dev Site; Office,Reinfeld (Holstein); Dortmund; Ahrensburg,Seniors Housing & Care; Dev Site; Apartment,Berlin; Dortmund; Ahrensburg,Schleswig-Holstein; North Rhine-Westphalia; Berlin,,2026-04-07 00:00:00
498,8793796b-2b7d-4f3f-89c9-eb5ca5e27b1c,DAL Deutsche Anlagen-Leasing,Institutional,6,164555.984736,Dev Site; Industrial,Mainz; Bremen; Essen,Office; Industrial; Dev Site,Solingen; Hamm; Hamburg,North Rhine-Westphalia; Baden-Wurttemberg; Hamburg,,2025-02-17 00:00:00
499,27672a4e-e2bf-4c9f-b06e-17682669ff8b,Groth Gruppe,User/Other,6,206594.95896,Dev Site; Office,Berlin,Apartment; Dev Site; Office,Berlin; Potsdam; Fehmarn,Berlin; Brandenburg; Schleswig-Holstein,,2026-03-12 00:00:00
500,00b2bfa4-5fc4-4236-98ca-276dbcd01057,DZ Bank,Institutional,6,67740.3470952,Office; Retail,Frankfurt am Main; Hamburg; Osnabruck,Office; Retail; Apartment,Berlin; Frankfurt am Main; Leipzig,Berlin; Saxony; North Rhine-Westphalia,DG Anlage; DG Hyp,2026-03-12 00:00:00
501,f5535c48-f50f-4ff1-a248-d6dc48efb290,Stinag Stuttgart Invest AG,Institutional,6,23007.4386048,Office; Retail,Stuttgart; Karlsruhe; Boblingen,Retail; Office; Apartment,Stuttgart; Karlsruhe; Boblingen,Baden-Wurttemberg,,2025-04-02 00:00:00
502,cb2829ca-20e9-47ce-9dcd-a9ad8eea1490,denkmalneu Gruppe,Private,6,147296.40588,Office; Apartment,Leipzig; Dresden; Munich,Office; Hotel; Apartment,Leipzig; Munich; Erlangen,Bavaria; Saxony; Bremen,,2026-02-12 00:00:00
503,cf61a58d-dea8-433a-b4c3-11fe4158d749,Evolutiq,Institutional,6,154796.22288,Dev Site,"Cologne; Hanau, Bruder-Grimm-Stadt; Blankenfelde-Mahlow",Dev Site; Industrial,"Mannheim; Cologne; Hanau, Bruder-Grimm-Stadt",North Rhine-Westphalia; Baden-Wurttemberg; Hesse,,2026-03-25 00:00:00
504,0cb4a4d1-bcb8-4de2-8ce3-86f0f5a6c777,Orna & Arthur Wiener GmbH,Private,6,15803.8466324,Apartment; Office,Frankfurt am Main,Office; Apartment; Parking Facility,Frankfurt am Main,Hesse,,2025-11-15 00:00:00
505,edf73c74-e5fb-4c3b-b63c-d4c1c6f454dd,Scannell Properties,Private,6,529586.0777844,Dev Site; Industrial,Hockenheim; Aachen; Kitzingen,Dev Site; Industrial,Kitzingen; Hockenheim; Aachen,Bavaria; Hesse; Baden-Wurttemberg,,2025-11-15 00:00:00
506,bf6f6523-b8c8-4b67-acb9-78b633894d5d,Montis Real Estate,Institutional,6,164836.9778796,Industrial; Dev Site,Hockenheim; Hohe Borde; Altdorf bei Nurnberg,Industrial; Dev Site; Office,Hockenheim; Hohe Borde; Altdorf bei Nurnberg,Saxony-Anhalt; Bavaria; Saxony,,2024-09-18 00:00:00
507,cbf04de9-c8fb-48dd-8089-894860b302f3,Ogilvy Capital,Institutional,6,43701.9336468,Hotel,Wiesbaden; Bremen; Braunschweig,Hotel,Wiesbaden; Bremen; Braunschweig,Hesse; Bremen; Lower Saxony,,2026-06-22 00:00:00
508,542c600e-fd95-49a9-94be-1498a7558c19,Ironstone Group,Institutional,6,43701.9336468,Hotel,Wiesbaden; Bremen; Braunschweig,Hotel,Wiesbaden; Bremen; Braunschweig,Hesse; Bremen; Lower Saxony,,2026-06-22 00:00:00
509,73d0fb06-69f5-4070-8cba-cd5d47cb5f78,GreenPlaces Deutschland Asset Management GmbH,Private,6,37199.09232,Dev Site,Denkendorf; Aichtal; Markdorf,Dev Site,Denkendorf; Aichtal; Markdorf,Baden-Wurttemberg; Hesse; Rhineland-Palatinate,,2026-06-23 00:00:00
510,9f04b2ad-634a-4e79-9255-bf0a7842fc16,City of Mainz ,User/Other,6,742634.05632144,Dev Site; Office,Mainz,Dev Site; Office,Mainz,Rhineland-Palatinate,Zollhafen Mainz,2025-07-23 00:00:00
511,5cb06998-0c5b-4b3b-9718-8898dea7ade6,MDI - Mitteldeutsche Immobilien,Private,6,24112.4116428,Office; Hotel,Leipzig; Chemnitz; Ruppertsberg,Office; Hotel; Industrial,Leipzig; Chemnitz; Ruppertsberg,Saxony; Rhineland-Palatinate; North Rhine-Westphalia,,2026-06-09 00:00:00
512,2ad10b3b-c087-4494-b15e-6c060e0666a7,City of Dortmund,User/Other,6,636125.4781596,Office; Industrial,Dortmund,Dev Site; Office; Industrial,Dortmund,North Rhine-Westphalia,,2026-07-15 00:00:00
513,94a1fe28-88c5-4423-96e2-cd30511c6f7c,Muller & Bremermann,Private,6,42753.93634,Office; Retail,Bremen,Office; Retail; Industrial,Bremen,Bremen,,2024-08-22 00:00:00
514,13c28a7a-19ed-485e-9bd8-4fedc299ca68,MCM AG,Private,6,12014.706834,Apartment; Industrial,Magdeburg; Halle (Saale); Leipzig,Apartment; Industrial,Magdeburg; Halle (Saale); Leipzig,Saxony-Anhalt; Saxony,,2025-10-29 00:00:00
515,43ab15dd-ab12-43e9-81f0-5f3bb52dadb2,AREIM,Institutional,6,182389.5495864,Industrial,Erfurt; Halle (Saale),Industrial,Erfurt; Halle (Saale),Thuringia; Saxony-Anhalt,,2025-11-28 00:00:00
516,7bc9d51e-4258-4b88-9801-513792f05120,Beethoven Gruppe,Private,6,78848.07605999999,Dev Site; Office,Wurzburg; Mullheim,Dev Site; Office,Wurzburg; Kassel; Mullheim,Bavaria; Hesse; Baden-Wurttemberg,,2025-06-09 00:00:00
517,703b1ffa-6664-4f16-85cb-3640577f1d49,Adolf Weber GmbH,Private,6,92987.731044,Dev Site; Retail,Dortmund; Norderstedt; Hamburg,Dev Site; Industrial; Retail,Dortmund; Lubeck; Hamburg,North Rhine-Westphalia; Schleswig-Holstein; Hamburg,,2026-04-14 00:00:00
518,d7f419ed-32ad-45ca-9c46-1896c4bfe342,Lagerbox,User/Other,6,52387.7217084,Self Storage; Dev Site,Hanover; Recklinghausen; Dusseldorf,Self Storage; Dev Site; Retail,Hanover; Recklinghausen; Dusseldorf,Lower Saxony; North Rhine-Westphalia; Saxony,,2025-09-01 00:00:00
519,66ef8d7f-b7a4-49ab-bee6-4721a159b451,Consent Retail Investment,Private,6,62098.48476,Retail,"Augsburg; Gelnhausen, Barbarossast., Krst.; Bautzen",Retail,"Augsburg; Niederfullbach; Gelnhausen, Barbarossast., Krst.",Bavaria; Hesse; Saxony,,2024-12-31 00:00:00
520,7ae82693-8bde-4d81-9a59-9bdca93567ca,Centralis Immobilien Holding GmbH,Private,6,21628.4722524,Hotel; Industrial,Nuremberg; Haan; Hamburg,Hotel; Industrial; Dev Site,Nuremberg; Haan; Hamburg,North Rhine-Westphalia; Bavaria; Hamburg,,2025-11-15 00:00:00
521,6a9b2f31-d7b8-4492-9e07-089affd4ae35,City of Kassel,User/Other,6,78498.0846,Apartment; Dev Site,Kassel,Office; Dev Site; Apartment,Kassel,Hesse,,2025-09-19 00:00:00
522,adb6f780-959a-48f9-9333-593df1b0f673,Greykite,Institutional,6,343970.6069124,Industrial; Hotel,Delmenhorst; Munich; Essen,Industrial; Hotel; Apartment,Delmenhorst; Munich; Essen,Lower Saxony; Bavaria; North Rhine-Westphalia,,2026-05-11 00:00:00
523,480a1d0d-0352-46df-bc55-512d357a68c2,WohnRaum Niedersachsen GmbH,User/Other,6,15899.61204,Apartment,Hanover; Gottingen; Stuhr,Apartment,Hanover; Gottingen; Stuhr,Lower Saxony,,2026-07-02 00:00:00
524,e806500a-55dc-485d-b002-aaa43607637f,Amazon,User/Other,6,248192.9439444,Dev Site; Industrial,Maintal; Schoneck; Ettenheim,Dev Site; Industrial,Maintal; Schoneck; Ettenheim,Hesse; Baden-Wurttemberg,,2025-11-17 00:00:00
525,79e6e546-da7e-409d-a215-9edc7f90b537,Ontario Teachers’ Pension Plan (OTPP),Institutional,6,150600.3252624,Industrial; Apartment,Bochum; Bornheim; Florsheim am Main,Industrial; Apartment,Bochum; Bornheim; Florsheim am Main,North Rhine-Westphalia; Hesse; Baden-Wurttemberg,,2026-03-20 00:00:00
526,2b15e786-d4c2-47c7-a372-948ca91fd605,imvent Gruppe,Institutional,6,3882.9052548,Apartment,Dresden; Radeberg; Herten,Apartment,Dresden; Radeberg; Herten,Saxony; North Rhine-Westphalia,,2025-04-08 00:00:00
527,38007267-f532-4636-b3b8-62c0ff2b6bb0,Net Zero Properties SA,Private,6,284793.05088,Apartment,,Apartment,,North Rhine-Westphalia,,2026-06-09 00:00:00
528,c886cb7a-2400-4dc9-a877-bd217fbe642e,MAS Real Estate,Public,5,20731.4941392,Retail,Frankenthal (Pfalz); Gotha; Braunschweig,Retail; Industrial,Berlin; Braunschweig; Nienburg (Saale),Saxony-Anhalt; Lower Saxony; Baden-Wurttemberg,,2026-03-31 00:00:00
529,e574639d-1a63-4743-b9fb-8f507911ab73,Orion Capital Managers,Institutional,5,57368.600172,Office; Retail,Mannheim; Wiesbaden; Neuss,Office; Retail; Industrial,Berlin; Hamburg; Mannheim,Hesse; Baden-Wurttemberg; Berlin,,2026-02-19 00:00:00
530,beb89547-fc67-4dac-a3c3-a1008663a206,Metro Group,User/Other,5,325692.05292,Dev Site; Office,Essen; Dusseldorf; Frankenthal (Pfalz),Retail; Dev Site; Office,Dusseldorf; Wiesbaden; Berlin,North Rhine-Westphalia; Hesse; Baden-Wurttemberg,,2026-04-16 00:00:00
531,e3a677a8-f4e3-411c-8c29-30aae0ad3972,HLG Projektentwicklung,Private,5,61598.49696,Retail; Dev Site,Aachen; Ulm; Solingen,Retail; Dev Site; Apartment,Aachen; Herford; Bremen,North Rhine-Westphalia; Bremen; Lower Saxony,,2026-07-06 00:00:00
532,9b462b2f-31d0-4508-8e3b-f09ae7dcc9b9,Isarkies,Private,5,42578.961048,Industrial; Dev Site,Katlenburg-Lindau; Ottobrunn; Landshut,Industrial; Retail; Dev Site,Olching; Maisach; Ginsheim-Gustavsburg,Bavaria; Hesse; Baden-Wurttemberg,,2026-04-15 00:00:00
533,1138c36c-1c93-43a1-af7a-ea387a284ef1,Rosco Group,Institutional,5,55628.40123664,Retail; Dev Site,Giessen; Ravensburg; Bietigheim-Bissingen,Retail; Office; Dev Site,Erfurt; Munich; Giessen,Hesse; North Rhine-Westphalia; Bavaria,,2025-03-04 00:00:00
534,e64e163f-6a20-472f-95a1-039d407d3604,Manova Partners GmbH,Institutional,5,192187.3105152,Office; Retail,Hamburg; Munich,Office; Retail,Frankfurt am Main; Munich; Hamburg,Bavaria; Hesse; Hamburg,GLL RE Partners,2025-12-31 00:00:00
535,a00a0c0f-ac5b-4992-ae70-adafb11e5f69,Black Horse,Private,5,79056.6714904,Dev Site; Office,Dusseldorf; Stuttgart,Office; Dev Site; Apartment,Dusseldorf; Hamburg; Stuttgart,North Rhine-Westphalia; Hamburg; Baden-Wurttemberg,,2026-07-07 00:00:00
536,4fd88072-5303-4e2c-93f0-78531696dafb,Deutsche Bahn AG,User/Other,5,238107.1900428,Dev Site; Apartment,Berlin; Gersthofen; Stuttgart,Dev Site; Industrial; Office,Stuttgart; Berlin; Hamburg,Hesse; North Rhine-Westphalia; Baden-Wurttemberg,DB Schenker (Deutsche Bahn),2025-09-05 00:00:00
537,cce5ffe7-8727-425d-9317-ab27c23cc9d5,Driven Investment,Private,5,86942.87854199999,Dev Site; Industrial,Berlin; Furstenwalde/Spree; Potsdam,Industrial; Dev Site,Oyten; Berlin; Burgthann,Lower Saxony; Berlin; Bavaria,,2025-09-24 00:00:00
538,1891b843-2d35-4588-b6a4-77d5b173f1d9,Diligencia Real Estate,Institutional,5,74012.1940584,Office,Cologne; Poing; Berlin,Office,Cologne; Eschborn; Poing,North Rhine-Westphalia; Bavaria; Hesse,,2025-09-02 00:00:00
539,5b3e4aa7-3591-43fa-996d-62640b56fc67,City of Hanau,User/Other,5,620780.8570368,Retail; Dev Site,"Hanau, Bruder-Grimm-Stadt; Hanau",Dev Site; Retail; Industrial,"Hanau, Bruder-Grimm-Stadt; Hanau",Hesse,,2025-02-18 00:00:00
540,f28e99df-fa28-42ff-89bd-34beaf72f7bf,State of North Rhine-Westphalia,User/Other,5,97397.62344,Dev Site; Office,Dusseldorf; Holzwickede; Kaarst,Dev Site; Office; Industrial,Dortmund; Gelsenkirchen; Dusseldorf,North Rhine-Westphalia,NRW.URBAN,2026-02-19 00:00:00
541,e6b09f1b-4e96-475b-9700-49e4c4e6959f,SaarLB Bank,,5,32228.2136124,Dev Site; Office,Mainz; Saarbrucken,Dev Site; Office; Apartment,Mainz; Saarbrucken,Rhineland-Palatinate; Saarland,SBT Immobilien Gruppe,2024-09-04 00:00:00
542,ebb56570-0bdd-4c70-82e7-10328b7a736c,StoneVest AG,Institutional,5,88497.8406,Industrial,Munchberg; Weissenburg im Bay.; Jettingen-Scheppach,Industrial,Hilpoltstein; Kammeltal; Munchberg,Bavaria; Brandenburg,,2026-04-21 00:00:00
543,d1d772fd-e66a-4974-8a5a-f58661c445eb,Nanz Group,Private,5,46998.8532,Office; Industrial,Stuttgart; Pforzheim; Niederaula,Apartment; Office; Retail,Stuttgart; Esslingen am Neckar; Pforzheim,Baden-Wurttemberg; Hesse; Bavaria,,2026-04-13 00:00:00
544,c6ba43fc-7ec5-4e90-9092-3b820f5648cb,M-Concept,Private,5,18389.551284,Dev Site; Apartment,Munich; Ismaning,Dev Site; Apartment; Office,Munich; Karlsfeld; Ismaning,Bavaria,,2025-07-20 00:00:00
545,597aa80d-4f8f-47ab-a4fd-7d6247d4e70e,City of Bochum,User/Other,5,121348.0390356,Office; Dev Site,Bochum,Dev Site; Office; Industrial,Bochum,North Rhine-Westphalia,,2026-05-20 00:00:00
546,0843515f-4d7d-4244-9006-c5b29bd31642,Goldbeck GmbH,Private,5,184978.154576,Dev Site; Office,Bielefeld; Leipzig; Hirschberg an der Bergstrasse,Office; Industrial; Dev Site,Bielefeld; Erlangen; Langenfeld (Rheinland),North Rhine-Westphalia; Bavaria; Saxony,,2026-05-22 00:00:00
547,7d0fdaf2-6598-4ecd-9566-132da1758f3c,Eckpfeiler Immobilien,Private,5,119934.0735372,Dev Site; Retail,Nuremberg; Furth; Munich,Apartment; Dev Site; Retail,Nuremberg; Munich; Furth,Bavaria; Lower Saxony,,2026-05-20 00:00:00
548,6491c4ba-4282-4e8b-a362-605a3021c3be,LEG Thuringen,User/Other,5,87247.8711,Office; Dev Site,Erfurt; Arnstadt; Muhlhausen/Thuringen,Dev Site; Office; Industrial,Erfurt; Jena; Arnstadt,Thuringia,,2026-05-19 00:00:00
549,901b8a16-b3af-4230-9da0-35f1af1e32d8,DRK,User/Other,5,41531.7368796,Seniors Housing & Care; Dev Site,Dusseldorf; Munich; Langen (Hessen),Seniors Housing & Care; Dev Site; Office,Dusseldorf; Duisburg; Stuttgart,North Rhine-Westphalia; Baden-Wurttemberg; Bavaria,,2026-02-13 00:00:00
550,9b238237-6dda-4542-a46c-6eb192902e64,Deutsche Ruck,Institutional,5,25075.3881456,Office; Dev Site,Dusseldorf; Berlin; Leipzig,Office; Dev Site; Apartment,Dusseldorf; Frankfurt am Main; Berlin,North Rhine-Westphalia; Hesse; Berlin,,2025-06-10 00:00:00
551,9923bc73-8a26-45d2-bb59-dd41a7a746dc,Terrania AG,Institutional,5,14155.6545936,Office; Retail,Hamburg; Dusseldorf; Cologne,Office; Retail,Hamburg; Dusseldorf; Cologne,North Rhine-Westphalia; Hamburg,,2024-11-01 00:00:00
552,2097e799-ca4d-4019-a3dc-d51a887fa3d0,VBL Versorgungsanstalt,Institutional,5,16919.587152,Apartment; Industrial,Berlin; Munich; Hamburg,Apartment; Retail; Industrial,Berlin; Hamburg; Frankfurt am Main,Hesse; Bavaria; Berlin,,2025-10-14 00:00:00
553,5363e370-6922-48a1-8b51-1a82aba2e71d,KW-Development,Private,5,138696.32854752,Dev Site; Office,Potsdam; Berlin; Strausberg,Apartment; Dev Site; Hotel,Potsdam; Berlin; Strausberg,Brandenburg; Berlin,,2025-02-12 00:00:00
554,c885d125-a262-4733-9090-09da6fbd9949,Hilee GmbH,Private,5,120981.0479904,Retail; Office,Meerbusch; Laatzen; Garbsen,Retail; Office,Meerbusch; Laatzen; Garbsen,North Rhine-Westphalia; Lower Saxony,,2025-11-28 00:00:00
555,9147a4aa-1246-47f7-9b70-87adcaa02d3a,ERGO Group,Institutional,5,73704.2015736,Industrial; Apartment,Ohringen; Nohra; Hamburg,Industrial; Hotel; Office,Hamburg; Dusseldorf; Bad Honnef,North Rhine-Westphalia; Baden-Wurttemberg; Hamburg,,2024-12-02 00:00:00
556,49af6916-e35b-41a4-8265-962fd5f9c715,Vivit Spaces Group,Private,5,10949.73282,Office; Apartment,Essen; Duisburg,Office; Apartment,Essen; Duisburg,North Rhine-Westphalia,,2026-04-27 00:00:00
557,313a562f-5b55-4975-84af-a9e69acb5f90,City of Essen,User/Other,5,57748.5909,Office; Dev Site,Essen,Dev Site; Office; Other General,Essen,North Rhine-Westphalia,,2025-06-26 00:00:00
558,b887d9f6-59e6-46db-9c21-63d02862787c,City of Dusseldorf,User/Other,5,100526.5470924,Dev Site; Retail,Dusseldorf,Dev Site; Office; Apartment,Dusseldorf,North Rhine-Westphalia,SWD,2026-04-16 00:00:00
559,414f18e5-a944-4306-aafb-586969a4800a,Bartels-Langness,User/Other,5,54700.6652712,Retail; Industrial,Bargteheide; Luneburg; Bredstedt,Retail; Dev Site; Industrial,Bargteheide; Luneburg; Bredstedt,Schleswig-Holstein; Lower Saxony; Brandenburg,,2024-09-12 00:00:00
560,c6a8e891-a10c-4d6a-8206-08ea68e0e9a0,Scantum DW,Private,5,170442.8410932,Industrial; Dev Site,Glauchau; Zwickau; Kerpen,Industrial; Dev Site,Glauchau; Zwickau; Kerpen,Saxony; North Rhine-Westphalia; Hesse,,2026-05-27 00:00:00
561,e4594852-fdb2-4dae-a725-4ce4264f8584,Buteo Gruppe,Private,5,31181.2391592,Industrial; Hotel,Essen,Industrial; Hotel; Office,Essen,North Rhine-Westphalia,,2025-12-10 00:00:00
562,49cef4f5-a0d9-415b-b5c9-8310981ebc47,OFI Invest AM,Institutional,5,59562.5466384,Industrial; Office,Hamburg; Cologne; Neuss,Industrial; Office; Retail,Hamburg; Cologne; Neuss,Hamburg; North Rhine-Westphalia; Rhineland-Palatinate,,2025-01-01 00:00:00
563,63486086-6b09-447c-826d-eaa386bc719b,Nokera,Private,5,223461.5474052,Office; Industrial,"Hanau, Bruder-Grimm-Stadt; Remscheid; Mannheim",Office; Apartment; Industrial,"Mannheim; Hanau, Bruder-Grimm-Stadt; Remscheid",Baden-Wurttemberg; Hesse; North Rhine-Westphalia,R+S Group (Nokera),2025-11-12 00:00:00
564,0b5fd93d-278c-4011-8996-c3e616b5a22e,Beta Eigenheim,Private,5,243492.07224936,Dev Site,Dortmund; Lunen; Gelsenkirchen,Dev Site; Apartment,Dortmund; Gelsenkirchen; Bergkamen,North Rhine-Westphalia,,2025-01-28 00:00:00
565,b7d8ae5c-ff79-4e12-b50f-f3dbe20b3bf6,Mauss Bau,Private,5,35571.1320432,Condo; Dev Site,Nuremberg; Hohen Neuendorf; Darmstadt,Condo; Dev Site,Nuremberg; Hohen Neuendorf; Darmstadt,Bavaria; Brandenburg; Hesse,,2025-01-08 00:00:00
566,d1342cce-6bd4-4501-a73b-c5321f0cc521,Nordelbe,Private,5,52489.7192196,Industrial; Apartment,Hamburg,Industrial; Apartment; Dev Site,Hamburg,Hamburg,,2025-09-22 00:00:00
567,ff662b62-dead-4e33-af42-e5a717fface8,Beyond Real Estate,Private,5,86407.891596,Office,Mainz; Dusseldorf; Monchengladbach,Office,Mainz; Dusseldorf; Monchengladbach,North Rhine-Westphalia; Rhineland-Palatinate; Bavaria,,2025-10-01 00:00:00
568,64804b6d-9d73-4c71-b8d7-9e3cf1d9b27e,CDS Wohnbau GmbH,Private,5,49898.78244,Dev Site,Berlin; Dreieich,Apartment; Dev Site; Office,Hamburg; Berlin; Dreieich,Hamburg; Berlin; Hesse,,2026-03-16 00:00:00
569,a3a1c64f-8f4b-46c2-8cb7-9b0b48ac234b,Dachser Group,User/Other,5,375989.160832,Dev Site; Industrial,Memmingen; Eschbach; Bremen,Dev Site; Industrial,Offenbach am Main; Memmingen; Eschbach,Hesse; Baden-Wurttemberg; Bavaria,,2026-02-27 00:00:00
570,2e7cbdc3-0c4e-4950-a4e5-4cadba6c0f8f,Hilpert AG,Institutional,5,37658.0811204,Dev Site; Apartment,Berlin,Dev Site; Apartment; Condo,Berlin,Berlin,,2025-09-16 00:00:00
571,2666a510-1230-4c57-ac0c-8924491fd4d9,Next Generation Invest,Institutional,5,47270.8465632,Office; Apartment,Munich; Frankfurt am Main; Kassel,Office; Apartment,Munich; Frankfurt am Main; Kassel,Hesse; Bavaria; Lower Saxony,,2024-12-15 00:00:00
572,91f96e55-bd07-4320-9c9c-c232639e3f54,Terraplan Projektentwicklung,Private,5,1107540.9753408,Dev Site; Office,Berlin; Nuremberg; Potsdam,Retail; Dev Site; Office,Berlin; Nienhagen; Nuremberg,Berlin; Brandenburg; Mecklenburg-West Pomerania,,2025-08-06 00:00:00
573,99bcfebe-631a-4de7-b84c-45ba7b911732,Bauconcept,Private,5,3659.910696,Apartment,Berlin,Apartment; Office,Berlin,Berlin,,2024-11-25 00:00:00
574,26445c63-2c77-4a52-ad76-64bbff7017be,Kolner Wohnungsgenossenschaft eG,User/Other,5,26729.347788,Dev Site,Cologne; Hurth,Dev Site,Cologne; Hurth,North Rhine-Westphalia,,2026-06-10 00:00:00
575,0977e7b6-f820-48da-979e-4491ce3f4d45,GTC Group,Public,5,355974.3140148,Office; Apartment,Essen; Hamburg; Wiesbaden,Office; Apartment,Mainz; Essen; Hamburg,North Rhine-Westphalia; Rhineland-Palatinate; Hamburg,,2024-11-21 00:00:00
576,a031b25b-7bfa-4fee-a52f-864bf214d94b,PUTSCH Immobilien GmbH,Private,5,24608.3995404,Office; Retail,Stuttgart; Wiesbaden; Tubingen,Office; Retail,Stuttgart; Wiesbaden; Tubingen,Baden-Wurttemberg; Hesse,,2025-10-17 00:00:00
577,419c5bfd-0f6f-4b07-ae9b-f34992f9adbf,DANA Invest GmbH,Private,5,20452.5009468,Office; Apartment,Cologne; Troisdorf; Bergisch Gladbach,Office; Dev Site; Apartment,Cologne; Troisdorf; Bergisch Gladbach,North Rhine-Westphalia,,2026-02-02 00:00:00
578,831b916d-829c-4a9e-b4b4-cc82ef700962,Atalanta GmbH,Private,5,66072.3877944,Industrial; Dev Site,Mannheim; Neu-Isenburg; Nuremberg,Industrial; Dev Site; Office,Mannheim; Neu-Isenburg; Nuremberg,Hesse; Baden-Wurttemberg; Bavaria,,2026-03-09 00:00:00
579,164cfdba-36c6-40f3-876a-c9eb99f6c755,Cain International,Institutional,5,275509.8611932,Dev Site; Industrial,Ketsch; Kerpen; Erfurt,Dev Site; Industrial; Office,Ketsch; Kerpen; Erfurt,Baden-Wurttemberg; North Rhine-Westphalia; Thuringia,Blackbrook Capital (Cain International),2025-03-05 00:00:00
580,4c48b00f-c8f6-419c-a5d2-da2b723242e8,Graff Immobiliengruppe,Institutional,5,18899.53884,Apartment,Lubeck; Walsrode; Delmenhorst,Apartment,Lubeck; Walsrode; Delmenhorst,Lower Saxony; Schleswig-Holstein,,2026-06-03 00:00:00
581,05d34949-b7e5-4ce7-9c15-371a6b4cbc43,InfraRed Capital Partners,Institutional,4,122655.0071448,Industrial; Office,Kelsterbach; Frankfurt am Main; Ottobrunn,Office; Industrial; Hotel,Munich; Cologne; Hamburg,Bavaria; North Rhine-Westphalia; Hesse,,2025-12-17 00:00:00
582,a2ef96bd-9eaf-4108-a2af-bc2b26f3b9e3,Newport Holding,Private,4,51590.7411552,Retail; Industrial,Hamburg; Berlin; Bayreuth,Retail; Industrial; Hotel,Celle; Warendorf; Ehingen (Donau),North Rhine-Westphalia; Bavaria; Baden-Wurttemberg,,2026-02-10 00:00:00
583,df0292b5-a2d7-40e0-8a9d-8938c345b828,Esas Holding,Institutional,4,169600.861638,Office; Hotel,Munich; Wedel; Berlin,Office; Retail; Hotel,Mannheim; Cologne; Ulm,Baden-Wurttemberg; North Rhine-Westphalia; Hamburg,Feldberg Capital,2026-05-27 00:00:00
584,66e37e19-4631-46cd-92a0-8dd6157965f8,Schramm & Schoen,Private,4,10899.73404,Apartment; Office,Hanover; Hamburg; Berlin,Office; Apartment; Dev Site,Hanover; Laatzen; Hamburg,Lower Saxony; Hamburg; Berlin,Norddeutsche Wohnbau,2025-05-09 00:00:00
585,54b66d2d-2b06-4834-9c44-0db48f0fcaa5,Matrix Immobilien,Private,4,51964.7320296,Dev Site; Retail,Hamburg; Nuremberg; Wenningstedt-Braderup (Sylt),Retail; Dev Site; Office,Hamburg; Pinneberg; Stade,Hamburg; Schleswig-Holstein; Lower Saxony,,2026-03-26 00:00:00
586,df3073de-2d68-4990-9f56-e3d29446aa35,RAG Montan Immobilien,Private,4,49498.7922,Dev Site; Office,Essen; Bochum; Dresden,Dev Site; Office; Industrial,Kamp-Lintfort; Herten; Dortmund,North Rhine-Westphalia; Saxony,,2025-03-16 00:00:00
587,0763f7a7-2992-4e02-942c-d240ea4edd88,Harel Insurance Invts,Institutional,4,158410.1346984,Office; Apartment,Dusseldorf; Leipzig,Office; Apartment,Dusseldorf; Hanover; Frankfurt am Main,North Rhine-Westphalia; Berlin; Lower Saxony,,2022-09-28 00:00:00
588,6476fb61-463e-4e7c-a3ca-9c8fb0e97cb1,Norddeutsche Grundvermogen,Private,4,21678.7233488,Office; Industrial,Hamburg,Office; Apartment; Dev Site,Hamburg; Kappeln; Kiel,Hamburg; Schleswig-Holstein; Lower Saxony,,2024-12-31 00:00:00
589,29d48fc5-da2e-4d7d-9537-920c751fa709,Fokus AG,Private,4,35919.123552,Retail; Dev Site,Schweinfurt; Minden; Korbach,Retail; Dev Site; Industrial,Hoxter; Offenbach am Main; Hamm,North Rhine-Westphalia; Hesse; Bavaria,,2024-09-30 00:00:00
590,b743fdca-62a6-4186-854a-79899115441f,PEG Beteiligungsgesellschaft,Private,4,3999.9024,Office; Hotel,Hamburg,Office; Hotel; Apartment,Hamburg,Hamburg,,2025-09-05 00:00:00
591,b27c7b9a-3830-41fa-9286-e9a3a5b8a68a,DIWG,Private,4,92997.73079999999,Retail; Industrial,Herrenberg; Bremen,Retail; Industrial,Munsingen; Dusseldorf; Naunhof,Baden-Wurttemberg; North Rhine-Westphalia; Saxony,,2024-12-18 00:00:00
592,a41ea696-0781-4fbb-8094-1b3f0751a8e3,Cesa Investment,Private,4,107247.3831,Office; Dev Site,Dusseldorf; Ansbach; Bad Vilbel,Office; Dev Site; Apartment,Dusseldorf; Berlin; Ansbach,North Rhine-Westphalia; Berlin; Hesse,,2025-01-21 00:00:00
593,bafb0c06-14e5-44be-9ab8-a9877b906658,HUK Coburg,Institutional,4,44218.921032,Office; Retail,Frankfurt am Main; Essen; Leipzig,Office; Seniors Housing & Care; Retail,Hanover; Kassel; Cologne,North Rhine-Westphalia; Hesse; Lower Saxony,,2024-09-04 00:00:00
594,9217b49a-2cce-4d5f-b993-6fc438ec4e35,Merz Objektbau,Private,4,47821.7216388,Dev Site; Retail,Remshalden; Wiesloch; Berlin,Dev Site; Retail; Apartment,Berlin; Heidenheim an der Brenz; Kunzelsau,Baden-Wurttemberg; Berlin,,2025-10-01 00:00:00
595,4badddd2-5183-41b4-bbfe-bb9af4f4092d,Taurus,Private,4,98597.02813888,Dev Site; Office,Hildesheim; Gilching; Hanover,Retail; Industrial; Dev Site,Gross-Gerau; Remseck am Neckar; Dietzenbach,Baden-Wurttemberg; Hesse; Bavaria,,2025-04-01 00:00:00
596,58afc463-7202-4bfb-88dc-d51ae71439fa,RIMC International Hotels & Resorts,Private,4,25499.341175104,Hotel; Dev Site,Bad Griesbach im Rottal; Bad Frankenhausen/Kyffhauser; Cottbus,Hotel; Dev Site,Bad Griesbach im Rottal; Bad Frankenhausen/Kyffhauser; Cottbus,Bavaria; Thuringia; Brandenburg,,2025-10-31 00:00:00
597,0a59a551-4c40-45ce-94fd-0edc2aeacca2,Euroboden,Private,4,20779.492968,Office; Dev Site,Berlin; Bayrischzell; Ebersberg,Dev Site; Office; Apartment,Berlin; Inning am Ammersee; Haimhausen,Bavaria; Berlin,,2025-09-24 00:00:00
598,d92698ec-1ccd-4694-9203-a63f7f452b90,Brockhoff-Objekt GmbH,Private,4,30888.2463084,Retail; Industrial,Korbach; Essen; Triptis,Industrial; Retail; Office,Essen; Bochum; Recklinghausen,North Rhine-Westphalia; Hesse; Thuringia,,2026-03-31 00:00:00
599,1f7cbc8f-7b2e-444e-9d43-823f712c4f4d,City of Mannheim,User/Other,4,2457924.2927424,Dev Site,Mannheim,Dev Site; Apartment; Office,Mannheim,Baden-Wurttemberg,,2024-08-29 00:00:00
600,d9079c85-eb59-4e05-9efe-d9fe3dddc706,Herecon Projekt GmbH,Private,4,34129.167228,Dev Site; Retail,Munich; Salach; Biberach an der Riss,Dev Site; Retail; Hotel,Berlin; Munich; Salach,Baden-Wurttemberg; Bavaria; Berlin,,2025-12-08 00:00:00
601,e4be944a-8eab-4d3e-a628-a2108972ce42,Eberhard Horn Gruppe,Private,4,24343.4060064,Dev Site; Retail,Konigstein im Taunus; Frankfurt am Main,Dev Site; Retail; Office,Konigstein im Taunus; Bad Homburg vor der Hohe; Frankfurt am Main,Hesse,,2025-08-14 00:00:00
602,e638a461-8cc8-4b05-8c7d-2dd4d5a38b2d,Greystar,Institutional,4,39130.0452036,Apartment; Retail,Frankfurt am Main; Hamburg; Berlin,Apartment; Retail,Berlin; Frankfurt am Main; Hamburg,Berlin; Hesse; Hamburg,,2025-09-30 00:00:00
603,eb0bda66-e7c1-44cb-b937-c46e3fa6e126,Aachener SWG,Private,4,32782.2000948,Dev Site; Apartment,Duisburg; Paderborn; Dusseldorf,Dev Site; Apartment; Retail,Duisburg; Paderborn; Hamburg,North Rhine-Westphalia; Hamburg; Mecklenburg-West Pomerania,,2026-02-04 00:00:00
604,3b1783b4-4153-41ca-95c9-569ca21813cf,Neutecta Grundinvest,Private,4,10429.745508,Apartment,Dessau-Rosslau; Rostock; Stendal,Apartment; Retail; Office,Dessau-Rosslau; Bad Durrenberg; Zwickau,Saxony-Anhalt; Saxony; Mecklenburg-West Pomerania,,2024-08-21 00:00:00
605,ddb0609f-3bdc-439b-b920-2414bd85b439,DIO Deutsche Immobilien Opportunitaten,Private,4,150624.3246768,Retail; Office,Radolfzell am Bodensee; Braunschweig,Retail; Hotel; Office,Braunschweig; Radolfzell am Bodensee,Lower Saxony; North Rhine-Westphalia; Baden-Wurttemberg,,2026-01-14 00:00:00
606,42ec4dd9-a319-4e97-9a06-05d98333e8ec,Ferrado Group,Institutional,4,33199.18992,Office,Munich; Hamburg; Eschborn,Office,Munich; Stuttgart; Hamburg,Bavaria; Baden-Wurttemberg; Hamburg,,2026-04-20 00:00:00
607,db1a82a2-fbd9-49df-87eb-79be9ed77d7d,i+R Gruppe,Private,4,191156.42834864,Dev Site,Memmingen; Bad Waldsee; Konstanz,Dev Site; Apartment,Memmingen; Lindau (Bodensee); Bad Waldsee,Bavaria; Baden-Wurttemberg; Saxony,,2026-04-16 00:00:00
608,bfa2b6b0-09fa-4cc1-88e2-1ad496fc93b4,City of Monheim,User/Other,4,54337.6741284,Retail; Office,Monheim am Rhein,Retail; Dev Site; Office,Monheim am Rhein,North Rhine-Westphalia,,2025-12-09 00:00:00
609,76a97df5-9699-4b99-ad9b-fb41201ba3e2,Bollmann Gruppe,Private,4,49118.801472,Dev Site; Office,Bochum,Office; Dev Site; Industrial,Bochum; Lunen; Oberhausen,North Rhine-Westphalia,,2025-09-12 00:00:00
610,a2fc2e40-55a0-4443-b74b-f4d27c0dbc0e,Hamburger Sparkasse,Institutional,4,213759.88513488,Dev Site; Office,Hamburg; Leipzig,Dev Site; Office; Industrial,Hamburg; Leipzig; Berlin,Hamburg; Saxony; Berlin,Haspa,2025-11-04 00:00:00
611,162be665-acd0-4c81-8a7e-d65e93162fbc,Kemna Immobilien,Private,4,83431.9642104,Apartment,Recklinghausen; Unna,Apartment,Recklinghausen; Unna,North Rhine-Westphalia,,2026-02-12 00:00:00
612,e8344136-7626-4b7a-bf35-6d19199a37d3,City of Wurzburg,User/Other,4,129451.841298,Apartment; Dev Site,Wurzburg; Rottingen,Dev Site; Apartment; Seniors Housing & Care,Wurzburg; Rottingen,Bavaria,,2025-11-21 00:00:00
613,2fdfd5aa-80b3-463d-9565-9ccf351a8a45,Kurth Immobilien GmbH,Private,4,62868.465972,Office; Dev Site,Berlin,Office; Retail; Parking Facility,Berlin; Gottingen,Berlin; Lower Saxony,,2025-12-19 00:00:00
614,1535b803-80d2-40f8-bac6-906a8b625c04,Sallier Bautrager GmbH,Private,4,89597.81376,Industrial; Retail,Luneburg; Eckernforde; Neustadt an der Donau,Industrial; Retail; Dev Site,Luneburg; Salzgitter; Eckernforde,Lower Saxony; Schleswig-Holstein; Bavaria,,2026-02-26 00:00:00
615,3539738c-6924-41da-b165-5b154b95ae42,Sixth Street,Institutional,4,144460.00061952,Data Center; Industrial,Maintal; Heusenstamm; Munich,Data Center; Industrial; Dev Site,Maintal; Heusenstamm; Munich,Hesse; Bavaria,,2024-12-31 00:00:00
616,af9dfb38-6d1d-413d-a886-cd03a7612eb7,Berliner Arzteversorgung,Institutional,4,79691.0554908,Office,Frankfurt am Main; Berlin,Office; Retail,Frankfurt am Main; Hamburg; Berlin,Hesse; Hamburg; Berlin,,2024-09-13 00:00:00
617,8509eec9-a17f-4bc5-883b-9dbf69808eef,Nesseler Grunzig Gruppe,Private,4,86348.89303559999,Dev Site; Office,Aachen; Kaarst,Office; Dev Site; Apartment,Aachen; Cologne; Kaarst,North Rhine-Westphalia,,2026-02-19 00:00:00
618,771f9ccf-2463-4d74-9738-bc1753940f26,Lindenstruth & Cie. GmbH,User/Other,4,7399.819439999999,Office; Apartment,Dusseldorf; Munster; Hamburg,Office; Apartment,Dusseldorf; Munster; Hamburg,North Rhine-Westphalia; Hamburg,,2026-01-27 00:00:00
619,f34fb46d-c6fa-45e7-b490-842b10490be6,City of Aachen,User/Other,4,33423.1844544,Industrial; Retail,Aachen,Dev Site; Industrial; Retail,Aachen,North Rhine-Westphalia,,2025-03-03 00:00:00
620,bb1cfe62-5bb3-4bbf-bc73-d5c2fc4f077c,Munchner Wohnen,Private,4,19049.53518,Apartment; Dev Site,Munich,Apartment; Dev Site,Munich,Bavaria,,2025-06-18 00:00:00
621,bbe4fa7c-8bd8-479d-b1d3-99918b2f6f7d,RQI Immobilien,Institutional,4,29701.2752712,Apartment; Office,Heidelberg; Dusseldorf; Nuremberg,Apartment; Parking Facility; Office,Frankfurt am Main; Nuremberg; Heidelberg,Hesse; Bavaria; Baden-Wurttemberg,,2025-11-03 00:00:00
622,46c6efc0-1595-4434-a5d1-96c425099e07,HWS Immo,Institutional,4,30903.2459424,Hotel; Retail,Munich; Hamburg; Stuttgart,Hotel; Retail,Munich; Hamburg; Stuttgart,Bavaria; Hamburg; Baden-Wurttemberg,,2025-07-01 00:00:00
623,a35229f1-8fd6-48c4-ac0b-23bdcf88549e,Colcap,Institutional,4,60547.5226044,Office; Hotel,Berlin; Leipzig,Office; Hotel,Berlin; Leipzig,Berlin; Saxony,,2025-01-27 00:00:00
624,46824e33-28ec-40ea-baa5-a8c80046093f,Purealis Management GmbH,Institutional,4,14827.6381968,Industrial; Retail,Obertaufkirchen; Nuremberg; Bindlach,Industrial; Retail; Office,Obertaufkirchen; Nuremberg; Bindlach,Bavaria,,2026-04-28 00:00:00
625,8ed4c586-f666-406f-8722-a708e23949b6,Paul Opatz Group,User/Other,4,24819.394392,Office,Bremen,Office,Bremen,Bremen,,2025-03-25 00:00:00
626,3277eb40-f3b1-492b-88a6-cb647a734ea3,famila Handelsmarkt Kiel GmbH & Co KG,Private,4,15402.6241668,Retail; Dev Site,Brand-Erbisdorf; Langenhagen; Waltershausen,Retail; Dev Site,Brand-Erbisdorf; Langenhagen; Waltershausen,Lower Saxony; Saxony; Thuringia,,2025-08-25 00:00:00
627,b51ecbd5-cc84-4fea-801a-8ae75703f9d3,Jamestown,Institutional,4,167570.91117,Office; Industrial,Berlin; Meerbusch; Cologne,Office; Industrial,Berlin; Meerbusch; Cologne,North Rhine-Westphalia; Berlin,,2026-01-14 00:00:00
628,973ac7a3-6dcb-4d74-bdca-87327a96a461,Gjoleka Group,Private,4,3458.9156004,Apartment,Stuttgart,Apartment,Stuttgart,Baden-Wurttemberg,,2026-05-21 00:00:00
629,dcd5adb0-51c3-4c00-8ded-520c8d5029c0,DGC Gruppe,Private,4,11743.7134464,Office; Industrial,Bochum; Essen; Duisburg,Office; Industrial; Dev Site,Bochum; Essen; Duisburg,North Rhine-Westphalia,,2025-12-02 00:00:00
630,826684cf-3ff3-43e3-811f-708b607b6f7e,Pictet Group,Institutional,4,95618.6668476,Industrial; Dev Site,Kerpen; Hochheim am Main; Goch,Industrial; Dev Site; Apartment,Kerpen; Hochheim am Main; Goch,North Rhine-Westphalia; Hesse; Brandenburg,Pictet Alternative Advisors,2026-05-27 00:00:00
631,07452b94-26a3-4a2d-a281-492ddd3b0221,Kraus Immobilien,Private,4,40308.0164604,Office,Heidelberg,Office,Heidelberg,Baden-Wurttemberg,,2024-10-02 00:00:00
632,d0acdbcb-3967-4f36-9ce3-2426188ec2e3,FIM Asset Management,Institutional,4,48948.80562,Retail,Furth; Bremen; Hersbruck,Retail,Furth; Bremen; Hersbruck,Bavaria; Bremen; Baden-Wurttemberg,,2025-12-31 00:00:00
633,856ceb7c-ed0d-4fc7-96df-e0e78eb693a1,Arthur Eschenbach,Private,4,41703.982398,Industrial,Reutlingen; Dettingen an der Iller; Teningen,Industrial,Reutlingen; Dettingen an der Iller; Urbach,Baden-Wurttemberg,,2025-08-04 00:00:00
634,d97fe61e-80f6-4274-8005-466726e255d2,Sogenial - Societe de Gestion Patrimoniale Immobilier,Institutional,4,24008.4141804,Office; Retail,Halberstadt; Duisburg; Berlin,Office; Retail,Halberstadt; Duisburg; Berlin,Saxony-Anhalt; North Rhine-Westphalia; Berlin,,2026-01-31 00:00:00
635,4782d8d3-489a-4783-a824-57e9fadeae8b,BlackTrust Capital,Private,4,13514.670234,Apartment; Dev Site,Duisburg; Dusseldorf; Hagen ,Apartment; Dev Site,Duisburg; Dusseldorf; Hagen ,North Rhine-Westphalia,,2026-03-12 00:00:00
636,f4f322c5-4010-4e21-b5b3-1e0fcbc6e961,Hansevest,Private,4,13199.67792,Apartment,Magdeburg,Apartment,Magdeburg,Saxony-Anhalt,,2025-09-26 00:00:00
637,a4d03d45-1060-4d78-9bea-322dc4b61371,Dr. Lubke & Kelber,Private,4,190444.3530444,Apartment,Leipzig; Frankfurt am Main,Apartment,Leipzig; Frankfurt am Main,Saxony; Hesse,,2024-10-04 00:00:00
638,5c563a41-825f-415a-9d07-78312b875202,SN Beteiligungen,Private,3,202702.2215408,Office; Dev Site,Frankfurt am Main; Junkerath,Office; Industrial; Dev Site,Munich; Hamburg; Hanover,North Rhine-Westphalia; Bavaria; Hesse,,2024-11-13 00:00:00
639,9d20772b-5a70-4579-a9c1-94404360c170,Europa Capital,Institutional,3,114776.1993924,Industrial; Office,Unterfohring,Office; Industrial; Retail,Dusseldorf; Stuttgart; Wolfsburg,North Rhine-Westphalia; Baden-Wurttemberg; Hesse,,2025-01-16 00:00:00
640,3ced8201-b788-421a-9ebf-3313a999fecd,Lloyd Fonds,Institutional,3,21570.4736676,Retail; Dev Site,Schwarzenbek; Hornum (Sylt); Hamburg,Hotel; Office; Retail,Cologne; Hamburg; Berlin,North Rhine-Westphalia; Hamburg; Schleswig-Holstein,,2024-09-27 00:00:00
641,00f0dfe2-6fc1-4c80-a01a-4eb6c5c30c88,Creo Group,Private,3,35599.13136,Dev Site; Office,Berlin; Neuss,Office; Dev Site; Apartment,Berlin; Kelsterbach; Dusseldorf,Berlin; Hesse; North Rhine-Westphalia,,2024-10-10 00:00:00
642,847e987e-0170-4265-aab1-dcf3d30afa38,Cromwell Property Group,Public,3,14135.6550816,Office,Nuremberg; Cologne,Industrial; Retail; Office,Hamburg; Nuremberg; Lohfelden,Bavaria; Hesse; Saxony-Anhalt,,2024-12-24 00:00:00
643,2a242aff-49cd-4da4-9a40-ba565cb07630,Karl Bau GmbH,Private,3,63298.45548,Industrial; Dev Site,Achern; Plattling; Viechtach,Office; Dev Site; Industrial,Eschborn; Iggensbach; Achern,Bavaria; Hesse; Baden-Wurttemberg,,2026-03-27 00:00:00
644,32f85fbf-c8da-46c6-af74-3f4307ac23c2,Fair Value REIT-AG,Public,3,37710.0798516,Office; Retail,Neumunster; Bad Segeberg,Retail; Office; Industrial,Cologne; Ahaus; Pinneberg,Schleswig-Holstein; North Rhine-Westphalia; Lower Saxony,,2026-01-22 00:00:00
645,d414c0cc-be86-4d0b-ad75-c9c1ed60a71c,Harfid Holding,Private,3,25269.383412,Dev Site,Wuppertal; Gelsenkirchen; Bochum,Apartment; Dev Site; Hotel,Aachen; Bochum; Wuppertal,North Rhine-Westphalia,,2026-02-13 00:00:00
646,6cf8e003-6141-4876-a1b5-921c7e2f14c6,Inovalis REIT,Public,3,42292.6112904,Office,Kosching; Bad Homburg vor der Hohe; Stuttgart,Office,Cologne; Hanover; Neu-Isenburg,North Rhine-Westphalia; Hesse; Lower Saxony,,2025-10-10 00:00:00
647,5eb4a001-89f9-489c-851d-df30639daa14,PIC Real Estate GmbH,Private,3,44998.902,Office; Industrial,Nuremberg; Coburg,Office; Industrial; Apartment,Nuremberg; Erlangen; Coburg,Bavaria,,2025-07-01 00:00:00
648,24621d86-c17d-490e-ac4c-94b809eae0bd,Hirmer Immobilien GmbH,Private,3,5399.86824,Hotel; Office,Bonn; Weimar; Rottach-Egern,Office; Dev Site; Hotel,Munich; Dresden; Bonn,Bavaria; Saxony; North Rhine-Westphalia,,2025-10-07 00:00:00
649,3f1b82be-cbfc-4164-9cb4-80f2220e01e2,Avignon Capital,Institutional,3,58205.5797492,Hotel; Industrial,Frankfurt am Main; Berlin; Munich,Office; Industrial; Hotel,Berlin; Frankfurt am Main; Munich,Berlin; Hesse; Bavaria,,2020-02-25 00:00:00
650,fba6edbd-3194-4233-8f19-b605bfbd125a,IC Immobilien Gruppe,Institutional,3,35049.14478,Office,Erfurt; Germering; Stuttgart,Office; Retail; Industrial,Berlin; Chemnitz; Erfurt,Saxony; North Rhine-Westphalia; Bavaria,,2025-03-31 00:00:00
651,36e3cea7-397b-4849-b37d-6cf5d99e19f6,SCPI Corum Origin,Private,3,29974.26861,Hotel; Office,Kelsterbach; Ratingen; Dusseldorf,Hotel; Office,Kelsterbach; Frankfurt am Main; Ratingen,Hesse; North Rhine-Westphalia,,2025-12-17 00:00:00
652,c7242f07-6448-47d7-bc7b-657f299d510a,Kreer Gruppe,Private,3,11722.7139588,Dev Site,Bochum; Cologne; Karlsruhe,Apartment; Dev Site; Office,Heidelberg; Cologne; Bochum,North Rhine-Westphalia; Baden-Wurttemberg; Berlin,,2026-06-10 00:00:00
653,e3c5b77b-39d9-4412-b767-2bb97e526b67,HPK von 1905,Institutional,3,24733.3964904,Office,Berlin,Office; Apartment,Hamburg; Berlin; Pulheim,Hamburg; Berlin; North Rhine-Westphalia,,2025-11-05 00:00:00
654,ee5a7a49-d101-4e1d-bbd3-31022b584b42,Pegasus 2,Institutional,3,16717.5920808,Retail; Apartment,Heiligenhaus; Gaggenau; Saarlouis,Retail; Apartment,Coburg; Aachen; Heiligenhaus,North Rhine-Westphalia; Bavaria; Baden-Wurttemberg,,2026-05-13 00:00:00
655,9f1d4414-0429-4608-aa33-6dfb5a30bb44,Schoeller Group,Private,3,76398.13584,Retail; Hotel,Berlin; Hamburg,Hotel; Office; Retail,Berlin; Hamburg,Berlin; Hamburg,,2026-04-16 00:00:00
656,b19dccb2-4230-41eb-a464-5e3a2e1b4587,Benini Real Estate,Private,3,1821.9555432,Apartment; Dev Site,Dusseldorf,Retail; Apartment; Dev Site,Dusseldorf,North Rhine-Westphalia,,2026-06-15 00:00:00
657,f9bb84c7-92f0-4955-bf2b-48464f6aca69,KVBBG,Institutional,3,54348.67386,Office; Hotel,Munich; Dusseldorf,Office; Hotel,Munich; Dusseldorf,Bavaria; North Rhine-Westphalia,,2026-07-07 00:00:00
658,3cdf05d0-0223-48f4-8c5a-8e46e20d71e9,VSW Apothekerkammer Westfalen-Lippe,Institutional,3,93740.7126708,Office; Dev Site,Munich; Essen,Office; Dev Site,Essen; Munich; Frankfurt am Main,North Rhine-Westphalia; Bavaria; Hesse,,2024-08-12 00:00:00
659,e45f83b8-fd94-4b33-a3d0-267e27632b38,Sanus AG,Private,3,10363.7471184,Apartment,Berlin,Apartment; Office; Dev Site,Berlin; Potsdam,Berlin; Brandenburg,,2024-11-01 00:00:00
660,b62aa2f0-0025-4838-84e6-17d96a9ed94b,Trammell Crow Co (CBRE),Private,3,229088.4101064,Dev Site,Markisch Linden; Neuruppin; Taufkirchen,Dev Site,Schonefeld; Markisch Linden; Neuruppin,Brandenburg; Bavaria,,2026-01-27 00:00:00
661,36de5084-3707-4bd2-b087-94e0dbdf69a0,City of Bremen,User/Other,3,29639.276784,Office; Industrial,Bremen,Dev Site; Office; Industrial,Bremen,Bremen,WFB Bremen,2026-02-27 00:00:00
662,2f7f56c0-d1a2-427f-b938-71bc5f49c7c0,Collineo Group,Institutional,3,46498.8654,Hotel; Office,Munich; Aachen; Hamm,Office; Hotel; Dev Site,Munich; Berlin; Aachen,Bavaria; Berlin; North Rhine-Westphalia,,2024-09-13 00:00:00
663,dcf6b3c5-1f25-4cd1-bfe9-78c28c021dc7,WBG Nurnberg,Private,3,18699.54372,Dev Site; Apartment,Nuremberg,Dev Site; Apartment,Nuremberg,Bavaria,,2025-09-29 00:00:00
664,bf5c09e2-8baf-4e04-b662-8baae4f3ae05,Kohler & von Bargen,Private,3,41518.986912,Industrial; Apartment,Hamburg,Industrial; Dev Site; Apartment,Hamburg,Hamburg,,2026-02-20 00:00:00
665,d843a7e0-8413-4d38-b65a-131e4d1d6b92,IF Gruppe,Private,3,39106.0457892,Office; Apartment,Freiburg im Breisgau; Chemnitz; Titisee-Neustadt,Office; Apartment,Freiburg im Breisgau; Chemnitz; Titisee-Neustadt,Baden-Wurttemberg; Saxony,,2025-11-24 00:00:00
666,723c2c71-f27f-4c92-84f6-f12161dda573,S&G Development GmbH,Private,3,22499.451,Dev Site; Office,Wiesbaden; Frankfurt am Main; Konigstein im Taunus,Dev Site; Office; Parking Facility,Dresden; Wiesbaden; Frankfurt am Main,Hesse; Saxony,,2026-04-23 00:00:00
667,30eb5c67-42aa-4d24-9b7a-d59d8492181c,E&G Bridge Equity Fonds Gmbh & Co,Institutional,3,37822.0771188,Dev Site,Munich; Dachau,Dev Site; Hotel; Apartment,Munich; Ulm; Dachau,Bavaria; Baden-Wurttemberg,,2025-12-17 00:00:00
668,67634a90-f027-4a5f-9bd7-7897dde252f5,Heureka Development GmbH,Private,3,6616.8385452,Office; Dev Site,Frankfurt am Main; Heidelberg,Dev Site; Office; Hotel,Frankfurt am Main; Heidelberg; Mainz,Hesse; Baden-Wurttemberg; Rhineland-Palatinate,,2025-01-09 00:00:00
669,6cbd840d-f52c-4973-ada0-7c356f036549,City of Bielefeld,User/Other,3,119997.072,Dev Site; Industrial,Bielefeld,Dev Site; Office; Industrial,Bielefeld,North Rhine-Westphalia,,2025-08-12 00:00:00
670,eb1921a9-1a32-4a50-bc9e-60367d7ed8b0,Behrendt Wohnungsbau,Private,3,10340.7476796,Dev Site,Hamburg; Ahrensburg,Dev Site; Apartment,Hamburg; Ahrensburg; Norderstedt,Hamburg; Schleswig-Holstein,,2025-10-16 00:00:00
671,c282dc31-03a8-4e41-ac6a-44184b8819b5,QuadReal,Institutional,3,50237.7741684,Industrial,Berlin,Industrial,Berlin,Berlin,,2025-12-16 00:00:00
672,49bc8cf6-ac08-4b27-88c5-6cb15dab6938,Bautra,Private,3,29201.2874712,Office; Apartment,Bielefeld; Bonn,Apartment; Office,Bielefeld; Bonn; Munster,North Rhine-Westphalia,,2025-11-03 00:00:00
673,d6117682-b98e-4150-8516-95b938a133c9,CM Immobilien Entwicklung,Private,3,36581.1073992,Dev Site; Office,Munster; Dusseldorf,Office; Dev Site; Apartment,Munster; Dusseldorf; Sundern (Sauerland),North Rhine-Westphalia,,2025-11-04 00:00:00
674,4cf4ddb6-93ef-4f04-bc0c-336533bc6123,Munich Re,Institutional,3,26199.36072,Apartment; Office,Munich; Hamburg; Berlin,Office; Apartment,Hamburg; Munich; Berlin,Hamburg; Bavaria; Berlin,,2026-04-14 00:00:00
675,5d2ae79c-337c-4a9e-9c0f-4d3af9777d67,S+S Immobilien,Private,3,38998.77371328,Dev Site; Apartment,Giessen; Marburg,Apartment; Dev Site,"Giessen; Marburg; Hanau, Bruder-Grimm-Stadt",Hesse,,2025-01-31 00:00:00
676,bf35afa1-6602-4e04-be9e-6726c5a14108,wph Wohnbau und Projektentwicklung Hamburg,Private,3,57258.4363792,Dev Site; Retail,Hamburg; Lubeck,Dev Site; Retail; Office,Hamburg; Lubeck,Hamburg; Schleswig-Holstein,,2026-05-29 00:00:00
677,8cf23472-30fa-47ae-976e-6b0371bf8468,Tatar Holding,Private,3,3858.9058404,Office; Retail,Bielefeld; Dusseldorf; Ingolstadt,Office; Retail,Bielefeld; Dusseldorf; Ingolstadt,North Rhine-Westphalia; Bavaria,,2025-01-23 00:00:00
678,c85a8a29-6e33-4472-891e-2b088d5cfc53,Emons Spedition,User/Other,3,102996.96239808,Dev Site,Saterland; Kenzingen; Gengenbach,Dev Site; Industrial,Saterland; Kenzingen; Freiburg im Breisgau,Baden-Wurttemberg; Lower Saxony,,2024-11-19 00:00:00
679,58f39239-94c8-4196-a8b7-67d776722e48,BASF SE,User/Other,3,119332.088226,Office; Industrial,Hamburg; Dusseldorf,Apartment; Office; Industrial,Sylt; Hamburg; Dusseldorf,North Rhine-Westphalia; Brandenburg; Schleswig-Holstein,LuWoGe,2025-10-13 00:00:00
680,b1305984-0c02-456b-8210-f5bc33504fc1,Warehouses De Pauw (WDP),Public,3,155190.2132664,Industrial; Dev Site,Zulpich; Gelsenkirchen; Bottrop,Industrial; Dev Site,Zulpich; Gelsenkirchen; Bottrop,North Rhine-Westphalia,,2025-01-27 00:00:00
681,488e7dd7-bea2-4bdb-8bd5-f81babb1e055,Biskupek Scheinert Investorengruppe,Institutional,3,27628.3258524,Retail,Hochst im  Odw.; Darmstadt; Kelkheim (Taunus),Retail; Apartment; Industrial,Darmstadt; Heidelberg; Budingen,Hesse; Baden-Wurttemberg,,2025-06-13 00:00:00
682,4a82b93a-9441-4940-8055-022bb89d7939,Friedemann Kunz Family Foundation,Private,3,10699.73892,Office; Apartment,Rostock,Office; Apartment; Retail,Rostock,Mecklenburg-West Pomerania,,2026-01-30 00:00:00
683,d7a4ec2d-2892-444a-a029-6c1e8c01c810,Johanniter-Unfall-Hilfe,User/Other,3,20609.497116,Industrial; Seniors Housing & Care,Bremen; Giessen; Gelsenkirchen,Industrial; Seniors Housing & Care,Bremen; Giessen; Gelsenkirchen,Bremen; Hesse; North Rhine-Westphalia,,2024-11-28 00:00:00
684,12244116-55d9-4c81-9681-2d74527ce06f,Complemus Real Estate,Private,3,157646.15334,Dev Site,Norvenich; Monheim am Rhein; Solingen,Industrial; Dev Site; Parking Facility,Monheim am Rhein; Wuppertal; Norvenich,North Rhine-Westphalia; Bavaria; Rhineland-Palatinate,,2026-06-16 00:00:00
685,4a4218c2-4b87-4d0d-a585-a58503e4f721,Best Western,Private,3,,Hotel,Frankfurt am Main; Bochum; Wilhelmshaven,Hotel,Berlin; Munich; Frankfurt am Main,Berlin; Bavaria; Hesse,BWH Hotel Group Central Europe,2026-03-30 00:00:00
686,bd1a1eb8-41a6-447a-925f-1234e92615f2,CTR Group,Private,3,31857.2226648,Dev Site,Dresden,Dev Site; Apartment,Dresden,Saxony,,2025-10-15 00:00:00
687,c451940d-e44a-4b74-baed-07dc1cc9eb2b,Argon GmbH & Co KG,Private,3,15999.6096,Office; Retail,Mannheim,Office; Apartment; Dev Site,Mannheim; Schonefeld; Neckarsulm,Baden-Wurttemberg; Brandenburg,,2026-07-21 00:00:00
688,826644e5-062e-43cb-b6bd-2d6d91527576,City of Nuremberg,User/Other,3,47998.76220928,Dev Site; Retail,Nuremberg,Dev Site; Retail,Nuremberg,Bavaria,,2024-07-29 00:00:00
689,ab988a61-93b1-4aa3-aaef-175d217e70ed,Microsoft,User/Other,3,719978.5175656,Dev Site,Grevenbroich; Elsdorf,Dev Site,Grevenbroich; Elsdorf,North Rhine-Westphalia,,2026-07-01 00:00:00
690,2ef738df-0c03-4d99-a31b-ae0ac7a2cf9f,Ralf Schmitz Wohnungsbau,Private,3,17071.5834432,Apartment; Office,Dusseldorf; Hamburg,Apartment; Office; Dev Site,Dusseldorf; Hamburg,North Rhine-Westphalia; Hamburg,,2024-08-27 00:00:00
691,1f7bc9c9-0ba5-4407-89d8-6beb54a5d6e1,Wohngroup,Private,3,66748.3713,Dev Site,Halle (Saale); Erfurt; Gera,Dev Site,Halle (Saale); Erfurt; Gera,Thuringia; Saxony-Anhalt,tempus24,2026-04-21 00:00:00
692,a6dde095-fc76-4291-89af-5887120c7cb1,Colt Data Centre Services,Private,3,119440.9016244,Dev Site,Frankfurt am Main; Berlin,Dev Site; Data Center,Berlin; Frankfurt am Main; Hamburg,Berlin; Hesse; Hamburg,,2025-04-07 00:00:00
693,50ed6e48-0a94-43d8-8e75-34f5ae89de46,Sterlon Asset Management,Private,3,16792.5902508,Office; Retail,Offenbach am Main; Darmstadt; Wiesbaden,Office; Retail,Offenbach am Main; Darmstadt; Wiesbaden,Hesse,,2025-11-25 00:00:00
694,09188d14-56fe-4c45-af6b-051c7e7035c9,Alfons & Alfreda Management,Private,3,50798.76048,Dev Site,Cologne,Dev Site; Office,Cologne; Sindelfingen; Dusseldorf,North Rhine-Westphalia; Baden-Wurttemberg,,2026-04-16 00:00:00
695,55252c6b-8524-436e-b66a-6a494f7b5a97,Premium Immobilien,Private,3,10409.745996,Dev Site; Apartment,Berlin; Dresden,Dev Site; Apartment,Berlin; Magdeburg; Dresden,Berlin; Saxony-Anhalt; Saxony,,2025-09-26 00:00:00
696,4ce4713f-b7f8-4c92-9ed7-93a692e7548f,HubOne Real Estate,Private,3,65469.069554,Dev Site; Industrial,Rodgau; Hanau; Langenselbold,Industrial; Dev Site,Rodgau; Weiterstadt; Hanau,Hesse,F&F LandInvest GmbH,2025-08-20 00:00:00
697,67239907-2ea1-43d1-af65-4ea9c89c0335,Foremost Hospitality,Private,3,7069.827492,Hotel; Dev Site,Leipzig; Cologne; Dresden,Hotel; Dev Site,Leipzig; Cologne; Berlin,Saxony; North Rhine-Westphalia; Berlin,,2025-05-01 00:00:00
698,3dcf52a9-db2f-4539-b385-470b23bb0369,AOK Gesundheitskasse,Institutional,3,37604.082438,Office,Neuss; Magdeburg; Dusseldorf,Office; Dev Site,Stuttgart; Erkelenz; Berlin,North Rhine-Westphalia; Baden-Wurttemberg; Berlin,AOK Bayern,2024-12-31 00:00:00
699,3bc7f7a7-342d-4d00-84f5-0bd13ec3d62b,Troveinvest GmbH,Institutional,3,102997.4868,Industrial,Delmenhorst; Essen; Frankfurt am Main,Industrial,Delmenhorst; Essen; Frankfurt am Main,Lower Saxony; North Rhine-Westphalia; Hesse,,2026-05-11 00:00:00
700,3a3a4fbe-7e38-4daa-8860-0fa33f6f0b1a,Gloram GmbH,Private,3,37799.07768,Retail; Hotel,Frankfurt am Main; Heidelberg,Hotel; Retail; Office,Frankfurt am Main; Hamburg; Heidelberg,Hesse; Hamburg; Baden-Wurttemberg,,2025-02-12 00:00:00
701,3f875691-caf3-4461-a4f2-bb48a7a938bd,DFI Real Estate,Private,3,106915.3912008,Dev Site; Industrial,Wulfrath; Neuenburg am Rhein; Lichtenau,Industrial; Dev Site,Wulfrath; Neuenburg am Rhein; Lichtenau,Baden-Wurttemberg; Bavaria; North Rhine-Westphalia,,2025-11-14 00:00:00
702,8dbeeb15-e154-4616-9250-f154479d4245,City of Leverkusen,User/Other,3,31670.2272276,Office; Hotel,Leverkusen,Dev Site; Office; Hotel,Leverkusen,North Rhine-Westphalia,,2026-02-26 00:00:00
703,5c1ca040-0adc-44cb-8d22-3124e653bab9,Geno Immobilien,Private,3,16099.60716,Dev Site; Retail,Bielefeld; Gutersloh,Dev Site; Retail,Bielefeld; Gutersloh,North Rhine-Westphalia,,2025-01-21 00:00:00
704,5f9dedce-3cf3-4c63-91c3-1ce1c3a51e8d,Baucon Immobilien Mngmt,Private,3,19715.5189296,Office; Dev Site,Cologne; Duisburg,Retail; Industrial; Office,Cologne; Duisburg; Ribnitz-Damgarten,North Rhine-Westphalia; Mecklenburg-West Pomerania,,2025-10-30 00:00:00
705,16c526b0-cc4f-40b6-beb7-a4af36f45423,Osmo Energie,Private,3,15833.6136504,Industrial; Other General,Cologne; Rendsburg,Industrial; Other General,Cologne; Rendsburg,North Rhine-Westphalia; Schleswig-Holstein,,2026-06-25 00:00:00
706,378353f3-c4e9-4443-b961-0be5554c9d19,Mata Capital,Institutional,3,15833.6136504,Industrial; Other General,Cologne; Rendsburg,Industrial; Other General,Cologne; Rendsburg,North Rhine-Westphalia; Schleswig-Holstein,,2026-06-25 00:00:00
707,b32636a0-8d90-4f83-b427-60a8a7bb5f73,MLP Group,Private,3,381770.684568,Dev Site,Unna; Gelsenkirchen; Castrop-Rauxel,Dev Site,Unna; Gelsenkirchen; Castrop-Rauxel,North Rhine-Westphalia,,2024-12-12 00:00:00
708,c3a26d31-4480-404b-bf91-8ece939cfbec,Poehlmann Immobilien,Institutional,3,5471.866483199999,Apartment,Landshut; Munich,Apartment,Landshut; Munich,Bavaria,,2025-12-02 00:00:00
709,4148f515-1f16-4009-ac7e-eb86b9f77612,City 1 Group,Private,3,16688.5927884,Dev Site; Apartment,Frankfurt am Main; Hochheim am Main,Dev Site; Apartment,Frankfurt am Main; Hochheim am Main,Hesse,,2025-10-13 00:00:00
710,eeb9930f-bcea-45e0-aa07-63e97a4ee6a5,Harry Brot,User/Other,3,96997.6332,Dev Site; Industrial,Bergkirchen; Soltau; Landsberg,Dev Site; Industrial,Bergkirchen; Soltau; Landsberg,Bavaria; Lower Saxony; Saxony-Anhalt,,2025-01-24 00:00:00
711,af760370-b815-4441-8bab-7211ff470249,Wohnungsbau Ludwigsburg,Private,3,6799.83408,Apartment; Office,Ludwigsburg,Apartment; Office,Ludwigsburg,Baden-Wurttemberg,,2026-04-16 00:00:00
712,728d5272-5479-4432-88a3-3ff805d594d8,Poligroh Holding GmbH & Co. KG,Institutional,3,14292.6514366,Apartment,Tubingen; Nuremberg,Apartment,Tubingen; Nuremberg,Baden-Wurttemberg; Bavaria,,2025-05-20 00:00:00
713,f640694c-a33d-449a-9ac7-b735c4c9d03b,FBK Development,Private,3,37082.0951748,Apartment,Erlangen; Coburg; Amberg,Apartment,Nuremberg; Erlangen; Furth,Bavaria,,2025-04-29 00:00:00
714,2ab8227c-9855-4843-b2e2-3a6a9cbdbad0,City of Regensburg,User/Other,3,25299.38268,Office; Dev Site,Regensburg,Dev Site; Office; Apartment,Regensburg; Munich,Bavaria,,2025-07-28 00:00:00
715,1c6dcaf3-a25b-4a3d-9bb6-a10810af2c58,Attestor Capital LLP,Private,3,72998.2188,Office; Retail,Berlin; Hamburg,Office; Retail,Berlin; Hamburg,Berlin; Hamburg,,2025-08-06 00:00:00
716,5b62f778-4821-415b-b30e-ff829df530f3,DWG Düsseldorfer Wohnungsgenossenschaft,User/Other,3,10299.74868,Apartment,Dusseldorf,Apartment,Dusseldorf; Erkrath,North Rhine-Westphalia,,2026-04-22 00:00:00
717,d649d7e4-1ea1-4df6-bc90-d91ade0b83c0,NordVest,Institutional,3,23667.4225008,Apartment; Condo,Bonn; Dusseldorf,Apartment; Condo; Office,Bonn; Dusseldorf,North Rhine-Westphalia,,2025-12-11 00:00:00
718,776db8a5-f984-4e9f-812f-f8b8190831a7,Terra - Contor,User/Other,3,45598.6330463124,Retail; Office,Leipzig; Krefeld,Retail; Office,Leipzig; Krefeld,Saxony; North Rhine-Westphalia,,2025-09-01 00:00:00
719,eadef52f-cb6a-4eba-8320-6bb0e0a07f87,AB Sagax,Public,3,63653.0806373426,Industrial; Other General,Hechingen; Regensburg,Industrial; Other General,Hechingen; Regensburg,Baden-Wurttemberg; Bavaria,,2025-05-15 00:00:00
720,ec99932c-d378-487a-9860-be28d761d1b0,FOX Group GmbH,Institutional,3,279319.353152,Dev Site,Braunschweig; Osnabruck; Rastatt,Dev Site,Braunschweig; Osnabruck; Rastatt,Lower Saxony; Baden-Wurttemberg,,2026-06-02 00:00:00
721,6206e7cf-4e66-42a3-ada4-272623a2b277,Medici Holding GmbH,Private,3,2299.94388,Apartment,Gorlitz; Berlin; Pirna,Apartment,Gorlitz; Berlin; Pirna,Saxony; Berlin,,2026-03-30 00:00:00
722,990d6902-aa9c-4133-9b23-e5712c8b2275,Realterm Global,Private,3,236885.91984252,Industrial,Elmenhorst; Monchengladbach,Industrial,Elmenhorst; Monchengladbach,Schleswig-Holstein; North Rhine-Westphalia,Realterm Logistics,2026-07-16 00:00:00
723,499704ec-e153-46e1-86d5-06243fc79584,Neuplan GmbH,Private,3,55718.640432,Office; Industrial,Munich,Office; Industrial; Dev Site,Munich,Bavaria,,2025-02-06 00:00:00
724,473d969f-fb2a-47dd-b5f1-8b370f5087c7,Eckehard Adams,Private,3,30629.0861512,Dev Site,Bochum; Dusseldorf,Dev Site; Apartment,Bochum; Dusseldorf,North Rhine-Westphalia,,2026-06-10 00:00:00
725,85520c0a-7f96-4264-93a1-160320f3240c,SHIFT Development GmbH,Private,3,11199.72672,Apartment; Office,Berlin,Apartment; Office,Berlin,Berlin,,2025-08-01 00:00:00
726,7bc16944-3486-4bff-b0b9-87bebb4931d2,Matter Real Estate (UK),Private,3,10855.7351136,Office; Condo,Berlin,Office; Condo; Apartment,Berlin,Berlin,,2026-02-05 00:00:00
727,169880d7-9bb8-40d1-9f28-b88ffbd76b88,Nanz Endrev Rienth,Private,3,7676.8126812,Apartment,Stuttgart,Apartment,Stuttgart,Baden-Wurttemberg,,2026-07-01 00:00:00
728,567e38b3-64df-446a-b918-599f6bb3dad3,SM Wirtschaftberatung,Private,3,10469.744532,Hotel; Office,Erfurt; Dresden; Fellbach,Hotel; Office; Industrial,Erfurt; Dresden; Fellbach,Thuringia; Saxony; Baden-Wurttemberg,,2025-03-27 00:00:00
729,beb9781b-3e81-4a36-a143-24a73e9d8afd,MB Advisors (DE) GmbH,Institutional,3,5699.86092,Apartment,Berlin,Apartment,Berlin,Berlin,,2026-04-29 00:00:00
730,4c48b00f-c8f6-419c-a5d2-da2b723242e8,IVT AG,Private,3,1199.97072,Apartment,Stuttgart; Ostfildern,Apartment,Stuttgart; Ostfildern,Baden-Wurttemberg,,2025-10-22 00:00:00
731,be55b490-8bcc-4533-9a57-a178a4b12f4a,Peters Group AG,Private,3,30499.2558,Dev Site,Kremmen; Trebbin; Helmstedt,Dev Site,Kremmen; Trebbin; Helmstedt,Brandenburg; Lower Saxony,,2025-10-06 00:00:00
732,ae4f06a7-82ef-4fd7-b2c7-6307b2df42d0,BaseCamp Group,Institutional,2,80998.0236,Retail; Industrial,Dortmund; Berlin,Apartment; Office; Retail,Aachen; Gottingen; Dortmund,North Rhine-Westphalia; Lower Saxony; Brandenburg,Triton Development,2025-01-16 00:00:00
733,2edc2396-fa12-4f38-b846-747dc677ae71,Lapithus,Institutional,2,17625.5699256,Office,Frankfurt am Main,Office; Industrial; Apartment,Erkrath; Cologne; Frankfurt am Main,North Rhine-Westphalia; Hesse; Schleswig-Holstein,,2025-01-01 00:00:00
734,4c48b00f-c8f6-419c-a5d2-da2b723242e8,Finch Properties,Institutional,2,41998.9752,Office,Frankfurt am Main; Cologne,Office; Dev Site,Frankfurt am Main; Dusseldorf; Cologne,Hesse; North Rhine-Westphalia,,2025-05-01 00:00:00
735,6f442c63-14cb-4b72-8732-98183acfdc92,Digital Core REIT,Public,2,41866.533244,Data Center,Frankfurt am Main,Data Center,Frankfurt am Main,Hesse,,2024-11-10 00:00:00
736,e989afdd-4ec6-417e-9b0b-552fd10fc0e8,Siemens,User/Other,2,51498.7434,Industrial; Dev Site,Frankfurt am Main; Ludwigsfelde,Office; Industrial; Dev Site,Munich; Erlangen; Berlin,Bavaria; Berlin; North Rhine-Westphalia,Siemens Corp,2025-07-01 00:00:00
737,23c60b82-f39a-4174-a894-4131403d1e29,Vantage Data Centers,Private,2,243992.2140404,Dev Site,Bad Vilbel; Gross-Gerau,Data Center; Dev Site,Offenbach am Main; Raunheim; Gross-Gerau,Hesse; Brandenburg,,2025-07-02 00:00:00
738,04243dde-709d-454c-9760-1b7a8fa56b9d,DIE AG,Private,2,52298.72388,Dev Site,Schonefeld; Berlin,Dev Site; Apartment; Office,Schonefeld; Berlin; Bernau bei Berlin,Brandenburg; Berlin,,2025-08-19 00:00:00
739,68d0c722-99fe-4a6b-8457-cd756ceb1df5,CV Projektentwicklug,Private,2,10150.7523156,Dev Site,Feldkirchen; Augsburg,Dev Site; Office; Retail,Munich; Nuremberg; Feldkirchen,Bavaria,,2025-10-27 00:00:00
740,eda23759-4d72-4914-a147-5eab52a55236,Achim-Griese Treuhandgesellschaft,Private,2,5599.86336,Dev Site; Hotel,Bremen; Neubrandenburg,Retail; Hotel; Dev Site,Bremen; Ulm; Essen,Bremen; Baden-Wurttemberg; North Rhine-Westphalia,,2026-06-09 00:00:00
741,aae6a23d-d560-4473-8816-afb40d127408,evoreal GmbH,Private,2,23049.43758,Dev Site; Office,Berlin; Bremen,Dev Site; Apartment; Office,Hamburg; Berlin; Frankfurt am Main,Hamburg; Berlin; Hesse,,2025-10-29 00:00:00
742,2b43999d-7562-4374-b011-7e17785d31a8,Vivion,Private,2,19999.512,Hotel; Office,Berlin,Office; Apartment; Hotel,Berlin; Bad Vilbel,Berlin; Hesse,,2024-09-11 00:00:00
743,55594472-25b5-42b1-b4a8-d6b430ba2838,NVELOP Real Estate,Private,2,133996.7304,Dev Site,Landau in der Pfalz; Velten,Dev Site; Industrial,Ketsch; Erfurt; Landau in der Pfalz,Baden-Wurttemberg; Thuringia; Rhineland-Palatinate,,2025-03-05 00:00:00
744,1968ed2d-41ee-4b8f-9be1-d13f1b4388d3,Red Square GmbH,Private,2,4149.89874,Dev Site,Frankfurt am Main,Office; Dev Site,Neu-Isenburg; Frankfurt am Main,Hesse,,2025-06-25 00:00:00
745,c3ca3199-76ea-4ac8-a96d-5595809fcbdf,Gundlach GmbH,Private,2,5299.87068,Dev Site; Seniors Housing & Care,Hanover,Dev Site; Retail; Apartment,Hanover; Norden; Schwanewede,Lower Saxony,,2026-03-09 00:00:00
746,eff2cf61-8588-48e9-8588-3ecf080b33bf,PGH Gruppe,Private,2,79998.048,Apartment; Dev Site,Hamburg,Industrial; Apartment; Dev Site,Hamburg,Hamburg,,2024-12-31 00:00:00
747,d22f2e59-aa8c-4cbd-a30b-252a7d798560,Kuehne + Nagel,User/Other,2,88997.8284,Dev Site,Leipzig; Limbach-Oberfrohna,Industrial; Dev Site,Eching; Leipzig; Hamburg,Saxony; Bavaria; North Rhine-Westphalia,,2025-11-15 00:00:00
748,98420685-4f01-4ffd-8536-9ebfb441045f,Hessische Landgesellschaft (HLG),User/Other,2,33499.1826,Dev Site,Bad Schwalbach; Rodermark,Dev Site,Hochheim am Main; Biebesheim am Rhein; Bad Hersfeld,Hesse,,2024-10-04 00:00:00
749,973eafee-dea2-43a5-a632-9f6634f1970d,Remake Live #SCPI Remake Asset Management,Private,2,82997.9748,Industrial; Office,Laar; Halle (Saale),Office; Industrial,Halle (Saale); Laar,Saxony-Anhalt; Lower Saxony,,2025-12-31 00:00:00
750,b04bc2c3-2d98-45a8-aa36-89b1f37e61e5,Remake Asset Management,Private,2,82997.9748,Industrial; Office,Laar; Halle (Saale),Office; Industrial,Halle (Saale); Laar,Saxony-Anhalt; Lower Saxony,,2025-12-31 00:00:00
751,1ecf278c-b40c-430e-943c-2194cc3f30f4,Associated British Foods,User/Other,2,35599.13136,Retail,Saarbrucken; Hanover,Retail,Gelsenkirchen; Saarbrucken; Hanover,North Rhine-Westphalia; Saarland; Lower Saxony,Primark,2026-02-20 00:00:00
752,417f7c93-cf38-4dd6-9ec6-1723d1cff6bc,Traumhaus AG,Private,2,151496.20767584,Dev Site,Wiesbaden; Offenbach am Main,Dev Site; Apartment,Wiesbaden; Bergkamen; Offenbach am Main,Hesse; North Rhine-Westphalia; Lower Saxony,,2025-09-22 00:00:00
753,938b7298-a38e-4507-9b4c-8124a6d7bcea,Kajima,Public,2,197994.1688244,Dev Site,Hagen ,Industrial; Dev Site; Office,Bischweier; Berlin; Nutzen,Baden-Wurttemberg; Berlin; Schleswig-Holstein,Kajima Europe,2026-03-24 00:00:00
754,e504f4a0-922a-4caf-8742-182e7300a169,Rheinische Grundbesitz AG,Private,2,45438.891264,Industrial; Dev Site,Duisburg; Hilden,Office; Industrial; Dev Site,Offenbach am Main; Frankfurt am Main; Duisburg,Hesse; North Rhine-Westphalia,,2026-06-15 00:00:00
755,a7dbf72e-faae-42b4-a28d-9dca7b1bb96a,Principal Financial,Institutional,2,26303.3581824,Data Center; Industrial,Frankfurt am Main; Espelkamp,Office; Data Center; Industrial,Mainz; Cologne; Troisdorf,North Rhine-Westphalia; Rhineland-Palatinate; Hesse,Principal Asset Management; Principal Global Investors,2026-02-02 00:00:00
756,aa0de91b-b6e6-4877-abb0-4cd9e5b7dcab,Markus-Bau,Private,2,4949.87922,Office; Apartment,Bochum; Essen,Apartment; Dev Site; Office,Bochum; Essen; Munster,North Rhine-Westphalia,,2025-03-30 00:00:00
757,bc53f9d0-d96d-4b17-8833-79810ca36da4,uniVersa Versicherungen,Private,2,63198.45792,Dev Site; Office,Nuremberg; Munich,Apartment; Dev Site; Office,Erlangen; Nuremberg; Munich,Bavaria,,2026-03-10 00:00:00
758,a29dd391-6d3c-4c83-9979-1700f7836c12,GAB Projektentwicklung,Private,2,23549.42538,Industrial; Retail,Rodgau; Babenhausen,Dev Site; Industrial; Retail,Stromberg; Rodgau; Babenhausen,Hesse; Rhineland-Palatinate,,2025-12-02 00:00:00
759,ab3cea16-4e15-47c1-8d0e-d06c1c7e2bae,SCPI AEW Opportunities Europe,Private,2,11499.7194,Office,Cologne,Office,Bremen; Cologne,Bremen; North Rhine-Westphalia,Fructiregions SCPI,2026-03-31 00:00:00
760,8ea7f3c2-a1f0-41ba-9e03-9bcdd2963491,City of Karlsruhe,User/Other,2,97797.61368,Office; Industrial,Karlsruhe,Dev Site; Office; Industrial,Karlsruhe,Baden-Wurttemberg,,2025-05-04 00:00:00
761,dd79e6bf-7bce-4e39-b476-7502feed7a24,Bergedorf-Bille eG,User/Other,2,12449.69622,Apartment; Dev Site,Geesthacht; Hamburg,Apartment; Dev Site; Office,Hamburg; Geesthacht,Hamburg; Schleswig-Holstein,,2025-02-19 00:00:00
762,d2f60fa1-a96f-420f-a858-60a8f5cd1984,Cone Capital AG,Private,2,27999.3168,Retail; Office,Freising; Hanover,Office; Retail,Erlangen; Freising; Hanover,Bavaria; Lower Saxony,,2026-06-17 00:00:00
763,0002c7ad-e9df-4c79-91f9-9ab7254ad538,WP Gewerberaum,Private,2,26299.35828,Industrial,Hanover,Dev Site; Industrial,Bargteheide; Hanover; Achim,Lower Saxony; Schleswig-Holstein,,2025-08-19 00:00:00
764,62eab859-5e51-4fa4-9759-0e5fae14cc26,Imvest Gruppe,Private,2,36059.120136,Retail; Apartment,Hamburg,Apartment; Retail,Hamburg; Osnabruck,Hamburg; Lower Saxony,,2026-04-21 00:00:00
765,47326f3f-e9b4-4728-be3a-43dc71f9fdad,CV Real Estate,Private,2,38839.052304,Dev Site; Office,Ingolstadt; Munich,Office; Dev Site,Frankfurt am Main; Ingolstadt; Munich,Bavaria; Hesse,,2024-08-12 00:00:00
766,b2643bf8-5184-49ee-9fbd-e80d5ffc9447,Kolbl Group,Private,2,6699.83652,Office,Dortmund; Bochum,Office,Essen; Dortmund; Bochum,North Rhine-Westphalia,,2024-09-12 00:00:00
767,dc9fd8ea-af44-4788-9be9-ac7252aab03f,Avila Gruppe,Private,2,58398.57504,Hotel; Dev Site,Wiesbaden; Berlin,Other General; Hotel; Dev Site,Aachen; Berlin; Wiesbaden,North Rhine-Westphalia; Berlin; Hesse,,2025-05-12 00:00:00
768,0fbaa322-cfc9-49a0-9973-f0f8885fd9ff,SID Bau und Immobilien,Private,2,43998.9264,Dev Site; Industrial,Munich,Retail; Dev Site; Industrial,Munich; Friedberg (Hessen); Garching bei Munchen,Bavaria; Hesse,,2025-08-04 00:00:00
769,062bdcf7-b86e-4fa1-bcc8-b8276e368fae,Bouwinvest,Institutional,2,3749.9085,Condo; Dev Site,Offenbach am Main; Berlin,Office; Condo; Dev Site,Munich; Offenbach am Main; Berlin,Bavaria; Hesse; Berlin,BPF Bouwinvest,2025-09-01 00:00:00
770,6bd5901c-d289-4385-96e6-39df27c5513f,GEBAG,User/Other,2,329991.948,Dev Site,Duisburg,Dev Site; Office; Apartment,Duisburg,North Rhine-Westphalia,Haus Ruhrort,2026-01-30 00:00:00
771,6b936edc-8334-41c8-90bd-51aa00119e2f,Terra Kapitalverwaltung AG,Institutional,2,44368.917372,Office; Dev Site,Olpe; Cologne,Office; Dev Site,Olpe; Cologne,North Rhine-Westphalia,,2026-05-04 00:00:00
772,f0b8f605-c25a-4b3f-a676-51db14a9e664,State of Hesse,User/Other,2,8699.78772,Office; Dev Site,Offenbach am Main; Berlin,Office; Dev Site,Wiesbaden; Frankfurt am Main; Kassel,Hesse; Berlin,,2026-02-06 00:00:00
773,08605e68-ffef-476e-a2cf-971ddd25dbdd,Blue Coast Capital,Institutional,2,30432.2574348,Hotel,Hamburg; Munich,Hotel,Hamburg; Munich,Hamburg; Bavaria,UK & European Investments,2025-05-01 00:00:00
774,eeed9e76-48bc-420c-bf83-ed0f5c6ea4f6,Realiance,Private,2,29322.2845188,Dev Site,Schonefeld; Mannheim,Dev Site; Apartment; Condo,Mannheim; Schonefeld,Baden-Wurttemberg; Brandenburg,,2026-02-19 00:00:00
775,9d526e9a-3f78-4b9e-b7c0-0eaed3f484ff,Alfred Karcher SE,User/Other,2,117997.1208,Dev Site,Schwaikheim; Winnenden,Dev Site; Industrial,Schwaikheim; Illingen; Winnenden,Baden-Wurttemberg,,2026-04-14 00:00:00
776,299d4d95-3c84-4242-944f-616c929e8de1,TwentyTwo RE,Institutional,2,74998.17,Hotel; Other Hospitality,Leutkirch im Allgau,Hotel; Other Hospitality,Leutkirch im Allgau,Baden-Wurttemberg,,2023-10-11 00:00:00
777,fb65b9d0-2ffc-48cc-8aad-f88f1218a61f,thyssenkrupp,User/Other,2,26199.2358624,Industrial; Dev Site,Bochum; Olfen,Dev Site; Industrial; Office,Essen; Bochum; Dortmund,North Rhine-Westphalia; Bavaria; Berlin,ThyssenKrupp AG,2026-02-10 00:00:00
778,bdf8dd56-fdfa-4314-bca4-6188b4cb0df1,Mirastar,Private,2,95591.6675064,Industrial,Burgwedel; Duisburg,Industrial,Burgwedel; Duisburg,Lower Saxony; North Rhine-Westphalia,,2025-12-29 00:00:00
779,acf57894-b964-4cc7-b4ad-94445c755690,J Bunting Beteiligungs AG,Private,2,12719.689632,Dev Site,Barssel; Ascheberg,Retail; Dev Site,Ascheberg; Friesoythe; Rieste,Lower Saxony; North Rhine-Westphalia,,2026-03-24 00:00:00
780,d394cb3e-4e65-4bb9-ad49-29d63918eeae,Thielemann Holding GmbH,Institutional,2,80998.0236,Dev Site; Office,Krefeld; Munich,Dev Site; Office,Krefeld; Munich,North Rhine-Westphalia; Bavaria,,2026-03-18 00:00:00
781,1c015adb-c7a8-4f30-86eb-1bbb3d68f9f2,City of Paderborn,User/Other,2,182794.1246272,Office; Dev Site,Paderborn,Dev Site; Office,Paderborn,North Rhine-Westphalia,,2025-12-18 00:00:00
782,93887f88-02ab-445f-b27f-b2748706c40c,Franklin Templeton Investments,Institutional,2,18499.5486,Office; Other Hospitality,Dortmund; Frankfurt am Main,Office; Other Hospitality,Dortmund; Frankfurt am Main,North Rhine-Westphalia; Hesse,Franklin Real Asset Advisors,2026-05-19 00:00:00
783,37f0d348-8b67-4c4d-b057-91663582b170,Easternmed Real Estate Capital PLC,Private,2,17999.5608,Office,Hamburg; Munich,Office,Hamburg; Munich,Hamburg; Bavaria,,2025-10-28 00:00:00
784,1662e7b6-2383-47f6-a6ba-132048494cdb,Hofheimer Wohnungsbau,Private,2,11149.72794,Dev Site; Apartment,Hofheim am Taunus,Dev Site; Apartment,Hofheim am Taunus,Hesse,,2025-12-19 00:00:00
785,6aa7f831-b9b9-41cd-96f9-9ade06a5789b,LogProject,Private,2,114931.1956104,Dev Site,Dusseldorf; Giengen an der Brenz,Industrial; Dev Site,Isenbuttel; Dusseldorf; Langenfeld (Rheinland),North Rhine-Westphalia; Lower Saxony; Baden-Wurttemberg,,2025-02-13 00:00:00
786,bd5657ae-402e-4677-a035-dc18a547bcae,Stiftung EVZ,User/Other,2,5299.87068,Apartment; Office,Berlin,Apartment; Office,Berlin,Berlin,,2026-05-04 00:00:00
787,e5638739-58dd-494a-8d53-cffb0464e407,Schomaker Baugruppe,Private,2,15245.6279976,Retail,Aurich; Nordhorn,Retail,Aurich; Nordhorn,Lower Saxony,,2026-03-03 00:00:00
788,8ea03d46-2534-4f6d-8ea6-32934238fbb4,INWO - Bau GmbH,Private,2,40998.9996,Dev Site; Retail,Ludwigshafen am Rhein; Bruchsal,Retail; Dev Site; Industrial,Ludwigshafen am Rhein; Bruchsal; Kronau,Baden-Wurttemberg; Rhineland-Palatinate,,2025-11-01 00:00:00
789,4837ab3d-ab80-444b-a4ce-cf975a698123,City of Bad Homburg,User/Other,2,10114.753194,Apartment,Bad Homburg vor der Hohe,Apartment; Dev Site; Office,Bad Homburg vor der Hohe,Hesse,,2025-05-21 00:00:00
790,1369a30d-2930-4791-a49b-8bc640ac111c,Acta Group,Private,2,2449.94022,Apartment,Kaiserslautern; Kusel,Apartment,Kaiserslautern; Kusel,Rhineland-Palatinate,,2024-11-06 00:00:00
791,bedae149-7ac2-4bf4-bc13-f95e93bfbb69,Periskop Partners AG,Institutional,2,260525.6430192,Industrial; Dev Site,Wolfsburg; Duisburg,Industrial; Dev Site,Wolfsburg; Duisburg,Lower Saxony; North Rhine-Westphalia,,2026-06-18 00:00:00
792,7f9827fe-1679-4bda-be53-dfed6ec289b7,VidaCura GmbH,Private,2,12329.699148,Seniors Housing & Care,Nordkirchen; Witten,Seniors Housing & Care,Nordkirchen; Witten,North Rhine-Westphalia,,2024-11-05 00:00:00
793,77ccc116-7cad-4ef2-a472-81356624e735,Hilfswerk-Siedlung GmbH,Private,2,7579.815048,Apartment,Bernau bei Berlin; Berlin,Apartment,Bernau bei Berlin; Berlin,Brandenburg; Berlin,,2026-03-09 00:00:00
794,c58f3539-6edd-485e-8cd9-16d2ed9cd10e,City of Darmstadt,User/Other,2,2915.9288496,Office; Seniors Housing & Care,Darmstadt,Dev Site; Office; Seniors Housing & Care,Darmstadt; Dieburg,Hesse,,2024-11-25 00:00:00
795,e58d9ddf-51e8-4bd8-b19e-b89346f88fde,Wohn + Stadtbau,User/Other,2,9205.7753736,Dev Site,Munster,Dev Site,Munster,North Rhine-Westphalia,,2025-01-06 00:00:00
796,59e6aef8-965d-4a77-a419-1b54b4f30420,KVBW,Institutional,2,35299.13868,Office; Apartment,Dusseldorf; Karlsruhe,Office; Apartment,Dusseldorf; Karlsruhe,North Rhine-Westphalia; Baden-Wurttemberg,,2026-07-07 00:00:00
797,2cee0601-ba33-43bf-86f6-92f7a8b1de75,Stihl,User/Other,2,57598.59456,Dev Site; Industrial,Waiblingen,Dev Site; Industrial,Waiblingen,Baden-Wurttemberg,,2025-04-07 00:00:00
798,c1ba3599-87c8-42e3-bd88-88a8bb3b4a72,Inka AG,Private,2,9441.7696152,Hotel; Parking Facility,Munich,Hotel; Parking Facility,Munich,Bavaria,,2025-12-19 00:00:00
799,e46899bc-0c26-4879-84a2-43c028426157,Stumpf AG,Private,2,86397.89184,Retail,Munich; Berlin,Retail; Office,Munich; Berlin; Stuttgart,Bavaria; Berlin; Baden-Wurttemberg,M+W,2025-12-15 00:00:00
800,2d7e8106-b093-4ddc-85f3-1788e308b489,pantera AG,Private,2,52298.72388,Dev Site,Berlin; Dusseldorf,Dev Site; Hotel; Apartment,Berlin; Aschheim; Dusseldorf,Berlin; Bavaria; North Rhine-Westphalia,,2026-02-04 00:00:00
801,93b1289d-5427-4e54-98ef-dec0c6c8a436,BBV,Institutional,2,41844.9789576,Office; Dev Site,Munich; Dusseldorf,Office; Retail; Dev Site,Munich; Wiesbaden; Ingolstadt,Bavaria; Hesse; Saarland,Pangaea Life Capital Partners,2025-12-12 00:00:00
802,0dff97e9-3953-457c-8a08-7a0ac1197517,PentaF AG,Private,2,44766.9076608,Industrial; Office,Bischofswerda; Dresden,Industrial; Office,Bischofswerda; Dresden,Saxony,,2025-03-27 00:00:00
803,4c48b00f-c8f6-419c-a5d2-da2b723242e8,Per Invest GmbH,Private,2,9172.776178799999,Office,Dusseldorf; Ludwigsburg,Office,Dusseldorf; Ludwigsburg,North Rhine-Westphalia; Baden-Wurttemberg,,2026-06-22 00:00:00
804,8abbb72c-52b4-417e-b029-81df2c03a1ae,Suddeutsche Grund u. Immo,Private,2,5399.86824,Apartment,Landstuhl,Apartment,Landstuhl,Rhineland-Palatinate; North Rhine-Westphalia,,2025-10-09 00:00:00
805,da32a401-ca88-4a05-9b86-c495b7009ce4,General Dynamics,User/Other,2,27499.329,Industrial,Augsburg; Sembach,Industrial,Augsburg; Sembach,Bavaria; Rhineland-Palatinate,General Dynamics European Land Systems,2026-06-18 00:00:00
806,301b93d4-6287-4ec5-845f-5d6347b94c3a,ABID,Private,2,26999.3412,Dev Site,Limburg an der  Lahn; Hadamar,Dev Site,Limburg an der  Lahn; Hadamar,Hesse,,2025-09-15 00:00:00
807,4c48b00f-c8f6-419c-a5d2-da2b723242e8,Titus Wohnen,Private,2,13879.661328,Apartment,Neustadt an der Weinstrasse; Frankenthal (Pfalz),Apartment,Neustadt an der Weinstrasse; Frankenthal (Pfalz),Rhineland-Palatinate,,2026-05-12 00:00:00
808,258fd298-7d48-49a9-9432-96365093fb75,Upscale Real Estate,Private,2,12515.6946096,Industrial; Retail,Waltrop; Solingen,Dev Site; Industrial; Retail,Waltrop; Solingen,North Rhine-Westphalia,,2026-04-01 00:00:00
809,6f69ea3b-881f-44df-ad37-f4628f75818e,Raiffeisenlandesbank Oberosterreich,Institutional,2,18047.5596288,Office,Munich; Aschheim,Office,Munich; Aschheim,Bavaria,Real-Treuhand Immobilien,2024-12-15 00:00:00
810,29e117f8-6862-48e6-b622-699165427af2,Horst Schenk Projektentwicklung GmbH,Private,2,9995.7560976,Office; Dev Site,Bad Kreuznach; Frankfurt am Main,Office; Dev Site,Bad Kreuznach; Frankfurt am Main,Rhineland-Palatinate; Hesse,,2025-06-30 00:00:00
811,3ef719d0-18d8-4d88-aabf-80a3215989af,Novaxia Investissement,Private,2,8511.7923072,Hotel,Bremen; Dresden,Hotel,Bremen; Dresden,Bremen; Saxony,,2024-11-13 00:00:00
812,d4b0d333-45b3-4ca7-88c1-ba6b3d884702,Neo SCPI,Private,2,8511.7923072,Hotel,Bremen; Dresden,Hotel,Bremen; Dresden,Bremen; Saxony,,2024-11-13 00:00:00
813,209ca83a-4f8b-4888-9d91-1def05de00aa,3U Holding,User/Other,2,9499.768199999999,Data Center; Industrial,Hanover; Buchholz (Westerwald),Data Center; Dev Site; Industrial,Hanover; Marburg; Buchholz (Westerwald),Lower Saxony; Hesse; Rhineland-Palatinate,,2025-06-05 00:00:00
814,85d50bf4-fd47-4103-945b-5da4ebd92465,United Benefits,Institutional,2,16579.595448,Office; Apartment,Ismaning; Furth,Office; Apartment,Ismaning; Furth,Bavaria,Wealthcore,2026-01-13 00:00:00
815,3597be53-b3a9-44dd-bc95-b36c7346ad12,MB Park Deutschland,Private,2,10399.74624,Industrial; Dev Site,Lindau (Bodensee); Oberursel (Taunus),Industrial; Office; Dev Site,Idstein; Hofheim am Taunus; Oberursel (Taunus),Hesse; Bavaria,,2026-04-15 00:00:00
816,abad3be0-aaf7-42e8-ab87-a88e220b0684,Wohnungsbau-Genossenschaft Kontakt e.G.,User/Other,2,,Apartment,Leipzig,Apartment,Leipzig,Saxony,,2025-12-31 00:00:00
817,e50fb1b9-a87b-40f5-b720-45becfdc11aa,Procimmo SA,Institutional,2,13459.671576,Industrial; Dev Site,Offenbach am Main; Essen,Industrial; Dev Site,Offenbach am Main; Essen,Hesse; North Rhine-Westphalia,,2026-03-18 00:00:00
818,e27ce0ab-e4d8-4aa2-b8d3-741c26f635e6,Aktion Mensch e.V. DE,User/Other,2,4939.879464,Dev Site; Other General,Unna; Essen,Dev Site; Other General,Unna; Essen,North Rhine-Westphalia,,2024-09-25 00:00:00
819,4066293f-ab54-4547-9ce4-e34b47b5a683,Cresco Group,Private,2,43298.94348,Office; Hotel,Berlin,Office; Hotel,Berlin,Berlin,,2025-10-27 00:00:00
820,95b044eb-c6a9-40f1-abc9-2e6f89406b25,Core Property,Institutional,2,4667.8861008,Apartment; Retail,Cologne; Hanover,Apartment; Retail,Cologne; Hanover; Hamburg,North Rhine-Westphalia; Lower Saxony; Hamburg,,2024-12-20 00:00:00
821,9bcf19b8-92c0-46f7-9815-a3f61c7a214e,BILTON Holding AG,Private,2,39999.024,Office; Apartment,Hamburg,Office; Apartment,Hamburg,Hamburg,,2024-09-04 00:00:00
822,4c48b00f-c8f6-419c-a5d2-da2b723242e8,Family Office,Private,2,3999.9024,Industrial; Office,Kaufbeuren; Schonaich,Retail; Apartment; Industrial,Frankfurt am Main; Leipzig; Kaufbeuren,Hesse; Saxony; Bavaria,,2026-01-20 00:00:00
823,2b774e34-8032-43ce-a5d8-e086599c4bf1,Iremis,Institutional,2,22999.4388,Hotel,Berlin; Dresden,Hotel,Berlin; Dresden,Berlin; Saxony,,2025-09-01 00:00:00
824,e27ce0ab-e4d8-4aa2-b8d3-741c26f635e6,"Clarios, LLC.",User/Other,2,35899.12404,Industrial,Braubach; Bobritzsch-Hilbersdorf,Industrial,Braubach; Bobritzsch-Hilbersdorf,Rhineland-Palatinate; Saxony,,2026-05-04 00:00:00
825,fa4b0dbd-18d5-422b-9d08-7b2f61bd18ba,Penta Infra,Private,2,5099.87556,Data Center,Leipzig; Unterschleissheim,Data Center,Leipzig; Unterschleissheim,Saxony; Bavaria,,2026-01-28 00:00:00
826,4c48b00f-c8f6-419c-a5d2-da2b723242e8,Erbe Elektromedizin GmbH,Private,2,26499.3534,Industrial; Dev Site,Tubingen; Rottenburg am Neckar,Industrial; Dev Site,Tubingen; Rottenburg am Neckar,Baden-Wurttemberg,,2026-06-23 00:00:00
827,6ce3a6f2-9097-4b49-9949-bc9cd501028a,Fontas Gruppe,Private,2,11977.7077368,Hotel; Office,Freiburg im Breisgau; Duisburg,Hotel; Office,Freiburg im Breisgau; Duisburg,Baden-Wurttemberg; North Rhine-Westphalia,,2024-09-10 00:00:00
828,4347380e-a08f-4d43-af6c-ccc1814f67cc,Bayer AG,User/Other,2,7499.817,Apartment,Frankfurt am Main; Wuppertal,Apartment; Office; Industrial,Wuppertal; Berlin; Leverkusen,North Rhine-Westphalia; Hesse; Berlin,,2025-05-19 00:00:00
829,221d9e4f-c216-4931-bfa7-48b8cefe4a5a,Mutschler Immobilien,Private,2,24259.408056,Retail; Dev Site,Geislingen an der Steige; Soltau,Retail; Office; Dev Site,Soltau; Geislingen an der Steige; Munich,Bavaria; Lower Saxony; Baden-Wurttemberg,,2026-01-13 00:00:00
830,071cd354-bbb3-4c2f-96ca-b651f692723c,BRAWO RE Management GmbH,Private,2,89662.81217399999,Dev Site,Potsdam; Bochum,Dev Site,Marl; Potsdam; Bochum,North Rhine-Westphalia; Brandenburg,,2026-02-27 00:00:00
831,ca3822a5-fa5b-4269-8fa6-a248f6789d8e,Munich Residential GmbH,Private,2,8879.783328,Office,Munich,Office; Dev Site,Munich; Nuremberg,Bavaria,,2025-04-01 00:00:00
832,8a259824-b60d-42b9-971c-960ab3f1c09d,Inmobiliaria Colonial SOCIMI SA,Public,2,46698.86052,Office,Berlin,Office,Berlin,Berlin,,2026-07-03 00:00:00
833,d5e70ef7-73e7-4ca4-a254-64e6a040f90a,LCN Capital,Institutional,2,65498.4018,Industrial,Hanover; Schkeuditz,Industrial,Hanover; Schkeuditz; Cologne,Lower Saxony; Saxony; North Rhine-Westphalia,,2026-04-16 00:00:00
834,61115320-d2ea-4316-95ab-eacecf0a2592,Brimmo GmbH,Private,2,8682.7881348,Apartment; Office,Herford; Braunschweig,Apartment; Office,Herford; Braunschweig,North Rhine-Westphalia; Lower Saxony,,2025-03-24 00:00:00
835,4c48b00f-c8f6-419c-a5d2-da2b723242e8,Variond Holding GmbH,Private,2,7363.8203184,Apartment,Plauen; Taucha,Apartment,Plauen; Taucha,Saxony,,2025-10-01 00:00:00
836,eaf4bf3d-c951-4ad1-b40f-9ac89e8e102a,Stadt Bergen,User/Other,2,211524.838668,Dev Site,Bergen,Dev Site,Bergen,Lower Saxony,,2026-03-27 00:00:00
837,61dad259-2ba2-4d3f-bd44-7b74e7cc3dec,OMEGA Immobilien Group,Institutional,2,6299.84628,Dev Site; Seniors Housing & Care,Duisburg; Stetten am kalten Markt,Dev Site; Apartment; Seniors Housing & Care,Duisburg; Munich; Stetten am kalten Markt,North Rhine-Westphalia; Bavaria; Baden-Wurttemberg,,2026-04-02 00:00:00
838,55a05f85-fd97-48e9-b97e-396c42b05fe4,GDD Development GmbH,Private,2,79498.0602,Dev Site,Bielefeld,Dev Site; Industrial,Bielefeld,North Rhine-Westphalia,,2024-07-30 00:00:00
839,6c47ba77-16d1-443f-b06a-1850c6de3e1b,Qcoon GmbH,Private,2,12999.6828,Dev Site; Hotel,Mannheim; Munich,Dev Site; Hotel,Mannheim; Munich,Baden-Wurttemberg; Bavaria,,2025-06-02 00:00:00
840,928b4992-2f80-438b-b3b8-89f7402e9db9,Sportspar GmbH,User/Other,2,17599.57056,Industrial,Eilenburg; Walow,Industrial,Eilenburg; Walow,Saxony; Mecklenburg-West Pomerania,,2025-05-27 00:00:00
841,d02d51ef-fcdb-4b9c-a8ec-04f3ff8de69d,Stoke Park Capital,Private,2,64015.4379852,Office; Retail,Berlin,Retail; Office,Papenburg; Berlin,Lower Saxony; Berlin,,2025-07-04 00:00:00
842,d95b16c1-1b30-4aa5-bb0f-8b3b14cb2769,dm-drogerie markt,User/Other,2,166647.9336912,Dev Site; Retail,Wustermark; Heidelberg,Dev Site; Retail,Wustermark; Heidelberg,Brandenburg; Baden-Wurttemberg,,2024-09-24 00:00:00
843,cf1b59d6-b346-4329-a988-36f9e52cdf24,Markus Mertens Vermogensverwaltung GmbH,Private,2,11409.721596,Industrial; Office,Essen; Mulheim an der Ruhr,Retail; Industrial; Office,Menden (Sauerland); Essen; Mulheim an der Ruhr,North Rhine-Westphalia,,2025-10-30 00:00:00
844,37dcca1e-e0fc-4c6b-8cd9-0429ab2e9296,Vector Real Estate,Private,2,8049.80358,Dev Site; Office,Berlin; Dusseldorf,Dev Site; Office,Berlin; Dusseldorf,Berlin; North Rhine-Westphalia,,2024-12-15 00:00:00
845,9d3729c9-f3be-4e96-86c3-a486bc7eab0c,PK der Genossenschaft,Institutional,2,8799.78528,Office,Munich; Alsfeld,Office,Munich; Alsfeld,Bavaria; Hesse,,2025-03-18 00:00:00
846,263b7779-ca3d-4e35-a74f-604bf56d1ee6,City of Ingolstadt,User/Other,2,769974.96912,Retail; Dev Site,Ingolstadt,Dev Site; Retail,Ingolstadt,Bavaria,,2025-02-13 00:00:00
847,face5001-a9ad-47f0-8033-a7e7e71b8777,Stoneweg SA,Institutional,2,36578.1074724,Industrial,Duisburg; Jena,Industrial,Duisburg; Jena,North Rhine-Westphalia; Thuringia,,2025-01-30 00:00:00
848,e1be074e-312f-4910-9210-d86e1eea3769,HIPE Immobilien,Private,2,5799.85848,Dev Site,Hamburg,Dev Site; Apartment; Office,Hamburg,Hamburg,,2024-08-20 00:00:00
849,99644705-37e3-4f8a-ab0a-2b9a132e2534,Transgourmet,User/Other,2,181994.3938624,Industrial; Dev Site,Eichenau; Bubesheim,Industrial; Dev Site,Eichenau; Bubesheim,Bavaria,,2025-05-07 00:00:00
850,4c48b00f-c8f6-419c-a5d2-da2b723242e8,JustStay GmbH,Private,2,,Hotel,Rheine; Hirschaid,Hotel,Rheine; Hirschaid,North Rhine-Westphalia; Bavaria,,2025-06-01 00:00:00
851,3174872d-78bf-4224-ac3c-c8a998ba9ffa,Signal Capital Partners,Institutional,2,79867.0511964,Retail,Mulheim an der Ruhr,Retail,Mulheim an der Ruhr,North Rhine-Westphalia,,2026-06-09 00:00:00
852,4c48b00f-c8f6-419c-a5d2-da2b723242e8,NORTES Real Estate GmbH,Private,2,6611.8386672,Office; Apartment,Lehrte; Schwerin,Office; Apartment,Lehrte; Schwerin,Lower Saxony; Mecklenburg-West Pomerania,,2025-10-02 00:00:00
853,cc33fb28-3a9b-48c0-b39e-82f5c422373f,Lenz & Saas,Private,2,5479.866288,Retail; Apartment,Aarbergen; Berlin,Retail; Apartment,Aarbergen; Berlin,Hesse; Berlin,,2025-11-28 00:00:00
854,3c339e0a-693c-4b62-9fd6-e5575e44b5dd,Theoreim,Institutional,2,35530.1330436,Industrial,Horstmar der Burgmannshofe; Espelkamp,Industrial,Horstmar der Burgmannshofe; Espelkamp,North Rhine-Westphalia,,2024-08-31 00:00:00
855,a02bbd06-60bc-437b-b28a-2be10d17684a,Log In #SCPI - Theoreim,Private,2,35530.1330436,Industrial,Horstmar der Burgmannshofe; Espelkamp,Industrial,Horstmar der Burgmannshofe; Espelkamp,North Rhine-Westphalia,,2024-08-31 00:00:00
856,d9c9fbfe-224f-4e4c-af21-d4768792bba0,Clarion Gramercy,Institutional,2,59998.53599999999,Industrial,Durrholz; Grossbeeren,Industrial,Durrholz; Grossbeeren; Offenau,Rhineland-Palatinate; Brandenburg; Baden-Wurttemberg,,2026-02-23 00:00:00
857,59ef4f7c-1108-42ac-862a-762ea606a321,Boudier Logistics GmbH,User/Other,2,67498.353,Industrial; Retail,Mastershausen; Neunkirchen,Industrial; Retail,Mastershausen; Neunkirchen,Rhineland-Palatinate; Saarland,,2026-02-27 00:00:00
858,9acce215-0cc5-45a3-b609-1d7fa4ddea4c,Dr. Hans Riegel-Stiftung,Private,2,38899.05084,Office,Bonn,Office,Bonn,North Rhine-Westphalia,,2024-11-18 00:00:00
859,4c48b00f-c8f6-419c-a5d2-da2b723242e8,Norddeutscher Bautrager GmbH,Private,2,17216.5799052,Apartment,Cologne,Apartment,Cologne,North Rhine-Westphalia,,2025-11-06 00:00:00
860,4a87143d-a62c-4613-b87a-bc6d34ee1991,Columbia Capital,Institutional,2,5499.8658,Data Center,Berlin,Data Center,Berlin,Berlin,,2025-11-10 00:00:00
861,d3f50add-8c43-4e73-91e2-de5f3fe8738d,Stonepeak,Institutional,2,5499.8658,Data Center,Berlin,Data Center,Berlin,Berlin,,2025-11-10 00:00:00
862,4c48b00f-c8f6-419c-a5d2-da2b723242e8,per invest GmbH,Private,2,7164.825174000001,Office,Stuttgart; Mannheim,Office,Stuttgart; Mannheim,Baden-Wurttemberg,,2025-11-10 00:00:00
863,bacf2d0e-08af-4c1f-860a-c195217da819,Today Real Estate Development,Private,2,14259.652056,Dev Site,Dusseldorf; Neuss,Dev Site,Neuss; Dusseldorf,North Rhine-Westphalia,,2026-03-19 00:00:00
864,2d0a6237-c3b9-443b-9fcb-ccfe1ce07ec2,Nexus Investment GmbH,Private,2,11664.715374,Dev Site,Dusseldorf,Dev Site,Dusseldorf,North Rhine-Westphalia,,2025-04-24 00:00:00
865,eaf4bf3d-c951-4ad1-b40f-9ac89e8e102a,Stadt Metzingen,User/Other,2,12999.6828,Dev Site,Metzingen,Dev Site,Metzingen,Baden-Wurttemberg,,2025-08-20 00:00:00
866,c4ac7393-90a8-41ba-9e0b-ce45dba64087,Muller Spreer AG,Institutional,2,17599.57056,Retail; Office,Hamburg,Retail; Office,Hamburg,Hamburg,,2024-12-31 00:00:00
867,998ce89d-361e-4570-8335-fb30bd9197e0,Readcrest Capital AG ,Public,2,19999.512,Dev Site,Schwerin; Halle (Saale),Dev Site,Schwerin; Halle (Saale),Mecklenburg-West Pomerania; Saxony-Anhalt,,2026-03-13 00:00:00
868,179418f9-c059-4d79-9208-e4181abd4674,Coeur d'Europe,Private,2,17423.5748544,Retail,Halberstadt,Retail,Halberstadt,Saxony-Anhalt,,2026-01-31 00:00:00
869,aa07e1fc-0b04-496a-bc05-31208e830076,Woolworth Group,Private,2,181995.5592,Retail; Dev Site,Volklingen; Kamen,Retail; Dev Site,Volklingen; Berlin; Kamen,Saarland; Berlin; North Rhine-Westphalia,,2025-09-05 00:00:00
870,f23910f5-03da-495c-852c-d609cebb9364,Schroder Immobilien,Private,2,14039.4196,Dev Site; Industrial,Winsen (Luhe); Bremen,Dev Site; Office; Industrial,Winsen (Luhe); Berlin; Bremen,Lower Saxony; Berlin; Bremen,,2026-05-05 00:00:00
871,6bb99192-626f-4dab-b002-d73417159eac,SiteBySite,Private,2,7224.82371,Office; Dev Site,Monchengladbach,Office; Dev Site,Monchengladbach,North Rhine-Westphalia,,2025-01-28 00:00:00
872,0ccd216d-4434-4cb5-8303-8f2b866ae443,VR Bank RheinAhrEifel eG,Institutional,2,10849.73526,Hotel; Office,Koblenz,Hotel; Office,Koblenz,Rhineland-Palatinate,,2025-10-07 00:00:00
873,eaf4bf3d-c951-4ad1-b40f-9ac89e8e102a,Stadt Ludinghausen,User/Other,2,51998.73119999999,Dev Site,Ludinghausen,Dev Site,Ludinghausen,North Rhine-Westphalia,,2025-09-11 00:00:00
874,654ee99e-c73e-4231-943f-79b3ec9437c9,Atland,Private,2,5999.8536,Other Hospitality; Hotel,Medebach; Duisburg,Other Hospitality; Hotel,Medebach; Duisburg,North Rhine-Westphalia,Atland Voisin,2025-04-30 00:00:00
875,ba5ffc81-00d4-43a4-9ae0-62d11b19f805,Epargne Pierre Europe,Private,2,5999.8536,Other Hospitality; Hotel,Medebach; Duisburg,Other Hospitality; Hotel,Medebach; Duisburg,North Rhine-Westphalia,,2025-04-30 00:00:00
876,8797b0fb-fbaf-4fc0-a874-fecd749497ca,Therme Group,Private,2,184995.486,Hotel; Other General,Erding,Hotel; Other General,Erding,Bavaria,,2024-12-12 00:00:00
877,12cb9df0-aa1b-4826-8805-8fd68967902f,HB-Immobilien,Private,2,3899.90484,Office; Retail,Magdeburg,Office; Retail; Apartment,Magdeburg; Naumburg (Saale),Saxony-Anhalt,,2025-03-14 00:00:00
878,e27ce0ab-e4d8-4aa2-b8d3-741c26f635e6,RWG Rheinland,User/Other,2,9399.77064,Dev Site,Heiligenhaus; Monchengladbach,Dev Site,Heiligenhaus; Monchengladbach,North Rhine-Westphalia,,2024-11-27 00:00:00
879,08825024-b8ec-4f8e-a210-043ca9cc6743,Rockfield Real Estate,Private,2,21312.4799628,Apartment,Aachen; Berlin,Apartment,Aachen; Berlin,North Rhine-Westphalia; Berlin,,2025-09-22 00:00:00
880,4c48b00f-c8f6-419c-a5d2-da2b723242e8,Melio Real GmbH,Private,2,31334.235426,Apartment,Bergisch Gladbach,Apartment,Bergisch Gladbach,North Rhine-Westphalia,,2026-01-19 00:00:00
881,e88f1c9c-5348-4e4d-b858-b3fb495132e4,ARUXIA GmbH,Institutional,2,10034.755146,Apartment,Usingen; Stadtallendorf,Apartment,Usingen; Stadtallendorf,Hesse,,2025-10-03 00:00:00
882,4c48b00f-c8f6-419c-a5d2-da2b723242e8,Peters Development GmbH,Private,2,16999.5852,Dev Site; Industrial,Magdeburg; Neustadt am Rubenberge,Dev Site; Industrial,Magdeburg; Neustadt am Rubenberge,Saxony-Anhalt; Lower Saxony,,2025-08-19 00:00:00
883,67cc0281-25d2-4d2b-b093-ae1194f44391,Capstone Vermogensverwaltung GmbH,Institutional,2,,Hotel; Apartment,Munich,Hotel; Apartment,Munich,Bavaria,,2024-11-15 00:00:00
884,2416e218-1fa7-4fb1-88cf-b95ece73ef36,NorthC Datacenters - DWS,Private,1,9499.7682,Dev Site,Neu-Isenburg,Data Center; Dev Site,Munich; Frankfurt am Main; Nuremberg,Bavaria; Hesse; Berlin,,2026-02-11 00:00:00
885,d077be15-38a6-47aa-8b1c-0a8300360dcc,Opcimmo,Institutional,1,49498.7922,Office,Munich,Office,Hamburg; Dusseldorf; Frankfurt am Main,Hamburg; North Rhine-Westphalia; Hesse,,2026-06-09 00:00:00
886,85100349-827b-48dd-ba71-68fa2277833c,City of Wuppertal,User/Other,1,5999.8536,Dev Site,Wuppertal,Dev Site; Office,Wuppertal,North Rhine-Westphalia,,2024-11-20 00:00:00
887,5694217f-8e00-4590-bb25-09b9cc781ced,ZECH Real Estate AG,Private,1,9999.756,Industrial,Willich,Office; Hotel; Retail,Hamburg; Cologne; Delmenhorst,North Rhine-Westphalia; Hamburg; Lower Saxony,DIH Deutsche Immobilien Holding,2025-08-04 00:00:00
888,b1c9df78-59b2-4702-80fc-73acd1163fab,Bertram Projektmanagement,Private,1,3999.9024,Retail,Hanover,Industrial; Office; Retail,Sarstedt; Hanover; Osnabruck,Lower Saxony; North Rhine-Westphalia,,2025-02-27 00:00:00
889,6acbc469-f398-403a-acda-630905d01d6f,EdgeConneX,Private,1,78626.0814768,Dev Site,Dietzenbach,Data Center; Dev Site; Industrial,Munich; Maintal; Heusenstamm,Hesse; Bavaria,,2024-12-31 00:00:00
890,4537490a-1bbd-4fe9-a24e-bc321f73703f,Maple Knoll Capital,Institutional,1,3632.881441,Office,Landshut,Office,Landshut; Dusseldorf; Munich,Bavaria; North Rhine-Westphalia,,2024-09-15 00:00:00
891,3c444a8a-476e-4bd9-8bcb-4799a37a5c78,HTB (Hanseatische Fondstreuhand GmbH),Institutional,1,3999.9024,Retail,Niederfullbach,Retail; Office,Hamburg; Bayreuth; Ettlingen,Bavaria; Hamburg; Baden-Wurttemberg,Noris Immobilienfonds Verwaltungs 9,2024-12-31 00:00:00
892,3efa1caa-a806-4801-b492-0012c3817743,Central Group,Private,1,59998.536,Retail,Berlin,Retail; Office,Dusseldorf; Berlin; Essen,North Rhine-Westphalia; Berlin,,2026-07-10 00:00:00
893,aa2eb8fa-7499-4825-9cce-cd9174f571ac,SAM Group,Institutional,1,10577.7418968,Office,Dusseldorf,Office; Seniors Housing & Care,Frankfurt am Main; Wittmund; Emden,Hesse; Lower Saxony; North Rhine-Westphalia,,2026-03-05 00:00:00
894,a7250bcc-ae19-4a9f-a7c5-0777d486fd1e,Ziegert Group,Private,1,25999.3656,Dev Site,Berlin,Dev Site; Apartment; Retail,Berlin; Glienicke/Nordbahn; Lengede,Berlin; Brandenburg; Lower Saxony,INCEPT,2025-06-26 00:00:00
895,9070e186-3275-4bed-996b-e14e342fe2b2,THI Holding GmbH & Co.KG,Private,1,11339.723304,Office,Stuttgart,Retail; Apartment; Office,Herten; Peine; Laatzen,Lower Saxony; North Rhine-Westphalia; Baden-Wurttemberg,,2025-11-15 00:00:00
896,49796445-c31c-4b9a-af10-3ac544db5ba7,City of Oldenburg,User/Other,1,1089964.3310144,Dev Site,Oldenburg (Oldenburg),Dev Site,Oldenburg (Oldenburg); Gremersdorf,Lower Saxony; Schleswig-Holstein,,2025-09-19 00:00:00
897,3fbb8bb6-1d5b-4aa2-a890-160ec69fa216,LIG Lammerting Immobilien Gruppe,Private,1,9999.756,Retail,Hof,Office; Dev Site; Hotel,Cologne; Dusseldorf; Karlsruhe,North Rhine-Westphalia; Baden-Wurttemberg; Bavaria,LIAG Lammerting Industriebau Gmbh; Lammerting,2025-10-30 00:00:00
898,24af671f-7a12-4fb7-9752-75c292e072e9,ERES REIT,Public,1,3632.881441,Office,Landshut,Office,Landshut; Dusseldorf,Bavaria; North Rhine-Westphalia,EC-REIT,2024-09-15 00:00:00
899,127eb389-744a-4bfd-a987-e2ecfa1c9022,thallos AG,Private,1,5599.86336,Office,Neu-Isenburg,Office; Retail; Dev Site,Leinfelden-Echterdingen; Radolfzell am Bodensee; Schwabisch Gmund,Baden-Wurttemberg; Hesse,,2026-04-30 00:00:00
900,c5d6c4ea-8d43-49cb-8937-43dd967bb2e8,TBR Immobilien Consulting,Private,1,1999.9512,Office,Cologne,Office; Industrial,Mannheim; Teningen; Dusseldorf,Baden-Wurttemberg; North Rhine-Westphalia,,2026-03-31 00:00:00
901,516fc53d-dbfd-40f0-a0ab-cbe6c25974d6,Sachsische Arzteversorgung,Institutional,1,1596.9610332,Office,Hamburg,Office,Frankfurt am Main; Hamburg,Hesse; Hamburg,,2025-06-04 00:00:00
902,2c2ddc89-81f0-4162-a91a-2dcbe09b3d87,Hannover Steel,Institutional,1,5289.870924,Office,Dortmund,Office,Bremen; Dortmund; Wietze,Bremen; North Rhine-Westphalia; Lower Saxony,,2025-01-22 00:00:00
903,4c6d3282-6eee-4302-b8f7-d47ee3f42075,Quilvest,Institutional,1,34999.146,Retail,Radolfzell am Bodensee,Retail; Office,Bergisch Gladbach; Offenbach am Main; Radolfzell am Bodensee,North Rhine-Westphalia; Hesse; Baden-Wurttemberg,,2025-09-02 00:00:00
904,45b8d585-1f8c-44c5-947d-86755ff7b1ce,TRS of Texas,Institutional,1,54998.658,Dev Site,Wedel,Retail; Dev Site,Laatzen; Wedel,Lower Saxony; Schleswig-Holstein,,2026-05-27 00:00:00
905,ec60ba0c-60d5-4ff2-922d-53146e43ac81,Hanseatische Immobilien -HIBB,Private,1,6799.83408,Office,Frankfurt am Main,Office; Apartment; Dev Site,Bremen; Hamburg; Frankfurt am Main,Bremen; Hamburg; Hesse,,2026-01-14 00:00:00
906,51f2ff8c-9494-4f4e-b0de-83d444f2195e,HELMA Eigenheimbau AG,Private,1,13493.6707464,Dev Site,Berlin,Dev Site; Other Hospitality,Kappeln; Berlin; Hanover,Schleswig-Holstein; Berlin; Lower Saxony,HELMA Wohnungsbau GmbH,2026-07-07 00:00:00
907,3628a9aa-39d0-44d4-96e9-84eff1cc6088,City of Kiel,User/Other,1,118997.0964,Industrial,Kiel,Dev Site; Industrial,Kiel,Schleswig-Holstein,,2026-04-16 00:00:00
908,6ad558af-a9e9-4df5-8dd4-9c49a7d684d4,TUV-Verband,User/Other,1,6999.8292,Dev Site,Dusseldorf,Dev Site; Office,Essen; Dusseldorf; Huckelhoven,North Rhine-Westphalia; Bavaria,TUV Nord; TUV Rheinland; TUV Sud,2025-12-02 00:00:00
909,69e678a9-b129-4f16-8a70-b8ec7427d30d,City of Bremerhaven,User/Other,1,,Hotel,Bremerhaven,Dev Site; Retail; Hotel,Bremerhaven,Bremen,,2024-10-01 00:00:00
910,c140a179-48c4-42c6-b65d-aa08c8e01476,HPE Hanseatische Projektentwicklung,Private,1,1999.9512,Condo,Potsdam,Office; Condo,Hamburg; Potsdam,Hamburg; Brandenburg,,2024-09-23 00:00:00
911,fb6ce1fb-9608-4844-8248-10f789dd897a,zwei.7 Holding GmbH,Institutional,1,6599.83896,Office,Nuremberg,Industrial; Apartment; Office,Osnabruck; Bonn; Nuremberg,Lower Saxony; North Rhine-Westphalia; Bavaria,,2026-01-28 00:00:00
912,6b9475ad-5c34-4d05-9ea5-5ec1a8794df6,Geiger Unternehmensgruppe,Private,1,41998.9752,Dev Site,Nersingen,Retail; Hotel; Dev Site,Nersingen; Nurtingen; Stuttgart,Bavaria; Baden-Wurttemberg,,2025-10-30 00:00:00
913,cd696113-8f93-41b7-898f-e2c6110b15ca,Focus Real Estate GmbH,Private,1,9599.76576,Office,Mettmann,Dev Site; Office; Seniors Housing & Care,Augsburg; Mettmann; Rheine,North Rhine-Westphalia; Bavaria,,2024-11-04 00:00:00
914,ec4d8a47-0f6d-4780-9935-64ed3baff3e2,Keppel DC REIT,Public,1,11779.712568,Data Center,Offenbach am Main,Data Center,Kelsterbach; Offenbach am Main,Hesse,,2025-03-24 00:00:00
915,ad2a0232-266a-4e51-a03a-6e868cf8f4e8,Cetrez & Bulut Grundstucksverwaltung OHG,Private,1,12999.6828,Retail,Heidelberg,Retail,Heidelberg,Baden-Wurttemberg,,2026-04-17 00:00:00
916,f2737732-f833-45ea-abed-3ba74aaccb2b,Wilhelm Wallbrecht,Private,1,3099.92436,Dev Site,Magdeburg,Apartment; Dev Site,Magdeburg; Hanover,Saxony-Anhalt; Lower Saxony,,2025-03-05 00:00:00
917,9c5e972c-cfba-4cbd-9638-3a6914ba0a78,City of Trier,User/Other,1,16499.5974,Retail,Trier,Dev Site; Retail,Trier,Rhineland-Palatinate,,2025-07-14 00:00:00
918,a8b85da5-277a-4b26-a070-06800951a7ba,Continental AG,User/Other,1,37599.08256,Dev Site,Hanover,Dev Site; Industrial,Aachen; Karben; Neu-Ulm,North Rhine-Westphalia; Hesse; Bavaria,,2026-02-06 00:00:00
919,1fa11265-ac82-4672-a6f7-2f01ab4e5fb4,Pheroh Gruppe,Private,1,,Hotel,Mulheim an der Ruhr,Industrial; Hotel; Apartment,Dusseldorf; Mulheim an der Ruhr; Pforzheim,North Rhine-Westphalia; Baden-Wurttemberg,,2026-06-30 00:00:00
920,b5c6c2dc-885c-4089-bd20-54cca5acade7,Maersk Group,User/Other,1,111997.2672,Dev Site,Duisburg,Office; Industrial; Dev Site,Duisburg; Hamburg,North Rhine-Westphalia; Hamburg,,2025-12-29 00:00:00
921,d45b8ca6-9450-42c7-81e8-5e68d9de0037,EDF Electricite de France,User/Other,1,26199.36072,Office,Berlin,Hotel; Office,Berlin,Berlin,,2025-09-01 00:00:00
922,20a74b26-420f-4040-81ea-b04a63af0b1b,Laffitte Pierre SCPI,Private,1,11499.7194,Office,Cologne,Office,Bremen; Cologne,Bremen; North Rhine-Westphalia,,2026-03-31 00:00:00
923,613cd660-72a4-4678-9718-86a5d3aca7d4,Accel Real Estate,Institutional,1,4639.886784,Office,Hennef (Sieg),Office,Dortmund; Neustadt an der Weinstrasse; Hennef (Sieg),North Rhine-Westphalia; Rhineland-Palatinate,,2025-01-22 00:00:00
924,4c48b00f-c8f6-419c-a5d2-da2b723242e8,ecoPARKS GmbH,Private,1,74998.17,Dev Site,Leipzig,Dev Site,Gelsenkirchen; Leipzig,North Rhine-Westphalia; Saxony,,2024-10-02 00:00:00
925,a0164493-1f64-4d0e-9cfd-1c65709cdeb7,Pontegadea,Private,1,118497.1086,Industrial,,Retail; Industrial,Berlin,Berlin,Ponte Gadea,2024-10-15 00:00:00
926,80c32d30-92a8-4671-85e9-a1d9e79c6cd8,Archigon Projektentwicklung,Private,1,1499.9634,Dev Site,Berlin,Dev Site; Apartment,Berlin,Berlin,,2025-08-05 00:00:00
927,571a6ecb-f746-42bc-bab7-5febb1a278af,Birkenstock,Private,1,17999.5608,Industrial,Dresden,Industrial,Wittichenau; Dresden,Saxony,,2025-09-25 00:00:00
928,d83aa846-966f-427a-9892-c3de1817c112,Boxheimer und Scheuermann,Private,1,13999.6584,Retail,Mannheim,Office; Retail,Mannheim; Dusseldorf,Baden-Wurttemberg; North Rhine-Westphalia,,2025-08-11 00:00:00
929,2914bc3c-3735-4b62-b6c8-e82f1b8c80fe,Werkmann UG,Private,1,12626.6919012,Retail,"Gelnhausen, Barbarossast., Krst.",Retail; Dev Site,"Friedberg (Hessen); Gelnhausen, Barbarossast., Krst.; Hattersheim am Main",Hesse,,2024-11-20 00:00:00
930,366a8611-2228-4865-8c19-ca662a45ee53,VSW Zahnarztekammer Schleswig-Holstein,Institutional,1,15608.6191404,Office,Augsburg,Office,Frankfurt am Main; Augsburg,Hesse; Bavaria,,2025-10-27 00:00:00
931,4c48b00f-c8f6-419c-a5d2-da2b723242e8,N17 Projects GmbH,Private,1,,Apartment,,Apartment,Cologne,North Rhine-Westphalia; Hesse,,2025-12-19 00:00:00
932,65cc8b63-3f90-4ffa-b025-fa01acabe888,Klaus-Michael Kuehne,Private,1,27999.3168,Office,Berlin,Office,Berlin; Hamburg,Berlin; Hamburg,,2025-10-15 00:00:00
933,e27ce0ab-e4d8-4aa2-b8d3-741c26f635e6,Tolke & Fischer,User/Other,1,13999.6584,Dev Site,Willich,Dev Site,Willich,North Rhine-Westphalia,,2025-04-03 00:00:00
934,eaf4bf3d-c951-4ad1-b40f-9ac89e8e102a,Stadt Emden,User/Other,1,,Parking Facility,Emden,Parking Facility,Emden,Lower Saxony,,2026-03-13 00:00:00
935,4c48b00f-c8f6-419c-a5d2-da2b723242e8,Besch Immobiliengruppe,Private,1,999.9756,Retail,Dusseldorf,Retail,Dusseldorf,North Rhine-Westphalia,,2025-03-04 00:00:00
936,46b8cb7d-bf4e-4a04-9d9c-43189990c0be,Projekton Immobilien,Private,1,3999.9024,Dev Site,Cologne,Dev Site; Apartment; Retail,Cologne; Langenfeld (Rheinland); Koblenz,North Rhine-Westphalia; Rhineland-Palatinate,,2025-04-09 00:00:00
937,4c48b00f-c8f6-419c-a5d2-da2b723242e8,ENIT GmbH,Private,1,7101.8267112,Office,Halle (Saale),Office,Halle (Saale),Saxony-Anhalt,,2025-01-01 00:00:00
938,c7f82fb6-bc26-4256-bea3-a186c4541635,Borchard Group,Private,1,2751.9328512,Office,Bonn,Apartment; Office,Bielefeld; Bonn,North Rhine-Westphalia,,2025-11-03 00:00:00
939,4c48b00f-c8f6-419c-a5d2-da2b723242e8,Euler Property GmbH,Private,1,4999.878,Dev Site,Neu-Isenburg,Dev Site,Neu-Isenburg,Hesse,,2025-06-25 00:00:00
940,a291f42a-e9c2-46c3-811f-25661e705041,City of Krefeld,User/Other,1,4499.8902,Dev Site,Krefeld,Dev Site; Office; Industrial,Krefeld,North Rhine-Westphalia,,2025-04-29 00:00:00
941,e27ce0ab-e4d8-4aa2-b8d3-741c26f635e6,SAPA Group,User/Other,1,12999.6828,Industrial,Waldbrol,Industrial,Waldbrol,North Rhine-Westphalia,,2025-03-19 00:00:00
942,4c48b00f-c8f6-419c-a5d2-da2b723242e8,Brand Real Estate GmbH,Private,1,11368.7225964,Office,Hanover,Office,Hanover; Ingersheim,Lower Saxony; Baden-Wurttemberg,,2025-08-26 00:00:00
943,bd5657ae-402e-4677-a035-dc18a547bcae,Allgemeiner Deutscher Automobil-Club e.V. (ADAC),User/Other,1,6149.84994,Dev Site,Greven,Dev Site; Hotel,Greven; Munich,North Rhine-Westphalia; Bavaria,,2024-12-18 00:00:00
944,7dd99e89-5997-42bc-b1da-40ef08d204e6,City of Munster,User/Other,1,14639.642784,Retail,Munster,Dev Site; Office; Retail,Munster,North Rhine-Westphalia; Hesse,WFM Munster,2024-12-13 00:00:00
945,4c48b00f-c8f6-419c-a5d2-da2b723242e8,Mabe.Immo,Private,1,15199.62912,Apartment,Gorlitz,Apartment,Gorlitz,Saxony,,2025-01-01 00:00:00
946,642d9c2b-e2e2-4a86-a5f0-daaecbe991f2,City of Oberhavel,User/Other,1,,Hotel,Oranienburg,Hotel,Oranienburg,Brandenburg,,2024-08-16 00:00:00
947,e27ce0ab-e4d8-4aa2-b8d3-741c26f635e6,VEDDER GmbH,User/Other,1,53998.6824,Dev Site,Ludinghausen,Dev Site,Ludinghausen,North Rhine-Westphalia,,2024-11-25 00:00:00
948,1b9bb476-29f7-42cc-b624-cb4864beba5d,City of Osnabruck,User/Other,1,369987.8921792,Dev Site,Osnabruck,Dev Site,Osnabruck,Lower Saxony,,2025-08-27 00:00:00
949,410f7520-4a22-477c-9d05-8fab0ab255f4,Roche,User/Other,1,39999.024,Dev Site,Ludwigsburg,Dev Site,Ludwigsburg,Baden-Wurttemberg,,2025-10-31 00:00:00
950,e27ce0ab-e4d8-4aa2-b8d3-741c26f635e6,Square Parks GmbH,User/Other,1,9999.756,Dev Site,Hamburg,Dev Site,Hamburg,Hamburg,,2026-03-10 00:00:00
951,eaf4bf3d-c951-4ad1-b40f-9ac89e8e102a,Stadt Gross-Gerau,User/Other,1,,Apartment,Gross-Gerau,Apartment,Gross-Gerau,Hesse,,2025-07-09 00:00:00
952,4a018619-2364-4067-a60a-08c841f6c90d,Immo Cube GmbH,Private,1,2699.93412,Office,Stuttgart,Office,Stuttgart,Baden-Wurttemberg,,2026-07-06 00:00:00
953,4c48b00f-c8f6-419c-a5d2-da2b723242e8,P Immobilien GmbH,Private,1,683.9833104,Apartment,Stuttgart,Apartment,Stuttgart,Baden-Wurttemberg,,2025-11-15 00:00:00
954,5b34e701-f7e9-4926-9715-3d307cecd8b0,Menerga GmbH,User/Other,1,5049.87678,Office,Mulheim an der Ruhr,Industrial; Office,Mulheim an der Ruhr,North Rhine-Westphalia,,2025-05-07 00:00:00
955,4c48b00f-c8f6-419c-a5d2-da2b723242e8,Kinderhut GmbH,Private,1,739.981944,Office,Essen,Office,Essen,North Rhine-Westphalia,,2025-03-17 00:00:00
956,b52a279b-ecab-4364-8c8e-02f921fa2841,CRX Real Estate,Private,1,4499.8902,Apartment,Berlin,Apartment; Industrial,Berlin; Walsrode,Berlin; Lower Saxony,Ruppmann Investment,2026-06-25 00:00:00
957,4c48b00f-c8f6-419c-a5d2-da2b723242e8,E3,Private,1,14299.65108,Retail,Hamburg,Retail,Hamburg,Hamburg,,2025-02-26 00:00:00
958,e27ce0ab-e4d8-4aa2-b8d3-741c26f635e6,Umweltservice Willgeroth GmbH,User/Other,1,9999.756,Dev Site,Rodewisch,Dev Site,Rodewisch,Saxony,,2026-05-14 00:00:00
959,4c48b00f-c8f6-419c-a5d2-da2b723242e8,Moselstern Hotels,Private,1,,Hotel,Bullay,Hotel,Bullay,Rhineland-Palatinate,,2026-05-05 00:00:00
960,4c48b00f-c8f6-419c-a5d2-da2b723242e8,KfH Kuratorium fur Dialyse und Nierentransplantation e.V.,Private,1,59998.536,Dev Site,Oldenburg (Oldenburg),Dev Site,Oldenburg (Oldenburg),Lower Saxony,,2025-09-19 00:00:00
961,ef8640f3-b42f-46eb-8886-04f30ba60607,Frey,Private,1,20999.4876,Retail,Wustermark,Retail,Wustermark,Brandenburg,,2025-05-04 00:00:00
962,4c48b00f-c8f6-419c-a5d2-da2b723242e8,S&P Sahlmann,Private,1,10999.7316,Dev Site,Leipzig,Dev Site,Leipzig,Saxony,,2025-03-18 00:00:00
963,08423514-e930-42de-b370-4d38a2e2b550,Hochtaunuskreis,User/Other,1,23349.43026,Office,Bad Homburg vor der Hohe,Dev Site; Office; Apartment,Bad Homburg vor der Hohe; Usingen; Friedrichsdorf,Hesse,,2026-03-12 00:00:00
964,1dd75342-5193-4031-b080-e0f4bdd94470,ESR Europe,Institutional,1,25999.3656,Industrial,Braunschweig,Industrial,Braunschweig,Lower Saxony,,2024-07-30 00:00:00
965,2c9257d0-1a9d-4b64-bfc9-8404879a46cf,VR Bank Rosenheim,Institutional,1,6499.8414,Hotel,Grainau,Hotel,Grainau,Bavaria,,2024-09-13 00:00:00
966,d54d09c2-0c8a-4d4a-9886-395ca67e87a5,VR Bank Niederbayern-Oberpfalz,Institutional,1,6999.8292,Dev Site,Eschwege,Dev Site,Eschwege,Hesse,,2026-02-16 00:00:00
967,aae2ce53-7795-42c2-8f11-09f36bfb0d4b,Blankbau Gruppe,Private,1,9299.77308,Dev Site,Duisburg,Seniors Housing & Care; Dev Site,Duisburg; Mulheim an der Ruhr,North Rhine-Westphalia,,2025-06-02 00:00:00
968,4c48b00f-c8f6-419c-a5d2-da2b723242e8,GEG Grundstucksentwicklungsgesellschaft mbH,Private,1,19199.53152,Hotel,Bad Neuenahr-Ahrweiler,Hotel,Bad Neuenahr-Ahrweiler,Rhineland-Palatinate,,2025-02-03 00:00:00
969,4c48b00f-c8f6-419c-a5d2-da2b723242e8,Rupp Gruppe,Private,1,9999.756,Dev Site,Weissenhorn,Dev Site,Weissenhorn,Bavaria,,2025-12-16 00:00:00
970,4c48b00f-c8f6-419c-a5d2-da2b723242e8,Projektentwicklung Wolgast GmbH DE,Private,1,6999.8292,Dev Site,Wolgast,Dev Site,Wolgast,Mecklenburg-West Pomerania,,2026-03-16 00:00:00
971,4c48b00f-c8f6-419c-a5d2-da2b723242e8,Bremer Projektentwicklung GmbH,Private,1,7499.817,Industrial,Dissen am Teutoburger Wald,Industrial,Dissen am Teutoburger Wald,Lower Saxony,,2025-09-23 00:00:00
972,e27ce0ab-e4d8-4aa2-b8d3-741c26f635e6,Harry-Brot GmbH DE,User/Other,1,154996.218,Dev Site,Erlensee,Dev Site,Erlensee,Hesse,,2025-01-24 00:00:00
973,3127b3f9-139a-4083-b701-f1371819a73b,Tengelmann Group,Private,1,11499.7194,Dev Site,Mainz,Retail; Industrial; Apartment,Berlin; Mainz; Mulheim an der Ruhr,North Rhine-Westphalia; Bavaria; Rhineland-Palatinate,Trei Real Estate,2026-04-23 00:00:00
974,4c48b00f-c8f6-419c-a5d2-da2b723242e8,Kohlstedt Gerustbau,Private,1,23999.4144,Dev Site,Rosdorf,Dev Site,Rosdorf,Lower Saxony,,2025-07-09 00:00:00
975,c0b91a44-451d-4fdd-aca6-2773eb286d38,State of Brandenburg,User/Other,1,4599.88776,Office,Potsdam,Office; Dev Site,Potsdam; Grunheide (Mark); Grossbeeren,Brandenburg,,2026-01-23 00:00:00
976,eaf4bf3d-c951-4ad1-b40f-9ac89e8e102a,City of Merzig,User/Other,1,11999.7072,Industrial,Merzig,Industrial,Merzig,Saarland,,2025-06-23 00:00:00
977,d5125e77-1e14-4b6b-aa6a-7c9646ac65a2,BayWa AG,Private,1,8899.78284,Dev Site,Neuensalz,Dev Site; Retail; Office,Munich; Neuensalz; Gerolzhofen,Bavaria; Baden-Wurttemberg; Saxony,,2025-09-23 00:00:00
978,eaf4bf3d-c951-4ad1-b40f-9ac89e8e102a,City of Feldkirchen,User/Other,1,269993.412,Dev Site,Feldkirchen,Dev Site,Feldkirchen,Bavaria,,2024-09-30 00:00:00
979,e27ce0ab-e4d8-4aa2-b8d3-741c26f635e6,ChemCon GmbH,User/Other,1,22999.4388,Dev Site,Bad Krozingen,Dev Site,Bad Krozingen,Baden-Wurttemberg,,2026-05-15 00:00:00
980,4c48b00f-c8f6-419c-a5d2-da2b723242e8,Gebr. Otto und Heinrich Muller GmbH,Private,1,3369.917772,Industrial,Bottrop,Industrial,Bottrop,North Rhine-Westphalia,,2024-10-01 00:00:00
981,4c48b00f-c8f6-419c-a5d2-da2b723242e8,ABC-Immo GmbH,Private,1,2671.9348032,Retail,Wollstadt,Retail,Wollstadt,Hesse,,2026-02-23 00:00:00
982,e27ce0ab-e4d8-4aa2-b8d3-741c26f635e6,Mobilwerk GmbH,User/Other,1,1159.971696,Industrial,Schongau,Industrial,Schongau,Bavaria,,2025-12-18 00:00:00
983,e27ce0ab-e4d8-4aa2-b8d3-741c26f635e6,Liftkontor GmbH,User/Other,1,11999.7072,Dev Site,Bremerhaven,Dev Site,Bremerhaven,Bremen,,2024-10-01 00:00:00
984,2c03fac5-f1f9-4cf9-bb48-039c55498179,Urban Space Immobilien,Private,1,2527.9383168,Dev Site,Leipzig,Apartment; Office; Dev Site,Berlin; Hamburg; Leipzig,Berlin; Hamburg; Saxony,,2026-05-04 00:00:00
985,4c48b00f-c8f6-419c-a5d2-da2b723242e8,Astenhohe GmbH,Private,1,1523.9628144,Apartment,Brilon,Apartment,Brilon,North Rhine-Westphalia,,2024-08-12 00:00:00
986,4c48b00f-c8f6-419c-a5d2-da2b723242e8,Elgeti Brothers GmbH DE,Private,1,10226.7504612,Retail,Saarbrucken,Retail,Saarbrucken,Saarland,,2025-08-03 00:00:00
987,4c48b00f-c8f6-419c-a5d2-da2b723242e8,Opatz Management GmbH,Private,1,6639.837984,Apartment,Schwanewede,Apartment,Schwanewede,Lower Saxony,,2025-04-29 00:00:00
988,4c48b00f-c8f6-419c-a5d2-da2b723242e8,Am Roderschacht Immobilien GmbH,Private,1,3599.91216,Apartment,Bochum,Apartment,Bochum,North Rhine-Westphalia,,2026-06-13 00:00:00
989,e27ce0ab-e4d8-4aa2-b8d3-741c26f635e6,Sumitomo (SHI) Cryogenics of Europe GmbH,User/Other,1,2699.93412,Industrial,Weiterstadt,Industrial,Weiterstadt,Hesse,,2025-04-15 00:00:00
990,bf36e455-e099-4f9c-bab4-cf72aaaf9000,Rainer Gruppe,Private,1,2389.941684,Apartment,Windischleuba,Apartment,Windischleuba,Thuringia,,2024-09-19 00:00:00
991,3555db89-a3eb-45ce-a44c-2e7b2325c461,Cyklop GmbH,<unknown>,1,,Industrial,Euskirchen,Industrial,Euskirchen,North Rhine-Westphalia,,2024-12-03 00:00:00
992,d8d05a56-3674-496e-9f5a-a67234922e14,Procter & Gamble,User/Other,1,1199.97072,Industrial,Frankfurt am Main,Industrial; Office,Euskirchen; Frankfurt am Main; Darmstadt,Hesse; North Rhine-Westphalia,Braun GmbH,2024-12-03 00:00:00
993,4c48b00f-c8f6-419c-a5d2-da2b723242e8,Aspire Hotel Group,Private,1,,Hotel,Oldenburg (Oldenburg),Hotel,Oldenburg (Oldenburg),Lower Saxony,,2024-11-05 00:00:00
994,4c48b00f-c8f6-419c-a5d2-da2b723242e8,Andiamo,Private,1,11249.7255,Dev Site,Gera,Dev Site,Gera,Thuringia,,2025-05-13 00:00:00
995,36e24267-a6d6-4b4d-b7ff-1619645962bf,Delta Development,Private,1,149996.34,Dev Site,Dorsten,Industrial; Office; Dev Site,Rostock; Dorsten; Bornheim,Mecklenburg-West Pomerania; North Rhine-Westphalia; Bavaria,,2025-01-24 00:00:00
996,4651a332-c1d5-4847-9525-9cec6c95b139,SK Gruppe,Private,1,12768.6884364,Office,Dresden,Office,Dresden,Saxony,,2026-05-22 00:00:00
997,4c48b00f-c8f6-419c-a5d2-da2b723242e8,Bauknecht Real Estate,Private,1,18399.55104,Office,Stuttgart,Office,Stuttgart,Baden-Wurttemberg,,2025-01-16 00:00:00
998,3af1bd63-a62b-4d86-a50e-b21b36ad7086,BLI Projektentwicklung,Private,1,3581.9125992,Dev Site,Kaiserslautern,Hotel; Office; Dev Site,Kaiserslautern; Kelsterbach; Bonn,Rhineland-Palatinate; Hesse; North Rhine-Westphalia,,2024-11-18 00:00:00
999,e27ce0ab-e4d8-4aa2-b8d3-741c26f635e6,E-Gruppe,User/Other,1,8999.7804,Dev Site,Seesen,Dev Site,Seesen,Lower Saxony,,2025-08-12 00:00:00
1000,eaf4bf3d-c951-4ad1-b40f-9ac89e8e102a,Municipality of Battenberg,User/Other,1,42583.960926,Dev Site,Battenberg (Eder),Dev Site,Battenberg (Eder),Hesse,,2026-06-29 00:00:00
1001,4c48b00f-c8f6-419c-a5d2-da2b723242e8,"Jupiter Industrial GmbH & Co. KG, Hamburg",Private,1,99996.727616,Dev Site,Bad Hersfeld,Dev Site,Bad Hersfeld,Hesse,,2024-10-04 00:00:00
1002,4c48b00f-c8f6-419c-a5d2-da2b723242e8,denkmalstadt GmbH,Private,1,136995.6572244,Dev Site,Bremerhaven,Dev Site,Bremerhaven,Bremen,,2026-04-23 00:00:00
1003,3555db89-a3eb-45ce-a44c-2e7b2325c461,LUDWIG FREYTAG GmbH & Co. Kommanditgesellschaft,<unknown>,1,73998.1944,Dev Site,Oldenburg (Oldenburg),Dev Site,Oldenburg (Oldenburg),Lower Saxony,,2026-05-22 00:00:00
1004,25982cea-93a4-40cd-b4d1-0c4b02c36351,DPH Group,Institutional,1,,Apartment,Heidelberg,Office; Retail; Apartment,Schweinfurt; Warburg; Heidelberg,Bavaria; North Rhine-Westphalia; Baden-Wurttemberg,,2025-11-20 00:00:00
1005,eaf4bf3d-c951-4ad1-b40f-9ac89e8e102a,Gemeinde Winnweiler,User/Other,1,99997.56,Dev Site,Winnweiler,Dev Site,Winnweiler,Rhineland-Palatinate,,2025-08-19 00:00:00
1006,e27ce0ab-e4d8-4aa2-b8d3-741c26f635e6,GINO AG Elektrotechnische Fabrik DE,User/Other,1,16999.5852,Dev Site,Meckenheim,Dev Site,Meckenheim,North Rhine-Westphalia,,2025-10-28 00:00:00
1007,3555db89-a3eb-45ce-a44c-2e7b2325c461,Deutscher Beamtenwirtschaftsbund,<unknown>,1,1322.9677188,Office,Hamburg,Office,Hamburg,Hamburg,,2024-09-01 00:00:00
1008,e27ce0ab-e4d8-4aa2-b8d3-741c26f635e6,Jiangsu Zhenjiang New Energy,User/Other,1,4999.878,Industrial,Cuxhaven,Industrial,Cuxhaven,Lower Saxony,,2025-05-27 00:00:00
1009,6f647866-f432-4d3e-bd21-a02635542c1d,Vastbouw Ontwikkeling,Private,1,3699.90972,Dev Site,Herne,Apartment; Dev Site,Bernau bei Berlin; Nauen; Herne,Brandenburg; North Rhine-Westphalia; Bavaria,Vastbau,2026-03-09 00:00:00
1010,e27ce0ab-e4d8-4aa2-b8d3-741c26f635e6,Lindal Group GmbH DE,User/Other,1,21999.4632,Industrial,Wismar,Industrial,Wismar,Mecklenburg-West Pomerania,,2026-01-11 00:00:00
1011,e27ce0ab-e4d8-4aa2-b8d3-741c26f635e6,Hamburger Energiewerke,User/Other,1,29999.268,Dev Site,Hamburg,Dev Site,Hamburg,Hamburg,,2024-08-22 00:00:00
1012,4c48b00f-c8f6-419c-a5d2-da2b723242e8,Ponti Capital Partners GmbH,Private,1,2699.93412,Office,Cologne,Office,Cologne,North Rhine-Westphalia,,2025-05-06 00:00:00
1013,57330478-c587-4a28-bd7e-c0709294c527,RTLL Gruppe,Private,1,3345.9183576,Retail,Dresden,Retail; Seniors Housing & Care; Other General,Leipzig; Rosdorf; Dresden,Saxony; Lower Saxony; Thuringia,,2026-05-05 00:00:00
1014,db2df847-ba3c-4e16-9ae7-5e927a40f13b,Proptimize,Private,1,14499.6462,Industrial,Ense,Industrial,Ense,North Rhine-Westphalia,,2025-02-11 00:00:00
1015,e27ce0ab-e4d8-4aa2-b8d3-741c26f635e6,4 MORE Capital Partners,User/Other,1,10149.75234,Industrial,Bovenden,Industrial,Bovenden,Lower Saxony,,2026-02-13 00:00:00
1016,4c48b00f-c8f6-419c-a5d2-da2b723242e8,Dr. Peter Baumgart GmbH,Private,1,1979.951688,Apartment,Essen,Apartment,Essen,North Rhine-Westphalia,,2025-03-21 00:00:00
1017,9f17d077-3a87-4f00-b6e6-b7db451f8feb,City of Mulheim an der Ruhr,User/Other,1,18999.5364,Office,Mulheim an der Ruhr,Dev Site; Office,Mulheim an der Ruhr; Mullheim,North Rhine-Westphalia; Baden-Wurttemberg,,2024-12-15 00:00:00
1018,e27ce0ab-e4d8-4aa2-b8d3-741c26f635e6,Coffee Fellows Hotel GmbH,User/Other,1,,Hotel,Geisenfeld,Hotel,Geisenfeld,Bavaria,,2025-12-19 00:00:00
1019,4c48b00f-c8f6-419c-a5d2-da2b723242e8,Neiro Property,Private,1,,Hotel,Elfershausen,Hotel,Elfershausen,Bavaria,,2024-09-05 00:00:00
1020,4c48b00f-c8f6-419c-a5d2-da2b723242e8,MUCH Gruppe GmbH & Co. KG,Private,1,24999.39,Dev Site,Limburg an der  Lahn,Dev Site,Limburg an der  Lahn,Hesse,,2024-09-01 00:00:00
1021,eaf4bf3d-c951-4ad1-b40f-9ac89e8e102a,Stadt Neustadt an der Weinstraße,User/Other,1,12961.6837272,Retail,Neustadt an der Weinstrasse,Retail,Neustadt an der Weinstrasse,Rhineland-Palatinate,,2025-10-27 00:00:00
1022,eaf4bf3d-c951-4ad1-b40f-9ac89e8e102a,Stadt Neustadt an der Weinstrasse,User/Other,1,8299.79748,Retail,Neustadt an der Weinstrasse,Retail,Neustadt an der Weinstrasse,Rhineland-Palatinate,,2025-10-28 00:00:00
1023,4c48b00f-c8f6-419c-a5d2-da2b723242e8,Hildes HEiM Immobilien Holding,Private,1,5999.8536,Office,Hildesheim,Office,Hildesheim,Lower Saxony,,2025-11-01 00:00:00
1024,260ec230-4664-4587-9e69-48754dcb592a,Bauart GmbH,Private,1,,Hotel,Amberg,Hotel; Office; Apartment,Berlin; Amberg,Berlin; Bavaria,,2025-07-09 00:00:00
1025,4c48b00f-c8f6-419c-a5d2-da2b723242e8,DSR Hotel Holding GmbH,Private,1,,Hotel,Garmisch-Partenkirchen,Hotel,Garmisch-Partenkirchen,Bavaria,,2025-07-24 00:00:00
1026,4c48b00f-c8f6-419c-a5d2-da2b723242e8,Landesentwicklungsgesellschaft Thüringen (LEG) DE,Private,1,9999.756,Office,Erfurt,Office,Erfurt,Thuringia,,2024-12-12 00:00:00
1027,4c48b00f-c8f6-419c-a5d2-da2b723242e8,Saller Unternehmensgruppe,Private,1,22999.4388,Dev Site,Regen,Dev Site,Regen,Bavaria,,2025-06-24 00:00:00
1028,4c48b00f-c8f6-419c-a5d2-da2b723242e8,PECURIA GmbH,Private,1,5899.85604,Seniors Housing & Care,Hammah,Seniors Housing & Care,Hammah,Lower Saxony,,2024-08-21 00:00:00
1029,2fbff7a7-b68e-4368-abf1-035863a9da06,Healthcare Activos,Institutional,1,2299.94388,Seniors Housing & Care,Erdmannhausen,Seniors Housing & Care,Erdmannhausen,Baden-Wurttemberg,,2024-11-21 00:00:00
1030,4c48b00f-c8f6-419c-a5d2-da2b723242e8,Livory Group GmbH,Private,1,5999.8536,Dev Site,Erkner,Dev Site,Erkner,Brandenburg,,2026-01-27 00:00:00
1031,4c48b00f-c8f6-419c-a5d2-da2b723242e8,Green Roof Projekt,Private,1,7399.81944,Dev Site,Hamm,Dev Site,Hamm,North Rhine-Westphalia,,2024-10-09 00:00:00
1032,4c48b00f-c8f6-419c-a5d2-da2b723242e8,Hugo Schneider GmbH,Private,1,7399.81944,Dev Site,Hamm,Dev Site,Hamm,North Rhine-Westphalia,,2024-10-09 00:00:00
1033,4c48b00f-c8f6-419c-a5d2-da2b723242e8,Mork Projekttrager + Immobilien GmbH,Private,1,4299.89508,Dev Site,Rutesheim,Dev Site,Rutesheim,Baden-Wurttemberg,,2026-06-02 00:00:00
1034,4c48b00f-c8f6-419c-a5d2-da2b723242e8,Stefes AG,Private,1,4080.9004236,Office,Bremen,Office,Bremen,Bremen,,2026-01-27 00:00:00
1035,e27ce0ab-e4d8-4aa2-b8d3-741c26f635e6,Smart L Bochum,User/Other,1,49998.78,Dev Site,Duisburg,Dev Site,Duisburg,North Rhine-Westphalia,,2026-02-13 00:00:00
1036,4c48b00f-c8f6-419c-a5d2-da2b723242e8,IMENTUM Holding GmbH,Private,1,2999.9268,Apartment,Hamburg,Apartment,Hamburg,Hamburg,,2026-02-20 00:00:00
1037,bddc266e-0fd5-4543-ba18-27bffda6bf29,Volvo Group Real Estate ,User/Other,1,14999.634,Dev Site,Berlin,Dev Site,Berlin,Berlin,,2025-01-31 00:00:00
1038,e27ce0ab-e4d8-4aa2-b8d3-741c26f635e6,BEST Holding GmbH & Co. KG,User/Other,1,6999.8292,Industrial,Muhlheim am Main,Industrial,Muhlheim am Main,Hesse,,2026-02-26 00:00:00
1039,e27ce0ab-e4d8-4aa2-b8d3-741c26f635e6,EUROVIA Bau GmbH,User/Other,1,2499.939,Industrial,Renningen,Industrial,Renningen,Baden-Wurttemberg,,2026-06-30 00:00:00
1040,4c48b00f-c8f6-419c-a5d2-da2b723242e8,Actris GmbH,Private,1,11999.7072,Retail,Heidelberg,Retail,Heidelberg,Baden-Wurttemberg,,2026-04-17 00:00:00
1041,b026353f-7e4e-4ffc-ab7e-69ad57281615,NCAP - Nordic Capital,Institutional,1,10576.7419212,Industrial,Bensheim,Industrial,Bensheim,Hesse,,2026-03-06 00:00:00
1042,908bda97-959a-4c87-ad9a-c847f875807f,Select Alternative Investments,Institutional,1,13299.67548,Office,Offenbach am Main,Office,Offenbach am Main,Hesse,,2025-07-25 00:00:00
1043,eaf4bf3d-c951-4ad1-b40f-9ac89e8e102a,Stadt Schwarzenbek,User/Other,1,,Apartment,Schwarzenbek,Apartment,Schwarzenbek,Schleswig-Holstein,,2025-08-19 00:00:00
1044,e27ce0ab-e4d8-4aa2-b8d3-741c26f635e6,Libri GmbH,User/Other,1,35999.1216,Dev Site,Bad Hersfeld,Dev Site,Bad Hersfeld,Hesse,,2024-08-27 00:00:00
1045,e27ce0ab-e4d8-4aa2-b8d3-741c26f635e6,Daimler Truck Holding AG,User/Other,1,40879.002528,Industrial,Neuhausen auf den Fildern,Industrial,Neuhausen auf den Fildern,Baden-Wurttemberg,,2026-05-20 00:00:00
1046,4c48b00f-c8f6-419c-a5d2-da2b723242e8,Kreuz Verwaltungsgesellschaft,Private,1,4016.9019852,Other General,Dettelbach,Other General,Dettelbach,Bavaria,,2025-07-09 00:00:00
1047,a678dd02-7cd1-49d5-a748-d2c82348fc16,Bollmann Liegenschaften,Private,1,2049.94998,Condo,Dusseldorf,Apartment; Condo; Dev Site,Dusseldorf; Steinfurt,North Rhine-Westphalia,,2025-12-03 00:00:00
1048,4c48b00f-c8f6-419c-a5d2-da2b723242e8,KVB Delta GmbH,Private,1,6899.83164,Other General,Langenselbold,Other General,Langenselbold,Hesse,,2025-02-20 00:00:00
1049,4c48b00f-c8f6-419c-a5d2-da2b723242e8,MI Bahnhof Freiburg GmbH & Co KG,Private,1,32698.2021444,Office,Freiburg im Breisgau,Office,Freiburg im Breisgau,Baden-Wurttemberg,,2025-11-15 00:00:00
1050,4c48b00f-c8f6-419c-a5d2-da2b723242e8,Projektgesellschaft Bitburg Housing GmbH,Private,1,624984.75,Dev Site,Bitburg,Dev Site,Bitburg,Rhineland-Palatinate,,2026-05-06 00:00:00
1051,5de15945-0a92-4f58-aaf4-fa9aa1c43b09,Adapt Real Estate,Private,1,3549.91338,Hotel,Berlin,Hotel,Berlin,Berlin,,2025-06-17 00:00:00
1052,47dedf07-3138-4708-8579-7d626bf9c645,KIB Projekt GmbH,Private,1,28299.30948,Dev Site,Nuremberg,Dev Site; Office; Industrial,Nuremberg; Munich; Landshut,Bavaria,,2026-02-16 00:00:00
1053,eaf4bf3d-c951-4ad1-b40f-9ac89e8e102a,Municipality of Dornstadt,User/Other,1,169995.852,Dev Site,Dornstadt,Dev Site,Dornstadt,Baden-Wurttemberg,,2026-06-03 00:00:00
1054,e27ce0ab-e4d8-4aa2-b8d3-741c26f635e6,Streicher Gruppe,User/Other,1,4799.88288,Dev Site,Mannheim,Dev Site,Mannheim,Baden-Wurttemberg,,2024-08-29 00:00:00
1055,4c48b00f-c8f6-419c-a5d2-da2b723242e8,Lazars Immobilien GmbH,Private,1,,Office,Cologne,Office,Cologne,North Rhine-Westphalia,,2025-05-08 00:00:00
1056,4c48b00f-c8f6-419c-a5d2-da2b723242e8,Eurovia Project GmbH,Private,1,36999.0972,Dev Site,Waltrop,Dev Site,Waltrop,North Rhine-Westphalia,,2026-04-01 00:00:00
1057,3555db89-a3eb-45ce-a44c-2e7b2325c461,European Value Partners (EVP) II,<unknown>,1,12870.6859476,Industrial,Rodgau,Industrial,Rodgau,Hesse,,2025-08-20 00:00:00
1058,8fa97c22-08f0-48b3-86d2-9a5d6d88d682,Hoch- und Tiefbau Gadebusch,Private,1,7499.817,Dev Site,Schwerin,Apartment; Dev Site,Hamburg; Schwerin,Hamburg; Mecklenburg-West Pomerania,,2025-04-11 00:00:00
1059,4c48b00f-c8f6-419c-a5d2-da2b723242e8,Pro Secur Immobilien GmbH,Private,1,20399.50224,Dev Site,Hattingen,Dev Site,Hattingen,North Rhine-Westphalia,,2025-06-16 00:00:00
1060,e27ce0ab-e4d8-4aa2-b8d3-741c26f635e6,Sparkasse Jena-Saale-Holzland,User/Other,1,4499.8902,Apartment,Weimar,Apartment,Weimar,Thuringia,,2026-02-12 00:00:00
1061,eaf4bf3d-c951-4ad1-b40f-9ac89e8e102a,Inter Pares,User/Other,1,,Seniors Housing & Care,Hohenlockstedt,Seniors Housing & Care,Hohenlockstedt,Schleswig-Holstein,,2025-07-31 00:00:00
1062,e27ce0ab-e4d8-4aa2-b8d3-741c26f635e6,Fitok,User/Other,1,14999.634,Dev Site,Pfungstadt,Dev Site,Pfungstadt,Hesse,,2025-05-20 00:00:00
1063,7cbb998f-0686-4dfa-b279-6c3fa144a89c,Bayerische Fondsverwaltung,Institutional,1,5073.8761944,Apartment,Leipzig,Apartment,Leipzig,Saxony,,2026-01-05 00:00:00
1064,c4463ad9-7883-498e-a3fe-e5a387be7bf4,Wohnhaus Minden,Private,1,2199.94632,Office,Dusseldorf,Apartment; Office,Minden; Dusseldorf,North Rhine-Westphalia,,2025-04-04 00:00:00
1065,4c48b00f-c8f6-419c-a5d2-da2b723242e8,Brix Consult,Private,1,863.9789184,Office,Ludwigshafen am Rhein,Office,Ludwigshafen am Rhein,Rhineland-Palatinate,,2024-10-07 00:00:00
1066,ea74c695-2f03-4d01-987b-1a9b5524c643,IKK Sachsen,Institutional,1,11599.71696,Office,Dresden,Office,Ludwigshafen am Rhein; Dresden,Rhineland-Palatinate; Saxony,,2024-10-07 00:00:00
1067,052103bb-e048-4cf6-af9f-099b2422d057,Investika (CZ),Private,1,55366.6490208,Retail,Leipzig,Retail,Leipzig,Saxony,,2026-02-12 00:00:00
1068,4c48b00f-c8f6-419c-a5d2-da2b723242e8,Hensel Immobilien,Private,1,3399.91704,Office,Ludwigshafen am Rhein,Office,Ludwigshafen am Rhein,Rhineland-Palatinate,,2024-12-12 00:00:00
1069,4c48b00f-c8f6-419c-a5d2-da2b723242e8,Avenarius Wohlfuhlhotels,Private,1,2099.94876,Hotel,Bad Driburg,Hotel,Bad Driburg,North Rhine-Westphalia,,2025-08-27 00:00:00
1070,4c48b00f-c8f6-419c-a5d2-da2b723242e8,Selbstlagerbox GmbH,Private,1,1301.9682312,Industrial,Berlin,Industrial,Berlin,Berlin,,2025-12-17 00:00:00
1071,e27ce0ab-e4d8-4aa2-b8d3-741c26f635e6,storemore,User/Other,1,5349.86946,Dev Site,Berlin,Dev Site,Berlin,Berlin,,2025-12-17 00:00:00
1072,4c48b00f-c8f6-419c-a5d2-da2b723242e8,Burkhard Walter Immobilienverwaltung,Private,1,4299.89508,Hotel,Borkum,Hotel,Borkum,Lower Saxony,,2026-02-01 00:00:00
1073,4c48b00f-c8f6-419c-a5d2-da2b723242e8,KIZ GmbH,Private,1,1498.9634244,Retail,Offenbach am Main,Retail,Offenbach am Main; Aarbergen; Euerdorf,Hesse; Bavaria,,2024-10-14 00:00:00
1074,758c6d7e-fa19-46c8-9178-d898cfa1f369,Limestone Capital,Institutional,1,149996.34,Dev Site,Mittenwald,Dev Site,Mittenwald,Bavaria,,2026-03-24 00:00:00
1075,a98bcc33-563e-42f9-af31-dc103b8df67d,Sunrise Real Estate,Private,1,52998.7068,Industrial,Berlin,Industrial,Berlin,Berlin,,2025-04-28 00:00:00
1076,a5b67b39-6882-478e-a3a2-d0780fe0d025,City of Boblingen,User/Other,1,,Other General,Boblingen,Other General,Boblingen,Baden-Wurttemberg,,2024-11-11 00:00:00
1077,e27ce0ab-e4d8-4aa2-b8d3-741c26f635e6,Kunzinger Unternehmensgruppe,User/Other,1,18276.5540412,Dev Site,Lohr am Main,Dev Site,Lohr am Main,Bavaria,,2025-12-02 00:00:00
1078,6e8f8934-9022-4a62-bbe6-755af1bbd48b,GALERIA S.à r.l. & Co. KG,User/Other,1,10499.7438,Retail,Freiburg im Breisgau,Retail,Augsburg; Freiburg im Breisgau,Bavaria; Baden-Wurttemberg,,2025-05-28 00:00:00
1079,4c48b00f-c8f6-419c-a5d2-da2b723242e8,EVEREST P3 GmbH & Co. KG,Private,1,4359.893616,Retail,Wismar,Retail,Wismar,Mecklenburg-West Pomerania,,2024-09-18 00:00:00
1080,d4243f11-4c94-4143-8fe9-99e6e71513d8,Melius Invest GmbH,Institutional,1,6999.8292,Office,Celle,Office,Celle,Lower Saxony,,2024-08-21 00:00:00
1081,4c48b00f-c8f6-419c-a5d2-da2b723242e8,TreuBau Freiburg,Private,1,2464.939854,Dev Site,Bad Krozingen,Dev Site,Bad Krozingen,Baden-Wurttemberg,,2026-02-16 00:00:00
1082,4c48b00f-c8f6-419c-a5d2-da2b723242e8,HSI-Investment GmbH,Private,1,6349.84506,Dev Site,Holzwickede,Dev Site,Holzwickede,North Rhine-Westphalia,,2025-02-07 00:00:00
1083,69d97ae6-aa4f-4e18-9f7c-6486ebbca2a2,ES Chimney System GmbH,User/Other,1,2119.948272,Industrial,Bremen,Industrial,Bremen,Bremen,,2025-06-20 00:00:00
1084,4c48b00f-c8f6-419c-a5d2-da2b723242e8,Bernemann GmbH,Private,1,3749.9085,Office,Recklinghausen,Office,Recklinghausen,North Rhine-Westphalia,,2026-01-05 00:00:00
1085,e27ce0ab-e4d8-4aa2-b8d3-741c26f635e6,Terraneo,User/Other,1,10599.74136,Other General,Oranienburg,Other General,Oranienburg,Brandenburg,,2026-01-06 00:00:00
1086,4c48b00f-c8f6-419c-a5d2-da2b723242e8,UVU Group,Private,1,10599.74136,Other General,Oranienburg,Other General,Oranienburg,Brandenburg,,2026-01-06 00:00:00
1087,e27ce0ab-e4d8-4aa2-b8d3-741c26f635e6,Administra GmbH Steuerberatungsgesellschaft,User/Other,1,,Industrial,Eggstatt,Industrial,Eggstatt,Bavaria,,2025-05-10 00:00:00
1088,7f9a63d4-d77d-467b-898e-767f793d79b2,Wertcontor Immobilien GmbH & Co. KG,Private,1,16999.5852,Industrial,Duisburg,Apartment; Industrial,Munich; Duisburg,Bavaria; North Rhine-Westphalia,,2025-04-01 00:00:00
1089,1c4c38e6-d637-45cd-a14a-76afca45b074,Landfair Capital Group AG,Institutional,1,2499.939,Office,Hamburg,Office,Hamburg,Hamburg,,2025-02-10 00:00:00
1090,babfaa77-3f81-4e14-9afa-0c37109b7747,Guldsmeden Hotels,Private,1,8999.7804,Hotel,Hamburg,Hotel,Hamburg,Hamburg,,2025-02-12 00:00:00
1091,4c48b00f-c8f6-419c-a5d2-da2b723242e8,SH.I.R. Real Estate Germany GmbH,Private,1,10019.755512,Retail,Mannheim,Retail,Mannheim,Baden-Wurttemberg,,2025-12-01 00:00:00
1092,4c48b00f-c8f6-419c-a5d2-da2b723242e8,Hallen- und Bodenentwicklungsgesellschaft mbH,Private,1,26999.3412,Industrial,Niedernberg,Industrial,Niedernberg,Bavaria,,2025-08-14 00:00:00
1093,4c48b00f-c8f6-419c-a5d2-da2b723242e8,HAKA Projekt Entwicklung,Private,1,84997.926,Dev Site,Staufenberg,Dev Site,Staufenberg,Hesse,,2025-10-02 00:00:00
1094,05ec969f-268b-48b0-9fd1-1fcf6398c315,Werner Wohnbau GmbH & Co.KG,<unknown>,1,11629.716228,Apartment,Mannheim,Apartment,Niederdorfelden; Mannheim,Hesse; Baden-Wurttemberg,,2026-03-10 00:00:00
1095,eaf4bf3d-c951-4ad1-b40f-9ac89e8e102a,City of Karben,User/Other,1,122641.0074864,Dev Site,Karben,Dev Site,Karben,Hesse,,2026-04-22 00:00:00
1096,2f0ea795-b44b-4398-98dd-e4edc7b4507f,Langen Immobilienholding,Private,1,7999.8048,Dev Site,Monchengladbach,Office; Hotel; Apartment,Dusseldorf; Korschenbroich; Monchengladbach,North Rhine-Westphalia,,2025-09-09 00:00:00
1097,ed8f6077-9baf-4c0b-8bb3-670263fa9ae7,Kubota Holdings (JPN),Private,1,86830.661280168,Industrial,Zweibrucken,Industrial,Zweibrucken,Rhineland-Palatinate,,2025-07-31 00:00:00
1098,056379ea-67fb-4378-b58e-31a8ed9ff88f,Novum Invest,Private,1,12559.693536,Retail,Rostock,Retail,Rostock,Mecklenburg-West Pomerania,,2025-09-15 00:00:00
1099,abad3be0-aaf7-42e8-ab87-a88e220b0684,Hotel Schwarzer Adler GmbH,User/Other,1,4099.89996,Hotel,Pirna,Hotel,Pirna,Saxony,,2025-10-29 00:00:00
1100,e27ce0ab-e4d8-4aa2-b8d3-741c26f635e6,RO Speed Cars,User/Other,1,,Seniors Housing & Care,Duisburg,Seniors Housing & Care,Duisburg,North Rhine-Westphalia,,2026-02-13 00:00:00
1101,4c48b00f-c8f6-419c-a5d2-da2b723242e8,Aesculap AG,Private,1,1699.95852,Retail,Tuttlingen,Retail,Tuttlingen,Baden-Wurttemberg,,2026-02-12 00:00:00
1102,4c48b00f-c8f6-419c-a5d2-da2b723242e8,GDI German Development Investors GmbH,Private,1,2599.93656,Dev Site,Dusseldorf,Dev Site,Dusseldorf,North Rhine-Westphalia,,2025-11-15 00:00:00
1103,4c48b00f-c8f6-419c-a5d2-da2b723242e8,Gesellschaft für Diakonische Einrichtungen in Hessen und Nassau,Private,1,4279.895568,Dev Site,Ober-Morlen,Dev Site,Ober-Morlen,Hesse,,2025-01-16 00:00:00
1104,de0df0ba-6e2b-4a38-953e-15dc498095c7,Swiss Prime Site,Public,1,5849.85726,Apartment,Leipzig,Apartment,Leipzig,Saxony,,2025-02-28 00:00:00
1105,2e95ac86-36c5-4f1c-9010-e3c449f09a39,KIMAVI GmbH,Private,1,799.98048,Dev Site,Berlin,Dev Site; Apartment,Berlin,Berlin,,2025-11-27 00:00:00
1106,4c48b00f-c8f6-419c-a5d2-da2b723242e8,Kerscher Wohnbau GmbH,Private,1,19999.512,Dev Site,Munich,Dev Site,Munich,Bavaria,,2025-08-18 00:00:00
1107,4c48b00f-c8f6-419c-a5d2-da2b723242e8,Brandhuber Immobilien GmbH,Private,1,19999.512,Dev Site,Munich,Dev Site,Munich,Bavaria,,2025-08-18 00:00:00
1108,43365f5f-3e8a-4781-a92f-ae4b98bc1753,SCPI AEW Diversification Allemagne,Private,1,4999.878,Industrial,Hamburg,Industrial; Office,Hamburg; Bremen,Hamburg; Bremen,,2026-03-31 00:00:00
1109,4c48b00f-c8f6-419c-a5d2-da2b723242e8,Privateperson,Private,1,1699.95852,Retail,Frankfurt am Main,Retail,Frankfurt am Main,Hesse,,2025-11-15 00:00:00
1110,4c48b00f-c8f6-419c-a5d2-da2b723242e8,MCG Investitions Holding,Private,1,4999.878,Dev Site,Hagen,Dev Site; Retail,Hagen; Vlotho,North Rhine-Westphalia,,2025-07-29 00:00:00
1111,4c48b00f-c8f6-419c-a5d2-da2b723242e8,Bauverein Breisgau,Private,1,2599.93656,Dev Site,Herbolzheim,Dev Site,Herbolzheim,Baden-Wurttemberg,,2025-02-20 00:00:00
1112,4c48b00f-c8f6-419c-a5d2-da2b723242e8,OWL Logistik,Private,1,11599.71696,Industrial,Salzkotten,Industrial,Salzkotten,North Rhine-Westphalia,,2026-02-17 00:00:00
1113,1c4c38e6-d637-45cd-a14a-76afca45b074,Psychotherapeutenversorgungswerks (PVW),Institutional,1,3299.91948,Office,Mainz,Office,Mainz,Rhineland-Palatinate,,2025-10-06 00:00:00
1114,4c48b00f-c8f6-419c-a5d2-da2b723242e8,Michael Schmidt GmbH & Co KG DE,Private,1,3480.9150636,Dev Site,Duisburg,Dev Site,Duisburg,North Rhine-Westphalia,,2025-05-14 00:00:00
1115,a4914f5f-d242-44db-93c4-ad9de242dc78,Interspar Gesellschaft mbH,Private,1,2199.94632,Hotel,Baiersbronn,Hotel,Baiersbronn,Baden-Wurttemberg,,2025-04-29 00:00:00
1116,4c48b00f-c8f6-419c-a5d2-da2b723242e8,currily AG,Private,1,9999.756,Office,Ludwigsburg,Office,Ludwigsburg,Baden-Wurttemberg,,2026-02-12 00:00:00
1117,e27ce0ab-e4d8-4aa2-b8d3-741c26f635e6,Verlagsgruppe Rhein-Main,User/Other,1,199993.1200488,Dev Site,Wetzlar,Dev Site,Wetzlar,Hesse,,2025-06-06 00:00:00
1118,c5ca52f7-59ef-4105-9f18-bab2a04eb5de,Grenzland-Bau GmbH,Private,1,2599.93656,Apartment,Essen,Apartment,Essen; Bergisch Gladbach; Bonn,North Rhine-Westphalia,,2025-01-07 00:00:00
1119,4c48b00f-c8f6-419c-a5d2-da2b723242e8,MyLand Real Estate Group,Private,1,99997.56,Dev Site,Friedrichsdorf,Dev Site,Friedrichsdorf,Hesse,,2026-05-19 00:00:00
1120,f96ccbf4-6396-4e2c-954c-dceabed24199,H. u. G. Hellmich Immobilien GmbH,Private,1,7489.817244,Industrial,Gelsenkirchen,Industrial,Gelsenkirchen,North Rhine-Westphalia,,2026-05-20 00:00:00
1121,0166200b-2da3-4028-ba05-4ce77a55da67,Klaas Projekte GmbH,Institutional,1,2381.9418792,Retail,Rheine,Retail,Rheine; Lingen (Ems),North Rhine-Westphalia; Lower Saxony,,2025-02-13 00:00:00
1122,eaf4bf3d-c951-4ad1-b40f-9ac89e8e102a,Zweckverband Abfallwirtschaft Region Trier (A.R.T.),User/Other,1,16599.59496,Dev Site,Morbach,Dev Site,Morbach,Rhineland-Palatinate,,2026-03-16 00:00:00
1123,e27ce0ab-e4d8-4aa2-b8d3-741c26f635e6,Dieter Marquart Medizintechnik,User/Other,1,2999.9268,Dev Site,Freiburg im Breisgau,Dev Site,Freiburg im Breisgau,Baden-Wurttemberg,,2026-04-10 00:00:00
1124,e27ce0ab-e4d8-4aa2-b8d3-741c26f635e6,TransetBW GmbH,User/Other,1,89305.8208848,Industrial,Rothenburg ob der Tauber,Industrial,Rothenburg ob der Tauber,Bavaria,,2024-12-15 00:00:00
1125,4c48b00f-c8f6-419c-a5d2-da2b723242e8,Projektbau Konig GmbH,Private,1,4274.89569,Apartment,Kulmbach,Apartment,Kulmbach,Bavaria,,2025-12-18 00:00:00
1126,e27ce0ab-e4d8-4aa2-b8d3-741c26f635e6,Block Menu GmbH,User/Other,1,52998.7068,Dev Site,Zarrentin am Schaalsee,Dev Site,Zarrentin am Schaalsee,Mecklenburg-West Pomerania,,2025-06-30 00:00:00
1127,29c3f199-0201-4285-a654-01a6679ec691,First Immo,Private,1,4514.889834,Dev Site,Leipzig,Dev Site; Hotel; Retail,Leipzig; Darmstadt; Regensburg,Saxony; Bavaria; Hesse,,2025-01-15 00:00:00
1128,4c48b00f-c8f6-419c-a5d2-da2b723242e8,Valorum,Private,1,6999.8292,Apartment,Hamburg,Apartment,Hamburg,Hamburg,,2025-12-09 00:00:00
1129,4c48b00f-c8f6-419c-a5d2-da2b723242e8,JCC eGbR,Private,1,5499.8658,Dev Site,Paderborn,Dev Site,Paderborn,North Rhine-Westphalia,,2025-12-18 00:00:00
1130,05e22577-be87-446e-bc9b-69bdc5a69fe2,Kubota,User/Other,1,28532.3037948,Industrial,Zweibrucken,Industrial,Zweibrucken,Rhineland-Palatinate,,2024-12-10 00:00:00
1131,4c48b00f-c8f6-419c-a5d2-da2b723242e8,Possum Development,Private,1,12048.7060044,Dev Site,Leverkusen,Dev Site,Leverkusen,North Rhine-Westphalia,,2026-02-26 00:00:00
1132,2860f2e3-28ce-4a74-99f0-e82bdd8ace75,Kreissparkasse Kaiserslautern,Institutional,1,6399.84384,Office,Kaiserslautern,Office,Kaiserslautern,Rhineland-Palatinate,,2025-06-16 00:00:00
1133,bb2cf57a-ef37-4359-8061-8d447d2c837b,Aspire Hotel Gmbh,Private,1,,Hotel,Oldenburg (Oldenburg),Hotel,Oldenburg (Oldenburg),Lower Saxony,,2025-03-09 00:00:00
1134,7f6723bd-923e-4256-a555-85dde9309d58,Studierendenwerk Stuttgart,User/Other,1,2580.9370236,Apartment,Esslingen am Neckar,Apartment,Esslingen am Neckar,Baden-Wurttemberg,,2025-05-05 00:00:00
1135,4c48b00f-c8f6-419c-a5d2-da2b723242e8,Luserske Vermogensverwaltung,Private,1,8962.7813028,Retail,Kaiserslautern,Retail,Kaiserslautern,Rhineland-Palatinate,,2025-01-01 00:00:00
1136,759785e5-7490-4b41-8d27-36768d5e1176,Vermeer Equipment Holdings,Private,1,,Industrial,Kiel,Industrial,Kiel,Schleswig-Holstein,,2024-12-18 00:00:00
1137,e27ce0ab-e4d8-4aa2-b8d3-741c26f635e6,Schindler Karosserie + Lack,User/Other,1,2799.93168,Industrial,Tirschenreuth,Industrial,Tirschenreuth,Bavaria,,2026-02-19 00:00:00
1138,be3f3a21-441a-4b81-ba32-5ca2a2f12358,Immobilien-Projektentwicklung Albert Weil GmbH,Private,1,7999.8048,Dev Site,Hadamar,Dev Site,Hadamar,Hesse,,2025-01-13 00:00:00
1139,eaf4bf3d-c951-4ad1-b40f-9ac89e8e102a,City of Neu-Ulm,User/Other,1,16999.44369472,Dev Site,Neu-Ulm,Dev Site,Neu-Ulm,Bavaria,,2026-04-28 00:00:00
1140,eaf4bf3d-c951-4ad1-b40f-9ac89e8e102a,Municipality of Quierschied,User/Other,1,1499.9634,Other General,Quierschied,Other General,Quierschied,Saarland,,2026-05-05 00:00:00
1141,4c48b00f-c8f6-419c-a5d2-da2b723242e8,"Rahn Immobilien GmbH & Co. KG, DE",Private,1,,Condo,Dusseldorf,Condo,Dusseldorf,North Rhine-Westphalia,,2024-09-13 00:00:00
1142,e27ce0ab-e4d8-4aa2-b8d3-741c26f635e6,Nereo Development Partners GmbH CH,User/Other,1,7822.8091188,Office,Heidelberg,Office,Heidelberg,Baden-Wurttemberg,,2026-03-25 00:00:00
1143,53f3874c-eee3-4355-b113-d2610204d233,R&E Immobilien GmbH,Private,1,3699.90972,Hotel,Regensburg,Hotel,Regensburg,Bavaria,,2026-05-08 00:00:00
1144,ccabb3ff-2d82-4df7-8662-247e4e7a7db7,ADONUM I GmbH,Institutional,1,11699.71452,Retail,Memmingen,Retail,Memmingen,Bavaria,,2024-09-20 00:00:00
1145,88392c87-02b6-48c3-aeaa-e4f86181d570,PGW Grundbesitz,Private,1,70998.2676,Dev Site,Erftstadt,Dev Site; Seniors Housing & Care,Erftstadt,North Rhine-Westphalia,,2025-04-29 00:00:00
1146,4b91059c-c271-47eb-982a-9ac8dd949e84,Raiffeisen Rhein-Ahr-Eifel,User/Other,1,11197.7267688,Dev Site,Grafschaft,Dev Site,Grafschaft,Rhineland-Palatinate,,2026-04-07 00:00:00
1147,4c48b00f-c8f6-419c-a5d2-da2b723242e8,Singer & Martini,Private,1,1999.9512,Apartment,Germering,Apartment,Germering,Bavaria,,2025-02-03 00:00:00
1148,4c48b00f-c8f6-419c-a5d2-da2b723242e8,Kontor 220 Immobilien- und Beteiligungsgesellschaft mbH,Private,1,4999.878,Dev Site,Hamburg,Dev Site,Hamburg,Hamburg,,2025-09-23 00:00:00
1149,4c48b00f-c8f6-419c-a5d2-da2b723242e8,Leverkusener Immobiliengesellschaft,Private,1,16252.6034268,Retail,Leverkusen,Retail,Leverkusen,North Rhine-Westphalia,,2025-09-01 00:00:00
1150,e27ce0ab-e4d8-4aa2-b8d3-741c26f635e6,Mabuti GmbH,User/Other,1,2199.94632,Industrial,Chemnitz,Industrial,Chemnitz,Saxony,,2025-07-02 00:00:00
1151,4c48b00f-c8f6-419c-a5d2-da2b723242e8,Ebner Immobilien,Private,1,10499.7438,Apartment,Fellbach,Apartment,Fellbach,Baden-Wurttemberg,,2025-08-21 00:00:00
1152,4c48b00f-c8f6-419c-a5d2-da2b723242e8,Univers Holding,Private,1,49998.78,Dev Site,Bonn,Dev Site,Bonn,North Rhine-Westphalia,,2025-09-12 00:00:00
1153,4c48b00f-c8f6-419c-a5d2-da2b723242e8,Karl Vockeroth GmbH,Private,1,11999.7072,Retail,Kassel,Retail,Kassel,Hesse,,2025-04-29 00:00:00
1154,30358d58-72ff-4751-9cd2-ff120cf68f74,SU Wohnbau GmbH,Private,1,1499.9634,Dev Site,Munich,Dev Site,Munich,Bavaria,,2025-10-21 00:00:00
1155,7a57a98d-c634-4ab1-8c12-d8a64b1f8974,Bau Ehrlich GmbH,Private,1,1499.9634,Dev Site,Munich,Dev Site,Munich,Bavaria,,2025-10-21 00:00:00
1156,e27ce0ab-e4d8-4aa2-b8d3-741c26f635e6,Mobilitatsinfrastruktur und -betriebs GmbH,User/Other,1,9999.756,Dev Site,Luneburg,Dev Site,Luneburg,Lower Saxony,,2024-10-28 00:00:00
1157,4c48b00f-c8f6-419c-a5d2-da2b723242e8,Grupa 7R,Private,1,19999.512,Industrial,Berlin,Industrial,Berlin,Berlin,,2026-02-09 00:00:00
1158,eaf4bf3d-c951-4ad1-b40f-9ac89e8e102a,City of Rochlitz,User/Other,1,4019.901912,Seniors Housing & Care,Rochlitz,Seniors Housing & Care,Rochlitz,Saxony,,2026-06-03 00:00:00
1159,4c48b00f-c8f6-419c-a5d2-da2b723242e8,Eifel Haus,Private,1,10999.7316,Dev Site,Trier,Dev Site,Trier,Rhineland-Palatinate,,2025-03-04 00:00:00
1160,0f83371b-57d1-47a7-9ff5-ddf23d0013ae,UmweltBank,Institutional,1,14999.634,Dev Site,Nuremberg,Apartment; Dev Site,Nuremberg; Tubingen,Bavaria; Baden-Wurttemberg,,2025-05-20 00:00:00
1161,4c48b00f-c8f6-419c-a5d2-da2b723242e8,Aram-Handel GmbH,Private,1,875.9786256,Retail,Bremen,Retail,Bremen,Bremen,,2025-01-29 00:00:00
1162,c3c7d966-4eee-46e5-9c12-b054af6401ce,Landes Immobilien Gesellschaft mbH,User/Other,1,36744.103422,Office,Hamburg,Office,Hamburg,Hamburg,,2024-11-01 00:00:00
1163,e27ce0ab-e4d8-4aa2-b8d3-741c26f635e6,gb Implantat Technologie GmbH,User/Other,1,3599.91216,Dev Site,Bochum,Dev Site,Bochum,North Rhine-Westphalia,,2026-05-20 00:00:00
1164,e27ce0ab-e4d8-4aa2-b8d3-741c26f635e6,Birkenstock Group B.V. & Co. KG,User/Other,1,79998.048,Industrial,Wittichenau,Industrial,Wittichenau,Saxony,,2025-11-20 00:00:00
1165,e27ce0ab-e4d8-4aa2-b8d3-741c26f635e6,Kroning,User/Other,1,8499.7926,Industrial,Dohna,Industrial,Dohna,Saxony,,2025-08-06 00:00:00
1166,e27ce0ab-e4d8-4aa2-b8d3-741c26f635e6,Kroning Automation,User/Other,1,8472.7932588,Industrial,Dohna,Industrial,Dohna,Saxony,,2025-04-01 00:00:00
1167,4c48b00f-c8f6-419c-a5d2-da2b723242e8,HKC Holding GmbH,Private,1,5499.8658,Dev Site,Bergkamen,Dev Site,Bergkamen,North Rhine-Westphalia,,2026-05-21 00:00:00
1168,4c48b00f-c8f6-419c-a5d2-da2b723242e8,Octogon Capital GmbH,Private,1,,Office,Munich,Office,Munich; Oberhaching,Bavaria,,2024-12-15 00:00:00
1169,e27ce0ab-e4d8-4aa2-b8d3-741c26f635e6,Sanimed GmbH DE,User/Other,1,15999.6096,Dev Site,Ibbenburen,Dev Site,Ibbenburen,North Rhine-Westphalia,,2026-03-12 00:00:00
1170,3e7af574-5fa1-40d9-ac03-6f68a0bab2c6,Hohental Gruppe,Private,1,13836.6623772,Dev Site,Osnabruck,Dev Site,Osnabruck,Lower Saxony,,2025-12-31 00:00:00
1171,4c48b00f-c8f6-419c-a5d2-da2b723242e8,Saeculum Beteiligungsgesellschaft mbH,Private,1,18499.5486,Dev Site,Potsdam,Dev Site,Potsdam,Brandenburg,,2026-01-08 00:00:00
1172,490dd625-8b0a-4371-a21c-59dd58a10985,Mishorim Investments,Public,1,22499.451,Retail,Berlin,Retail,Berlin,Berlin,,2025-07-01 00:00:00
1173,4c48b00f-c8f6-419c-a5d2-da2b723242e8,Freigeist Hotels,Private,1,3499.9146,Hotel,Gottingen,Hotel,Gottingen,Lower Saxony,,2026-01-22 00:00:00
1174,e27ce0ab-e4d8-4aa2-b8d3-741c26f635e6,PRIMESTAR Group,User/Other,1,,Hotel,Berlin,Hotel,Berlin,Berlin,,2026-07-10 00:00:00
1175,4c48b00f-c8f6-419c-a5d2-da2b723242e8,IllerSenio,Private,1,4499.8902,Dev Site,Neu-Ulm,Dev Site,Neu-Ulm,Bavaria,,2026-04-28 00:00:00
1176,e27ce0ab-e4d8-4aa2-b8d3-741c26f635e6,a2bau GmbH,User/Other,1,2199.94632,Industrial,Denkendorf,Industrial,Denkendorf,Baden-Wurttemberg,,2024-09-01 00:00:00
1177,4c48b00f-c8f6-419c-a5d2-da2b723242e8,LeMax Group,Private,1,3299.91948,Apartment,Berlin,Apartment,Berlin,Berlin,,2025-08-25 00:00:00
1178,7b0ff469-6c6b-42ef-9f79-b84e3d781bf6,hquadrat Immobilien,Private,1,2299.94388,Office,Dusseldorf,Office,Dusseldorf; Essen,North Rhine-Westphalia,,2025-09-23 00:00:00
1179,4c48b00f-c8f6-419c-a5d2-da2b723242e8,PRODAC Industrial Real Estate,Private,1,40998.9996,Dev Site,Eschweiler,Dev Site,Eschweiler,North Rhine-Westphalia,,2025-07-09 00:00:00
1180,927b4da8-2fbe-4ab2-8ec3-d7452bd36260,City of Norderstedt,User/Other,1,20836.4915772,Office,Norderstedt,Apartment; Office,Norderstedt,Schleswig-Holstein,,2025-09-24 00:00:00
1181,e27ce0ab-e4d8-4aa2-b8d3-741c26f635e6,Medipa Handels GmbH,User/Other,1,74998.17,Dev Site,Alfter,Dev Site,Alfter,North Rhine-Westphalia,,2025-08-12 00:00:00
1182,4c48b00f-c8f6-419c-a5d2-da2b723242e8,Currily AG,Private,1,11999.7072,Retail,Stuttgart,Retail,Stuttgart,Baden-Wurttemberg,,2026-04-13 00:00:00
1183,4c48b00f-c8f6-419c-a5d2-da2b723242e8,Ganseliesel Wohn GmbH,Private,1,,Apartment,Gottingen,Apartment,Gottingen,Lower Saxony,,2025-08-20 00:00:00
1184,4c48b00f-c8f6-419c-a5d2-da2b723242e8,Paggalo Vermogensverwaltung GmbH,Private,1,2399.94144,Office,Ahrensburg,Office,Ahrensburg,Schleswig-Holstein,,2025-01-17 00:00:00
1185,4c48b00f-c8f6-419c-a5d2-da2b723242e8,Readcrest Capital AG,Private,1,23999.4144,Apartment,Dresden,Apartment,Dresden,Saxony,,2025-09-03 00:00:00
1186,4c48b00f-c8f6-419c-a5d2-da2b723242e8,KFK Holding DE,Private,1,23999.4144,Apartment,Dresden,Apartment,Dresden,Saxony,,2025-09-03 00:00:00
1187,e27ce0ab-e4d8-4aa2-b8d3-741c26f635e6,Bellaqa GmbH,User/Other,1,2149.94754,Industrial,Oberding,Industrial,Oberding,Bavaria,,2024-11-06 00:00:00
1188,4c48b00f-c8f6-419c-a5d2-da2b723242e8,Vierbrock,Private,1,7999.8048,Dev Site,Stade,Dev Site,Stade,Lower Saxony,,2025-07-09 00:00:00
1189,e27ce0ab-e4d8-4aa2-b8d3-741c26f635e6,Georg Jos. Kaes GmbH DE,User/Other,1,6999.8292,Dev Site,Konigsbrunn,Dev Site,Konigsbrunn,Bavaria,,2025-11-07 00:00:00
1190,4c48b00f-c8f6-419c-a5d2-da2b723242e8,Die B3OX eGbR DE,Private,1,2499.939,Dev Site,Munster,Dev Site,Munster,North Rhine-Westphalia,,2025-12-16 00:00:00
1191,e27ce0ab-e4d8-4aa2-b8d3-741c26f635e6,Rieger Metallveredlung GmbH & Co. KG DE,User/Other,1,4499.8902,Industrial,Muhlhausen/Thuringen,Industrial,Muhlhausen/Thuringen,Thuringia,,2025-09-08 00:00:00
1192,4c48b00f-c8f6-419c-a5d2-da2b723242e8,MAXAR AG,Private,1,17109.582516,Office,Stahnsdorf,Office,Stahnsdorf,Brandenburg,,2026-04-13 00:00:00
1193,1fa3f781-c9ce-4443-8d91-50d76c52df49,McDonald's,User/Other,1,3999.9024,Dev Site,Singen (Hohentwiel),Dev Site,Singen (Hohentwiel); Munich,Baden-Wurttemberg; Bavaria,,2026-02-11 00:00:00
1194,e27ce0ab-e4d8-4aa2-b8d3-741c26f635e6,Pan Dacom Networking AG,User/Other,1,9999.756,Dev Site,Offenbach am Main,Dev Site,Offenbach am Main,Hesse,,2025-08-21 00:00:00
1195,55bf8552-a0ef-4865-8d38-f0542fa6af10,neworld GmbH,Private,1,17449.57422,Office,Mainz,Office,Mainz,Rhineland-Palatinate,,2025-02-06 00:00:00
1196,4c48b00f-c8f6-419c-a5d2-da2b723242e8,TO Projektimmobilien GmbH,Private,1,3699.90972,Dev Site,Achim,Dev Site,Achim,Lower Saxony,,2024-11-25 00:00:00
1197,35945c8b-c496-4718-af7b-b2aa17994c28,Industria Sverige AB,Private,1,4825.8822456,Apartment,Hamburg,Apartment,Hamburg,Hamburg,,2025-03-27 00:00:00
1198,3555db89-a3eb-45ce-a44c-2e7b2325c461,DE,<unknown>,1,1699.95852,Retail,Weidenberg,Dev Site; Apartment; Industrial,Erfurt; Hanover; Buchholz (Westerwald),North Rhine-Westphalia; Lower Saxony; Bavaria,,2026-04-21 00:00:00
1199,4c48b00f-c8f6-419c-a5d2-da2b723242e8,Taurus Investment Projects GmbH,Private,1,18587.5464528,Apartment,Schwanewede,Apartment,Schwanewede,Lower Saxony,,2026-03-09 00:00:00
1200,4c48b00f-c8f6-419c-a5d2-da2b723242e8,Gabriel Capital Partners,Private,1,18587.5464528,Apartment,Schwanewede,Apartment,Schwanewede,Lower Saxony,,2026-03-09 00:00:00
1201,abad3be0-aaf7-42e8-ab87-a88e220b0684,Dusseldorfer Wohnungsgenossenschaft (DWG),User/Other,1,6026.8529412,Dev Site,Dusseldorf,Dev Site,Dusseldorf,North Rhine-Westphalia,,2025-10-29 00:00:00
1202,c21ab26f-8067-421c-aa31-7cdc834b18b4,Bottrop Immobilien GmbH,Private,1,10185.7514616,Retail,Bottrop,Retail,Bottrop,North Rhine-Westphalia,,2025-04-03 00:00:00
1203,e27ce0ab-e4d8-4aa2-b8d3-741c26f635e6,HANNA-Feinkost AG,User/Other,1,59998.536,Dev Site,Geseke,Dev Site,Geseke,North Rhine-Westphalia,,2025-06-05 00:00:00
1204,7ac9a0f3-b9cd-4597-b255-c6d503c1fd7f,Israel Canada,Private,1,,Hotel,Berlin,Hotel,Berlin,Berlin,,2026-06-29 00:00:00
1205,8d544a95-0a8b-47fe-ba68-4dcdbc1bccef,City of Flensburg,User/Other,1,239994.144,Dev Site,Flensburg,Dev Site; Industrial,Flensburg,Schleswig-Holstein,,2026-04-08 00:00:00
1206,e27ce0ab-e4d8-4aa2-b8d3-741c26f635e6,Corporate/Owner-Occupier,User/Other,1,24963.3908784,Retail,Wiesbaden,Retail,Wiesbaden,Hesse,,2025-11-15 00:00:00
1207,4c48b00f-c8f6-419c-a5d2-da2b723242e8,Saftekin Immobilien GmbH,Private,1,14199.65352,Retail,Siegen,Retail,Siegen,North Rhine-Westphalia,,2025-12-15 00:00:00
1208,4c48b00f-c8f6-419c-a5d2-da2b723242e8,Jagdfeld Real Estate,Private,1,12432.6966348,Hotel,Zingst,Retail; Hotel,Siegen; Zingst,North Rhine-Westphalia; Mecklenburg-West Pomerania,,2025-12-15 00:00:00
1209,eaf4bf3d-c951-4ad1-b40f-9ac89e8e102a,City of Kuchen,User/Other,1,7299.82188,Dev Site,Kuchen,Dev Site,Kuchen,Baden-Wurttemberg,,2025-07-09 00:00:00
1210,4c48b00f-c8f6-419c-a5d2-da2b723242e8,HP Potthoff GmbH und Co. KG DE,Private,1,2199.94632,Apartment,Lienen,Apartment,Lienen,North Rhine-Westphalia,,2026-02-27 00:00:00
1211,eaf4bf3d-c951-4ad1-b40f-9ac89e8e102a,City of Rellingen,User/Other,1,2999.9268,Retail,Rellingen,Retail; Dev Site,Rellingen,Schleswig-Holstein,,2026-05-13 00:00:00
1212,4c48b00f-c8f6-419c-a5d2-da2b723242e8,Max von Bredow Baukultur GmbH,Private,1,11999.7072,Dev Site,Haimhausen,Dev Site,Haimhausen,Bavaria,,2024-12-10 00:00:00
1213,bdc0090f-0eff-4b45-bfbf-be09be4d584c,Krause Firmengruppe,Private,1,24999.39,Dev Site,Gernsbach,Dev Site; Retail; Apartment,Gernsbach; Riesa; Potsdam,Baden-Wurttemberg; Saxony; Brandenburg,,2024-09-11 00:00:00
1214,eaf4bf3d-c951-4ad1-b40f-9ac89e8e102a,Municipality of Bodenwohr,User/Other,1,4399.89264,Dev Site,Bodenwohr,Dev Site,Bodenwohr,Bavaria,,2026-06-26 00:00:00
1215,4c48b00f-c8f6-419c-a5d2-da2b723242e8,Motor Real Estate,Private,1,1799.95608,Dev Site,Edingen-Neckarhausen,Dev Site,Edingen-Neckarhausen,Baden-Wurttemberg,,2025-07-11 00:00:00
1216,4c48b00f-c8f6-419c-a5d2-da2b723242e8,Wureme GmbH,Private,1,10999.7316,Dev Site,Herne,Dev Site,Herne,North Rhine-Westphalia,,2024-09-06 00:00:00
1217,e27ce0ab-e4d8-4aa2-b8d3-741c26f635e6,TroniTechnik GmbH DE,User/Other,1,24999.39,Industrial,Preussisch Oldendorf,Industrial,Preussisch Oldendorf,North Rhine-Westphalia,,2026-02-13 00:00:00
1218,4c48b00f-c8f6-419c-a5d2-da2b723242e8,BAL Group,Private,1,2329.943148,Office,Berlin,Office,Berlin,Berlin,,2026-04-07 00:00:00
1219,08705e8e-4de8-4724-9c54-232fa5adc054,Johann Kowar,Private,1,20589.497604,Dev Site,Mannheim,Condo; Dev Site; Hotel,Mannheim,Baden-Wurttemberg,,2026-02-19 00:00:00
1220,4c48b00f-c8f6-419c-a5d2-da2b723242e8,Lenovi Lofts GmbH,Private,1,649.98414,Apartment,Fulda,Apartment,Fulda,Hesse,,2025-11-03 00:00:00
1221,4c48b00f-c8f6-419c-a5d2-da2b723242e8,Vivion Group LU,Private,1,5977.8541368,Retail,Berlin,Retail,Berlin,Berlin,,2024-12-06 00:00:00
1222,4c48b00f-c8f6-419c-a5d2-da2b723242e8,prop Projekte Partner GmbH,Private,1,2899.92924,Seniors Housing & Care,Sonnefeld,Seniors Housing & Care,Sonnefeld,Bavaria,,2025-05-27 00:00:00
1223,e27ce0ab-e4d8-4aa2-b8d3-741c26f635e6,MedCareProfessional GmbH,User/Other,1,3999.9024,Dev Site,Hattingen,Dev Site,Hattingen,North Rhine-Westphalia,,2026-01-25 00:00:00
1224,e27ce0ab-e4d8-4aa2-b8d3-741c26f635e6,Vetter Pharma-Fertigung GmbH & Co. KG,User/Other,1,399986.910464,Dev Site,Saarlouis,Dev Site,Saarlouis,Saarland,,2024-12-21 00:00:00
1225,89466d0e-d688-47aa-aed8-150a231eb1dc,gwSaar Gesellschaft für Wirtschaftsförderung Saar,User/Other,1,,Industrial,Saarlouis,Dev Site; Industrial,Saarlouis,Saarland,,2024-12-21 00:00:00
1226,e27ce0ab-e4d8-4aa2-b8d3-741c26f635e6,Piccolonia Bus-Reisen Klein KG,User/Other,1,9999.756,Dev Site,Cologne,Dev Site,Cologne,North Rhine-Westphalia,,2025-06-04 00:00:00
1227,4c48b00f-c8f6-419c-a5d2-da2b723242e8,EasySpace24 Development GmbH,Private,1,,Office,Meissen,Office,Meissen,Saxony,,2025-11-15 00:00:00
1228,eaf4bf3d-c951-4ad1-b40f-9ac89e8e102a,City of Schwerte,User/Other,1,,Industrial,Schwerte an der Ruhr,Industrial,Schwerte an der Ruhr,North Rhine-Westphalia,,2025-01-30 00:00:00
1229,4c48b00f-c8f6-419c-a5d2-da2b723242e8,HGS Projekt 4,Private,1,,Seniors Housing & Care,Enger,Seniors Housing & Care,Enger,North Rhine-Westphalia,,2026-02-19 00:00:00
1230,e27ce0ab-e4d8-4aa2-b8d3-741c26f635e6,Glinicke-Gruppe,User/Other,1,31999.2192,Retail,Erfurt,Retail,Erfurt,Thuringia,,2025-12-01 00:00:00
1231,f3adb8d0-233b-4a99-a3d4-ab368eeaca6a,Irish Life Assurance,Institutional,1,21559.473936,Industrial,Nettetal,Industrial,Nettetal,North Rhine-Westphalia,Irish Life Investment Managers,2025-01-01 00:00:00
1232,e27ce0ab-e4d8-4aa2-b8d3-741c26f635e6,Ovag,User/Other,1,11554.718058,Dev Site,Rosbach vor der Hohe,Dev Site,Rosbach vor der Hohe,Hesse,,2026-02-26 00:00:00
1233,4c48b00f-c8f6-419c-a5d2-da2b723242e8,Meinhardt Gruppe,Private,1,5399.86824,Industrial,Hofheim am Taunus,Industrial,Hofheim am Taunus,Hesse,,2025-01-22 00:00:00
1234,4c48b00f-c8f6-419c-a5d2-da2b723242e8,K&P Wohnbau GmbH,Private,1,1599.96096,Dev Site,Ostfildern,Dev Site,Ostfildern,Baden-Wurttemberg,,2024-09-01 00:00:00
1235,6ade36a2-eea1-4ba1-ae8f-0a03e0e5ed79,DPD,User/Other,1,6003.8535024,Industrial,Mannheim,Industrial,Krostitz; Worms; Mannheim,Saxony; Rhineland-Palatinate; Baden-Wurttemberg,,2025-07-02 00:00:00
1236,0e6adae0-b6a0-4105-b42f-245c967ebcad,Wolff & Muller,Private,1,6499.8414,Office,Freiburg im Breisgau,Office; Apartment,Freiburg im Breisgau; Wolfsburg,Baden-Wurttemberg; Lower Saxony,,2025-11-17 00:00:00
1237,b3925cf1-8022-4235-81e1-75d67e94d367,Wobau OH,Private,1,53378.697528,Apartment,,Dev Site; Apartment,Magdeburg,Saxony-Anhalt; Schleswig-Holstein,,2024-12-03 00:00:00
1238,bd5657ae-402e-4677-a035-dc18a547bcae,Seehaus e.V.,User/Other,1,599.98536,Retail,Leonberg,Retail,Leonberg,Baden-Wurttemberg,,2025-06-05 00:00:00
1239,eaf4bf3d-c951-4ad1-b40f-9ac89e8e102a,Municipality of Ehningen,User/Other,1,12999.57459008,Dev Site,Ehningen,Dev Site,Ehningen,Baden-Wurttemberg,,2026-02-26 00:00:00
1240,3b7145aa-6dea-4f38-badd-fe484232b6a0,Frohne Generalbau GmbH & Co. KG ,Private,1,17999.5608,Dev Site,Dortmund,Dev Site,Dortmund,North Rhine-Westphalia,,2026-07-06 00:00:00
1241,9acce215-0cc5-45a3-b609-1d7fa4ddea4c,Land Development Fund V,Private,1,1408.9656204,Dev Site,Berlin,Dev Site,Berlin,Berlin,,2025-01-22 00:00:00
1242,d01fb4da-cf65-4ac4-b511-402e0d0ae763,EnBW,Public,1,2897.9292888,Dev Site,Bochum,Dev Site; Office,Stuttgart; Worms; Ludwigsburg,Baden-Wurttemberg; Rhineland-Palatinate; North Rhine-Westphalia,,2025-11-24 00:00:00
1243,e27ce0ab-e4d8-4aa2-b8d3-741c26f635e6,Elements Logistik OST KG,User/Other,1,36286.1145972,Industrial,Reichenbach,Industrial,Reichenbach,Thuringia,,2025-02-28 00:00:00
1244,4c48b00f-c8f6-419c-a5d2-da2b723242e8,Kreiswohnbaugesellschaft Hildesheim,Private,1,,Apartment,Sarstedt,Apartment,Sarstedt,Lower Saxony,,2025-09-01 00:00:00
1245,1eba481b-2157-4beb-8060-2c252fdf2961,Rhenium AM,Institutional,1,4269.895812,Office,Hamburg,Office; Industrial,Hamburg; Ratingen; Furth,Hamburg; North Rhine-Westphalia; Bavaria,,2024-11-18 00:00:00
1246,9e8a2b57-1134-4788-b2e0-c2ab24d76694,Eurofund Group,Private,1,4799.88288,Retail,Mulheim an der Ruhr,Retail,Mulheim an der Ruhr,North Rhine-Westphalia,,2026-06-09 00:00:00
1247,4c48b00f-c8f6-419c-a5d2-da2b723242e8,Muhsal Immobilien,Private,1,39999.024,Dev Site,Rostock,Dev Site,Rostock,Mecklenburg-West Pomerania,,2025-10-17 00:00:00
1248,13de4657-1400-4bc9-aaa8-3258d59b505d,BG Immobiliengruppe,Private,1,449.985274970549,Retail,Muhlheim am Main,Dev Site; Retail,Rostock; Muhlheim am Main,Mecklenburg-West Pomerania; Hesse,,2025-10-17 00:00:00
1249,4c48b00f-c8f6-419c-a5d2-da2b723242e8,Kronacher Stadtentwicklungs-GmbH,Private,1,4099.89996,Retail,Kronach,Retail,Kronach,Bavaria,,2026-01-02 00:00:00
1250,4c48b00f-c8f6-419c-a5d2-da2b723242e8,P-Touch Group,Private,1,39999.024,Office,Essen,Office,Essen,North Rhine-Westphalia,,2025-09-30 00:00:00
1251,eaf4bf3d-c951-4ad1-b40f-9ac89e8e102a,City of Pforzheim,User/Other,1,10999.7316,Office,Pforzheim,Dev Site; Office,Pforzheim,Baden-Wurttemberg,,2026-02-10 00:00:00
1252,e27ce0ab-e4d8-4aa2-b8d3-741c26f635e6,BIKS Polyester,User/Other,1,999.9756,Industrial,Hattersheim am Main,Industrial,Hattersheim am Main,Hesse,,2026-06-23 00:00:00
1253,4c48b00f-c8f6-419c-a5d2-da2b723242e8,NER IndusReal Estate GmbH,Private,1,15999.6096,Industrial,Nufringen,Industrial,Nufringen,Baden-Wurttemberg,,2025-01-20 00:00:00
1254,e27ce0ab-e4d8-4aa2-b8d3-741c26f635e6,Strassendienst Meister GmbH,User/Other,1,3809.907036,Industrial,Oberhausen,Industrial,Oberhausen,North Rhine-Westphalia,,2026-04-14 00:00:00
1255,f390a2e1-284a-48ec-9a6d-124a8381d3b8,Singtel,User/Other,1,5999.8536,Data Center,Berlin,Data Center,Berlin,Berlin,,2026-02-04 00:00:00
1256,978ac98d-feff-4360-9434-b9814e1c5ba3,STT GDC,Private,1,5999.8536,Data Center,Berlin,Data Center,Berlin,Berlin,,2026-02-04 00:00:00
1257,4c48b00f-c8f6-419c-a5d2-da2b723242e8,Supreme Offices,Private,1,29999.268,Office,Cologne,Office,Cologne,North Rhine-Westphalia,,2026-01-08 00:00:00
1258,be7ff2c2-c282-4b33-8fb0-c8ef4f77a332,GalCap Europe,Institutional,1,13799.66328,Office,Heidelberg,Office,Heidelberg,Baden-Wurttemberg,,2026-04-08 00:00:00
1259,4c48b00f-c8f6-419c-a5d2-da2b723242e8,TRAVNIK Group,Private,1,2999.9268,Industrial,Neuss,Industrial,Neuss,North Rhine-Westphalia,,2025-06-30 00:00:00
1260,e27ce0ab-e4d8-4aa2-b8d3-741c26f635e6,Fox Industrial,User/Other,1,55998.6336,Dev Site,Rastatt,Dev Site,Rastatt,Baden-Wurttemberg,,2026-03-26 00:00:00
1261,e27ce0ab-e4d8-4aa2-b8d3-741c26f635e6,Backerei-Konditorei Niehaves GmbH & Co KG,User/Other,1,7792.8098508,Dev Site,Frondenberg/Ruhr,Dev Site,Frondenberg/Ruhr,North Rhine-Westphalia,,2026-06-18 00:00:00
1262,1c4c38e6-d637-45cd-a14a-76afca45b074,Peterborough Capital SCA,Institutional,1,10213.7507784,Industrial,Dreieich,Industrial,Dreieich,Hesse,,2024-10-04 00:00:00
1263,e27ce0ab-e4d8-4aa2-b8d3-741c26f635e6,A+M Angelsport,User/Other,1,6365.8446696,Industrial,Sinzheim,Industrial,Sinzheim,Baden-Wurttemberg,,2025-08-06 00:00:00
1264,50bddf2c-179f-45b2-9c06-e17512df78c9,City of Bergkamen,User/Other,1,25154.386218,Dev Site,Bergkamen,Dev Site,Bergkamen,North Rhine-Westphalia,,2025-02-28 00:00:00
1265,e27ce0ab-e4d8-4aa2-b8d3-741c26f635e6,Autozentrum Dobler,User/Other,1,1689.958764,Retail,Muhlacker,Retail,Muhlacker,Baden-Wurttemberg,,2026-02-23 00:00:00
1266,8b64a69a-5464-4a29-80fe-2751220a07ef,City of Senden,User/Other,1,2299.94388,Office,Senden,Office; Dev Site,Senden,North Rhine-Westphalia,,2025-02-25 00:00:00
1267,4c48b00f-c8f6-419c-a5d2-da2b723242e8,Drei R Immobilien GmbH,Private,1,19999.512,Industrial,Radolfzell am Bodensee,Industrial,Radolfzell am Bodensee,Baden-Wurttemberg,,2026-07-21 00:00:00
1268,e27ce0ab-e4d8-4aa2-b8d3-741c26f635e6,Stabo Elektronik GmbH,User/Other,1,19999.512,Industrial,Siegen,Industrial,Siegen,North Rhine-Westphalia,,2025-09-10 00:00:00
1269,e27ce0ab-e4d8-4aa2-b8d3-741c26f635e6,Eferest GmbH,User/Other,1,19999.512,Industrial,Siegen,Industrial,Siegen,North Rhine-Westphalia,,2025-09-10 00:00:00
1270,e27ce0ab-e4d8-4aa2-b8d3-741c26f635e6,Mosolf Logistics & Services GmbH DE,User/Other,1,5999.8536,Industrial,Illingen,Industrial,Illingen,Baden-Wurttemberg,,2026-04-14 00:00:00
1271,4c48b00f-c8f6-419c-a5d2-da2b723242e8,Propel Industrial,Private,1,79998.048,Dev Site,Bruchsal,Dev Site,Bruchsal,Baden-Wurttemberg,,2025-01-22 00:00:00
1272,e27ce0ab-e4d8-4aa2-b8d3-741c26f635e6,DiaSys Diagnostic Systems GmbH,User/Other,1,24999.181904,Dev Site,Beselich,Dev Site,Beselich,Hesse,,2026-02-06 00:00:00
1273,e27ce0ab-e4d8-4aa2-b8d3-741c26f635e6,Coffee Fellows Hotel Group,User/Other,1,2199.94632,Hotel,Pfaffenhofen an der Ilm,Hotel,Pfaffenhofen an der Ilm,Bavaria,,2024-10-23 00:00:00
1274,4c48b00f-c8f6-419c-a5d2-da2b723242e8,Bentham Capital,Private,1,33599.18016,Office,Berlin,Office,Berlin,Berlin,,2025-08-01 00:00:00
1275,4c48b00f-c8f6-419c-a5d2-da2b723242e8,Vier-Jahreszeiten-Hotelgruppe,Private,1,,Hotel,Borkum,Hotel,Borkum,Lower Saxony,,2025-09-01 00:00:00
1276,4c48b00f-c8f6-419c-a5d2-da2b723242e8,D.I.F GmbH & Co. KG,Private,1,9499.7682,Retail,Bergisch Gladbach,Retail,Bergisch Gladbach,North Rhine-Westphalia,,2025-09-02 00:00:00
1277,e27ce0ab-e4d8-4aa2-b8d3-741c26f635e6,Zentner Scherer,User/Other,1,5499.8658,Dev Site,Dietzenbach,Dev Site,Dietzenbach,Hesse,,2025-09-08 00:00:00
1278,2d25a00b-983a-4ffa-9b37-6353540192e1,City of Dietzenbach,User/Other,1,2569.937292,Office,Dietzenbach,Dev Site; Office,Dietzenbach,Hesse,,2025-09-08 00:00:00
1279,f55f66cb-4e08-4ae1-b915-c4cea95b6d8b,Hayfin Capital Management,Institutional,1,93225.7252368,Retail,Berlin,Retail,Berlin,Berlin,,2025-09-15 00:00:00
1280,24adb5fb-5a95-4838-8111-8f0549d7da8f,Evangelische Zusatzversorgungskasse,Institutional,1,30999.2436,Retail,Hamburg,Retail,Hamburg,Hamburg,,2026-04-16 00:00:00
1281,4c48b00f-c8f6-419c-a5d2-da2b723242e8,FONDSplus Verwaltungsgesellschaft mbH,Private,1,7109.826516,Apartment,Erfurt,Apartment,Erfurt,Thuringia,,2024-11-14 00:00:00
1282,4c48b00f-c8f6-419c-a5d2-da2b723242e8,Baltic Seaside Properties,Private,1,4499.8902,Hotel,Lubeck,Hotel,Lubeck,Schleswig-Holstein,,2026-01-01 00:00:00
1283,4c48b00f-c8f6-419c-a5d2-da2b723242e8,Kropp Gruppe,Private,1,7999.8048,Retail,Friedberg (Hessen),Retail,Friedberg (Hessen),Hesse,,2024-11-20 00:00:00
1284,e27ce0ab-e4d8-4aa2-b8d3-741c26f635e6,Kadens,User/Other,1,,Apartment,Berlin,Apartment,Berlin,Berlin,,2025-10-14 00:00:00
1285,e27ce0ab-e4d8-4aa2-b8d3-741c26f635e6,atg Luther & Maelzer GmbH DE,User/Other,1,12999.6828,Dev Site,Wertheim,Dev Site,Wertheim,Baden-Wurttemberg,,2025-04-05 00:00:00
1286,36ada267-725e-4ffa-972e-07240ce53b37,BRIX REIT,Private,1,20649.49614,Retail,Cottbus,Retail,Cottbus,Brandenburg,,2025-01-23 00:00:00
1287,fae3ca53-7a20-4890-a09d-ca591b0423b6,Wyckerveste BV,Private,1,20649.49614,Retail,Cottbus,Retail,Cottbus,Brandenburg,,2025-01-23 00:00:00
1288,6cfd9402-f14a-4f7d-b621-6c22eed5b10e,Monitor Capital Investments,Private,1,20649.49614,Retail,Cottbus,Retail,Cottbus,Brandenburg,,2025-01-23 00:00:00
1289,4c48b00f-c8f6-419c-a5d2-da2b723242e8,Family Office DE,Private,1,3249.9207,Apartment,Bernau bei Berlin,Apartment,Bernau bei Berlin,Brandenburg,,2025-02-12 00:00:00
1290,3f33d462-14f1-4737-98eb-a45ae0d540b0,Otto Graf GmbH,User/Other,1,6299.84628,Retail,Hanover,Retail,Hanover,Lower Saxony,,2025-09-04 00:00:00
1291,9908d478-1ba1-4f9c-97cb-b5dfc266ecd6,Athora,Institutional,1,17625.5699256,Office,Frankfurt am Main,Office; Apartment,Freiburg im Breisgau; Frankfurt am Main; Wiesbaden,Hesse; Baden-Wurttemberg; Bavaria,,2025-04-30 00:00:00
1292,4c48b00f-c8f6-419c-a5d2-da2b723242e8,Tetraeder Immobilien,Private,1,8999.7804,Retail,Gottingen,Retail,Gottingen,Lower Saxony,,2025-09-19 00:00:00
1293,eaf4bf3d-c951-4ad1-b40f-9ac89e8e102a,Municipality of Penzing,User/Other,1,1999951.2,Dev Site,Penzing,Dev Site,Penzing,Bavaria,,2026-06-18 00:00:00
1294,eaf4bf3d-c951-4ad1-b40f-9ac89e8e102a,City of Landsberg,User/Other,1,1999951.2,Dev Site,Penzing,Dev Site,Penzing; Landsberg,Bavaria; Saxony-Anhalt,,2026-06-18 00:00:00
1295,4c48b00f-c8f6-419c-a5d2-da2b723242e8,Telegraph Immobilien GmbH,Private,1,3159.922896,Apartment,Berlin,Apartment,Berlin,Berlin,,2025-12-19 00:00:00
1296,42edd617-9059-48cf-be3f-c368c1cd3781,Stadt Markdorf,User/Other,1,,Hotel,Markdorf,Dev Site; Hotel,Markdorf,Baden-Wurttemberg,,2026-03-16 00:00:00
1297,1cc29eb5-4783-4bc5-95d3-4e6fd2a96d0e,Solwo Holding GmbH,Private,1,6999.8292,Office,Brandenburg an der Havel,Office,Brandenburg an der Havel,Brandenburg,,2025-01-13 00:00:00
1298,eaf4bf3d-c951-4ad1-b40f-9ac89e8e102a,Stadt Heidenheim,User/Other,1,2499.939,Apartment,Heidenheim an der Brenz,Apartment,Heidenheim an der Brenz,Baden-Wurttemberg,,2025-04-01 00:00:00
1299,4c48b00f-c8f6-419c-a5d2-da2b723242e8,Prop.com,Private,1,,Apartment,Trier,Apartment,Trier,Rhineland-Palatinate,,2025-08-06 00:00:00
1300,4c48b00f-c8f6-419c-a5d2-da2b723242e8,Medico International,Private,1,,Other General,Frankfurt am Main,Other General,Frankfurt am Main,Hesse,,2026-04-27 00:00:00
1301,dd0f2347-2f39-4deb-994a-340c09a84bd2,Breevast,Private,1,114997.194,Apartment,,Dev Site; Apartment,Frankfurt am Main,Hesse,,2026-05-28 00:00:00
1302,4c48b00f-c8f6-419c-a5d2-da2b723242e8,PRODAC Industrial Real Estate GmbH,Private,1,18299.55348,Dev Site,Castrop-Rauxel,Dev Site,Castrop-Rauxel,North Rhine-Westphalia,,2025-09-23 00:00:00
1303,4c48b00f-c8f6-419c-a5d2-da2b723242e8,Cloeren Technology GmbH,Private,1,6901.8315912,Industrial,Erkelenz,Industrial,Erkelenz,North Rhine-Westphalia,,2025-04-01 00:00:00
1304,4c48b00f-c8f6-419c-a5d2-da2b723242e8,WOGEDO (Wohnungsgenossenschaft Dusseldorf-Ost eG),Private,1,7599.81456,Dev Site,Dusseldorf,Dev Site,Dusseldorf,North Rhine-Westphalia,,2026-04-15 00:00:00
1305,4c48b00f-c8f6-419c-a5d2-da2b723242e8,AIXrail GmbH DE,Private,1,14999.634,Dev Site,Stolberg ,Dev Site,Stolberg ,North Rhine-Westphalia,,2025-05-22 00:00:00
1306,4c48b00f-c8f6-419c-a5d2-da2b723242e8,Opheis GmbH & Co. KG DE,Private,1,1113.9728184,Retail,Dusseldorf,Retail,Dusseldorf,North Rhine-Westphalia,,2026-01-08 00:00:00
1307,6138a95b-2986-4652-b4b1-025b24c55ef3,Rolex,User/Other,1,719.982432,Retail,Dusseldorf,Retail,Dusseldorf,North Rhine-Westphalia,,2025-01-26 00:00:00
1308,3555db89-a3eb-45ce-a44c-2e7b2325c461,n/a (family office),<unknown>,1,,Office,Dusseldorf,Office,Dusseldorf,North Rhine-Westphalia,,2025-09-05 00:00:00
1309,f1bf2bb8-a66a-412d-ae15-96ee0e3c2801,GreenPark Frankfurt GmbH,User/Other,1,23199.43392,Office,Bad Soden am Taunus,Office,Bad Soden am Taunus,Hesse,,2025-03-17 00:00:00
1310,4c48b00f-c8f6-419c-a5d2-da2b723242e8,Hansestadt Lubeck,Private,1,8999.7804,Retail,Lubeck,Retail,Lubeck,Schleswig-Holstein,,2024-08-12 00:00:00
1311,4c48b00f-c8f6-419c-a5d2-da2b723242e8,BBU.Bau,Private,1,2499.939,Dev Site,Hanover,Dev Site,Hanover,Lower Saxony,,2025-09-24 00:00:00
1312,4c48b00f-c8f6-419c-a5d2-da2b723242e8,dennree GmbH,Private,1,2579.937048,Industrial,Herne,Industrial,Herne,North Rhine-Westphalia,,2025-02-21 00:00:00
1313,4c48b00f-c8f6-419c-a5d2-da2b723242e8,Fritsch Immobilien,Private,1,9979.756488,Apartment,Wuppertal,Apartment,Wuppertal,North Rhine-Westphalia,,2024-12-16 00:00:00
1314,b7ccfd89-1861-4e62-b9f5-82c1153cb3f7,Beyer Real Estate,Private,1,25999.3656,Industrial,Essen,Industrial,Essen,North Rhine-Westphalia,,2025-02-10 00:00:00
1315,eaf4bf3d-c951-4ad1-b40f-9ac89e8e102a,Gemeinde Illingen,User/Other,1,12999.6828,Dev Site,Illingen,Dev Site,Illingen,Saarland,,2024-11-01 00:00:00
1316,eaf4bf3d-c951-4ad1-b40f-9ac89e8e102a,City of Losheim,User/Other,1,20999.4876,Dev Site,Losheim am See,Dev Site,Losheim am See,Saarland,,2024-09-09 00:00:00
1317,b21c9f16-e0a9-46a6-b7df-76707c3ac0b1,Viega GmbH & Co. KG,User/Other,1,16999.5852,Industrial,Kirkel,Industrial,Kirkel,Saarland,,2025-05-14 00:00:00
1318,4c48b00f-c8f6-419c-a5d2-da2b723242e8,ASB Group GmbH,Private,1,74998.17,Industrial,Deggendorf,Industrial,Deggendorf,Bavaria,,2026-03-27 00:00:00
1319,69d162a2-7a1a-46e7-96e0-139ecc7ee96d,Kronospan,User/Other,1,1929.952908,Office,Dusseldorf,Industrial; Office,Bischweier; Dusseldorf,Baden-Wurttemberg; North Rhine-Westphalia,,2026-04-16 00:00:00
1320,4c48b00f-c8f6-419c-a5d2-da2b723242e8,Stayery,Private,1,,Hotel,Berlin,Hotel,Berlin,Berlin,,2025-12-15 00:00:00
1321,9581f113-76e5-44e2-b957-6762195b0fae,City of Wittlich,User/Other,1,4999.878,Dev Site,Wittlich,Dev Site,Wittlich,Rhineland-Palatinate,,2025-09-08 00:00:00
1322,4c48b00f-c8f6-419c-a5d2-da2b723242e8,Katharina und Michael Bethke,Private,1,1999.9512,Hotel,Nidda,Hotel,Nidda,Hesse,,2026-06-25 00:00:00
1323,4c48b00f-c8f6-419c-a5d2-da2b723242e8,Stockhausen-Immobilien,Private,1,13199.67792,Dev Site,Telgte,Dev Site,Telgte,North Rhine-Westphalia,,2025-07-24 00:00:00
1324,4c48b00f-c8f6-419c-a5d2-da2b723242e8,WBK Wohnbau Konzept Hannover,Private,1,3151.9230912,Dev Site,Hanover,Dev Site,Hanover,Lower Saxony,,2025-10-28 00:00:00
1325,4c48b00f-c8f6-419c-a5d2-da2b723242e8,Siewert & Jakobs GmbH,Private,1,4499.8902,Apartment,Warburg,Apartment,Warburg,North Rhine-Westphalia,,2024-11-15 00:00:00
1326,14e79ec1-1ecd-4f16-8bc6-af0f82ca5ddc,Lifestyle Hospitality Capital (LHC),Private,1,11999.7072,Hotel,Munich,Hotel,Munich,Bavaria,,2024-09-16 00:00:00
1327,a5e1a840-fde3-4bf5-840c-2edd2ed3de55,Elliot Group,Private,1,11999.7072,Hotel,Munich,Hotel,Munich,Bavaria,,2024-09-16 00:00:00
1328,eaf4bf3d-c951-4ad1-b40f-9ac89e8e102a,City of Vlotho,User/Other,1,5811.8581872,Retail,Vlotho,Retail,Vlotho,North Rhine-Westphalia,,2025-07-29 00:00:00
1329,1f80cd77-93dc-4edd-9b07-804e6e63b782,MyOffice,Private,1,6196.8487932,Office,Bremen,Office,Bremen,Bremen,,2026-03-31 00:00:00
1330,e27ce0ab-e4d8-4aa2-b8d3-741c26f635e6,Junge Die Backerei,User/Other,1,4799.88288,Dev Site,Bargteheide,Dev Site,Bargteheide,Schleswig-Holstein,,2025-08-19 00:00:00
1331,4c48b00f-c8f6-419c-a5d2-da2b723242e8,DALEGIO Liegenschaften GmbH,Private,1,10749.7377,Other Hospitality,Butjadingen,Other Hospitality,Butjadingen,Lower Saxony,,2025-03-07 00:00:00
1332,0caea4e7-c667-4168-8f0f-c761b23dcdbd,City of Rottenburg am Neckar,User/Other,1,5899.85604,Dev Site,Rottenburg am Neckar,Dev Site,Rottenburg am Neckar,Baden-Wurttemberg,Wohnbau Rottenburg am Neckar,2026-06-23 00:00:00
1333,e27ce0ab-e4d8-4aa2-b8d3-741c26f635e6,Hardy's Freizeit Sport & Event GmbH,User/Other,1,3999.9024,Retail,Landsberg am Lech,Retail,Landsberg am Lech,Bavaria,,2025-07-01 00:00:00
1334,9acce215-0cc5-45a3-b609-1d7fa4ddea4c,Stiftung Naturschutz Berlin,Private,1,2319.943392,Office,Berlin,Office,Berlin,Berlin,,2026-02-16 00:00:00
1335,e354ce13-a0b2-4556-bbec-d0837d683976,Derag Deutsche Realbesitz AG,Institutional,1,3199.92192,Office,Munich,Office,Munich,Bavaria,,2024-09-30 00:00:00
1336,4c48b00f-c8f6-419c-a5d2-da2b723242e8,Selbstbaugenossenschaft Berlin E.g.,Private,1,,Apartment,Berlin,Apartment,Berlin,Berlin,,2025-03-11 00:00:00
1337,4c48b00f-c8f6-419c-a5d2-da2b723242e8,Wijo Immobilien,Private,1,2599.93656,Industrial,Neuss,Industrial,Neuss,North Rhine-Westphalia,,2026-04-16 00:00:00
1338,e27ce0ab-e4d8-4aa2-b8d3-741c26f635e6,Neiro Property GmbH,User/Other,1,,Hotel,Hallstadt,Hotel,Hallstadt,Bavaria,,2025-11-06 00:00:00
1339,e27ce0ab-e4d8-4aa2-b8d3-741c26f635e6,BrandsCommerce GmbH,User/Other,1,39483.0365904,Industrial,Brotterode-Trusetal,Industrial,Brotterode-Trusetal,Thuringia,,2024-12-15 00:00:00
1340,3555db89-a3eb-45ce-a44c-2e7b2325c461,Unknown,<unknown>,1,,Industrial,Cologne,Industrial,Cologne,North Rhine-Westphalia,,2024-12-16 00:00:00
1341,4c48b00f-c8f6-419c-a5d2-da2b723242e8,Peterborough Capital,Private,1,1499.9634,Apartment,Munich,Apartment,Munich,Bavaria,,2025-09-15 00:00:00
1342,e27ce0ab-e4d8-4aa2-b8d3-741c26f635e6,AMIGO Spiel + Freizeit GmbH,User/Other,1,4676.8858812,Dev Site,Dietzenbach,Dev Site,Dietzenbach,Hesse,,2024-10-14 00:00:00
1343,e27ce0ab-e4d8-4aa2-b8d3-741c26f635e6,Feies Gruppe,User/Other,1,5879.856528,Dev Site,Monchengladbach,Dev Site,Monchengladbach,North Rhine-Westphalia,,2024-08-12 00:00:00
1344,4c48b00f-c8f6-419c-a5d2-da2b723242e8,AJB Investments,Private,1,1099.97316,Retail,Hermannsburg,Retail,Hermannsburg,Lower Saxony,,2025-11-10 00:00:00
1345,24adb5fb-5a95-4838-8111-8f0549d7da8f,Kirchliche Zusatzversorgungskasse Rheinland-Westfalen,Institutional,1,2399.94144,Apartment,Bochum,Apartment,Bochum,North Rhine-Westphalia,,2025-03-21 00:00:00
1346,ada5f787-60e0-4902-8402-708b84fa6665,Immotrend GmbH,Private,1,6999.8292,Dev Site,Karlsruhe,Office; Dev Site; Retail,Ostringen; Karlsruhe; Kamenz,Baden-Wurttemberg; Saxony,,2025-07-01 00:00:00
1347,24cd3e6b-dcb8-48e1-a298-222c3a8f5292,SWW Oberallgäu Wohnungsbau GmbH,User/Other,1,5699.86092,Dev Site,Waltenhofen,Dev Site,Waltenhofen,Bavaria,,2025-11-10 00:00:00
1348,4c48b00f-c8f6-419c-a5d2-da2b723242e8,Cramer Projektentwicklung und Baugesellschaft mbH & Co. KG,Private,1,7499.817,Dev Site,Duisburg,Dev Site,Duisburg,North Rhine-Westphalia,,2026-01-30 00:00:00
1349,229dab77-d7b4-4d82-b1ad-856fcdfda15b,Studierendenwerk Erlangen-Nurnberg,User/Other,1,4499.8902,Apartment,Ingolstadt,Apartment,Ingolstadt,Bavaria,,2025-03-03 00:00:00
1350,e27ce0ab-e4d8-4aa2-b8d3-741c26f635e6,Kramer Pferdesport,User/Other,1,5999.8536,Dev Site,Trier,Dev Site,Trier,Rhineland-Palatinate,,2025-07-14 00:00:00
1351,e27ce0ab-e4d8-4aa2-b8d3-741c26f635e6,Rottbeck Spedition GmbH,User/Other,1,58447.5738444,Dev Site,Schermbeck,Dev Site,Schermbeck,North Rhine-Westphalia,,2025-02-21 00:00:00
1352,6351d5ec-64b5-4305-8c9e-b6b6c5a954b8,Tite Street Capital,Institutional,1,35999.1216,Office,Frankfurt am Main,Office,Frankfurt am Main,Hesse,,2024-08-12 00:00:00
1353,4c48b00f-c8f6-419c-a5d2-da2b723242e8,Nero,Private,1,7499.817,Apartment,Hanover,Apartment,Hanover,Lower Saxony,,2025-12-09 00:00:00
1354,eaf4bf3d-c951-4ad1-b40f-9ac89e8e102a,Furstenfeldbruck Landratsamt,User/Other,1,15893.6121864,Industrial,Mammendorf,Industrial,Mammendorf,Bavaria,,2024-12-15 00:00:00
1355,4c48b00f-c8f6-419c-a5d2-da2b723242e8,Hahne-Gruppe,Private,1,29999.268,Dev Site,Lehrte,Dev Site,Lehrte,Lower Saxony,,2026-05-18 00:00:00
1356,bd5657ae-402e-4677-a035-dc18a547bcae,Arbeiter-Samariter-Bund Deutschland,User/Other,1,,Other General,Zwickau,Other General,Zwickau,Saxony,,2025-06-03 00:00:00
1357,eaf4bf3d-c951-4ad1-b40f-9ac89e8e102a,Stadt Bendorf,User/Other,1,17999.5608,Dev Site,Bendorf,Dev Site,Bendorf,Rhineland-Palatinate,,2026-04-24 00:00:00
1358,4c48b00f-c8f6-419c-a5d2-da2b723242e8,Heimatquartier Hotels Events,Private,1,,Hotel,Sylt,Hotel,Sylt,Schleswig-Holstein,,2026-07-22 00:00:00
1359,e27ce0ab-e4d8-4aa2-b8d3-741c26f635e6,GP Karosserie & Lack,User/Other,1,3243.9208464,Dev Site,Huckeswagen,Dev Site,Huckeswagen,North Rhine-Westphalia,,2026-07-09 00:00:00
1360,4c48b00f-c8f6-419c-a5d2-da2b723242e8,Gundlach Bau und Immobilien GmbH & Co. KG,Private,1,4999.878,Office,Hanover,Office,Hanover,Lower Saxony,,2025-09-22 00:00:00
1361,bda10234-d695-4aea-8958-44344ef71360,BGAR Vermogensverwaltung GmbH,Private,1,46628.862228,Dev Site,Krefeld,Dev Site,Krefeld,North Rhine-Westphalia,,2026-06-11 00:00:00
1362,4c48b00f-c8f6-419c-a5d2-da2b723242e8,Hotel Kaiserhof Victoria GmbH DE,Private,1,,Hotel,Bad Kissingen,Hotel,Bad Kissingen,Bavaria,,2025-09-09 00:00:00
1363,e27ce0ab-e4d8-4aa2-b8d3-741c26f635e6,EMON Service GmbH DE,User/Other,1,3125.9237256,Office,Darmstadt,Office,Darmstadt,Hesse,,2026-02-06 00:00:00
1364,276ce57f-7250-4107-8410-3f8e4126e319,Centerspace,Public,1,4675.8859056,Retail,Berlin,Retail,Berlin,Berlin,,2025-02-27 00:00:00
1365,4c48b00f-c8f6-419c-a5d2-da2b723242e8,bett1 DE,Private,1,1287.9685728,Office,Berlin,Office,Berlin,Berlin,,2025-04-10 00:00:00
1366,e90d0ce7-4220-47fe-885e-2db92095b490,Karl Gruppe,Private,1,9999.756,Industrial,Passau,Industrial,Passau,Bavaria,,2026-05-27 00:00:00
1367,4c48b00f-c8f6-419c-a5d2-da2b723242e8,CM Amadeus,Private,1,13364.673894,Industrial,Ehningen,Industrial,Ehningen,Baden-Wurttemberg,,2025-07-09 00:00:00
1368,4c48b00f-c8f6-419c-a5d2-da2b723242e8,Durr Liegenschaften GmbH & Co. KG,Private,1,4419.892152,Office,Weinstadt,Office,Weinstadt,Baden-Wurttemberg,,2025-08-06 00:00:00
1369,daae980e-55db-4171-a39a-51b4cdacc4ae,Propel Industrial Holding GmbH,Private,1,49998.78,Dev Site,Stapelfeld,Dev Site,Stapelfeld,Schleswig-Holstein,,2026-05-19 00:00:00
1370,e27ce0ab-e4d8-4aa2-b8d3-741c26f635e6,BGK Holding GmbH,User/Other,1,8999.7804,Industrial,Naila,Industrial,Naila,Bavaria,,2025-03-27 00:00:00
1371,eaf4bf3d-c951-4ad1-b40f-9ac89e8e102a,City of Coburg,User/Other,1,12851.6864112,Retail,Coburg,Retail,Coburg,Bavaria,,2026-05-13 00:00:00
1372,4c48b00f-c8f6-419c-a5d2-da2b723242e8,KHW Kommunale Haus und Wohnen,Private,1,4499.8902,Dev Site,Rheda-Wiedenbruck,Dev Site,Rheda-Wiedenbruck,North Rhine-Westphalia,,2026-03-23 00:00:00
1373,4c48b00f-c8f6-419c-a5d2-da2b723242e8,Fein Capital Group,Private,1,1039.974624,Office,Stuttgart,Office,Stuttgart,Baden-Wurttemberg,,2025-12-19 00:00:00
1374,4c48b00f-c8f6-419c-a5d2-da2b723242e8,Wohnpark Muhlenbach GmbH,Private,1,8899.78284,Apartment,Lingen (Ems),Apartment,Lingen (Ems),Lower Saxony,,2026-01-02 00:00:00
1375,abad3be0-aaf7-42e8-ab87-a88e220b0684,Bauverein Wermelskirchen,User/Other,1,,Apartment,Wermelskirchen,Apartment,Wermelskirchen,North Rhine-Westphalia,,2026-02-05 00:00:00
1376,e27ce0ab-e4d8-4aa2-b8d3-741c26f635e6,Mago GmbH & Co. KG,User/Other,1,7999.8048,Dev Site,Schiffweiler,Dev Site,Schiffweiler,Saarland,,2026-03-14 00:00:00
1377,4c48b00f-c8f6-419c-a5d2-da2b723242e8,Bohm-Gruppe,Private,1,2443.9403664,Dev Site,Brandenburg an der Havel,Dev Site,Brandenburg an der Havel,Brandenburg,,2025-08-20 00:00:00
1378,e27ce0ab-e4d8-4aa2-b8d3-741c26f635e6,Stenger EKZ Offenbach,User/Other,1,17499.573,Retail,Offenbach am Main,Retail,Offenbach am Main,Hesse,,2026-02-04 00:00:00
1379,4c48b00f-c8f6-419c-a5d2-da2b723242e8,Nuha Vermogensverwaltungs GmbH,Private,1,3399.91704,Hotel,Essen,Hotel,Essen,North Rhine-Westphalia,,2025-06-26 00:00:00
1380,146f538e-b540-4677-bea8-a5ea2c2a727e,HRG Hannover GmbH,Private,1,13999.6584,Dev Site,Hanover,Dev Site; Apartment; Office,Hanover; Langenhagen; Laatzen,Lower Saxony,,2025-01-22 00:00:00
1381,3201270a-55d9-4731-9164-9de19c88806e,Hussein Hazime Autohaus Am Wasserschloss,User/Other,1,12699.69012,Apartment,Mosbach,Apartment,Mosbach,Baden-Wurttemberg,,2025-06-24 00:00:00
1382,4c48b00f-c8f6-419c-a5d2-da2b723242e8,Altrichter Immobilien GmbH,Private,1,6058.8521604,Industrial,Nuremberg,Industrial,Nuremberg,Bavaria,,2025-11-15 00:00:00
1383,4e0abad5-d0f9-4589-acd1-bc47d4cfb64b,Eagle Hills,Private,1,6879.832128,Hotel,Munich,Hotel,Munich,Bavaria,,2025-06-30 00:00:00
1384,e27ce0ab-e4d8-4aa2-b8d3-741c26f635e6,EG Kassensysteme GmbH,User/Other,1,299.99268,Office,Geislingen an der Steige,Office,Geislingen an der Steige,Baden-Wurttemberg,,2026-06-16 00:00:00
1385,b5dc1748-10f2-4cb3-980e-8f3e2af11f35,B-Cap GmbH,Institutional,1,6410.8435716,Office,Bielefeld,Office,Bielefeld,North Rhine-Westphalia,,2024-08-19 00:00:00
1386,4c48b00f-c8f6-419c-a5d2-da2b723242e8,Refresco,Private,1,12499.695,Industrial,Lowenberger Land,Industrial,Lowenberger Land,Brandenburg,,2025-02-13 00:00:00
1387,e27ce0ab-e4d8-4aa2-b8d3-741c26f635e6,Plusoptix Inc,User/Other,1,5999.8536,Dev Site,Nuremberg,Dev Site,Nuremberg,Bavaria,,2024-09-12 00:00:00
1388,651a94f5-95da-49e9-a964-75eb224e8348,Destillerie Lantenhammer GmbH ,User/Other,1,2499.939,Apartment,Hausham,Apartment,Hausham,Bavaria,,2025-03-13 00:00:00
1389,4c48b00f-c8f6-419c-a5d2-da2b723242e8,Schmidt Group GmbH,Private,1,,Office,Hamburg,Office,Hamburg,Hamburg,,2025-08-26 00:00:00
1390,c80a6ef1-6097-4109-af54-48b3401e3d40,Schlegel GmbH,Private,1,7499.817,Dev Site,Murrhardt,Dev Site,Murrhardt,Baden-Wurttemberg,,2025-02-06 00:00:00
1391,2c9257d0-1a9d-4b64-bfc9-8404879a46cf,Sparkasse Sudpfalz,Institutional,1,4999.878,Dev Site,Landau in der Pfalz,Dev Site,Landau in der Pfalz,Rhineland-Palatinate,,2026-04-02 00:00:00
1392,ffa4d5d4-2d32-4df3-8b81-1fa05e7379f0,NCap Education Sante,Private,1,2017.9507608,Retail,Dortmund,Retail,Dortmund,North Rhine-Westphalia,,2026-01-21 00:00:00
1393,07d7469c-3ceb-47ba-86a6-12511a1f5a40,Norma Capital,Institutional,1,2017.9507608,Retail,Dortmund,Retail,Dortmund,North Rhine-Westphalia,,2026-01-21 00:00:00
1394,eaf4bf3d-c951-4ad1-b40f-9ac89e8e102a,Bochum Economic Development,User/Other,1,789.980724,Office,Bochum,Office,Bochum,North Rhine-Westphalia,,2026-03-10 00:00:00
1395,a7b5b1c1-0233-4609-9cc7-e407eb8b9ccf,Equalbase,Private,1,20517.4993608,Dev Site,Butzbach,Dev Site,Butzbach,Hesse,,2026-05-29 00:00:00
1396,0d0290a6-e7ed-4f02-8c40-a417631b8f69,Affinius Capital,Institutional,1,20517.4993608,Dev Site,Butzbach,Dev Site,Butzbach,Hesse,,2026-05-29 00:00:00
1397,e27ce0ab-e4d8-4aa2-b8d3-741c26f635e6,atlive eventtechnik,User/Other,1,1599.96096,Industrial,Hilden,Industrial,Hilden,North Rhine-Westphalia,,2025-03-17 00:00:00
1398,4c48b00f-c8f6-419c-a5d2-da2b723242e8,Equilibria Group Ltd,Private,1,7999.8048,Hotel,Munich,Hotel,Munich,Bavaria,,2024-12-03 00:00:00
1399,e27ce0ab-e4d8-4aa2-b8d3-741c26f635e6,Augustiner-Brau Wagner KG,User/Other,1,7499.817,Dev Site,Plattling,Dev Site,Plattling,Bavaria,,2026-03-06 00:00:00
1400,e27ce0ab-e4d8-4aa2-b8d3-741c26f635e6,Long Bridge Romania,User/Other,1,,Hotel,Ludwigshafen am Rhein,Hotel,Ludwigshafen am Rhein,Rhineland-Palatinate,,2025-12-22 00:00:00
1401,3555db89-a3eb-45ce-a44c-2e7b2325c461,D&R DENKRIESEN GmbH DE,<unknown>,1,8470.7933076,Dev Site,Quickborn,Dev Site,Quickborn,Schleswig-Holstein,,2025-01-20 00:00:00
1402,4c48b00f-c8f6-419c-a5d2-da2b723242e8,Waldner Holding,Private,1,19999.512,Dev Site,Wangen im Allgau,Dev Site,Wangen im Allgau,Baden-Wurttemberg,,2025-07-04 00:00:00
1403,e27ce0ab-e4d8-4aa2-b8d3-741c26f635e6,NT Neue Technologie AG,User/Other,1,4399.89264,Office,Erfurt,Office,Erfurt,Thuringia,,2026-05-19 00:00:00
1404,4c48b00f-c8f6-419c-a5d2-da2b723242e8,BlackF House GmbH,Private,1,3199.92192,Hotel,Munich,Hotel,Munich,Bavaria,,2024-12-18 00:00:00
1405,e27ce0ab-e4d8-4aa2-b8d3-741c26f635e6,Rigdon,User/Other,1,26169.361452,Industrial,Pfaffenhofen an der Roth,Industrial,Pfaffenhofen an der Roth,Bavaria,,2025-11-06 00:00:00
1406,4c48b00f-c8f6-419c-a5d2-da2b723242e8,EHM Immobilien GmbH,Private,1,759.981456,Industrial,Maintal,Industrial,Maintal,Hesse,,2025-07-22 00:00:00
1407,4c48b00f-c8f6-419c-a5d2-da2b723242e8,Kuster Holding GmbH,Private,1,7999.8048,Industrial,Wetzlar,Industrial,Wetzlar,Hesse,,2026-04-20 00:00:00
1408,e27ce0ab-e4d8-4aa2-b8d3-741c26f635e6,Maho GmbH,User/Other,1,5273.8713144,Industrial,Cologne,Industrial,Cologne,North Rhine-Westphalia,,2026-03-05 00:00:00
1409,83de47c2-12aa-4406-a3b0-e6f9e18e2ad5,Liven Invest AS,Private,1,999.9756,Dev Site,Berlin,Dev Site,Berlin,Berlin,,2026-05-29 00:00:00
1410,4c48b00f-c8f6-419c-a5d2-da2b723242e8,Citizen Machinery Europe GmbH,Private,1,8799.78528,Dev Site,Ostfildern,Dev Site,Ostfildern,Baden-Wurttemberg,,2025-02-19 00:00:00
1411,4c48b00f-c8f6-419c-a5d2-da2b723242e8,DOA Investment Ltd,Private,1,4999.878,Dev Site,Dusseldorf,Dev Site,Dusseldorf,North Rhine-Westphalia,,2024-12-23 00:00:00
1412,d2b21357-65d8-46c8-9d3b-cf2bbb8be5dd,Erbbauverein Koeln eG,Private,1,6177.8492568,Dev Site,Cologne,Dev Site,Cologne,North Rhine-Westphalia,,2026-06-10 00:00:00
1413,e27ce0ab-e4d8-4aa2-b8d3-741c26f635e6,Rosl Entsorgung GmbH & Co. KG,User/Other,1,2318.9434164,Industrial,Taucha,Industrial,Taucha,Saxony,,2025-04-01 00:00:00
1414,29877333-c4be-45c6-b74e-511f3320b4cb,smartUP Holding GmbH,Private,1,12999.6828,Dev Site,Regensburg,Dev Site,Regensburg,Bavaria,,2026-05-05 00:00:00
1415,e27ce0ab-e4d8-4aa2-b8d3-741c26f635e6,Denys GMBH,User/Other,1,1799.95608,Industrial,Wilhelmshaven,Industrial,Wilhelmshaven,Lower Saxony,,2025-05-21 00:00:00
1416,bd5657ae-402e-4677-a035-dc18a547bcae,Volkssolidaritat Leipziger Land/Muldental eV,User/Other,1,1479.963888,Dev Site,Schkeuditz,Dev Site,Schkeuditz,Saxony,,2025-08-12 00:00:00
1417,4c48b00f-c8f6-419c-a5d2-da2b723242e8,Emon Group,Private,1,17999.5608,Office,Neu-Isenburg,Office,Neu-Isenburg,Hesse,,2025-10-10 00:00:00
1418,4c48b00f-c8f6-419c-a5d2-da2b723242e8,WMM AG,Private,1,4529.889468,Dev Site,Weingarten,Dev Site,Weingarten,Baden-Wurttemberg,,2026-04-10 00:00:00
1419,abad3be0-aaf7-42e8-ab87-a88e220b0684,Bad Cannstatt eG,User/Other,1,3299.91948,Apartment,Stuttgart,Apartment,Stuttgart,Baden-Wurttemberg,,2025-07-28 00:00:00
1420,e27ce0ab-e4d8-4aa2-b8d3-741c26f635e6,Lava Energy,User/Other,1,1789.956324,Office,Stuttgart,Office,Stuttgart,Baden-Wurttemberg,,2025-09-16 00:00:00
1421,4c48b00f-c8f6-419c-a5d2-da2b723242e8,Amiata Beteiligungs GmbH & Co. KG,Private,1,9974.75661,Office,Stuttgart,Office,Stuttgart,Baden-Wurttemberg,,2024-09-15 00:00:00
1422,4c48b00f-c8f6-419c-a5d2-da2b723242e8,Backstage Concerts GmbH,Private,1,3099.92436,Dev Site,Munich,Dev Site,Munich,Bavaria,,2025-05-19 00:00:00
1423,eaf4bf3d-c951-4ad1-b40f-9ac89e8e102a,Deutsche Boden- und Beteiligungsgesellschaft,User/Other,1,29999.0182848,Dev Site,Moers,Dev Site,Moers,North Rhine-Westphalia,,2026-03-11 00:00:00
1424,e27ce0ab-e4d8-4aa2-b8d3-741c26f635e6,ELA Container,User/Other,1,69998.292,Dev Site,Trappenkamp,Dev Site,Trappenkamp,Schleswig-Holstein,,2025-07-09 00:00:00
1425,4c48b00f-c8f6-419c-a5d2-da2b723242e8,Charles Real Estate GmbH,Private,1,15999.6096,Dev Site,Soest,Dev Site,Soest,North Rhine-Westphalia,,2026-06-15 00:00:00
1426,4c48b00f-c8f6-419c-a5d2-da2b723242e8,X Capital GmbH,Private,1,15999.6096,Dev Site,Soest,Dev Site,Soest,North Rhine-Westphalia,,2026-06-15 00:00:00
1427,e27ce0ab-e4d8-4aa2-b8d3-741c26f635e6,Derschutze GmbH,User/Other,1,1387.9661328,Industrial,Winsen (Luhe),Industrial,Winsen (Luhe),Lower Saxony,,2025-06-12 00:00:00
1428,33d7042e-f5fe-47fb-be09-f97a24114c97,Grouwels Vastgoed,Private,1,13599.66816,Apartment,Dusseldorf,Apartment,Dusseldorf,North Rhine-Westphalia,,2024-10-31 00:00:00
1429,e27ce0ab-e4d8-4aa2-b8d3-741c26f635e6,xpecto AG,User/Other,1,7699.81212,Office,Landshut,Office,Landshut,Bavaria,,2025-07-23 00:00:00
1430,bd5657ae-402e-4677-a035-dc18a547bcae,The Studierendenwerk Aachen AoR,User/Other,1,,Apartment,Aachen,Apartment,Aachen,North Rhine-Westphalia,,2025-07-22 00:00:00
1431,4c48b00f-c8f6-419c-a5d2-da2b723242e8,Coreh Care Holding GmbH,Private,1,3479.915088,Seniors Housing & Care,Erharting,Seniors Housing & Care,Erharting,Bavaria,,2026-06-08 00:00:00
1432,eaf4bf3d-c951-4ad1-b40f-9ac89e8e102a,Gemeinde Sulzemoos,User/Other,1,11499.7194,Industrial,Sulzemoos,Industrial,Sulzemoos,Bavaria,,2026-04-09 00:00:00
1433,abad3be0-aaf7-42e8-ab87-a88e220b0684,REA Systeme,User/Other,1,9999.756,Dev Site,Ober-Ramstadt,Dev Site,Ober-Ramstadt,Hesse,,2025-04-08 00:00:00
1434,377c5fe0-d310-4c44-ad52-b6f10fbe2eb9,Impact Capital Real Estate,Private,1,20799.49248,Office,Nuremberg,Office,Nuremberg,Bavaria,,2025-04-30 00:00:00
1435,d08deb4d-a241-4dae-80cb-47d774b13b63,MK Group,Private,1,19999.512,Dev Site,Crailsheim,Dev Site,Crailsheim,Baden-Wurttemberg,,2025-06-27 00:00:00
1436,d42fc1e6-91a0-4dfe-b06f-1dd18328b35a,Grosvenor,Institutional,1,24499.4022,Industrial,Frechen,Industrial,Frechen,North Rhine-Westphalia,Grosvenor Continental Europe,2026-07-22 00:00:00
1437,0a640da0-eae3-4dfb-90a7-cc9f887dcd40,Familienheim Pforzheim Baugenossenschaft eG,Institutional,1,19999.512,Office,Pforzheim,Office,Pforzheim,Baden-Wurttemberg,,2024-09-25 00:00:00
1438,4c48b00f-c8f6-419c-a5d2-da2b723242e8,BKR Kaiserslautern eGbR,Private,1,30999.2436,Dev Site,Kaiserslautern,Dev Site,Kaiserslautern,Rhineland-Palatinate,,2025-11-04 00:00:00
1439,4c48b00f-c8f6-419c-a5d2-da2b723242e8,FischerHaus GmbH & Co. KG DE,Private,1,2999.9268,Industrial,Roding,Industrial,Roding,Bavaria,,2025-02-26 00:00:00
1440,80ebf6eb-8d2e-4877-9e03-c201e080b49a,MN Trade,Private,1,5499.8658,Dev Site,Butzbach,Dev Site,Butzbach,Hesse,,2026-06-18 00:00:00
1441,e27ce0ab-e4d8-4aa2-b8d3-741c26f635e6,Nero AG,User/Other,1,719.982432,Office,Hanover,Office,Hanover,Lower Saxony,,2025-10-27 00:00:00
1442,4c48b00f-c8f6-419c-a5d2-da2b723242e8,Artbau,Private,1,6699.83652,Dev Site,Wachtersbach,Dev Site,Wachtersbach,Hesse,,2025-08-22 00:00:00
1443,e27ce0ab-e4d8-4aa2-b8d3-741c26f635e6,Meyers GmbH,User/Other,1,,Industrial,Langenfeld (Rheinland),Industrial,Langenfeld (Rheinland),North Rhine-Westphalia,,2025-03-13 00:00:00
1444,4c48b00f-c8f6-419c-a5d2-da2b723242e8,Ebner Immobilien GmbH & Co. KG,Private,1,16589.595204,Apartment,Fellbach,Apartment,Fellbach,Baden-Wurttemberg,,2025-08-09 00:00:00
1445,eaf4bf3d-c951-4ad1-b40f-9ac89e8e102a,City of Velten,User/Other,1,447.9890688,Apartment,Heidelberg,Apartment,Heidelberg,Baden-Wurttemberg,,2024-08-15 00:00:00
1446,eaf4bf3d-c951-4ad1-b40f-9ac89e8e102a,Stadt Leichlingen,User/Other,1,,Apartment,Leichlingen (Rheinland),Apartment,Leichlingen (Rheinland),North Rhine-Westphalia,,2025-10-02 00:00:00
1447,eaf4bf3d-c951-4ad1-b40f-9ac89e8e102a,Stadt Villingen-Schwenningen,User/Other,1,7404.819318,Retail,Villingen-Schwenningen,Retail,Villingen-Schwenningen,Baden-Wurttemberg,,2024-08-14 00:00:00
1448,2c9257d0-1a9d-4b64-bfc9-8404879a46cf,Stadtsparkasse Schwerte,Institutional,1,29999.268,Apartment,Schwerte an der Ruhr,Apartment,Schwerte an der Ruhr,North Rhine-Westphalia,,2025-09-09 00:00:00
1449,ebfd18cd-b81b-42a5-808b-3b209258637c,Niedax GmbH & Co. KG,User/Other,1,21499.4754,Industrial,Neustadt (Wied),Industrial,Neustadt (Wied),Rhineland-Palatinate,,2025-03-28 00:00:00
1450,4c48b00f-c8f6-419c-a5d2-da2b723242e8,tB Verkerk Projects B.V. NL,Private,1,17729.567388,Office,Dusseldorf,Office,Dusseldorf,North Rhine-Westphalia,,2024-09-03 00:00:00
1451,e27ce0ab-e4d8-4aa2-b8d3-741c26f635e6,Majamo GmbH,User/Other,1,32999.1948,Dev Site,Wallenhorst,Dev Site,Wallenhorst,Lower Saxony,,2026-04-23 00:00:00
1452,4c48b00f-c8f6-419c-a5d2-da2b723242e8,AR Hotels Ltd,Private,1,,Hotel,Mannheim,Hotel,Mannheim,Baden-Wurttemberg,,2025-01-21 00:00:00
1453,3e917515-78c3-4872-a2c7-501aca314738,Karl Group,Private,1,15799.61448,Industrial,Hengersberg,Industrial,Hengersberg,Bavaria,,2026-06-23 00:00:00
1454,4c48b00f-c8f6-419c-a5d2-da2b723242e8,Metzgerei Heinrich,Private,1,1099.97316,Industrial,Frankfurt am Main,Industrial,Frankfurt am Main,Hesse,,2025-09-22 00:00:00
1455,4c48b00f-c8f6-419c-a5d2-da2b723242e8,Kokomo Capital GmbH,Private,1,,Hotel,Rottach-Egern,Hotel,Rottach-Egern,Bavaria,,2025-12-12 00:00:00
1456,e27ce0ab-e4d8-4aa2-b8d3-741c26f635e6,Wodeer Technologie Europe GmbH,User/Other,1,2379.941928,Industrial,Adelberg,Industrial,Adelberg,Baden-Wurttemberg,,2025-07-28 00:00:00
1457,f41a0248-a036-4586-b56d-77600e2fb151,InterSPA Deutschland Betreiber-GmbH,User/Other,1,,Hotel,Biersdorf am See,Hotel,Biersdorf am See,Rhineland-Palatinate,,2025-04-04 00:00:00
1458,4c48b00f-c8f6-419c-a5d2-da2b723242e8,Oliver Blume,Private,1,23499.4266,Retail,Hanover,Retail,Hanover,Lower Saxony,,2025-08-26 00:00:00
1459,4c48b00f-c8f6-419c-a5d2-da2b723242e8,City Link Logistics,Private,1,9499.7682,Industrial,Haan,Industrial,Haan,North Rhine-Westphalia,,2024-10-24 00:00:00
1460,4c48b00f-c8f6-419c-a5d2-da2b723242e8,CapRate Values,Private,1,18432.5502348,Retail,Trier,Retail,Trier,Rhineland-Palatinate,,2024-10-01 00:00:00
1461,4c48b00f-c8f6-419c-a5d2-da2b723242e8,REAK real estate GmbH,Private,1,9999.756,Retail,Bad Durrenberg,Retail,Bad Durrenberg,Saxony-Anhalt,,2024-08-21 00:00:00
1462,afe9fb80-ea5c-4966-b9e2-8c63a698b871,MyShare SCPI,Private,1,,Other Hospitality,Medebach,Other Hospitality,Medebach,North Rhine-Westphalia,,2025-01-14 00:00:00
1463,e27ce0ab-e4d8-4aa2-b8d3-741c26f635e6,Frischemarkte BAUR Konstanz KG,User/Other,1,3474.91521,Retail,Konstanz,Retail,Konstanz,Baden-Wurttemberg,,2026-06-16 00:00:00
1464,f0477f7b-53a6-4d7e-a3b2-4f145b23d7cf,Kreissparkasse Munchen-Starnberg-Ebersberg,Institutional,1,7999.8048,Office,Munich,Office,Munich,Bavaria,,2026-06-30 00:00:00
1465,4c48b00f-c8f6-419c-a5d2-da2b723242e8,Dana Immobilien,Private,1,1584.961326,Apartment,Berlin,Apartment,Berlin,Berlin,,2025-01-01 00:00:00
1466,4c48b00f-c8f6-419c-a5d2-da2b723242e8,FSW Fortuna Senioren Wohnen,Private,1,1584.961326,Apartment,Berlin,Apartment,Berlin,Berlin,,2025-01-01 00:00:00
1467,e27ce0ab-e4d8-4aa2-b8d3-741c26f635e6,igus SE & Co. KG,User/Other,1,21999.4632,Dev Site,Cologne,Dev Site,Cologne,North Rhine-Westphalia,,2025-12-09 00:00:00
1468,4c48b00f-c8f6-419c-a5d2-da2b723242e8,Retzer Industry Eitorf GmbH & Co. KG,Private,1,52498.719,Industrial,Eitorf,Industrial,Eitorf,North Rhine-Westphalia,,2024-08-15 00:00:00
1469,4c48b00f-c8f6-419c-a5d2-da2b723242e8,WH Capital Partners,Private,1,2299.94388,Industrial,Erfurt,Industrial,Erfurt,Thuringia,,2025-07-02 00:00:00
1470,82384537-e105-447b-b7aa-be72ebe7220e,City Link Developments Pty Ltd,Private,1,9471.7688832,Industrial,Castrop-Rauxel,Industrial,Castrop-Rauxel,North Rhine-Westphalia,,2025-03-17 00:00:00
1471,4c48b00f-c8f6-419c-a5d2-da2b723242e8,Schick Life,Private,1,1799.95608,Office,Bamberg,Office,Bamberg,Bavaria,,2025-03-18 00:00:00
1472,b8d90554-d776-4cb0-8c8d-f9d1a091db0c,AS Holding Hildesheim GmbH,Private,1,10249.7499,Industrial,Hildesheim,Industrial,Hildesheim,Lower Saxony,,2026-05-18 00:00:00
1473,3ec760e5-a892-4100-bc4b-768e31371b77,Home & Co Management GmbH,Private,1,5899.85604,Apartment,Berlin,Apartment,Berlin,Berlin,,2026-05-21 00:00:00
1474,4c48b00f-c8f6-419c-a5d2-da2b723242e8,SuCasa GmbH DE,Private,1,3399.91704,Apartment,Datteln,Apartment,Datteln,North Rhine-Westphalia,,2026-02-18 00:00:00
1475,e27ce0ab-e4d8-4aa2-b8d3-741c26f635e6,Bewital Holding GmbH & Co. KG,User/Other,1,6929.830908,Industrial,Velen,Industrial,Velen,North Rhine-Westphalia,,2024-09-11 00:00:00
1476,4c48b00f-c8f6-419c-a5d2-da2b723242e8,Familux Resorts,Private,1,25999.3656,Dev Site,Fehmarn,Dev Site,Fehmarn,Schleswig-Holstein,,2026-01-21 00:00:00
1477,e27ce0ab-e4d8-4aa2-b8d3-741c26f635e6,Lieblingsplatz Hotels Betriebs- und Managementgesellschaft mbH,User/Other,1,,Hotel,Herrsching am Ammersee,Hotel,Herrsching am Ammersee,Bavaria,,2026-01-10 00:00:00
1478,e27ce0ab-e4d8-4aa2-b8d3-741c26f635e6,Geberit International,User/Other,1,179995.608,Dev Site,Ibbenburen,Dev Site,Ibbenburen,North Rhine-Westphalia,,2025-01-20 00:00:00
1479,e27ce0ab-e4d8-4aa2-b8d3-741c26f635e6,Leonhard Weiss Bauunternehmung,User/Other,1,29999.268,Dev Site,Salach,Dev Site,Salach,Baden-Wurttemberg,,2025-07-28 00:00:00
1480,b2bc188f-44e8-4a90-a9b9-f4884911d31f,Deutsche Aircraft GmbH,Private,1,60498.5238,Dev Site,Schkeuditz,Dev Site,Schkeuditz,Saxony,,2024-09-20 00:00:00
1481,4c48b00f-c8f6-419c-a5d2-da2b723242e8,Falkensteg Holding GmbH & Co. KG,Private,1,24999.39,Industrial,Rheinbollen,Industrial,Rheinbollen,Rhineland-Palatinate,,2026-04-29 00:00:00
1482,bd5657ae-402e-4677-a035-dc18a547bcae,KFA Kultur fur alle gGmbH,User/Other,1,3194.922042,Other General,Dresden,Other General,Dresden,Saxony,,2026-06-04 00:00:00
1483,4e38416e-5db1-45c3-a2ae-b5d7a84c2b69,ATHOS Immobilien AG,Private,1,48109.8260916,Retail,Munich,Retail,Munich,Bavaria,,2024-11-15 00:00:00
1484,4c48b00f-c8f6-419c-a5d2-da2b723242e8,Ensana Hotels,Private,1,11499.7194,Hotel,Bad Griesbach im Rottal,Hotel,Bad Griesbach im Rottal,Bavaria,,2025-10-31 00:00:00
1485,e27ce0ab-e4d8-4aa2-b8d3-741c26f635e6,SONOTEC GmbH,User/Other,1,5208.8729004,Industrial,Halle (Saale),Industrial,Halle (Saale),Saxony-Anhalt,,2024-12-15 00:00:00
1486,e27ce0ab-e4d8-4aa2-b8d3-741c26f635e6,Boeser Frischfleisch GmbH,User/Other,1,19199.53152,Industrial,Crailsheim,Industrial,Crailsheim,Baden-Wurttemberg,,2026-04-18 00:00:00
1487,59f16184-115d-4ebd-8a5b-cbd3480ade29,Bream Real Estate,Institutional,1,4558.8887604,Apartment,Hamburg,Apartment,Hamburg,Hamburg,,2025-11-05 00:00:00
1488,e27ce0ab-e4d8-4aa2-b8d3-741c26f635e6,Lippold GmbH,User/Other,1,15999.6096,Dev Site,Wedel,Dev Site,Wedel,Schleswig-Holstein,,2026-04-17 00:00:00
1489,4c48b00f-c8f6-419c-a5d2-da2b723242e8,Hilee B GmbH,Private,1,19753.5180024,Retail,Bergkamen,Dev Site; Retail,Bergkamen,North Rhine-Westphalia,,2025-02-28 00:00:00
1490,fc7371e3-8e60-4c71-9065-c93d17093b11,von Rahden Immobilien GbR ,Private,1,3999.9024,Dev Site,Lilienthal,Dev Site,Lilienthal,Lower Saxony,,2025-11-07 00:00:00
1491,4c48b00f-c8f6-419c-a5d2-da2b723242e8,Feimann GmbH,Private,1,5619.862872,Seniors Housing & Care,Legden,Seniors Housing & Care,Legden,North Rhine-Westphalia,,2026-07-01 00:00:00
1492,4c48b00f-c8f6-419c-a5d2-da2b723242e8,DPI Deutsche Projekt Invest GmbH,Private,1,1324.96767,Retail,Massen-Niederlausitz,Retail,Massen-Niederlausitz,Brandenburg,,2026-01-13 00:00:00
1493,4c48b00f-c8f6-419c-a5d2-da2b723242e8,ABC Immobilien,Private,1,1369.966572,Retail,Oberhonnefeld-Gierend,Retail,Oberhonnefeld-Gierend,Rhineland-Palatinate,,2026-05-19 00:00:00
1494,e27ce0ab-e4d8-4aa2-b8d3-741c26f635e6,Unternehmens Gruppe Kirk AG,User/Other,1,12499.695,Office,Darmstadt,Office,Darmstadt,Hesse,,2025-11-19 00:00:00
1495,eaf4bf3d-c951-4ad1-b40f-9ac89e8e102a,City of Berghulen,User/Other,1,59998.0365696,Dev Site,Berghulen,Dev Site,Berghulen,Baden-Wurttemberg,,2026-04-13 00:00:00
1496,4c48b00f-c8f6-419c-a5d2-da2b723242e8,THG Wohnen GmbH,Private,1,11999.7072,Dev Site,Garching bei Munchen,Dev Site,Garching bei Munchen,Bavaria,,2025-05-21 00:00:00
1497,4c48b00f-c8f6-419c-a5d2-da2b723242e8,Kur- und Kongressgesellschaft Bad Homburg,Private,1,28499.3046,Dev Site,Bad Homburg vor der Hohe,Dev Site,Bad Homburg vor der Hohe,Hesse,,2026-03-12 00:00:00
1498,e27ce0ab-e4d8-4aa2-b8d3-741c26f635e6,Sud Eis GmbH & Co KG,User/Other,1,10999.7316,Dev Site,Bad Iburg,Dev Site,Bad Iburg,Lower Saxony,,2026-05-12 00:00:00
1499,4c48b00f-c8f6-419c-a5d2-da2b723242e8,Josef und Luise Kraft-Stiftung DE,Private,1,4099.89996,Industrial,Munich,Industrial,Munich,Bavaria,,2025-10-27 00:00:00
1500,896ba8e5-996c-4ced-846b-9f776d2d4e2a,Maxar AG,Private,1,103997.4624,Dev Site,Bernau bei Berlin,Dev Site,Bernau bei Berlin,Brandenburg,,2026-05-26 00:00:00
1501,e27ce0ab-e4d8-4aa2-b8d3-741c26f635e6,Schenke Delikatessen GmbH & CO. KG,User/Other,1,1499.9634,Retail,Gutersloh,Retail,Gutersloh,North Rhine-Westphalia,,2026-03-13 00:00:00
1502,e27ce0ab-e4d8-4aa2-b8d3-741c26f635e6,MF Vestische Straße eGbR,User/Other,1,1379.966328,Office,Oberhausen,Office,Oberhausen,North Rhine-Westphalia,,2025-08-18 00:00:00
1503,4c48b00f-c8f6-419c-a5d2-da2b723242e8,K & S – Dr. Krantz Sozialbau und Betreuung SE & Co. KG DE,Private,1,5639.862384,Dev Site,Kelheim,Dev Site,Kelheim,Bavaria,,2025-09-30 00:00:00
1504,326ddca6-1c67-48ce-be63-b66657c9e234,Beermann Immobilien verwaltung GmbH & Co. KG,<unknown>,1,2479.939488,Retail,Bottrop,Retail,Bottrop,North Rhine-Westphalia,,2026-04-14 00:00:00
1505,4c48b00f-c8f6-419c-a5d2-da2b723242e8,Fasa AG DE,Private,1,8799.78528,Hotel,Oberwiesenthal,Hotel,Oberwiesenthal,Saxony,,2024-12-22 00:00:00
1506,4af65ca6-6cf9-4854-8eca-beb28711654d,Roomwise,User/Other,1,2999.9268,Apartment,Munich,Apartment,Munich,Bavaria,,2025-02-14 00:00:00
1507,4c48b00f-c8f6-419c-a5d2-da2b723242e8,DPI Deutsche Projekt Invest,Private,1,6399.84384,Retail,Querfurt,Retail,Querfurt,Saxony-Anhalt,,2026-01-22 00:00:00
1508,4c48b00f-c8f6-419c-a5d2-da2b723242e8,Nymphenburger Beteiligungs AG,Private,1,,Apartment,Munich,Apartment,Munich,Bavaria,,2025-12-18 00:00:00
1509,4c48b00f-c8f6-419c-a5d2-da2b723242e8,K & F Holding,Private,1,2399.9786,Hotel,Eppingen,Hotel,Eppingen,Baden-Wurttemberg,,2026-04-16 00:00:00
1510,bd5657ae-402e-4677-a035-dc18a547bcae,Deutscher Beamtenwirtschaftsbund (DBW),User/Other,1,8096.8024332,Hotel,Berlin,Hotel,Berlin,Berlin,,2025-08-01 00:00:00
1511,e27ce0ab-e4d8-4aa2-b8d3-741c26f635e6,Halbe-Rahmen,User/Other,1,5699.86092,Industrial,Kirchen (Sieg),Industrial,Kirchen (Sieg),Rhineland-Palatinate,,2026-03-06 00:00:00
1512,4c48b00f-c8f6-419c-a5d2-da2b723242e8,SIGMA Holding GmbH,Private,1,22499.451,Industrial,Obernburg am Main,Industrial,Obernburg am Main,Bavaria,,2025-12-01 00:00:00
1513,4c48b00f-c8f6-419c-a5d2-da2b723242e8,FAM Real,Private,1,7507.8168048,Office,Stuttgart,Office,Stuttgart,Baden-Wurttemberg,,2024-08-15 00:00:00
1514,4c48b00f-c8f6-419c-a5d2-da2b723242e8,Unternehmensgruppe Schreiber,Private,1,3799.90728,Retail,Grunstadt,Retail,Grunstadt,Rhineland-Palatinate,,2025-03-24 00:00:00
1515,4c48b00f-c8f6-419c-a5d2-da2b723242e8,Kirk Real Estate eGbR,Private,1,4799.88288,Office,Aschaffenburg,Office,Aschaffenburg,Bavaria,,2024-12-10 00:00:00
1516,90df7fbf-1db3-4d82-aff7-91f7bec4a403,Ver­ei­nig­te Gmün­der Woh­nungs­bau­ge­sell­schaft mbH,Private,1,6499.8414,Dev Site,Schwabisch Gmund,Dev Site,Schwabisch Gmund,Baden-Wurttemberg,,2025-12-18 00:00:00
1517,4c48b00f-c8f6-419c-a5d2-da2b723242e8,Rhein-Ruhr-Invest,Private,1,,Apartment,Bottrop,Apartment,Bottrop,North Rhine-Westphalia,,2025-11-17 00:00:00
1518,4c48b00f-c8f6-419c-a5d2-da2b723242e8,Gebr. Wurm Immobilien GmbH,Private,1,9983.7563904,Industrial,Cologne,Industrial,Cologne,North Rhine-Westphalia,,2024-10-02 00:00:00
1519,ebea7e75-7046-4075-a1b9-aa87c89c894a,Hanuschk Immobilien Projekte,Private,1,6982.8296148,Office,Braunschweig,Office,Braunschweig,Lower Saxony,,2025-03-24 00:00:00
1520,6b155fe7-f659-4669-93b0-cdb69a40a070,Kieler Wohnungsgesellschaft mbH & Co. KG,User/Other,1,10629.740628,Apartment,Kiel,Apartment,Kiel,Schleswig-Holstein,,2025-02-14 00:00:00
1521,3c350bb7-89b8-49ff-ab99-ce7c0199cb74,Real Blue Kapitalverwaltungs GmbH,Institutional,1,6599.83896,Seniors Housing & Care,Hamm,Seniors Housing & Care,Hamm,North Rhine-Westphalia,,2026-05-05 00:00:00
1522,dc03f4a8-19a9-448e-8fdf-38e589703bf2,Adal Holding AG,Private,1,17613.5702184,Office,Erlangen,Office,Erlangen,Bavaria,,2026-06-17 00:00:00
1523,4c48b00f-c8f6-419c-a5d2-da2b723242e8,Weberquartier West,Private,1,23999.4144,Dev Site,Bocholt,Dev Site,Bocholt,North Rhine-Westphalia,,2025-10-28 00:00:00
1524,4c48b00f-c8f6-419c-a5d2-da2b723242e8,Festool GmbH,Private,1,13999.6584,Dev Site,Wendlingen am Neckar,Dev Site,Wendlingen am Neckar,Baden-Wurttemberg,,2026-03-18 00:00:00
1525,4c48b00f-c8f6-419c-a5d2-da2b723242e8,Eurasia Immobilien Invest,Private,1,12699.69012,Retail,Dortmund,Retail,Dortmund,North Rhine-Westphalia,,2025-12-15 00:00:00
1526,4c48b00f-c8f6-419c-a5d2-da2b723242e8,Uberseeinsel GmbH,Private,1,10999.7316,Dev Site,Bremen,Dev Site,Bremen,Bremen,,2024-08-13 00:00:00
1527,4c48b00f-c8f6-419c-a5d2-da2b723242e8,XIAO Real Estate GmbH,Private,1,4999.878,Dev Site,Dortmund,Dev Site,Dortmund,North Rhine-Westphalia,,2026-02-27 00:00:00
1528,4c48b00f-c8f6-419c-a5d2-da2b723242e8,Romerhaus Bautrager GmbH,Private,1,9669.764052,Dev Site,Nidderau,Dev Site,Nidderau,Hesse,,2025-09-26 00:00:00
1529,6db5d680-a013-49c6-8fbd-32daaf4f50e7,Simmel Holding GmbH & Co. KG,Private,1,7099.82676,Dev Site,Dresden,Dev Site,Dresden,Saxony,,2026-04-23 00:00:00
1530,e27ce0ab-e4d8-4aa2-b8d3-741c26f635e6,ACO Passavant GmbH,User/Other,1,22999.4388,Dev Site,Philippsthal (Werra),Dev Site,Philippsthal (Werra),Hesse,,2026-05-04 00:00:00
1531,4c48b00f-c8f6-419c-a5d2-da2b723242e8,Josef Dering Immobilien,Private,1,,Apartment,Gaggenau,Apartment,Gaggenau,Baden-Wurttemberg,,2025-08-25 00:00:00
1532,4c48b00f-c8f6-419c-a5d2-da2b723242e8,Redevelop Group NL,Private,1,17926.5625812,Retail,Osnabruck,Retail,Osnabruck,Lower Saxony,,2026-04-21 00:00:00
1533,72539ba5-1113-4dfc-8977-4fa5564cc668,Sector7,Private,1,22999.4388,Industrial,Berlin,Industrial; Hotel,Berlin; Kleinmachnow,Berlin; Brandenburg,,2024-10-08 00:00:00
1534,4c48b00f-c8f6-419c-a5d2-da2b723242e8,Cresco Real Estate Ltd,Private,1,2717.9336808,Apartment,Tubingen,Apartment,Tubingen,Baden-Wurttemberg,,2025-05-21 00:00:00
1535,4c48b00f-c8f6-419c-a5d2-da2b723242e8,Outlet Remscheid GmbH & Co. KG,Private,1,3054.925458,Retail,Remscheid,Retail,Remscheid,North Rhine-Westphalia,,2025-01-22 00:00:00
1536,e27ce0ab-e4d8-4aa2-b8d3-741c26f635e6,SpaceGenie,User/Other,1,4999.878,Self Storage,Gelsenkirchen,Self Storage,Gelsenkirchen,North Rhine-Westphalia,,2025-01-21 00:00:00
1537,4c48b00f-c8f6-419c-a5d2-da2b723242e8,JSB GmbH Wohnungsbaugesellschaft,Private,1,3599.91216,Dev Site,Brachbach,Dev Site,Brachbach,Rhineland-Palatinate,,2025-07-15 00:00:00
1538,4c48b00f-c8f6-419c-a5d2-da2b723242e8,Alin Invest,Private,1,4799.88288,Retail,Hanover,Retail,Hanover,Lower Saxony,,2025-09-02 00:00:00
1539,4c48b00f-c8f6-419c-a5d2-da2b723242e8,ll RauM,Private,1,7599.81456,Dev Site,Neunkirchen-Seelscheid,Dev Site,Neunkirchen-Seelscheid,North Rhine-Westphalia,,2025-07-09 00:00:00
1540,4c48b00f-c8f6-419c-a5d2-da2b723242e8,White Mountain Beratungsgesellschaft mbH,Private,1,3099.92436,Apartment,Munich,Apartment,Munich,Bavaria,,2026-06-17 00:00:00
1541,e27ce0ab-e4d8-4aa2-b8d3-741c26f635e6,Kern & Sohn GmbH,User/Other,1,3179.922408,Industrial,Balingen,Industrial,Balingen,Baden-Wurttemberg,,2025-12-03 00:00:00
1542,046229da-8faa-44d6-9273-fb2a85d4af7c,Yorizon,Private,1,7499.817,Dev Site,Dorfen,Dev Site,Dorfen,Bavaria,,2025-06-25 00:00:00
1543,4c48b00f-c8f6-419c-a5d2-da2b723242e8,4. HII GmbH,Private,1,12399.69744,Industrial,Bremen,Industrial,Bremen,Bremen,,2026-02-16 00:00:00
1544,573a648d-851d-40ac-8c81-d70a34b88b7c,MPT Partners,Private,1,,Other General,,Other General,,,,2018-06-07 00:00:00
1545,90f89906-6563-47cf-8418-6282d836b42b,Vengrove,Private,1,16570.5956676,Industrial,Leverkusen,Industrial,Leverkusen,North Rhine-Westphalia,,2026-07-14 00:00:00
1546,4c48b00f-c8f6-419c-a5d2-da2b723242e8,Denz Immobilien GmbH,Private,1,2907.9290448,Apartment,Freiburg im Breisgau,Apartment,Freiburg im Breisgau,Baden-Wurttemberg,,2026-06-15 00:00:00
1547,e27ce0ab-e4d8-4aa2-b8d3-741c26f635e6,Skorpion Gluckwunschkarten Verlag GmbH & Co. KG,User/Other,1,3029.926068,Industrial,Ahrensburg,Industrial,Ahrensburg,Schleswig-Holstein,,2026-06-08 00:00:00
1548,e3f13cc2-56d3-408b-81e0-a3a81d6df09a,MV Immobilien Investment GmbH,Private,1,,Apartment,Delmenhorst,Apartment,Delmenhorst,Lower Saxony,,2026-06-03 00:00:00
1549,e27ce0ab-e4d8-4aa2-b8d3-741c26f635e6,Mobile Sanitärsysteme Staude GmbH & Co. KG,User/Other,1,859.979016,Industrial,Oyten,Industrial,Oyten,Lower Saxony,,2026-05-28 00:00:00
1550,ecd05f24-c702-47ae-b1f9-60d21fb1a75d,Luxembourg Finance House,Institutional,1,,Apartment,,Apartment,,,,2026-05-22 00:00:00
1551,eaf4bf3d-c951-4ad1-b40f-9ac89e8e102a,State of Saxony Anhalt,User/Other,1,3999869.4008052,Dev Site,Sulzetal,Dev Site,Sulzetal,Saxony-Anhalt,,2026-05-22 00:00:00
1552,4c48b00f-c8f6-419c-a5d2-da2b723242e8,Primestate Real Estate and Consulting,Private,1,,Apartment,Nuremberg,Apartment,Nuremberg,Bavaria,,2026-05-13 00:00:00
1553,4c48b00f-c8f6-419c-a5d2-da2b723242e8,The Laer Group,Private,1,7099.82676,Dev Site,Raunheim,Dev Site,Raunheim,Hesse,,2026-04-28 00:00:00
1554,4c48b00f-c8f6-419c-a5d2-da2b723242e8,B&B Immo GmbH,Private,1,,Apartment,Offenburg,Apartment,Offenburg,Baden-Wurttemberg,,2026-04-22 00:00:00
1555,4c48b00f-c8f6-419c-a5d2-da2b723242e8,Karimian Flossbach Kreft Holding GmbH,Private,1,59998.536,Dev Site,Furstenwalde/Spree,Dev Site,Furstenwalde/Spree,Brandenburg,,2026-04-22 00:00:00
1556,4c48b00f-c8f6-419c-a5d2-da2b723242e8,Readcrest,Private,1,59998.536,Dev Site,Furstenwalde/Spree,Dev Site,Furstenwalde/Spree,Brandenburg,,2026-04-22 00:00:00
1557,4c48b00f-c8f6-419c-a5d2-da2b723242e8,Gerdes Mersch Real Estate Group,Private,1,,Apartment,Herne,Apartment,Herne,North Rhine-Westphalia,,2026-04-15 00:00:00
1558,e27ce0ab-e4d8-4aa2-b8d3-741c26f635e6,Fuhrunternehmen Schreiber GmbH,User/Other,1,3999.9024,Dev Site,Wehretal,Dev Site,Wehretal,Hesse,,2026-04-02 00:00:00
1559,e27ce0ab-e4d8-4aa2-b8d3-741c26f635e6,Helsing,User/Other,1,249991.9000488,Dev Site,Hallbergmoos,Dev Site,Hallbergmoos,Bavaria,,2026-03-24 00:00:00
1560,e27ce0ab-e4d8-4aa2-b8d3-741c26f635e6,Bionorica SE DE,User/Other,1,54998.658,Dev Site,Berngau,Dev Site,Berngau,Bavaria,,2026-03-23 00:00:00
1561,4c48b00f-c8f6-419c-a5d2-da2b723242e8,MiKo Commercial GmbH,Private,1,2499.939,Apartment,Eichstatt,Apartment,Eichstatt,Bavaria,,2026-03-19 00:00:00
1562,4c48b00f-c8f6-419c-a5d2-da2b723242e8,Bonum GmbH & Co. KG,Private,1,20999.4876,Apartment,Bergisch Gladbach,Apartment,Bergisch Gladbach,North Rhine-Westphalia,,2026-01-19 00:00:00
1563,e27ce0ab-e4d8-4aa2-b8d3-741c26f635e6,Aventus Investment Partners,User/Other,1,,Apartment,,Apartment,,North Rhine-Westphalia,,2026-01-02 00:00:00
1564,4c48b00f-c8f6-419c-a5d2-da2b723242e8,PropVesta Grundbesitz,Private,1,,Apartment,,Apartment,,North Rhine-Westphalia,,2026-01-02 00:00:00
1565,4c48b00f-c8f6-419c-a5d2-da2b723242e8,STORCHEN IMMOBILIEN MANAGEMENT GMBH,Private,1,1499.9634,Apartment,Munich,Apartment,Munich,Bavaria,,2025-12-05 00:00:00
1566,4c48b00f-c8f6-419c-a5d2-da2b723242e8,RHEIN-RUHR LIEGENSCHAFTEN GmbH,Private,1,1137.9722328,Apartment,Duisburg,Apartment,Duisburg,North Rhine-Westphalia,,2025-11-27 00:00:00
1567,4c48b00f-c8f6-419c-a5d2-da2b723242e8,Rader Gruppe GmbH,Private,1,1284.968646,Apartment,Leipzig,Apartment,Leipzig,Saxony,,2025-11-20 00:00:00
1568,4c48b00f-c8f6-419c-a5d2-da2b723242e8,DREIZEHN37 Immowert GmbH,Private,1,2359.942416,Apartment,Dresden,Apartment,Dresden,Saxony,,2025-10-09 00:00:00
1569,4c48b00f-c8f6-419c-a5d2-da2b723242e8,MiKo Gruppe,Private,1,10499.7438,Industrial,Regensburg,Industrial,Regensburg,Bavaria,,2025-10-02 00:00:00
1570,58e1ddb0-7fac-4729-be18-f7ba97f35737,Norton Rose Fulbright,User/Other,1,7499.817,Industrial,Dissen am Teutoburger Wald,Industrial,Dissen am Teutoburger Wald,Lower Saxony,,2025-09-29 00:00:00
1571,e27ce0ab-e4d8-4aa2-b8d3-741c26f635e6,selber-lagern.de,User/Other,1,4999.878,Dev Site,Hamburg,Dev Site,Hamburg,Hamburg,,2025-09-22 00:00:00
1572,e27ce0ab-e4d8-4aa2-b8d3-741c26f635e6,Univers Holding GmbH,User/Other,1,49998.78,Dev Site,Bornheim,Dev Site,Bornheim,North Rhine-Westphalia,,2025-09-12 00:00:00
1573,4c48b00f-c8f6-419c-a5d2-da2b723242e8,Meder Invest,Private,1,,Apartment,Tauberbischofsheim,Apartment,Tauberbischofsheim,Baden-Wurttemberg,,2025-09-12 00:00:00
1574,4c48b00f-c8f6-419c-a5d2-da2b723242e8,GIX-Gruppe,Private,1,,Apartment,Bad Bevensen,Apartment,Bad Bevensen,Lower Saxony,,2025-08-29 00:00:00
1575,4c48b00f-c8f6-419c-a5d2-da2b723242e8,Cast Property DE,Private,1,,Apartment,Meerbusch,Apartment,Meerbusch,North Rhine-Westphalia,,2025-08-22 00:00:00
1576,4c48b00f-c8f6-419c-a5d2-da2b723242e8,Cast-Property Servicer GmbH,Private,1,,Apartment,Dusseldorf,Apartment,Dusseldorf,North Rhine-Westphalia,,2025-08-12 00:00:00
1577,e27ce0ab-e4d8-4aa2-b8d3-741c26f635e6,Richter + Frenzel,User/Other,1,54998.2001888,Dev Site,Helmstedt,Dev Site,Helmstedt,Lower Saxony,,2025-07-03 00:00:00
1578,81891908-3736-4ce7-bb1a-43fad661149e,Neximo Partners GmbH,Private,1,,Apartment,Ottobrunn,Apartment,Ottobrunn,Bavaria,,2025-06-02 00:00:00
1579,4c48b00f-c8f6-419c-a5d2-da2b723242e8,Reneo Group GmbH,Private,1,3999.9024,Apartment,Frankfurt am Main,Apartment,Frankfurt am Main,Hesse,,2025-04-29 00:00:00
1580,4c48b00f-c8f6-419c-a5d2-da2b723242e8,Cast Group,Private,1,1754.957178,Apartment,Bochum,Apartment,Bochum,North Rhine-Westphalia,,2025-04-08 00:00:00
1581,3880a943-1a77-4eeb-a9c6-b006850f5752,Wohnungsgenossenschaft Neukolln eG,User/Other,1,,Apartment,Berlin,Apartment,Berlin,Berlin,,2025-03-11 00:00:00
1582,be5e3059-6535-412c-a70c-22607db5f3fd,Meine-Immoentwickler GmbH,Private,1,,Apartment,Munich,Apartment,Munich,Bavaria,,2025-03-05 00:00:00
1583,547cdd25-126c-4d22-9da8-4a66c400746f,Orange Capital,Private,1,440093.2614624,Apartment,,Apartment,,North Rhine-Westphalia,,2025-02-28 00:00:00
1584,710461a9-9038-41dc-9924-0f78464f3542,One Investment Management,Institutional,1,440093.2614624,Apartment,,Apartment,,North Rhine-Westphalia,,2025-02-28 00:00:00
1585,4c48b00f-c8f6-419c-a5d2-da2b723242e8,Getranke Schreiner GmbH,Private,1,23999.21462784,Dev Site,Radeberg,Dev Site,Radeberg,Saxony,,2025-02-11 00:00:00
1586,97744d41-4c34-4fdb-838d-1d385e10b2ad,AustralianSuper,Institutional,1,81448.5126078,Industrial,,Industrial,,,,2025-02-06 00:00:00
1587,6e33923a-d8ee-4f70-8f39-5a266608d7fd,LC Gruppe,Private,1,2999.9268,Apartment,Stuttgart,Apartment,Stuttgart,Baden-Wurttemberg,,2025-01-30 00:00:00
1588,fa88f793-0a92-49ad-a0a7-9b4017b2c469,Meridius Capital GmbH,User/Other,1,4999.878,Industrial,,Industrial,,,,2025-01-21 00:00:00
1589,4c48b00f-c8f6-419c-a5d2-da2b723242e8,Atmira Realestate GmbH,Private,1,159996.096,Dev Site,Rosswein,Dev Site,Rosswein,Saxony,,2024-12-18 00:00:00
1590,4c48b00f-c8f6-419c-a5d2-da2b723242e8,Sk62,Private,1,999.9756,Dev Site,Aachen,Dev Site,Aachen,North Rhine-Westphalia,,2024-11-11 00:00:00
1591,4c48b00f-c8f6-419c-a5d2-da2b723242e8,Landguard Immobilien,Private,1,999.9756,Dev Site,Aachen,Dev Site,Aachen,North Rhine-Westphalia,,2024-11-11 00:00:00
1592,6f4bdf1d-3779-4c4a-9ea6-60b3e3db2d6a,PASENDIA,Institutional,1,16999.5852,Office,Leipzig,Office,Leipzig,Saxony,,2024-09-14 00:00:00
1593,4c48b00f-c8f6-419c-a5d2-da2b723242e8,Benini Real Estate - Benini Intermediation & Consulting GmbH,Private,1,519.987312,Apartment,Dusseldorf,Apartment,Dusseldorf,North Rhine-Westphalia,,2024-07-29 00:00:00
