rank,Company ID,Investor,Capital Group,Current Holdings (objects),Holdings Area (m²),Main Holding Type,Main Holding Cities,Active Property Types,Active Cities,Active Regions,Entities / Vehicles Used,Last Activity
1,9f87af55-0c09-4a09-babb-d1651ed36c82,Eurocastle,Public,263,760594.4410428,Office; Retail,Frankfurt am Main; Hamburg; Halberstadt,Office; Retail; Hotel,Frankfurt am Main; Munich; Hamburg,North Rhine-Westphalia; Hesse; Bavaria,,2020-12-31 00:00:00
2,d12d87a8-03fa-49b3-8475-04a745b174fe,GRR,Institutional,134,606408.1661188,Retail,Goslar; Solingen; Bayreuth,Retail,Essen; Goslar; Cuxhaven,Lower Saxony; North Rhine-Westphalia; Bavaria,,2024-06-04 00:00:00
3,62b6ffd8-4bdb-4247-9bcb-4e1f2db753b7,Degussa Bank,Institutional,107,1031145.8394276,Apartment; Office,Berlin; Mainz; Frankfurt am Main,Apartment; Office; Retail,Berlin; Frankfurt am Main; Mainz,Hesse; North Rhine-Westphalia; Berlin,Industria Wohnen (Degussa),2021-10-21 00:00:00
4,e6aa0944-1180-4356-a478-f20db2a1eeac,Dream Global REIT,Public,93,295326.4059,Industrial; Office,Aschaffenburg; Einbeck; Halle (Saale),Industrial; Office,Hamburg; Stuttgart; Munich,North Rhine-Westphalia; Baden-Wurttemberg; Bavaria,Dundee International REIT,2019-12-09 00:00:00
5,5139a402-306d-44c3-8b39-7be2e294293a,INP Holding AG,Private,90,210396.8661912,Seniors Housing & Care; Office,Berlin; Grevenbroich; Gross-Gerau,Seniors Housing & Care; Office; Other General,Gevelsberg; Berlin; Grevenbroich,North Rhine-Westphalia; Lower Saxony; Hesse,,2023-09-25 00:00:00
6,265b2bb0-f8c7-48be-b793-f9fe60c8ad89,TAG Immobilien AG,Public,73,4131734.0202794,Apartment; Dev Site,Chemnitz; Berlin; Dresden,Apartment; Office; Industrial,Hamburg; Cologne; Munich,Bavaria; Lower Saxony; Hamburg,Bau-Verein zu Hamburg,2023-08-30 00:00:00
7,1fbe1c5d-332d-45ea-ad83-4ebcbe62a607,BMO Financial Group,Institutional,71,548864.5767198,Retail; Apartment,Berlin; Hamburg; Magdeburg,Retail; Apartment; Office,Berlin; Hamburg; Nuremberg,North Rhine-Westphalia; Baden-Wurttemberg; Bavaria,BMO RE Partners,2021-10-05 00:00:00
8,63f114ff-82b3-4d61-aa0a-434652810b62,IVG Immobilien,Public,64,811403.7100350861,Office; Industrial,Hamburg; Frankfurt am Main; Berlin,Office; Industrial; Retail,Hamburg; Berlin; Munich,North Rhine-Westphalia; Bavaria; Hamburg,IVG Deutschland; IVG Funds; OfficeFirst; Oppenheim Immobilien (+3 more),2019-12-31 00:00:00
9,b21eb0fa-6422-45bc-88b1-b1e378aca5b0,Tower Group,Public,63,592910.9547612526,Apartment; Retail,Berlin; Wuppertal; Cologne,Apartment; Retail,Berlin; Wuppertal; Cologne,North Rhine-Westphalia; Berlin; Lower Saxony,,2013-07-11 00:00:00
10,604fd9c9-1861-4cd3-81f1-6b9a31c8cf0f,Heimstaden,Institutional,61,1007446.4177076,Apartment,Berlin; Hamburg,Apartment,Berlin; Hamburg; Bielefeld,Berlin; Hamburg; North Rhine-Westphalia,,2022-12-31 00:00:00
11,8c1036e1-0851-4fad-ba28-927147b2eb25,Marathon AM,Institutional,58,305494.2877494178,Retail; Industrial,Delitzsch; Lorrach; Dresden,Retail; Industrial; Office,Hamburg; Halle (Saale); Delitzsch,Lower Saxony; Saxony; Baden-Wurttemberg,,2022-12-22 00:00:00
12,d293bdac-ca71-4062-b289-ab4af5884904,IMMAC Group,Institutional,57,95774.6630412,Seniors Housing & Care; Hotel,Bad Rothenfelde; Norderstedt; Mittenwald,Seniors Housing & Care; Hotel; Other General,Bad Rothenfelde; Norderstedt; Mittenwald,Lower Saxony; North Rhine-Westphalia; Bavaria,DFV AG,2024-07-01 00:00:00
13,b08e83db-4d60-49eb-af49-cca2b1017a5c,Deutsche Wohnen SE,Public,55,1746089.85821032,Apartment; Dev Site,Dresden; Berlin; Munich,Apartment; Seniors Housing & Care; Office,Berlin; Dresden; Hamburg,Berlin; Bavaria; Saxony,GSW (Deutsche Wohnen); Isaria (Deutsche Wohnen),2021-12-31 00:00:00
14,dc5ffd55-789f-4a66-90d6-64d772ddbb39,Coresis Management GmbH,Institutional,54,387041.5559556,Office; Retail,Dusseldorf; Mannheim; Leipzig,Office; Retail; Industrial,Dusseldorf; Leipzig; Mannheim,North Rhine-Westphalia; Saxony; Baden-Wurttemberg,,2023-12-07 00:00:00
15,c938bfb1-f78b-4ae1-9321-07498d98929d,Principal RE Europe,Institutional,53,466188.432417,Retail; Seniors Housing & Care,Herne; Springe; Frankfurt am Main,Retail; Hotel; Industrial,Cologne; Herne; Leipzig,North Rhine-Westphalia; Lower Saxony; Bavaria,Internos Global Investors,2023-03-14 00:00:00
16,943d22f8-235a-40b6-bb83-c7de85759d2b,Evans Randall,Institutional,53,102352.502538,Retail; Dev Site,Wolgast; Greifswald; Elmshorn,Retail; Office; Dev Site,Wolgast; Wedel; Berlin,Mecklenburg-West Pomerania; Schleswig-Holstein; Brandenburg,,2019-03-31 00:00:00
17,989fc192-92c4-42b0-98c7-c50b90637bae,Adler Real Estate,Public,52,2284135.2657396,Apartment; Dev Site,Berlin; Leipzig; Hagen,Apartment; Dev Site; Office,Berlin; Leipzig; Erfurt,Berlin; North Rhine-Westphalia; Saxony,Accentro; Estavis AG; Munchener Baugesellschaft mbH; Westgrund,2020-04-09 00:00:00
18,b29d3ed0-08bb-4468-9483-a48529ee8211,AviaRent Capital Management,Institutional,47,216278.7226704,Seniors Housing & Care; Apartment,Rotenburg (Wumme); Frankfurt am Main; Hamburg,Seniors Housing & Care; Apartment; Office,Frankfurt am Main; Hamburg; Cologne,Lower Saxony; Hesse; North Rhine-Westphalia,,2021-07-01 00:00:00
19,d11b8275-1954-496d-ba60-00449358f3bd,Brack Capital RE,Institutional,42,709574.6859552,Apartment; Retail,Leipzig; Velbert; Magdeburg,Retail; Apartment; Dev Site,Leipzig; Velbert; Dusseldorf,North Rhine-Westphalia; Saxony; Saxony-Anhalt,,2024-06-04 00:00:00
20,02be5f77-8599-4cb3-83c1-eb2a3daad9f3,Akelius Fastigheter,Private,38,191550.2058454,Apartment,Berlin; Frankfurt am Main; Hamburg,Apartment,Berlin; Hamburg; Frankfurt am Main,Berlin; Hamburg; North Rhine-Westphalia,Akelius GmbH,2014-05-05 00:00:00
21,19165dc1-76de-467d-a843-2738d896f0fd,Heitman,Institutional,38,218263.53273112,Apartment; Industrial,Bremen; Dortmund; Berlin,Apartment; Industrial; Dev Site,Bremen; Halle (Saale); Dortmund,North Rhine-Westphalia; Bremen; Lower Saxony,,2021-12-23 00:00:00
22,9c27aa7d-7320-4d3c-b3fb-9de06fa46be8,Noratis AG,Public,37,239991.1440732,Apartment,Frankfurt am Main; Bielefeld; Ratzeburg,Apartment,Frankfurt am Main; Celle; Munster,Hesse; North Rhine-Westphalia; Lower Saxony,,2023-02-09 00:00:00
23,97018f26-9c6b-45bc-9ce4-3a5c94463360,RLI Investors,Institutional,35,702261.8643924,Industrial,Ludwigsfelde; Monchengladbach; Bielefeld,Industrial; Office,Ludwigsfelde; Leipzig; Wurselen,North Rhine-Westphalia; Hesse; Lower Saxony,Realogis Real Estate GmbH,2020-03-31 00:00:00
24,5433211c-c308-4510-aa86-874db0209936,PGG,Institutional,35,49503.72716415618,Apartment; Retail,Berlin; Leipzig,Apartment; Dev Site; Retail,Berlin; Leipzig,Berlin; Saxony,,2018-11-12 00:00:00
25,02229a12-67f5-4a75-8148-40e5d2c9ba48,EB Group,Institutional,34,251396.8657668,Apartment; Office,Berlin; Potsdam; Dresden,Office; Apartment; Retail,Berlin; Dresden; Potsdam,Berlin; Saxony; Brandenburg,,2020-05-13 00:00:00
26,376f99d8-72fd-4533-b237-2269baeeef01,Orco Property Group,Public,34,398501.0097086,Apartment; Office,Berlin; Gelsenkirchen; Dortmund,Apartment; Office; Industrial,Berlin; Gelsenkirchen; Dortmund,North Rhine-Westphalia; Berlin; Hamburg,GSG Group; Orco Germany SA; Viterra AG,2021-12-31 00:00:00
27,87345650-90ce-4ae8-a88f-eca5904915ba,LFPI,Institutional,33,199467.1328832,Office; Hotel,Hamburg; Stuttgart; Bielefeld,Office; Hotel; Retail,Hamburg; Dusseldorf; Karlsruhe,Bavaria; Baden-Wurttemberg; North Rhine-Westphalia,FLE GmbH; LFPI Hotels Mgmt DL; Time-Hotels,2022-06-20 00:00:00
28,a4f16125-fcbb-4e08-853c-cdf4b963524c,Polis Immobilien,Public,33,215872.3494882543,Office,Dusseldorf; Cologne; Dresden,Office; Retail,Dusseldorf; Berlin; Hamburg,North Rhine-Westphalia; Berlin; Hamburg,,2023-12-09 00:00:00
29,be288673-c5f8-4663-a964-ad926ec4b147,Bauhaus,User/Other,32,597932.4100932,Retail; Dev Site,Hamburg; Berlin; Rostock,Retail; Dev Site; Industrial,Hamburg; Bonn; Bremen,North Rhine-Westphalia; Bavaria; Hamburg,,2023-01-10 00:00:00
30,d692597d-5c70-4573-930a-3d46255fde21,LB Immo Invest,Institutional,32,181482.2617484325,Hotel; Office,Karlsruhe; Ratingen; Dusseldorf,Hotel; Office; Retail,Karlsruhe; Ratingen; Dusseldorf,North Rhine-Westphalia; Baden-Wurttemberg; Hesse,,2010-12-22 00:00:00
31,f7c689dc-2392-4a74-827b-99f99bec2835,Fortress,Institutional,31,1224964.1101464,Apartment; Office,Berlin; Ludwigsfelde; Essen,Office; Apartment; Industrial,Frankfurt am Main; Berlin; Munich,Hesse; North Rhine-Westphalia; Bavaria,,2023-08-02 00:00:00
32,0bec18b8-2f3a-4acd-934d-6e15a35cc85c,GAGFAH Group,Public,30,1048831.3553078,Apartment,Gelsenkirchen; Dortmund; Essen,Apartment; Office; Seniors Housing & Care,Gelsenkirchen; Dortmund; Essen,North Rhine-Westphalia; Lower Saxony; Saxony,,2015-04-15 00:00:00
33,3555db89-a3eb-45ce-a44c-2e7b2325c461,BC Partners Real Estate / Hova Hospitality GB,<unknown>,30,96652.64161800001,Hotel,Broderstorf; Duren; Essen,Hotel,Broderstorf; Duren; Essen,North Rhine-Westphalia; Bavaria; Hesse,,2024-07-01 00:00:00
34,63425efc-5099-461b-8136-d2a438a77e0e,Hova Hospitality,Private,30,96652.64161800001,Hotel,Broderstorf; Duren; Essen,Hotel,Broderstorf; Duren; Essen,North Rhine-Westphalia; Bavaria; Hesse,,2024-07-01 00:00:00
35,5211026a-daed-446d-90aa-68e6c23e78fb,Trafalgar Asset Managers,Institutional,29,51462.7442784,Retail,Gorlitz; Selb; Osterwieck,Retail,Bielefeld; Gorlitz; Bad Freienwalde (Oder),Bavaria; Saxony; Thuringia,,2016-06-15 00:00:00
36,f7fa2d37-c79e-4ddc-9227-c70f1f27b9b4,Reuben Brothers,Institutional,29,51462.7442784,Retail,Gorlitz; Selb; Osterwieck,Retail; Data Center,Frankfurt am Main; Bielefeld; Gorlitz,Bavaria; Saxony; Thuringia,Aldersgate Investments,2019-08-27 00:00:00
37,926a8c4d-7e21-4d65-bc86-9df0cb9a94a0,EOS Partners,Institutional,29,51462.7442784,Retail,Gorlitz; Selb; Osterwieck,Retail,Bielefeld; Gorlitz; Bad Freienwalde (Oder),Bavaria; Saxony; Thuringia,,2016-06-15 00:00:00
38,c85656f6-3678-45b2-8778-53d58966274f,Nassauische Heimstatte | Wohnstadt,Private,29,616543.4052492,Apartment; Dev Site,Frankfurt am Main; Kassel; Wiesbaden,Apartment; Dev Site; Office,Frankfurt am Main; Kassel; Wiesbaden,Hesse; Rhineland-Palatinate,,2022-01-27 00:00:00
39,c8c43a71-9072-4e63-979a-b16e112cc112,Vivacon AG,Public,29,467400.1570308,Apartment; Dev Site,Gelsenkirchen; Dortmund; Essen,Apartment; Dev Site; Office,Gelsenkirchen; Dortmund; Essen,North Rhine-Westphalia; Berlin; Hamburg,,2013-05-06 00:00:00
40,9f56a3d2-87e2-4d62-b0db-284f2d91c7b8,Moor Park Capital Partners,Institutional,28,205594.6719592,Retail; Industrial,Hamburg; Kiel; Eberswalde,Retail; Industrial; Office,Hamburg; Bremen; Hanover,Lower Saxony; Hamburg; North Rhine-Westphalia,,2016-04-05 00:00:00
41,f354083e-6267-4fe8-8522-05badede7db3,GPT,Public,28,558801.9155907945,Industrial; Retail,Norderstedt; Kaltenkirchen; Maisach,Industrial; Office; Retail,Berlin; Bremen; Reinbek,North Rhine-Westphalia; Baden-Wurttemberg; Bavaria,GPT Halverton; Halverton,2017-03-01 00:00:00
42,6daa0aa0-0cbb-43b9-918a-39ccf40635d7,Magna Real Estate,Private,27,196924.1949324,Apartment; Office,Hamburg; Boltenhagen; Oberhausen,Office; Apartment; Dev Site,Hamburg; Essen; Lubeck,Hamburg; Schleswig-Holstein; North Rhine-Westphalia,Magna Immobilien AG,2023-08-09 00:00:00
43,475a2f32-ba13-4203-81f8-e67566206008,Kristensen Properties,Institutional,26,153248.7812679172,Retail; Office,Bremen; Delmenhorst; Wuppertal,Retail; Office; Apartment,Bremen; Hamburg; Erfurt,North Rhine-Westphalia; Baden-Wurttemberg; Lower Saxony,,2021-09-20 00:00:00
44,b7513e47-aa38-4029-b07f-b0318d27589d,Deutsche Bank,Institutional,26,544698.5731996767,Office; Apartment,Berlin; Frankfurt am Main; Hamburg,Retail; Office; Hotel,Frankfurt am Main; Berlin; Dresden,North Rhine-Westphalia; Hesse; Baden-Wurttemberg,Deutsche Bank Taiwan,2023-07-31 00:00:00
45,34be4a0f-efe1-4934-b922-c5bfb7c9337a,S&K Sachwert,Private,26,23332.8632172,Retail; Apartment,Duren; Julich; Bochum,Retail; Office; Apartment,Duren; Julich; Gutersloh,North Rhine-Westphalia; Lower Saxony; Baden-Wurttemberg,,2018-12-15 00:00:00
46,c7463ed2-0fe8-41da-bc8f-f59382482f3a,Praktiker,User/Other,25,147190.4084664,Retail,Hamburg; Kiel; Eberswalde,Retail; Office,Hamburg; Bremen; Hanover,Lower Saxony; Hamburg; North Rhine-Westphalia,,2016-04-05 00:00:00
47,264cf0c8-3297-4c27-8a46-d03e963fc787,Warburg Henderson,Institutional,25,443388.8205079693,Office; Retail,Hamburg; Munich; Cologne,Office; Retail; Industrial,Hamburg; Dusseldorf; Berlin,North Rhine-Westphalia; Hamburg; Berlin,,2015-10-02 00:00:00
48,232d70ed-06fa-4311-9d80-a85149464143,DCM AG,Institutional,25,186162.4575252,Seniors Housing & Care; Office,Munich; Stuttgart; Kaiserslautern,Seniors Housing & Care; Office; Dev Site,Munich; Stuttgart; Darmstadt,Bavaria; Baden-Wurttemberg; North Rhine-Westphalia,,2014-06-30 00:00:00
49,f9ae6373-4a79-4614-b960-cb1e41f94a92,DeWAG,Private,25,469587.5417844,Apartment; Retail,Munich; Wurzburg; Freiburg im Breisgau,Apartment; Retail,Munich; Burscheid; Wiesbaden,Bavaria; North Rhine-Westphalia; Baden-Wurttemberg,,2023-02-09 00:00:00
50,ffbeccc3-5455-4d1a-95ba-ef1b8962669b,Hometown A/S,Public,25,151316.1718141238,Apartment; Office,Berlin; Hamburg; Frankfurt am Main,Apartment; Office; Retail,Berlin; Kelkheim (Taunus); Hamburg,Berlin; Hesse; Schleswig-Holstein,Victoria Properties,2019-02-27 00:00:00
51,1ab6b4fd-b660-45bd-a844-849569546656,Novum Group,Private,25,19329.528348,Hotel; Apartment,Dusseldorf; Berlin; Dresden,Hotel; Apartment,Dusseldorf; Berlin; Dresden,North Rhine-Westphalia; Berlin; Saxony,,2017-08-24 00:00:00
52,433a507b-dc0b-4da5-bb7b-c3dd0cc159ac,Exporo AG,Private,25,65940.3523688,Office; Retail,Hanover; Schwerin; Dusseldorf,Office; Retail; Apartment,Hanover; Schwerin; Dusseldorf,North Rhine-Westphalia; Lower Saxony; Schleswig-Holstein,,2021-08-17 00:00:00
53,cef7b403-7f22-4296-bd15-32ddac910a2c,Hochtief,Public,24,27282355.74657905,Dev Site; Office,Frankfurt am Main; Hanover; Hamburg,Office; Apartment; Dev Site,Hamburg; Frankfurt am Main; Berlin,North Rhine-Westphalia; Hesse; Hamburg,Hochtief Development; Hochtief Projektentwicklung GmbH; formart GmbH,2024-01-01 00:00:00
54,f84d99af-21ba-4465-9879-59ae9f383a9a,Otto Group,User/Other,24,1007379.9969946,Retail; Dev Site,Hamburg; Dessau-Rosslau; Wuppertal,Retail; Industrial; Dev Site,Hamburg; Dessau-Rosslau; Wuppertal,North Rhine-Westphalia; Hesse; Brandenburg,Hagebaumarkt; Hermes Logistik GmbH,2022-07-08 00:00:00
55,e8d35c91-df15-4814-8d56-8b585f05771a,Perial,Institutional,23,180667.1866970988,Office; Seniors Housing & Care,Bad Hersfeld; Essen; Homburg,Office; Seniors Housing & Care; Hotel,Bad Hersfeld; Essen; Homburg,Hesse; North Rhine-Westphalia; Baden-Wurttemberg,,2024-06-30 00:00:00
56,ef7b3925-4221-4fe0-8ab1-fa00ebf527fe,Aviva,Institutional,22,270150.122223,Office; Apartment,Hamburg; Munich; Mannheim,Office; Retail; Apartment,Hamburg; Munich; Mannheim,North Rhine-Westphalia; Baden-Wurttemberg; Hamburg,Aviva Investors; Morley Fund; Morley Pooled Pensions; Norwich Property Trust,2023-12-06 00:00:00
57,c84b35ef-8423-4c99-bf18-7ebbba98ec24,F&C REIT,Institutional,22,51739.7375196,Retail; Industrial,Erfurt; Gelsenkirchen; Ehingen (Donau),Retail; Seniors Housing & Care; Office,Frankfurt am Main; Bochum; Erfurt,Lower Saxony; North Rhine-Westphalia; Baden-Wurttemberg,F&C Asset Management,2014-04-30 00:00:00
58,0dd97f0e-5ee2-4819-91a9-3483e3f82d4e,District & Urban,Private,22,69746.29814880001,Retail,Lauterbach (Hessen); Dannenberg (Elbe); Luneburg,Retail,Dannenberg (Elbe); Kahla; Weinheim,Lower Saxony; Bavaria; Rhineland-Palatinate,,2016-03-24 00:00:00
59,176f0821-663a-463e-a5ef-bcfab581150a,Wohnprojekt Essen GmbH,Private,22,284656.0542228,Apartment,Gelsenkirchen; Dortmund; Essen,Apartment,Gelsenkirchen; Dortmund; Essen,North Rhine-Westphalia,,2006-01-01 00:00:00
60,751f7c45-0908-423f-935b-874be618c17e,Alvarez & Marsal,Institutional,22,86197.89671999999,Retail; Office,Mitterfels; Dornum; Meerane,Retail; Office; Industrial,Greifswald; Neuss; Mitterfels,Lower Saxony; Saxony-Anhalt; Brandenburg,A&M Captiva,2017-05-17 00:00:00
61,bd3702fc-7a0c-42f5-8705-1fb20d1dc9a8,Sofidy,Institutional,21,145121.45895,Office; Hotel,Hamburg; Bonn; Dusseldorf,Office; Hotel; Retail,Hamburg; Bonn; Dusseldorf,North Rhine-Westphalia; Hamburg; Bavaria,,2023-09-30 00:00:00
62,aa201f6d-4bff-49bd-814e-675644b083f3,conwert,Public,20,2032804.813281177,Apartment,Lunen; Saarbrucken; Dortmund Städte,Apartment; Office; Retail,Duisburg; Chemnitz; Potsdam,North Rhine-Westphalia; Saxony; Brandenburg,ECO Business-Immobilien,2017-03-27 00:00:00
63,1e91957b-e8fa-4f68-b449-08809e19292f,Corpus Sireo,Institutional,20,604677.1441903467,Seniors Housing & Care; Dev Site,Munich; Dusseldorf; Cologne,Office; Dev Site; Apartment,Munich; Berlin; Dusseldorf,North Rhine-Westphalia; Hesse; Bavaria,Sireo Real Estate,2015-04-01 00:00:00
64,31662e11-fe75-44a8-9a4c-0279d0e0b392,PFA - Mere til Dig,Institutional,20,202472.0595612,Apartment,Hamburg; Frankfurt am Main; Berlin,Apartment; Dev Site; Office,Hamburg; Hanau; Frankfurt am Main,Hesse; Hamburg; North Rhine-Westphalia,PFA Pension,2023-08-01 00:00:00
65,8e963896-7205-4f6b-bca9-97204b293a9c,SCPI Pierval Sante,Private,20,96259.6512072,Seniors Housing & Care; Office,Alsdorf; Guben; Bohlen,Seniors Housing & Care; Office; Hotel,Alsdorf; Guben; Bohlen,Saxony; Schleswig-Holstein; Baden-Wurttemberg,,2023-12-20 00:00:00
66,f2340449-c987-4a2e-b368-049ef125fbcd,Treuenburg Group,Private,20,66887.3679084,Apartment; Retail,Erfurt; Ruhla; Jena,Apartment; Retail; Industrial,Erfurt; Ruhla; Jena,Thuringia,,2023-09-27 00:00:00
67,969417e7-af4c-435a-b8f5-ae5e1c0c5b2e,AREA Property Ptnrs,Institutional,19,596124.4430604,Retail; Other General,Krefeld; Herford; Wesel,Retail; Industrial; Other General,Bremen; Krefeld; Rangsdorf,North Rhine-Westphalia; Brandenburg; Bremen,Apollo RE Advisors; Apollo RE Fund,2013-10-15 00:00:00
68,9c2934bf-f0ff-44f8-8961-6ec121962d6c,Competo Capital Partners,Institutional,19,348722.4909636,Office; Dev Site,Munich; Stuttgart; Hamburg,Office; Dev Site; Industrial,Stuttgart; Munich; Hamburg,Baden-Wurttemberg; Bavaria; Hamburg,,2024-06-01 00:00:00
69,dea93f86-3f83-465d-af06-7d6aacf51452,2IP,Institutional,19,107322.38127,Apartment; Office,Berlin; Hamburg; Bremen,Apartment; Office; Hotel,Cologne; Hamburg; Berlin,North Rhine-Westphalia; Hamburg; Berlin,,2024-04-25 00:00:00
70,68aa7129-f4b4-4086-9247-a6f41251689a,Euryale AM,Institutional,19,91129.7763792,Seniors Housing & Care; Office,Alsdorf; Guben; Muncheberg,Seniors Housing & Care; Office; Hotel,Alsdorf; Guben; Muncheberg,Schleswig-Holstein; Baden-Wurttemberg; Saxony,,2023-12-20 00:00:00
71,06565be7-ee5a-4ddc-8f3d-8c882ff4cd3a,Capital & Regional PLC,Public,18,124139.8876724,Retail; Other General,Krefeld; Herford; Wesel,Retail; Industrial; Other General,Bremen; Kenn; Oschersleben (Bode),North Rhine-Westphalia; Rhineland-Palatinate; Brandenburg,Capital & Regional,2015-12-17 00:00:00
72,7113a276-823b-4ffc-8cd9-94b301ec2b43,Euro Ejendomme,Private,18,58253.578578,Retail; Office,Nuremberg; Mainz; Darmstadt,Retail; Hotel; Office,Stuttgart; Berlin; Nuremberg,Lower Saxony; Bavaria; Baden-Wurttemberg,,2023-12-21 00:00:00
73,642896a9-fc70-4640-b804-018daeffe7e2,Develica Deutschland Ltd,Public,18,674570.5555292047,Industrial; Retail,Cologne; Harsewinkel; Bonn,Industrial; Office; Retail,Bonn; Offenbach an der Queich; Aschheim,North Rhine-Westphalia; Rhineland-Palatinate; Baden-Wurttemberg,,2022-06-01 00:00:00
74,ae092462-c87b-407d-a92a-a3cc52571225,Barclays,Institutional,18,49333.796226,Apartment,Mannheim; Munster; Kiel,Apartment; Hotel; Retail,Mannheim; Munster; Dresden,Baden-Wurttemberg; North Rhine-Westphalia; Lower Saxony,Barclays Bank; Barclays Capital,2014-07-01 00:00:00
75,a4623b46-5ba9-4bed-a283-b7f4af54fce5,Arzteversorgung Niedersachsen,Institutional,18,390849.4630404,Apartment; Office,Hamburg; Berlin; Leipzig,Office; Apartment; Hotel,Munich; Hamburg; Berlin,Bavaria; Hamburg; Berlin,,2020-03-05 00:00:00
76,20f49fdd-7c64-4404-81db-7bcfe7a05288,Eiendomsspar AS,Private,18,,Hotel,Cologne; Dusseldorf; Frankfurt am Main,Hotel,Cologne; Dusseldorf; Frankfurt am Main,North Rhine-Westphalia; Baden-Wurttemberg; Lower Saxony,,2019-10-19 00:00:00
77,b1bce910-41eb-4502-9e76-8091dc467600,Dawnay Day Group,Institutional,17,228231.2879512,Retail; Industrial,Munich; Wilhelmshaven; Erkrath,Retail; Office; Industrial,Munich; Essen; Berlin,North Rhine-Westphalia; Lower Saxony; Schleswig-Holstein,Dawnay Day Treveria,2008-12-15 00:00:00
78,244663eb-c04d-43fb-891f-ce10df54f9a0,Rockspring,Institutional,17,437384.9956988,Retail; Office,Berlin; Greifswald; Rangsdorf,Retail; Office; Industrial,Berlin; Hamburg; Dortmund,North Rhine-Westphalia; Berlin; Lower Saxony,,2019-02-21 00:00:00
79,de77f1e3-2134-4ab3-906b-c3d3740d64c9,AG Real Estate,Institutional,17,183571.5207456,Seniors Housing & Care; Retail,Mainaschaff; Igersheim; Bad Sooden-Allendorf,Retail; Seniors Housing & Care,Bochum; Wetzlar; Kenn,North Rhine-Westphalia; Hesse; Rhineland-Palatinate,,2023-03-29 00:00:00
80,071cba25-3367-446c-8c5e-81384cc0b4bb,MPC Capital,Institutional,17,187254.4308804,Apartment; Office,Erlangen; Berlin; Munich,Apartment; Office; Industrial,Berlin; Erlangen; Nuremberg,Bavaria; North Rhine-Westphalia; Berlin,Cairn Real Estate; MPC; MPC Deutschland 7; MPC Münchmeyer Petersen Capital AG,2024-05-13 00:00:00
81,104a89f1-c60c-40c4-a86c-66a3ba5196e8,China Vanke,Public,17,1390560.495419456,Industrial; Dev Site,Fuldabruck; Werder (Havel); Butzbach,Industrial; Dev Site,Fuldabruck; Werder (Havel); Butzbach,Hesse; Baden-Wurttemberg; North Rhine-Westphalia,,2018-01-22 00:00:00
82,11f1f84d-cb27-45a2-b4b8-dc786dfda71a,Hopu Investment,Institutional,17,1390560.495419456,Industrial; Dev Site,Fuldabruck; Werder (Havel); Butzbach,Industrial; Dev Site,Fuldabruck; Werder (Havel); Butzbach,Hesse; Baden-Wurttemberg; North Rhine-Westphalia,,2018-01-22 00:00:00
83,6a93fddd-4d6e-410a-8e65-614b47808d5f,Bank of China,Institutional,17,1390560.495419456,Industrial; Dev Site,Fuldabruck; Werder (Havel); Butzbach,Industrial; Dev Site,Fuldabruck; Werder (Havel); Butzbach,Hesse; Baden-Wurttemberg; North Rhine-Westphalia,,2018-01-22 00:00:00
84,6aa917f0-6655-4994-8c94-b37d47b09810,SMG Eastern,Private,17,1390560.495419456,Industrial; Dev Site,Fuldabruck; Werder (Havel); Butzbach,Industrial; Dev Site,Fuldabruck; Werder (Havel); Butzbach,Hesse; Baden-Wurttemberg; North Rhine-Westphalia,,2018-01-22 00:00:00
85,ddce5a8f-741f-4ec7-8c61-98f2357fccda,Hillhouse Capital,Institutional,17,1390560.495419456,Industrial; Dev Site,Fuldabruck; Werder (Havel); Butzbach,Industrial; Dev Site,Fuldabruck; Werder (Havel); Butzbach,Hesse; Baden-Wurttemberg; North Rhine-Westphalia,,2018-01-22 00:00:00
86,191753e7-a72c-42c9-a543-82efae135bd1,Hausser-Bau Unternehmensgruppe,Private,17,222793.9352309137,Apartment; Retail,Duisburg; Dortmund; Bochum,Apartment; Office; Retail,Bochum; Dortmund; Duisburg,North Rhine-Westphalia,,2019-09-02 00:00:00
87,9ba1d2e9-8316-4010-a9c2-f0f072f208ba,AS Unternehmensgruppe,Private,17,55299.6506556,Apartment; Dev Site,Magdeburg; Leipzig; Merseburg,Apartment; Dev Site,Magdeburg; Leipzig; Merseburg,Saxony-Anhalt; Saxony,,2022-12-21 00:00:00
88,e537105d-16e1-45d7-a0e6-09735a9a357c,Revcap,Institutional,16,195862.2208452,Retail; Office,Berlin; Ravensburg; Iserlohn,Retail; Office; Seniors Housing & Care,Bielefeld; Dusseldorf; Magdeburg,North Rhine-Westphalia; Baden-Wurttemberg; Bavaria,,2021-12-02 00:00:00
89,ffc0919b-d2a5-4320-bef6-dce4f5f2b9fb,CIT Group Plc,Institutional,16,145885.0241940166,Retail; Office,Schortens; Uetze; Grube,Retail; Office; Industrial,Meissen; Nauheim; Ueckermunde,Saxony; Mecklenburg-West Pomerania; Brandenburg,,2016-09-27 00:00:00
90,f58bd8ff-046a-4c12-add7-2ef7bd9d7e50,Ernst Russ AG,Public,16,163309.0151628,Office; Apartment,Hamburg; Offenbach am Main; Frankfurt am Main,Office; Apartment; Hotel,Hamburg; Dusseldorf; Nuremberg,North Rhine-Westphalia; Hesse; Schleswig-Holstein,Assetando Captial; HCI Capital AG; Westfonds Immobilien,2020-09-01 00:00:00
91,4bd5c63e-6555-4f3f-84a9-0a3058ce466e,Grand City Properties,Private,16,232763.3204364,Apartment; Office,Frankfurt am Main; Berlin; Monchengladbach,Apartment; Office; Hotel,Bremen; Berlin; Frankfurt am Main,North Rhine-Westphalia; Bremen; Berlin,,2024-03-09 00:00:00
92,f90d898c-04bd-48d8-bad5-996bd60a4b1e,GAG Immobilien,Private,16,330168.9436812,Dev Site; Apartment,Cologne; Cologne Städte,Apartment; Dev Site; Retail,Cologne; Wesseling; Cologne Städte,North Rhine-Westphalia,,2017-03-30 00:00:00
93,3068d05a-affd-4ba6-a413-a58071c0a1fb,VR Group,Institutional,16,150187.5831968,Retail; Office,Munich; Mannheim; Stuttgart,Retail; Office; Dev Site,Munich; Mannheim; Stuttgart,Baden-Wurttemberg; Bavaria; Rhineland-Palatinate,,2023-09-09 00:00:00
94,67b24fb6-2a0b-4c45-820a-46ae3d70886c,Vision Group,Institutional,16,56348.62506,Apartment; Office,Mainz; Ludwigshafen am Rhein; Siegen,Apartment; Office,Mainz; Mannheim; Ludwigshafen am Rhein,Rhineland-Palatinate; Baden-Wurttemberg; North Rhine-Westphalia,,2023-03-01 00:00:00
95,11a16254-bed0-4744-b6c0-203ed913ebe1,Markus Gerold Group,Private,16,100131.5567304,Office; Industrial,Dortmund; Bonen; Bochum,Office; Industrial; Retail,Dortmund; Bonen; Bochum,North Rhine-Westphalia,,2019-05-21 00:00:00
96,68135fb4-b38f-4621-a8e2-a1ed77403f7c,Sistema,Public,15,332933.5975152,Retail,Bannewitz; Neuss; Lubeck,Retail; Office,Braunschweig; Jettingen; Aschaffenburg,Lower Saxony; North Rhine-Westphalia; Baden-Wurttemberg,SCP Group; Sistema Capital Partners,2024-01-16 00:00:00
97,166a8d42-8ed9-4fd7-b72c-1c6e1b046df9,Strategic Value Partners,Institutional,15,390177.6470288,Office; Retail,Wurselen; Plauen; Braunschweig,Office; Retail; Apartment,Berlin; Dusseldorf; Hamburg,North Rhine-Westphalia; Berlin; Baden-Wurttemberg,Apcoa Parking (SVP),2024-02-09 00:00:00
98,5c11655c-552a-4f32-afd6-468b0eb14cb1,Sparkassen Finanzgruppe (DSGV),Institutional,15,649945.87679392,Retail; Dev Site,Braunschweig; Rheine; Lubeck,Office; Retail; Dev Site,Luneburg; Berlin; Oberhausen,North Rhine-Westphalia; Schleswig-Holstein; Lower Saxony,,2022-12-20 00:00:00
99,942ee9a6-fdcd-40e1-aa07-72346c87d48c,TLG Immobilien,User/Other,15,113085.556903831,Retail; Apartment,Berlin; Potsdam; Jena,Apartment; Retail; Office,Berlin; Rostock; Magdeburg,Berlin; Saxony; Brandenburg,TLG Wohnen GmbH,2013-09-01 00:00:00
100,5839c86b-703d-4f82-b21d-310845d8daa3,Macquarie Group,Institutional,15,328100.2004028,Data Center; Retail,Frankfurt am Main; Berlin; Offenbach am Main,Data Center; Industrial; Retail,Cologne; Berlin; Frankfurt am Main,North Rhine-Westphalia; Hesse; Bavaria,MGPA,2022-04-01 00:00:00
101,b53b393b-2776-4128-9a7c-c86220dde7e9,Michael Bethke GmbH,Private,15,,Seniors Housing & Care,Neustadt am Rubenberge; Wedemark; Weilheim im OB,Seniors Housing & Care,Dusseldorf; Bad Oeynhausen; Neustadt am Rubenberge,Lower Saxony; North Rhine-Westphalia; Bavaria,,2020-09-23 00:00:00
102,bbee8ec3-178d-4976-80ca-c552043740be,Cube Real Estate,Private,15,240361.1350452,Dev Site; Office,Dusseldorf; Leverkusen; Cologne,Dev Site; Apartment; Office,Dusseldorf; Leverkusen; Cologne,North Rhine-Westphalia; Hesse; Bremen,,2023-12-15 00:00:00
103,d1befe42-087f-4718-b527-87bab3427630,Deutsche Annington,Private,15,507985.69106,Apartment,Hildesheim; Mannheim; Kiel,Apartment; Office; Hotel,Berlin; Munich; Meckenheim,North Rhine-Westphalia; Berlin; Bavaria,,2012-09-13 00:00:00
104,107e29b9-177b-4514-a422-d72416de45c8,Kontora,Institutional,15,34619.155272,Retail; Office,Landshut; Fulda; Speyer,Retail; Office; Hotel,Landshut; Munich; Hamburg,Bavaria; Hesse; North Rhine-Westphalia,,2024-05-17 00:00:00
105,3d652fa4-8aef-46d3-a3f9-538a4d06f72a,SCPI Novapierre Allemagne 2,Private,15,158585.0458894,Retail,Torgau; Bedburg; Teutschenthal,Retail,Torgau; Bedburg; Teutschenthal,North Rhine-Westphalia; Bavaria; Baden-Wurttemberg,,2023-10-02 00:00:00
106,14d94ab3-4947-4dce-a0e9-6a59a5aeda65,DREF,Institutional,15,17332.5770748,Apartment; Dev Site,Berlin; Kiel; Bremen,Apartment; Dev Site,Siegen; Berlin; Kiel,North Rhine-Westphalia; Berlin; Baden-Wurttemberg,,2020-02-21 00:00:00
107,d2af862b-c5e1-45ef-9042-ffc86e79cc87,Acteum,Institutional,15,108387.355284,Retail; Apartment,Viersen; Nierstein; Hermeskeil,Retail; Apartment; Office,Viersen; Nierstein; Hermeskeil,Rhineland-Palatinate; Schleswig-Holstein; Lower Saxony,,2022-12-19 00:00:00
108,ddb4822e-6236-4776-b753-634aa90735e4,KWG Kommunale Wohnen,Public,15,235192.3693044,Apartment,Berlin; Celle; Wolfsburg,Apartment,Berlin; Wolfsburg; Celle,Lower Saxony; Berlin; Hesse,,2013-04-29 00:00:00
109,7cc06a4e-c2a6-4c83-ab37-4527a262e9c1,Immofinanz,Public,14,323265.1866399806,Apartment; Dev Site,Dusseldorf; Gelsenkirchen; Nuremberg,Office; Industrial; Apartment,Cologne; Dusseldorf; Berlin,North Rhine-Westphalia; Hesse; Bavaria,BUWOG (Immofinanz); DLG; Immofinanz AG,2022-05-30 00:00:00
110,e328ae39-469a-4ab3-842e-4280aa198ca3,Jargonnant Partners,Institutional,14,198066.1670676,Apartment; Office,Munich; Potsdam; Berlin,Office; Apartment; Retail,Munich; Berlin; Oberschleissheim,Bavaria; Berlin; Saxony-Anhalt,,2022-09-27 00:00:00
111,5785a373-1fb6-4d34-9a08-e18e2ed32aee,Signature Capital,Institutional,14,160349.0873868,Office; Retail,Berlin; Wuppertal; Passau,Office; Retail; Apartment,Berlin; Hamburg; Munich,Berlin; North Rhine-Westphalia; Hamburg,,2020-12-31 00:00:00
112,d5b8c3fd-9062-488d-99b6-7be5922bba5d,Edinburgh House Estates,Private,14,195788.6252794,Retail; Industrial,Wurzburg; Gallin; Suhl,Retail; Industrial; Office,Itzehoe; Wuppertal; Gallin,North Rhine-Westphalia; Thuringia; Schleswig-Holstein,,2018-05-14 00:00:00
113,35079977-314e-4b80-8e17-c0f240d9fe0a,Hatfield Philips,Institutional,14,201317.0877432,Retail; Apartment,Heidelberg; Wuppertal; Berlin,Apartment; Retail; Office,Gelsenkirchen; Heidelberg; Dortmund,North Rhine-Westphalia; Baden-Wurttemberg; Hesse,,2016-09-27 00:00:00
114,fcfecf44-d4ab-4e60-9a71-23e3c52060c5,WGF AG,Institutional,14,311143.3373116,Office; Apartment,Hamburg; Sankt Augustin; Frankfurt am Main,Office; Apartment; Dev Site,Berlin; Hamburg; Frankfurt am Main,North Rhine-Westphalia; Berlin; Hesse,,2017-12-22 00:00:00
115,4ad57b29-82cf-45a3-8c26-b6317ac0cd0f,Caisse des Depots,Institutional,14,1105879.190174,Seniors Housing & Care; Office,Munich; Frankfurt am Main; Berlin,Office; Seniors Housing & Care; Dev Site,Berlin; Munich; Frankfurt am Main,Berlin; Bavaria; Baden-Wurttemberg,ICADE Fonciere des Pimonts; Icade; Icade Solutions immobilieres - Asset management,2024-06-30 00:00:00
116,c9c9ef77-2727-4728-b88c-cc2ba72ac3dd,Erste Bank,Institutional,14,138913.6104252,Office; Apartment,Hamburg,Office; Apartment,Hamburg; Berlin,Hamburg; Berlin,Erste Immobilien KAG,2022-07-05 00:00:00
117,e6898cb8-880d-497f-9ae0-d91b144eafd3,Shlomo Group,Private,14,97203.92136600001,Office; Hotel,Mannheim; Cologne; Frankfurt am Main,Office; Hotel; Retail,Mannheim; Cologne; Frankfurt am Main,Baden-Wurttemberg; North Rhine-Westphalia; Hesse,SH.I.R. Shlomo Real Estate,2023-12-01 00:00:00
118,d1d259e0-08c5-45fc-8f36-66a6f52d9280,Brookfield Prop Prtnrs,Public,14,266108.506794,Office; Retail,Berlin,Office; Retail; Other Hospitality,Berlin,Berlin,,2016-01-01 00:00:00
119,1ae5752d-19a4-4298-bc5f-d6fb84b60320,KIC,Institutional,14,266108.506794,Office; Retail,Berlin,Office; Retail; Other Hospitality,Berlin,Berlin,,2016-01-01 00:00:00
120,5b29edde-4dc9-4181-aa1f-09a16ebbb76b,IMW Immobilien,Public,14,529622.6268925801,Apartment; Dev Site,Berlin; Dortmund; Laatzen,Apartment; Industrial; Dev Site,Berlin; Dortmund; Langenhagen,Berlin; Lower Saxony; North Rhine-Westphalia,,2014-11-15 00:00:00
121,608280ee-fa32-47f3-bf2d-f74f8cfdaa37,WBM,User/Other,14,174604.7395404,Apartment; Dev Site,Berlin,Apartment; Office; Dev Site,Berlin,Berlin,,2024-07-01 00:00:00
122,09630630-c83e-41b0-9c35-88fef4cfda35,Kintyre Investments,Institutional,13,334418.8399812,Retail,Berlin; Bischoffen; Gersthofen,Retail; Office; Hotel,Berlin; Hamburg; Haldensleben,Saxony-Anhalt; North Rhine-Westphalia; Hesse,,2023-11-02 00:00:00
123,a00119bc-fdb2-424f-975c-fbd998d4892a,NAS Invest GmbH,Private,13,235055.2645116,Office; Apartment,Berlin; Frankfurt am Main; Eschborn,Office; Apartment,Berlin; Hamburg; Hanover,Berlin; North Rhine-Westphalia; Hesse,,2023-12-29 00:00:00
124,35d5365d-bcae-4b40-b592-822609dd0444,International Campus,Private,13,117731.09399504,Apartment; Dev Site,Berlin; Hamburg; Hanover,Apartment; Dev Site; Office,Hamburg; Frankfurt am Main; Berlin,Hamburg; Hesse; Berlin,,2022-12-31 00:00:00
125,4c7899b9-5dcb-416d-b484-7362eedde23d,Epargne Fonciere SCPI,Private,13,135412.6958496,Office; Retail,Frankfurt am Main; Hamburg; Essen,Office; Retail; Apartment,Stuttgart; Frankfurt am Main; Essen,Hesse; Bavaria; Baden-Wurttemberg,,2024-07-27 00:00:00
126,c67e1f36-2307-4385-b123-48493a3d6c84,SCPI Rivoli Avenir Patrimoine,Private,13,358009.2643608,Office; Hotel,Berlin; Frankfurt am Main; Hamburg,Office; Hotel; Industrial,Frankfurt am Main; Hamburg; Berlin,Hesse; Hamburg; Berlin,,2023-11-01 00:00:00
127,748564e1-001b-4d01-b200-0428d6fd2cf2,Estavis AG,Public,13,429942.5091468,Apartment; Dev Site,Berlin; Chemnitz; Bernau bei Berlin,Apartment; Dev Site; Industrial,Berlin; Chemnitz; Bernau bei Berlin,Berlin; Saxony; Mecklenburg-West Pomerania,,2014-03-10 00:00:00
128,3bdb77b3-806e-47dd-9a99-0f0a06ece589,Strenger Holding,Private,13,75449.8676368,Dev Site; Office,Stuttgart; Ladenburg; Tubingen,Dev Site; Apartment; Office,Stuttgart; Ladenburg; Nuremberg,Baden-Wurttemberg; Bavaria,Baustolz,2023-01-13 00:00:00
129,fe693812-4ce9-4c09-946e-c9a866db2721,Efimmo 1 SCPI,Private,13,63793.443402,Hotel; Office,Bonn; Hamburg; Dusseldorf,Hotel; Office,Bonn; Hamburg; Dusseldorf,North Rhine-Westphalia; Hamburg; Bremen,,2023-07-03 00:00:00
130,9cb852df-5f40-422d-b5e4-064b0ad8c31a,Bastion GmbH & Co. KG,Private,13,23683.4221104,Retail,Rulzheim; Bad Orb; Lichtenau,Retail,Rulzheim; Bad Orb; Lichtenau,Baden-Wurttemberg; Rhineland-Palatinate; Hesse,,2006-06-15 00:00:00
131,61ede860-a749-4061-9e9b-c456616d9b7a,Arminius Group,Institutional,12,329208.9671052,Office; Other General,Frankfurt am Main; Eschborn; Neu-Isenburg,Office; Hotel; Industrial,Frankfurt am Main; Munich; Dusseldorf,Hesse; Bavaria; North Rhine-Westphalia,Arminius Funds Mgmt,2024-05-02 00:00:00
132,4decd94b-fa05-4e55-84fd-9cc6fc531b4f,Valad Property Group (REOC),Public,12,219299.648958,Industrial; Office,Dusseldorf; Berlin; Nuremberg,Industrial; Office,Dusseldorf; Berlin; Ottobrunn,Bavaria; North Rhine-Westphalia; Berlin,,2007-11-30 00:00:00
133,b57fd970-d785-4d72-a6ea-774d2a32b014,Dereco,Institutional,12,83547.96138,Retail; Dev Site,Herford; Hamburg; Berlin,Retail; Hotel; Office,Velbert; Dusseldorf; Cologne,North Rhine-Westphalia; Hesse; Baden-Wurttemberg,,2023-11-14 00:00:00
134,6bd054de-62cb-4799-91c4-03e398b8a656,Krieger Gruppe,Private,12,982727.0208755999,Retail; Dev Site,Berlin; Neuss; Chemnitz,Dev Site; Retail; Industrial,Berlin; Neuss; Lubeck,Berlin; North Rhine-Westphalia; Saxony,,2024-01-02 00:00:00
135,2460e47f-0836-411e-a84a-682e50ea3363,Fuchs & Sohne,Private,12,537226.891344,Dev Site; Industrial,Hainichen; Schkeuditz; Bamberg,Industrial; Dev Site; Hotel,Chemnitz; Hainichen; Dormagen,Saxony; Bavaria; North Rhine-Westphalia,,2024-03-28 00:00:00
136,ed1b3e73-1280-4ef0-bf21-ce349a9b6269,Lehman Bros Holdings,Institutional,12,104082.460326,Apartment; Office,Mannheim; Munster; Berlin,Apartment; Office; Retail,Hamburg; Mannheim; Munster,Hamburg; Baden-Wurttemberg; North Rhine-Westphalia,Lehman Brothers Holdings,2009-12-15 00:00:00
137,126b21c8-27c0-41eb-9ad3-d485ba040e77,B&L Gruppe,Private,12,157796.14968,Dev Site; Office,Hamburg; Dusseldorf; Leipzig,Retail; Office; Dev Site,Hamburg; Leipzig; Berlin,Hamburg; North Rhine-Westphalia; Saxony,B&L Real Estate,2024-02-01 00:00:00
138,a7650c67-fe29-41f3-be8d-f51cda35bbc8,Dorea GmbH,Private,12,4487.8904928,Seniors Housing & Care,Schwedeneck; Meinersen; Osterronfeld,Seniors Housing & Care,Schwedeneck; Seesen; Hardegsen,Lower Saxony; Schleswig-Holstein; North Rhine-Westphalia,,2021-12-09 00:00:00
139,45707b39-664e-4662-aa92-a13a1494e4fe,Investea,Institutional,12,50048.75570228862,Retail; Office,Hamburg; Stadtbergen; Gutersloh,Retail; Office; Hotel,Essen; Cologne; Hamburg,North Rhine-Westphalia; Bavaria; Hamburg,A/S Ejendomsvaekst; Ei Invest,2016-08-15 00:00:00
140,97e35a89-2bd3-4953-999c-3815e51e94a4,Alte Leipziger - Hallesche,Institutional,12,69901.2943668,Retail; Dev Site,Osnabruck; Berlin; Dortmund,Retail; Office; Apartment,Berlin; Stuttgart; Hildesheim,Lower Saxony; North Rhine-Westphalia; Berlin,,2023-02-14 00:00:00
141,0668e402-1b7b-4e62-931e-cf01eda3e208,Holland Immo Group,Institutional,12,29756.2739292,Retail; Parking Facility,Sonnenbuhl; Junkerath; Haan,Retail; Parking Facility,Hemer; Hamm; Bonn,North Rhine-Westphalia; Lower Saxony; Baden-Wurttemberg,,2020-12-31 00:00:00
142,86b1debf-76f6-4f74-ae37-2bafbbb96651,Larmag Group,Private,12,132115.7762964,Retail; Office,Apolda; Heubach; Meiningen,Retail; Office; Data Center,Dusseldorf; Apolda; Heubach,Thuringia; Baden-Wurttemberg; North Rhine-Westphalia,,2020-01-22 00:00:00
143,01f630c6-cb9f-4f48-9e95-179e06f270cf,Motel One,Private,12,112677.237289856,Hotel; Dev Site,Munich; Hamburg; Stuttgart,Hotel; Dev Site; Office,Munich; Berlin; Stuttgart,Bavaria; North Rhine-Westphalia; Berlin,,2023-07-04 00:00:00
144,d23c4e8e-c1e6-4f19-a1de-b6beb2a7c476,TITN 2006-1X,CMBS,12,96260.65118280001,Retail; Office,Heidelberg; Wuppertal; Berlin,Retail; Office; Hotel,Heidelberg; Wuppertal; Berlin,Baden-Wurttemberg; North Rhine-Westphalia; Berlin,,2010-02-02 00:00:00
145,f126dd1a-1a0c-4ecc-81b1-aac8c81fc4e7,SWT Verwaltungs GmbH,Private,12,132138.622636,Retail; Office,Mulheim an der Ruhr; Hennef (Sieg); Isernhagen,Retail; Office; Industrial,Mulheim an der Ruhr; Hennef (Sieg); Isernhagen,North Rhine-Westphalia; Baden-Wurttemberg; Bavaria,,2023-02-16 00:00:00
146,80b6f166-47c3-43c7-8671-9a897646b335,Triwo AG,Private,12,719481.945327,Industrial; Office,Bergisch Gladbach; Trier; Eschweiler,Industrial; Dev Site; Office,Mainz; Bergisch Gladbach; Trier,Rhineland-Palatinate; North Rhine-Westphalia; Baden-Wurttemberg,,2023-10-23 00:00:00
147,be4f47c0-2b63-474d-82c3-4814c099f5f5,Rheinische Versorgungskassen,Institutional,12,153245.2607244,Office; Apartment,Berlin; Cologne; Dusseldorf,Office; Apartment; Hotel,Berlin; Cologne; Dusseldorf,Berlin; North Rhine-Westphalia; Bavaria,,2020-02-17 00:00:00
148,d8b5eedc-d3ee-4dfb-9aa4-6c260bb0cbf9,Dream Industrial REIT,Public,12,217665.6683896,Industrial,Augsburg; Ulm; Minden,Industrial,Augsburg; Ulm; Minden,Baden-Wurttemberg; North Rhine-Westphalia; Bavaria,,2022-06-27 00:00:00
149,8fec848b-474b-4ab1-b8b5-b3e556eef53d,Connex Immobilien,Private,12,39819.028392,Apartment,Dusseldorf; Neuss,Apartment,Dusseldorf; Neuss,North Rhine-Westphalia,,2023-06-30 00:00:00
150,fd1f85d8-a883-4cc9-8891-90865868da17,Hansteen REIT,Public,11,1295718.797851926,Industrial; Office,Unna; Hallstadt,Industrial; Office; Retail,Berlin; Dietzenbach; Langenfeld (Rheinland),North Rhine-Westphalia; Hesse; Baden-Wurttemberg,,2020-02-06 00:00:00
151,d2e57f9c-cbc4-4fda-ba68-691b14468733,RBS Group,Institutional,11,46154.8737936,Office; Retail,Wolfsburg; Hanover; Braunschweig,Retail; Office; Hotel,Frankfurt am Main; Stuttgart; Berlin,Hesse; North Rhine-Westphalia; Baden-Wurttemberg,Royal Bank Scotland Plc; Royal Bank of Scotland,2017-07-20 00:00:00
152,49e1e449-904d-46af-9a05-9751db369a15,Fairvesta Holding AG,Institutional,11,346696.512528,Retail; Office,Bad Homburg vor der Hohe; Lubz; Aachen,Retail; Office; Industrial,Freiberg; Bad Homburg vor der Hohe; Plauen,Saxony; Hesse; North Rhine-Westphalia,,2017-12-31 00:00:00
153,f5959a70-236a-4151-8b2d-24899418c811,Westgrund,Public,11,1311326.0028648,Apartment; Condo,Leipzig; Berlin,Apartment; Condo; Office,Berlin; Erfurt; Leipzig,Berlin; Saxony; Thuringia,,2015-06-26 00:00:00
154,7aca9f90-60a7-430b-b103-9bc51f045576,Duisburg Holding,Private,11,20459.500776,Retail,Bad Camberg; Wuppertal; Grimmen,Retail; Industrial,Triptis; Muncheberg; Bad Camberg,North Rhine-Westphalia; Brandenburg; Thuringia,,2022-12-05 00:00:00
155,38cb95b1-4700-4bc1-8a20-989f78a9fc9e,Prelios SpA,Public,11,2049559.8,Apartment; Retail,Braunschweig; Hanover; Berlin,Apartment; Retail; Office,Hamburg; Kiel; Berlin,Hamburg; Schleswig-Holstein; Berlin,DGAG Deutsche Grundvermogen; Pirelli,2016-01-29 00:00:00
156,59e8f447-0697-4df5-bcc7-6ecd93e1a91c,Carlton Investment,Private,11,87514.8645852,Retail; Office,Augsburg; Darmstadt; Raunheim,Retail; Office,Bielefeld; Augsburg; Darmstadt,Hesse; North Rhine-Westphalia; Bavaria,,2018-01-03 00:00:00
157,e95f8848-e1fa-428b-9b55-6011744ecc09,IVAG (Innovative Vertriebskonzepte AG),Institutional,11,44585.9120772,Retail; Office,Konigswinter; Hemau; Bonn,Retail; Office,Pulheim; Konigswinter; Hemau,North Rhine-Westphalia; Bavaria; Hesse,IFK Sachwertfonds Deutschland 2; IFK Sachwertfonds Deutschland 3,2013-10-10 00:00:00
158,915f71d7-6497-46e9-968e-e3377347d223,Immorente SCPI,Private,11,44203.921398,Hotel; Retail,Hamburg; Halle (Saale); Bremen,Hotel; Office; Retail,Hamburg; Unterfohring; Halle (Saale),North Rhine-Westphalia; Hamburg; Bavaria,,2023-07-03 00:00:00
159,3f2a3cde-5cd5-4402-96cc-b00187717c65,AMB Property Corp,Public,11,520974.822278,Industrial,Hamburg; Frankfurt am Main; Dusseldorf,Industrial,Hamburg; Bremerhaven; Frankfurt am Main,Hamburg; North Rhine-Westphalia; Bremen,AMB Property Corporation,2011-06-03 00:00:00
160,e889b476-4c5f-49ae-8cc5-bb816f1b42df,Harpen Immobilien,Private,11,206194.96872,Dev Site; Office,Bochum; Dortmund; Bingen am Rhein,Dev Site; Office; Retail,Bochum; Dortmund; Lunen,North Rhine-Westphalia; Rhineland-Palatinate; Hesse,,2023-10-31 00:00:00
161,34dc30b1-4f3b-475b-84c5-4e5a471af3d0,Rabbit Holdings Public Company Limited,Public,11,,Hotel,Gunzburg; Wuppertal; Castrop-Rauxel,Hotel,Gunzburg; Wuppertal; Castrop-Rauxel,Bavaria; North Rhine-Westphalia; Baden-Wurttemberg,Vienna House,2017-05-31 00:00:00
162,6f2301ed-b1a4-4ea9-b45d-be874d1ec97b,Kaldox Group,Private,11,325992.0456,Industrial; Other General,Hamburg; Norderstedt; Bad Oldesloe,Industrial; Other General; Dev Site,Hamburg; Norderstedt; Bad Oldesloe,Hamburg; Schleswig-Holstein,,2024-04-29 00:00:00
163,dacc0ede-ee42-4aff-97ba-d7a5a990aa6a,FREO Group,Private,10,231005.3633316,Office; Dev Site,Berlin; Dusseldorf; Munich,Office; Retail; Dev Site,Cologne; Berlin; Munich,North Rhine-Westphalia; Bavaria; Berlin,Deltona Real Estate GmbH,2021-09-30 00:00:00
164,5b900cd0-28e7-4663-bf54-19b42d50142c,WP Carey,Private,10,211790.036582,Industrial; Retail,Monheim; Marktheidenfeld; Goppingen,Industrial; Retail,Laupheim; St. Ingbert; Monheim,North Rhine-Westphalia; Baden-Wurttemberg; Bavaria,CPA:15; CPA:16,2012-02-15 00:00:00
165,6db038f5-ca56-4d7f-8a00-24457e7b9f83,London & Capital,Institutional,10,247822.8630195954,Retail; Industrial,Bayreuth; Nuremberg; Salach,Retail; Industrial; Office,Wolfsburg; Nordhausen; Munsingen,North Rhine-Westphalia; Baden-Wurttemberg; Thuringia,,2016-10-01 00:00:00
166,09d9ad84-a80f-4f65-91f4-8bb82724b10b,InCity Immobilien AG,User/Other,10,37948.0461744,Office; Condo,Berlin; Cologne; Dusseldorf,Office; Apartment; Dev Site,Berlin; Frankfurt am Main; Cologne,Berlin; Hesse; North Rhine-Westphalia,,2021-06-28 00:00:00
167,f2fecad2-380a-4baa-bbf2-60d14a30b2ee,Standard Life plc,Institutional,10,186410.451474,Office; Industrial,Munich; Erfurt; Stuttgart,Office; Industrial; Retail,Hamburg; Munich; Neuss,North Rhine-Westphalia; Bavaria; Hamburg,Standard Life Investments,2017-06-30 00:00:00
168,2d60cb94-3701-4b7f-a5f3-1a4b0183c90e,Knight Frank,Institutional,10,202870.307183,Office; Retail,Dusseldorf; Munich; Monchengladbach,Office; Retail,Nuremberg; Dusseldorf; Bochum,North Rhine-Westphalia; Bavaria; Baden-Wurttemberg,Rutley Capital Partners,2022-04-01 00:00:00
169,444dda3c-2eae-4c1c-9c15-1619683f5fb3,Barmenia Insurance,Institutional,10,48764.8101096,Office; Apartment,Hamburg; Wiesbaden; Freiburg im Breisgau,Office; Dev Site; Apartment,Hamburg; Dusseldorf; Hanover,North Rhine-Westphalia; Hesse; Baden-Wurttemberg,,2023-12-11 00:00:00
170,b9b444b7-fa07-4b75-8943-ab52a8c1d579,AZIMUT Hotels,Private,10,,Hotel,Berlin; Wiesbaden; Dusseldorf,Hotel,Berlin; Dresden; Ludwigshafen am Rhein,Bavaria; Berlin; Hesse,,2023-10-25 00:00:00
171,f7d2ee0e-84e0-4080-a82c-fcd899073839,HGHI GmbH,Private,10,121992.7973648,Dev Site; Office,Berlin,Office; Retail; Dev Site,Berlin; Brandenburg an der Havel,Berlin; Brandenburg,,2023-01-10 00:00:00
172,aba4ff4d-b555-4701-bd3f-c487eff92dfe,Suddeutsche Krankenversicherung,Institutional,10,162929.0244348,Office; Apartment,Leipzig; Ratingen; Dresden,Office; Apartment,Leipzig; Solingen; Ratingen,North Rhine-Westphalia; Saxony; Hesse,,2020-12-03 00:00:00
173,7bf7fd10-7c59-4c76-9717-79d696f41d2e,Genepierre SCPI,Private,10,318010.2403608,Office; Industrial,Frankfurt am Main; Hamburg; Berlin,Office; Industrial; Retail,Frankfurt am Main; Hamburg; Berlin,Hesse; Hamburg; Baden-Wurttemberg,,2023-11-01 00:00:00
174,13b650e8-613c-4c16-a352-9f4d1764ed64,Fortis Wohnwert GmbH,Private,10,20487.5000928,Apartment,Berlin; Potsdam; Chemnitz,Apartment; Office,Berlin; Potsdam; Chemnitz,Berlin; Brandenburg; Saxony,,2021-09-11 00:00:00
175,52647f84-de75-48dd-8479-7b30aa9f8f95,Hana Financial Group,Institutional,10,659597.9054184,Industrial; Office,Frankfurt am Main; Werne; Alzenau,Industrial; Office; Hotel,Frankfurt am Main; Werne; Alzenau,Hesse; North Rhine-Westphalia; Bavaria,,2020-02-19 00:00:00
176,b9e27d47-96be-4d12-9d48-f303f5d9c5e8,Angelo Gordon & Co.,Institutional,10,284555.1774572,Industrial; Retail,Berlin; Schwalbach am Taunus; Delmenhorst,Industrial; Retail; Dev Site,Berlin; Schwalbach am Taunus; Delmenhorst,Berlin; Bavaria; North Rhine-Westphalia,,2023-10-31 00:00:00
177,070d46da-1242-46af-8879-fc44481f25d2,Berggruen Holdings,Private,10,218670.6308616,Office; Retail,Berlin,Office; Retail; Apartment,Berlin; Potsdam,Berlin; Brandenburg,,2021-07-12 00:00:00
178,dcf3c209-f844-487c-b972-a6edbbae04de,ERMA Grundbesitz,Private,10,60867.5147964,Office; Apartment,Frankfurt am Main; Stadecken-Elsheim; Mainz,Office; Apartment; Retail,Bingen am Rhein; Frankfurt am Main; Stadecken-Elsheim,Rhineland-Palatinate; Hesse; North Rhine-Westphalia,,2022-08-23 00:00:00
179,2d84cd1c-691d-4ad6-9c04-7e9b944da103,Thelen Holding,Private,10,11199440.0737056,Industrial; Dev Site,Bochum; Zorbig; Bottrop,Industrial; Dev Site; Office,Essen; Bochum; Zorbig,North Rhine-Westphalia; Thuringia; Saxony-Anhalt,,2019-09-03 00:00:00
180,a471a89a-938e-4deb-98b6-5aee0562225d,Hoechst Group Pension Fund,Institutional,10,61934.4887616,Retail; Office,Frankfurt am Main; Ginsheim-Gustavsburg; Blankenfelde-Mahlow,Retail; Office; Industrial,Frankfurt am Main; Munich; Ginsheim-Gustavsburg,Bavaria; Hesse; Brandenburg,,2020-05-19 00:00:00
181,f126a862-0b8c-4134-8101-887526ae64f2,Bank of America,Institutional,10,49333.796226,Apartment,Mannheim; Munster,Apartment; Retail,Mannheim; Munster; Krefeld,Baden-Wurttemberg; North Rhine-Westphalia,,2012-01-26 00:00:00
182,a6f80c3f-db29-4d46-9074-bc4dbc393a75,Curator,Institutional,10,93082.728726,Office; Retail,Leipzig; Frankfurt am Main; Markkleeberg,Office; Industrial; Retail,Leipzig; Frankfurt am Main; Markkleeberg,Saxony; Thuringia; Hesse,,2018-06-13 00:00:00
183,b322fb66-3fad-40c2-956d-0b0735ee8b90,Richert Group,Private,10,37719.079632,Apartment; Office,Dresden; Oschatz; Zwickau,Apartment; Office; Retail,Dresden; Oschatz; Zwickau,Saxony; Brandenburg; Thuringia,,2023-06-05 00:00:00
184,e7cf266b-47f0-4596-ac2e-b296865775a5,SCPI Sofidy Europe Invest,Private,10,49981.7804148,Hotel; Retail,Bonn; Halle (Saale); Bremen,Hotel; Retail; Office,Bonn; Halle (Saale); Bremen,North Rhine-Westphalia; Saxony-Anhalt; Bremen,,2023-09-30 00:00:00
185,3fcef8a7-7a2a-47df-8961-9ef19de8a85b,x+bricks AG,Institutional,9,417472.8134148,Retail,Wolfsburg,Retail,Dresden; Berlin; Leipzig,Saxony; Lower Saxony; Thuringia,,2023-12-31 00:00:00
186,0bb86e4b-be50-4f93-a312-5f11493f7172,Falk Capital,Institutional,9,143716.493232,Office; Industrial,Munich; Hanover; Gelsenkirchen,Office; Retail; Industrial,Munich; Nuremberg; Hanover,Bavaria; North Rhine-Westphalia; Lower Saxony,,2023-10-01 00:00:00
187,429372ed-f420-4041-9219-d247c187da4b,Lianeo Real Estate,Institutional,9,310934.9562944,Retail; Office,Essen; Schwerin; Giessen,Office; Hotel; Retail,Hanover; Essen; Dusseldorf,North Rhine-Westphalia; Lower Saxony; Berlin,Intown,2021-03-01 00:00:00
188,ae04db36-0f33-4429-b765-3389f8c5e9de,JER Partners,Institutional,9,194077.0748832,Apartment; Industrial,Berlin; Leipzig; Braunschweig,Apartment; Office; Hotel,Berlin; Braunschweig; Essen,Berlin; Lower Saxony; North Rhine-Westphalia,,2024-03-14 00:00:00
189,5d198a5e-f5df-4472-9e26-429f094f9b84,PK der Bewag,Institutional,9,28198.3119444,Apartment; Condo,Berlin; Schonefeld; Glienicke/Nordbahn,Apartment; Condo; Office,Berlin; Glienicke/Nordbahn; Schonefeld,Brandenburg; Berlin; Saxony,,2019-12-03 00:00:00
190,446f4352-a29d-4e28-9559-de65160a1685,VSW Zahnarztekammer Berlin,Institutional,9,101557.521936,Hotel; Office,Gohren-Lebbin; Ismaning; Essen,Hotel; Office; Apartment,Boltenhagen; Gohren-Lebbin; Berlin,Mecklenburg-West Pomerania; Berlin; Bavaria,,2020-05-05 00:00:00
191,0732ed15-b4d0-42ec-9637-3a44134e2fa4,ERWE Immobilien AG,Private,9,103464.3509192,Retail; Dev Site,Darmstadt; Bremerhaven; Friedrichsdorf,Retail; Dev Site; Industrial,Darmstadt; Gottingen; Bremerhaven,Hesse; North Rhine-Westphalia; Lower Saxony,ERWE Real Estate GmbH,2022-03-31 00:00:00
192,e3338454-118e-4c5f-9dc2-54e8152e3f95,NCC AB,Public,9,287055.9956628,Dev Site,Langen (Hessen); Mainz; Zierow,Apartment; Dev Site; Office,Berlin; Glienicke/Nordbahn; Hamburg,North Rhine-Westphalia; Berlin; Brandenburg,NCC Construction; NCC Deutschland GmbH; NCC Property Dev,2016-04-21 00:00:00
193,dde64352-dc96-4063-9eac-3ee8344aad84,Eurazeo,Public,9,86585.88725279999,Office; Industrial,Berlin; Munich,Office; Hotel; Industrial,Berlin; Hanover; Munich,Berlin; Lower Saxony; Bavaria,Grape Hospitality,2022-04-04 00:00:00
194,d61b1604-181f-42ce-9232-9bd307a5cff3,AGC Equity Partners,Institutional,9,259471.2373092,Industrial; Office,Frankfurt am Main; Aiterhofen; Kassel,Industrial; Office; Hotel,Frankfurt am Main; Dusseldorf; Aiterhofen,Hesse; North Rhine-Westphalia; Bavaria,,2023-08-31 00:00:00
195,a233d437-6cbb-4d32-82ea-fc4f0c6a7818,Even Capital SA,Institutional,9,46943.73809574331,Retail; Office,Steffenberg; Nuremberg; Leipzig,Industrial; Office; Retail,Mannheim; Osnabruck; Dietzenbach,Hesse; Baden-Wurttemberg; Bavaria,EC Advisors GmbH,2019-03-31 00:00:00
196,f2478b7a-53ce-4edf-8afd-a23acb0466fe,Apeiron Capital,Institutional,9,598403.3986008,Industrial; Apartment,Werne; Alzenau; Offenbach an der Queich,Industrial; Apartment,Offenbach an der Queich; Werne; Alzenau,Berlin; Rhineland-Palatinate; North Rhine-Westphalia,,2021-06-28 00:00:00
197,9278fa46-fa84-499c-bf29-26f14f98a371,DOBA Fonds,Institutional,9,94327.698348,Industrial; Retail,Frechen; Duisburg; Allershausen,Industrial; Retail; Office,Berlin; Frechen; Munich,North Rhine-Westphalia; Bavaria; Berlin,,2019-06-30 00:00:00
198,d568c8c6-5a98-413e-8bb7-029c7df4aceb,TITN 2007-CT1X,CMBS,9,223238.5528464,Apartment; Office,Rostock; Dusseldorf; Oranienburg,Apartment; Industrial; Office,Dietzenbach; Rostock; Dusseldorf,Hesse; Mecklenburg-West Pomerania; Saxony,,2012-06-30 00:00:00
199,386327cb-21cb-4b16-979e-a1c56023bc61,bluestem group,Institutional,9,223238.5528464,Apartment; Office,Rostock; Dusseldorf; Oranienburg,Apartment; Industrial; Office,Dietzenbach; Rostock; Dusseldorf,Hesse; Mecklenburg-West Pomerania; Saxony,Capmark,2012-06-30 00:00:00
200,cbfb97ac-5659-421c-88b1-bafff891c7bb,Noctua Real Estate,Private,9,202930.048386,Apartment; Dev Site,"Hanau, Bruder-Grimm-Stadt; Neustadt (Hessen); Heusenstamm",Apartment; Dev Site; Retail,"Hanau, Bruder-Grimm-Stadt; Neustadt (Hessen); Heusenstamm",Hesse; Schleswig-Holstein; North Rhine-Westphalia,,2018-02-01 00:00:00
201,42a60d23-5f33-4c67-916d-37ab2172e3f6,CIT Group,Institutional,9,69916.2940008,Seniors Housing & Care; Other General,Klotze; Thale; Bad Langensalza,Seniors Housing & Care; Office; Other General,Oberursel (Taunus); Klotze; Thale,Saxony-Anhalt; Thuringia; Baden-Wurttemberg,,2013-12-17 00:00:00
202,29834833-f0fa-416a-9b8b-5852031ebb3d,SV Sparkassen Vesicherungen,Institutional,9,66806.3698848,Office; Apartment,Stuttgart; Mannheim; Rastatt,Office; Retail; Apartment,Mannheim; Stuttgart; Rastatt,Baden-Wurttemberg; Hesse; Bavaria,,2022-09-21 00:00:00
203,4c2f397a-9dc1-460d-ada5-7a55dad8ad4a,Youniq,Private,9,69288.0846222329,Dev Site; Office,Frankfurt am Main; Leipzig; Reutlingen,Apartment; Dev Site; Office,Leipzig; Munich; Frankfurt am Main,Bavaria; Saxony; Hesse,Alta Fides,2013-11-04 00:00:00
204,2d30518c-4f58-4e68-878c-44611d6a2726,Mueller,User/Other,9,33453.1837224,Retail; Dev Site,Fulda; Gunzburg; Luneburg,Retail; Dev Site; Industrial,Fulda; Gunzburg; Luneburg,Bavaria; Lower Saxony; Rhineland-Palatinate,,2020-08-09 00:00:00
205,463a537f-b0fd-47ca-804f-7b225916e1b9,Five Quarters,Institutional,9,32109.216516,Seniors Housing & Care; Office,Damme; Freital; Halberstadt,Seniors Housing & Care; Office; Hotel,Damme; Freital; Halberstadt,Lower Saxony; Saxony; North Rhine-Westphalia,,2023-05-30 00:00:00
206,0184c53c-fbd3-4bf4-9ace-eb88d0e1340b,SCPI PF Hospitalite Europe,Private,9,58055.5834092,Seniors Housing & Care; Office,Homburg; Hanover; Herford,Seniors Housing & Care; Office; Other General,Homburg; Hanover; Herford,North Rhine-Westphalia; Saarland; Lower Saxony,,2024-06-30 00:00:00
207,89e43657-b815-484c-bc07-749ce207deb3,SCPI Perial O2,Private,9,85241.5151402988,Office,Bad Hersfeld; Michelstadt; Kassel,Office,Bad Hersfeld; Michelstadt; Kassel,Hesse,PFO2 SCPI - Perial,2017-02-01 00:00:00
208,058d8c68-5c93-4aee-9d13-68396412d08f,Semmelhaack,Private,9,205394.3669248,Dev Site; Retail,Elmshorn; Itzehoe; Brandenburg an der Havel,Retail; Dev Site; Apartment,Elmshorn; Itzehoe; Potsdam,Schleswig-Holstein; Brandenburg; Baden-Wurttemberg,,2023-06-19 00:00:00
209,b6e55d5b-ec21-4a75-b4bd-808810a69075,DFI Deutsche Fondsimmobilien Holding AG,Institutional,9,15434.623386,Apartment,Remscheid; Berlin; Dresden,Apartment,Remscheid; Berlin; Dresden,North Rhine-Westphalia; Saxony; Berlin,,2023-08-28 00:00:00
210,c7c2188f-a8f9-4ea0-a6dd-0ce4aca0b27d,Asterion Wohnen,Private,9,162146.04354,Apartment,Magdeburg; Neuruppin; Bischofswerda,Apartment,Magdeburg; Neuruppin; Bischofswerda,Brandenburg; Saxony-Anhalt; Saxony,,2017-06-30 00:00:00
211,418870bb-1f30-4949-b686-24323037a8b6,Kildare Partners,Institutional,8,398736.2705976,Office; Hotel,Hamburg; Berlin; Mainz,Office; Hotel; Industrial,Hamburg; Dusseldorf; Munich,North Rhine-Westphalia; Hesse; Hamburg,,2018-10-31 00:00:00
212,1a119b00-d217-4b2f-9306-6e30145b4cac,Dinu Patriciu Global Properties (DPGP),Private,8,136149.6778668,Office; Retail,Langenhagen; Bad Hersfeld; Lehrte,Retail; Office; Hotel,Mainz; Bremen; Baden-Baden,North Rhine-Westphalia; Lower Saxony; Baden-Wurttemberg,Black Sea Global; Deutsche Land PLC,2015-09-30 00:00:00
213,994d0ab8-2848-4ba6-9fb4-955d30aa3f5b,Alpha Industrial,Private,8,1504455.9652208,Dev Site; Industrial,Ratingen; Erfurt; Tamm,Industrial; Dev Site,Bielefeld; Bergheim; Hamburg,North Rhine-Westphalia; Hesse; Baden-Wurttemberg,,2018-11-02 00:00:00
214,ba915b62-8ee9-41f2-b48d-d92358d22ea4,PGGM (NL),Institutional,8,80614.0329696,Retail,Aachen; Heide; Sinzheim,Retail; Seniors Housing & Care; Office,Berlin; Bochum; Kenn,North Rhine-Westphalia; Berlin; Rhineland-Palatinate,,2019-12-01 00:00:00
215,5e14adc9-11b1-4a96-9a56-69b5d7ec3739,CG Gruppe,Private,8,139111.605594,Office; Dev Site,Dresden; Berlin; Offenbach am Main,Apartment; Office; Dev Site,Leipzig; Berlin; Cologne,Saxony; North Rhine-Westphalia; Berlin,,2020-05-11 00:00:00
216,4a16067e-5e2e-478a-86b8-75a5009fc97c,Catalyst Capital,Private,8,308292.29168,Retail; Office,Frankfurt am Main; Wedel; Munich,Office; Retail; Industrial,Frankfurt am Main; Dortmund; Bielefeld,North Rhine-Westphalia; Hesse; Bavaria,,2021-02-15 00:00:00
217,252817ab-cc14-4b65-b6c1-320ff8f9a06f,Custom House Capital,Institutional,8,133094.1494878,Retail; Office,Hamburg; Landsberg am Lech; Bielefeld,Office; Retail; Hotel,Munich; Hamburg; Bielefeld,Bavaria; Hamburg; North Rhine-Westphalia,,2021-12-01 00:00:00
218,55420d17-69a1-44ae-ae3c-22a10171428a,Mount Recap,Institutional,8,76727.1278124,Dev Site; Industrial,Berlin; Essen; Dusseldorf,Dev Site; Retail; Industrial,Berlin; Essen; Furth,Berlin; Bavaria; North Rhine-Westphalia,BNS Real Estate Capital GmbH,2024-01-25 00:00:00
219,421fbcd1-2df9-4fb1-ac62-3f8af4416076,Kolbl Kruse GmbH,Private,8,64184.4338616,Dev Site; Office,Essen; Bochum; Hanover,Office; Dev Site; Retail,Essen; Duisburg; Bochum,North Rhine-Westphalia; Lower Saxony; Saxony,,2021-09-02 00:00:00
220,43c67c0b-31d7-498b-9323-46115778b9be,DWI Grundbesitz,Private,8,60400.423258,Office; Dev Site,Hamburg; Kiel; Berlin,Office; Dev Site; Retail,Hamburg; Frankfurt am Main; Berlin,Hamburg; Hesse; Berlin,,2021-10-20 00:00:00
221,639df63f-e385-4925-979a-4231e8c52619,Castleforge Partners,Private,8,197692.3456428,Industrial; Office,Torgelow; Leinefelde-Worbis; Schonebeck (Elbe),Industrial; Office,Erfurt; Westerstede; Torgelow,Lower Saxony; Thuringia; Mecklenburg-West Pomerania,,2023-12-04 00:00:00
222,028612ea-d899-44ac-9cc6-3154593c1ef5,Matrix Group ,Institutional,8,78772.0779144,Industrial; Office,Kelsterbach,Industrial; Retail; Office,Kelsterbach; Celle; Kaiserslautern,Hesse; Lower Saxony; Rhineland-Palatinate,Matrix European Real Estate Investment Trust Ltd.,2012-05-01 00:00:00
223,90cd84bc-4a92-45e9-bf6b-69d406f5099c,Sudwest Finanz,Institutional,8,7240.913317404,Apartment; Retail,Leipzig; Markkleeberg; Bodman-Ludwigshafen,Apartment; Retail; Office,Leipzig; Crailsheim; Markkleeberg,Baden-Wurttemberg; Saxony; Bavaria,,2014-05-22 00:00:00
224,b93535d7-0a04-4b25-aa19-4269c1f615e7,Cresco Capital Group,Private,8,87340.1538724,Office; Dev Site,Berlin; Frankfurt am Main; Cologne,Office; Apartment; Dev Site,Berlin; Frankfurt am Main; Hamburg,Berlin; Hesse; Hamburg,,2023-01-02 00:00:00
225,0986a5a5-5e64-4450-8833-0e970e45e383,Grossmann Group,Private,8,173845.75806,Dev Site; Hotel,Offenburg; Durbach; Bad Sackingen,Dev Site; Industrial; Hotel,Frickenhausen; Offenburg; Durbach,Baden-Wurttemberg,,2023-06-19 00:00:00
226,ac390c53-6a32-4d9a-bf54-a21feca21750,Areo Capital,Private,8,86169.8974032,Office; Hotel,Munster; Dortmund; Hamburg,Office; Hotel; Apartment,Munster; Cologne; Dortmund,North Rhine-Westphalia; Hamburg,,2018-06-30 00:00:00
227,e1b1a26f-e010-48b7-b04c-f10a768eac2b,Convalor,Private,8,95813.6620896,Dev Site; Industrial,Cologne; Dusseldorf; Solingen,Dev Site; Industrial; Office,"Cologne; Dusseldorf; Hanau, Bruder-Grimm-Stadt",North Rhine-Westphalia; Hesse; Baden-Wurttemberg,,2023-12-14 00:00:00
228,b5bdfad6-8cb2-42bc-9fb1-1eba1160e9b2,Volkswohl Bund Versicherungen,Institutional,8,64322.4304944,Office; Apartment,Berlin; Dusseldorf; Hamburg,Office; Apartment,Berlin; Hamburg; Munich,Bavaria; Berlin; Hamburg,,2018-04-25 00:00:00
229,7179c08a-7c45-4892-aa0f-ab20dedb1597,Grainger plc,Public,8,3540.88413037936,Apartment,Bad Fallingbostel; Goppingen,Apartment; Seniors Housing & Care,Coesfeld; Bad Fallingbostel; Goppingen,North Rhine-Westphalia; Baden-Wurttemberg; Lower Saxony,,2016-04-14 00:00:00
230,6b5157a9-304f-475b-8af6-eb27f59fc8ab,Reinhard Unternehmensgruppe,Private,8,43348.94226,Retail; Dev Site,Darmstadt; Bretten; Eltville am Rhein,Retail; Dev Site; Apartment,Darmstadt; Heidelberg; Bretten,Baden-Wurttemberg; Hesse; North Rhine-Westphalia,,2023-03-02 00:00:00
231,efd9fa68-4342-4f64-8957-04d996e31c89,Granite REIT,Public,8,286566.0076188,Industrial,Erfurt; Straubing; Peine,Industrial,Erfurt; Straubing; Markgroningen,Thuringia; Bavaria; Hesse,,2021-12-01 00:00:00
232,cdfe1549-9d39-40f2-950a-d5069e69d7f0,Tecklenburg Bau,Private,8,49199.7994956,Dev Site; Office,Dusseldorf; Dinslaken; Dortmund,Dev Site; Apartment; Office,Dusseldorf; Dinslaken; Tonisvorst,North Rhine-Westphalia,,2023-09-08 00:00:00
233,0c366b86-c689-435c-8a50-a27b1529622d,Soka-Bau,Institutional,8,115907.171796,Apartment; Dev Site,Leipzig; Dresden; Bonn,Apartment; Dev Site; Retail,Leipzig; Dresden; Bonn,Saxony; North Rhine-Westphalia; Baden-Wurttemberg,,2021-03-10 00:00:00
234,0ebf16a9-4bdd-4e7a-b0f8-2b033a2cd16a,Westminster Immobilien,Private,8,78237.56654207999,Apartment; Retail,Suhl; Heidesee; Genthin,Apartment; Retail; Dev Site,Berlin; Suhl; Heidesee,Berlin; Thuringia; Brandenburg,,2023-09-22 00:00:00
235,434f6734-7f5b-47a1-bc17-3d09b125a459,DKB Immobilien,Institutional,8,30580.090877,Apartment,,Apartment,,Thuringia; Saxony; Mecklenburg-West Pomerania,,2012-03-26 00:00:00
236,6af2b880-c97a-4bca-afc6-ddf596d8c200,Grasmus Holding B.V.,Private,8,167031.9243216,Apartment,Wilhelmshaven; Delmenhorst; Aurich,Apartment,Wilhelmshaven; Delmenhorst; Aurich,Lower Saxony,,2006-01-18 00:00:00
237,6017ef3f-f6f9-41c2-a7e3-12defa67b86d,Electra Ltd,Public,7,256707.3879247097,Office; Industrial,Schwerin; Frankfurt am Main; Cologne,Office; Industrial; Retail,Cologne; Frankfurt am Main; Saarbrucken,North Rhine-Westphalia; Hesse; Bavaria,Electra Real Estate,2019-07-02 00:00:00
238,db1d4ed1-4e32-4271-bf36-901d3e44d9d7,Lone Star,Institutional,7,146306.430036,Office; Dev Site,Munich; Frankfurt am Main; Hamburg,Industrial; Office; Dev Site,Munich; Berlin; Hamburg,North Rhine-Westphalia; Bavaria; Baden-Wurttemberg,Dusseldorfer Hypothekenbank; Isaria Wohnbau; Lone Star Funds; Lorac IM (+2 more),2021-02-10 00:00:00
239,3baa605c-5761-458e-b005-371bdbe8e363,Development Partner,Public,7,38042.0717508,Office; Dev Site,Dusseldorf; Munich; Cologne,Retail; Office; Dev Site,Dusseldorf; Cologne; Munich,North Rhine-Westphalia; Bavaria; Berlin,,2018-10-05 00:00:00
240,0f03d00a-03d2-4515-be57-91dca77208b1,Colonia Real Estate AG,Public,7,1165338.275074261,Apartment; Office,Berlin,Office; Apartment; Hotel,Berlin; Cologne; Dusseldorf,North Rhine-Westphalia; Lower Saxony; Berlin,,2013-06-01 00:00:00
241,239c786e-53cc-40f3-8888-165f21d5b905,Summit Properties,Public,7,342561.641292,Office; Retail,Potsdam; Wolfsburg,Office; Retail; Industrial,Berlin; Potsdam; Wolfsburg,North Rhine-Westphalia; Lower Saxony; Hesse,,2022-02-28 00:00:00
242,34a1f84c-8add-48fe-a1db-583dc7e29679,POBA,Institutional,7,33553.1812824,Apartment; Office,Berlin; Nuremberg; Hamburg,Office; Apartment,Frankfurt am Main; Hamburg; Berlin,Hesse; Hamburg; Berlin,,2022-06-21 00:00:00
243,af515cd2-0109-454f-8411-ff9f2aed4e2d,Raiffeisen Bankengruppe,Institutional,7,38711.555415,Office; Retail,Munich; Frankfurt am Main; Dusseldorf,Industrial; Office; Retail,Munich; Grolsheim; Lohfelden,Bavaria; Hesse; North Rhine-Westphalia,Raiffeisen Capital Managment; Raiffeisen Property International; Raiffeisen-Leasing,2022-07-12 00:00:00
244,ece49237-3631-4892-a80c-98faaf4af1e1,Alstertreu,Private,7,40543.0107264,Industrial; Retail,Hamburg; Wedel; Gromitz,Retail; Industrial; Apartment,Hamburg; Siek; Wedel,Schleswig-Holstein; Hamburg,,2022-11-07 00:00:00
245,d10e5c9c-105a-4e93-b5e5-4e7f2c8a9a16,noratis GmbH,Private,7,33569.180892,Apartment,Schwarzenbek; Dranske; Sagard,Apartment,Dormagen; Friedberg (Hessen); Trier,North Rhine-Westphalia; Rhineland-Palatinate; Baden-Wurttemberg,,2017-05-02 00:00:00
246,938c0da9-1e5e-4e39-a376-98fd75ce1f90,BUWOG,Public,7,1209210.494544,Dev Site; Apartment,Berlin,Apartment; Dev Site; Office,Berlin; Hamburg; Strausberg,Berlin; Lower Saxony; Hamburg,,2018-10-02 00:00:00
247,b33ca571-ebe3-4cbf-8439-61a76750c9c8,Unimo Real Estate Concepts,Institutional,7,18485.5489416,Office; Apartment,Hildesheim; Bonn; Monchengladbach,Retail; Office; Apartment,Neuss; Hildesheim; Landshut,North Rhine-Westphalia; Hesse; Bavaria,,2022-09-05 00:00:00
248,699fb6d3-af5c-4d08-818c-39b6a6f63103,Concarus Real Estate Invest GmbH,Private,7,144420.4760544,Retail; Office,Gelsenkirchen; Wittstock/Dosse; Frankfurt am Main,Retail; Office; Other General,Hamburg; Berlin; Kelheim,Hamburg; Berlin; Lower Saxony,,2022-01-01 00:00:00
249,773b91cf-8251-4697-b052-8bb4b294358c,Centerbridge Partners,Institutional,7,192829.4643,Industrial,Torgelow; Leinefelde-Worbis; Schonebeck (Elbe),Industrial,Erfurt; Westerstede; Torgelow,Lower Saxony; Thuringia; Mecklenburg-West Pomerania,,2023-12-04 00:00:00
250,527bc2c0-8a51-4e63-9cd1-1617e87a5bea,Accumulata Immobilien AG,Private,7,105169.4338032,Dev Site; Industrial,Ottobrunn; Munich; Stuttgart,Office; Industrial; Dev Site,Munich; Stuttgart; Ottobrunn,Bavaria; Baden-Wurttemberg; North Rhine-Westphalia,,2024-06-01 00:00:00
251,e52b0491-00c2-4398-93e5-27789327bc52,Real Capital ,Institutional,7,60911.5137228,Office; Apartment,Berlin; Eschborn; Chemnitz,Office; Apartment; Retail,Berlin; Eschborn; Chemnitz,Berlin; Hesse; Saxony,,2020-12-22 00:00:00
252,7c97c3fc-aec1-4ec9-a9e9-546f3d127db7,Headstream Capital,Private,7,1299.96828,Hotel; Apartment,Bretten; Hoyerswerda; Cologne,Hotel; Office; Apartment,Frankfurt am Main; Neu-Ulm; Bretten,North Rhine-Westphalia; Hesse; Bavaria,,2020-02-28 00:00:00
253,89effd6f-2426-45ec-954a-2befb46921b3,GEWOFAG,Private,7,211638.2543324,Apartment; Dev Site,Munich; Munich Städte,Dev Site; Apartment,Munich; Poing; Munich Städte,Bavaria,,2021-01-14 00:00:00
254,db2e88cd-df5e-4380-9937-0520a2a84551,Diringer & Scheidel GmbH & Co. Beteiligungs KG,Private,7,126281.4181008,Dev Site; Industrial,Mannheim; Ludwigshafen am Rhein,Dev Site; Apartment; Retail,Mannheim; Speyer; Ludwigshafen am Rhein,Baden-Wurttemberg; Rhineland-Palatinate,,2023-10-04 00:00:00
255,523eea83-3a31-4bba-b596-b254d25007c1,Stuttgarter Versicherung AG,Institutional,7,47110.8504672,Office; Retail,Stuttgart; Munich; Bad Homburg vor der Hohe,Office; Retail; Hotel,Stuttgart; Berlin; Munich,Baden-Wurttemberg; Hesse; Bavaria,,2020-09-14 00:00:00
256,22ccf2be-8206-4ce5-8f68-b64ad3ee3e8c,AVWL,Institutional,7,152639.2755108,Office; Dev Site,Frankfurt am Main; Munster; Cologne,Office; Retail; Dev Site,Dusseldorf; Frankfurt am Main; Berlin,North Rhine-Westphalia; Hesse; Berlin,,2020-03-03 00:00:00
257,66dbe36d-7d78-4449-93a7-5229ce7250de,Walter AG (WBI),Private,7,264039.5572776,Dev Site; Retail,Augsburg; Stadtbergen; Kempten (Allgau),Office; Dev Site; Retail,Augsburg; Stadtbergen; Berlin,Bavaria; Berlin,,2022-09-01 00:00:00
258,56297735-b77c-45d5-9d67-564afa6fc5fa,Hammer AG,Private,7,153696.204199,Dev Site; Office,Munich,Office; Dev Site; Industrial,Munich; Radebeul; Poing,Bavaria; Saxony,,2020-05-07 00:00:00
259,3a4220b0-405d-452e-97d6-904c0ed9fef5,Honold Logistik,User/Other,7,245993.01538688,Dev Site; Industrial,Aachen; Barsinghausen; Neu-Ulm,Dev Site; Industrial,Gersthofen; Giengen an der Brenz; Aachen,Bavaria; Baden-Wurttemberg; North Rhine-Westphalia,,2024-04-25 00:00:00
260,6e2cdcd8-bc25-4504-9711-226ab5798423,Litos Immobilien,Private,7,71972.2438344,Office; Industrial,Regensburg; Chemnitz; Gilching,Office; Industrial; Apartment,Hamburg; Hanover; Regensburg,Bavaria; Hamburg; Baden-Wurttemberg,,2023-05-04 00:00:00
261,807d6783-a4b9-4ffc-a018-0b45520b7eb7,SAB Spar- und Anlageberatung,Private,7,54682.6657104,Office; Apartment,Frankfurt am Main; Fulda; Offenbach am Main,Office; Apartment; Hotel,Frankfurt am Main; Fulda; Offenbach am Main,Hesse; Lower Saxony; Berlin,,2009-07-15 00:00:00
262,1da8cba3-c665-4ea3-b230-e321e2c97c2c,Sienna Real Estate,Institutional,7,100326.5519724,Industrial; Office,Dusseldorf; Garbsen; Schortens,Office; Industrial; Retail,Berlin; Dusseldorf; Garbsen,Berlin; North Rhine-Westphalia; Lower Saxony,,2023-10-10 00:00:00
263,627735ca-f77b-4f6c-953e-42ec632eb753,TM Property Gruppe,Private,7,35969.122332,Apartment,Halle (Saale); Wiesbaden; Porta Westfalica,Apartment,Halle (Saale); Wiesbaden; Porta Westfalica,Hesse; Baden-Wurttemberg; Saxony-Anhalt,,2022-07-25 00:00:00
264,3c313830-6ac8-4670-98e0-cf7a480c73f8,Tamax Grundinvest,Private,7,66298.38228,Dev Site; Industrial,Machern; Chemnitz; Prenzlau,Dev Site; Industrial; Office,Machern; Chemnitz; Prenzlau,Brandenburg; Saxony,,2024-03-21 00:00:00
265,b30979ba-10ff-4dca-8b67-f5e9adf9e545,Bauverein zu Lunen eG,User/Other,7,76597.78135872,Apartment; Dev Site,Lunen; Bonen,Apartment; Dev Site; Office,Lunen; Selm; Bonen,North Rhine-Westphalia,,2023-04-24 00:00:00
266,f3b04ae3-8728-4a41-8487-502abcec47e4,Berliner Jungens,Private,7,18311.5531872,Apartment; Office,Berlin; Cottbus; Oranienburg,Apartment; Office; Industrial,Berlin; Cottbus; Oranienburg,Brandenburg; Berlin,,2022-12-31 00:00:00
267,8b359cf5-58a6-4017-868d-5b3857670690,Curata Care,Private,7,11699.71452,Seniors Housing & Care,Ellrich; Lubeck; Malchow,Seniors Housing & Care,Ellrich; Neustadt am Rubenberge; Wedemark,Lower Saxony; Bavaria; North Rhine-Westphalia,,2021-01-12 00:00:00
268,4a77beb6-5298-49a3-88b6-df1191a2bf97,City of Dresden,User/Other,7,340690.854536,Dev Site; Hotel,Dresden,Dev Site; Apartment; Office,Dresden; Freital,Saxony,,2024-04-01 00:00:00
269,48c9012f-b915-41fb-aa57-0a25dd690630,Family Value Management,Private,7,81092.0213064,Office; Industrial,"Uberlingen, Stadt; Bodenheim; Dresden",Office; Industrial; Dev Site,"Hamburg; Uberlingen, Stadt; Bodenheim",Rhineland-Palatinate; Hamburg; Baden-Wurttemberg,,2023-10-05 00:00:00
270,0ad32341-b611-4f1b-92c5-de6f2036e936,BBG GmbH,Private,7,69273.30969,Dev Site; Retail,Boblingen; Schonaich,Dev Site; Office; Retail,Boblingen; Schonaich,Baden-Wurttemberg,,2024-06-18 00:00:00
271,cb076ee0-d42c-4a0b-8bda-179c7aaf4669,Fastighets AB Balder,Public,7,,Hotel,Berlin; Gelsenkirchen; Malente,Hotel,Berlin; Gelsenkirchen; Malente,Schleswig-Holstein; Berlin; North Rhine-Westphalia,,2018-06-12 00:00:00
272,dba709eb-22f1-453a-bb78-07c4e036ac59,Reality Investment Fund,Private,7,95047.68078000001,Office; Retail,Krefeld; Potsdam; Gottingen,Office; Retail,Krefeld; Potsdam; Gottingen,North Rhine-Westphalia; Mecklenburg-West Pomerania; Brandenburg,,2023-06-05 00:00:00
273,30ca4dce-018a-4d27-8bea-511ec3d53dab,Pro Concept AG,Institutional,7,118514.1081852,Retail; Dev Site,Ludwigshafen am Rhein; Mannheim; Frankenthal (Pfalz),Retail; Dev Site; Office,Ludwigshafen am Rhein; Mannheim; Frankenthal (Pfalz),Rhineland-Palatinate; Baden-Wurttemberg,,2022-03-10 00:00:00
274,b299baf3-eb4d-48c4-8365-0224b5d0d846,MONDURA AG,Private,7,28199.31192,Apartment,Hamburg; Munich; Troisdorf,Apartment,Hamburg; Munich; Troisdorf,Hamburg; North Rhine-Westphalia; Bavaria,,2013-12-02 00:00:00
275,92a4297a-3e0e-4064-9b62-da5b478a9d74,Greenfield Development,Private,7,411077.9694528,Dev Site,Mannheim; Krostitz; Vaihingen an der Enz,Industrial; Dev Site,Vaihingen an der Enz; Hugelsheim; Mannheim,Baden-Wurttemberg; Saxony; Bavaria,,2023-09-11 00:00:00
276,ac9d56e1-9437-4cfc-89dd-670d8c56011a,Dietmar Bucher,Private,7,298052.3954972,Dev Site; Office,Wiesbaden; Bad Vilbel; Oberursel (Taunus),Dev Site; Apartment; Office,Wiesbaden; Bad Vilbel; Oberursel (Taunus),Hesse,,2019-07-04 00:00:00
277,a4b1b73b-86d7-477f-b257-7805fcb35739,Realquadrat Immobilien AG,Public,7,51198.69079952878,Office; Retail,Bergheim; Hanover; Cologne,Office; Retail; Apartment,Cologne; Hanover; Bergheim,North Rhine-Westphalia; Lower Saxony,REALQUADRAT Immobilien AG,2014-05-16 00:00:00
278,a6fafd86-4ccc-4831-a004-1795e1c6943b,Neuland,Private,7,,Apartment,Wolfsburg,Apartment,Wolfsburg,Lower Saxony,,2021-06-07 00:00:00
279,4c291e7a-f2df-4290-a744-95e2d3c9d956,GWG Munich,Private,7,42098.97276,Apartment,Munich; Munich Städte,Apartment,Munich; Munich Städte,Bavaria,,2018-11-27 00:00:00
280,cd109ab3-caca-4ef3-933f-27134fa2f20d,Opus Real #SCPI - BNP,Private,7,58143.581262,Office; Hotel,Bremen; Frankfurt am Main; Munich,Office; Hotel; Retail,Bremen; Frankfurt am Main; Munich,Hesse; Bavaria; Bremen,,2022-04-11 00:00:00
281,7aab270a-c7be-46ec-b874-a066d6c429be,Valon,Institutional,7,71848.24686,Industrial,Bochum; Iserlohn; Willich,Industrial,Bochum; Iserlohn; Willich,North Rhine-Westphalia; Rhineland-Palatinate,,2024-05-28 00:00:00
282,6d87357b-4785-4157-a975-b2ace8e62390,Credit Agricole,Institutional,7,9999.756,Hotel; Retail,Stuttgart; Essen; Bad Mergentheim,Hotel; Retail; Office,Stuttgart; Essen; Bad Mergentheim,North Rhine-Westphalia; Baden-Wurttemberg; Bavaria,Caceis; Predica CA Assurances,2015-10-21 00:00:00
283,574c97b3-0a57-4f83-ac43-a75f2a1a3df4,Valoria AG,Private,7,31476.2319612,Apartment,Emden; Rheine; Bremerhaven,Apartment; Office,Emden; Rheine; Hamburg,Lower Saxony; North Rhine-Westphalia; Hamburg,,2020-10-07 00:00:00
284,c50068bd-ac0e-4c84-a367-e507606890e2,Cording Group,Institutional,6,139881.586806,Industrial; Office,Baienfurt; Wesel; Kriftel,Office; Retail; Industrial,Mannheim; Cologne; Dortmund,North Rhine-Westphalia; Baden-Wurttemberg; Hamburg,FORE Partnership,2019-12-31 00:00:00
285,daa8b55e-6db5-4239-bf33-974f5ec78b16,Citigroup,Institutional,6,506653.5360247467,Retail; Office,"Siegburg; Hanau, Bruder-Grimm-Stadt",Office; Industrial; Retail,Erkrath; Munich; Dusseldorf,North Rhine-Westphalia; Bavaria; Hesse,Citi Property Investors; Citibank; Citigroup Prop Investors,2017-03-31 00:00:00
286,4c7fee1d-3151-43ac-9d58-fe98bc46841a,Akelius Residential AB,Public,6,183346.5262356,Apartment,Dusseldorf,Apartment,Berlin; Hamburg; Dusseldorf,Berlin; Hamburg; North Rhine-Westphalia,,2021-12-01 00:00:00
287,d71c95fb-bbdf-4c63-b832-a3612f2ca541,Azure Property Group,Institutional,6,53942.6837664,Hotel; Apartment,Mainz; Berlin; Wiesbaden,Hotel; Other Hospitality; Apartment,Berlin; Hamburg; Mainz,Berlin; Hamburg; Rhineland-Palatinate,,2021-04-01 00:00:00
288,419b186b-6fb3-463c-818f-cc9ebbf7bd8e,Aspen Group Israel,Public,6,37546.0569122,Retail; Office,Bruhl; Ludwigshafen am Rhein; Stuttgart,Office; Retail,Stuttgart; Dusseldorf; Aschheim,North Rhine-Westphalia; Baden-Wurttemberg; Bavaria,Aspen Real Estate,2020-06-23 00:00:00
289,c3ee50a8-ac39-4b12-bbb0-d84e0b6ed30d,Deutsche Real Estate,Public,6,346692.350500236,Industrial; Office,Frankenthal (Pfalz); Stuttgart; Berlin,Retail; Office; Industrial,Berlin; Munich; Frankfurt am Main,Berlin; North Rhine-Westphalia; Bavaria,,2022-07-05 00:00:00
290,a48fa244-97e1-437c-9ca8-f993d6c18d27,Harder & Partner,Private,6,255493.7658,Dev Site; Office,Duisburg; Homburg; Kelsterbach,Industrial; Dev Site; Office,Kiel; Kelsterbach; Forchheim,Bavaria; Hesse; Baden-Wurttemberg,,2023-06-13 00:00:00
291,51032938-625a-4669-8fef-a87d1b2d8e37,Aquila Capital,Institutional,6,123505.9863804,Industrial; Dev Site,Kobern-Gondorf; Kirchheim bei Munchen; Oranienburg,Industrial; Dev Site,St. Ingbert; Berlin; Worms,Rhineland-Palatinate; Saarland; Brandenburg,,2021-05-28 00:00:00
292,e44ff435-4cae-4cec-b7cb-d326e47465ba,Flex Fonds,Institutional,6,58363.575894,Retail; Office,Laupheim; Bad Urach; Baden-Baden,Retail; Office,Oberkochen; Eschach; Mutlangen,Baden-Wurttemberg,,2019-11-07 00:00:00
293,f45d4586-e3da-403b-9de1-8cf78feb9de0,HSBC,Institutional,6,78818.07679199999,Office; Industrial,Dortmund; Hamburg; Frankfurt am Main,Office; Industrial; Retail,Dortmund; Hanover; Dresden,North Rhine-Westphalia; Lower Saxony; Saxony,HSBC AIt; HSBC Capital USA Inc; HSBC Specialist Invts (HSIL); HSBC Trinkaus,2021-04-21 00:00:00
294,78a9dfd4-45a9-414f-8a39-19681d862d22,Norsk Deutschland,Private,6,49828.784148,Dev Site,Halle (Saale); Wiesbaden; Aschaffenburg,Dev Site; Office,Halle (Saale); Wiesbaden; Berlin,Hesse; Saxony-Anhalt; Berlin,,2024-07-08 00:00:00
295,8fa84a34-ba48-4cb5-8dfd-5fcad1da3d89,GSW Frankfurt,Private,6,23089.436604,Dev Site; Apartment,Darmstadt; Offenbach am Main; Erfurt,Dev Site; Apartment,Darmstadt; Erfurt; Offenbach am Main,Hesse; Thuringia,,2024-07-25 00:00:00
296,a9a607bf-5327-4bd6-82b3-e4f3a840b08b,Inovalis,Institutional,6,130116.2425118632,Office; Industrial,Munich; Cologne; Poing,Office; Retail; Industrial,Munich; Dusseldorf; Frankfurt am Main,Bavaria; Hesse; North Rhine-Westphalia,,2020-04-24 00:00:00
297,ab0b80e8-feb8-4349-bcca-6b3c6214bb0e,12.18. IM,Institutional,6,59998.536,Hotel; Dev Site,Gohren-Lebbin; Sylt; Boltenhagen,Hotel; Dev Site,Boltenhagen; Gohren-Lebbin; Sylt,Mecklenburg-West Pomerania; Schleswig-Holstein,,2019-02-28 00:00:00
298,8135ea96-e5ab-462c-abb1-ab060d2ac33b,Wustenrot Versicherung,Institutional,6,90697.78692,Dev Site; Office,Landau in der Pfalz; Bad Homburg vor der Hohe; Friedrichshafen,Dev Site; Apartment; Office,Bad Homburg vor der Hohe; Stuttgart; Frankfurt am Main,Hesse; Baden-Wurttemberg; Rhineland-Palatinate,Wustenrot Haus- und Stadtebau GmbH,2022-01-24 00:00:00
299,5fc350df-fccb-4427-8513-3995d2de0662,Recona,Private,6,90945.721880425,Dev Site; Office,Werder (Havel); Konigs Wusterhausen; Zschorlau,Retail; Dev Site; Apartment,Konigs Wusterhausen; Werder (Havel); Leipzig,Brandenburg; Saxony; Hesse,,2021-11-25 00:00:00
300,d088607f-75fd-46ca-818b-888035cf079d,Hornbach,User/Other,6,132998.6298936,Retail; Dev Site,Potsdam; Mannheim; Bielefeld,Retail; Dev Site,Trier; Potsdam; Mannheim,Rhineland-Palatinate; Brandenburg; Baden-Wurttemberg,,2020-09-17 00:00:00
301,218382e4-9527-4c4f-a2e8-a4fefab8328d,Habacker Holding,Private,6,431988.5435776,Dev Site; Office,Krefeld; Westerkappeln; Kamp-Lintfort,Industrial; Dev Site; Office,Neu Wulmstorf; Krefeld; Dusseldorf,North Rhine-Westphalia; Lower Saxony; Baden-Wurttemberg,,2021-08-03 00:00:00
302,d7d3c583-4712-4b0c-bc91-17d9c87362cf,Mansford Holdings,Private,6,20970.4883076,Retail,Wickede (Ruhr); Gescher; Unna,Retail,Dessau-Rosslau; Berlin; Hettstedt,Saxony-Anhalt; North Rhine-Westphalia; Saxony,,2015-12-31 00:00:00
303,6849e612-6a27-4ebe-b1b3-8289f095d451,DSR Immobilien GmbH,Private,6,87997.8528,Dev Site; Office,Lubeck; Hamburg; Garmisch-Partenkirchen,Dev Site; Office; Apartment,Hamburg; Lubeck; Ruhpolding,Hamburg; Schleswig-Holstein; Bavaria,,2019-05-03 00:00:00
304,83ef6ff3-77c5-480b-9b12-90cc4e0d8a50,Arsago Real Estate,Institutional,6,147056.411736,Apartment; Office,Berlin; Munster,Apartment; Office,Frankfurt am Main; Berlin; Munich,Hesse; Bavaria; Saxony,,2021-10-25 00:00:00
305,1684bf0d-16b7-4946-8a92-06dacb65db99,Partners Immobilien CM,Institutional,6,158741.126622,Dev Site; Industrial,Hamburg; Cologne; Passau,Dev Site; Industrial,Hamburg; Bayreuth; Cologne,Bavaria; Hamburg; North Rhine-Westphalia,,2022-04-19 00:00:00
306,466a53c7-6a80-4228-96c7-2d463129caa9,ICN AG,Private,6,19109.533716,Office; Retail,Munich; Erfurt; Frankfurt am Main,Office; Retail,Munich; Frankfurt am Main; Berlin,Bavaria; Hesse; Berlin,,2017-12-31 00:00:00
307,79e5eaef-5487-4806-ac97-bb6b9b512a4b,Grund und Grun GmbH,Private,6,11749.7133,Apartment; Office,Dusseldorf; Hagen; Gelsenkirchen,Apartment; Office,Dusseldorf; Frankfurt am Main; Hagen,North Rhine-Westphalia; Hesse,Silberlake Real Estate Group; Silverlake Real Estate Group,2022-04-13 00:00:00
308,bd3b8271-80a3-48bb-94d1-0a30feae4e2e,Brixx Projektentwicklung,Private,6,81897.61874336,Dev Site,Augsburg; Munich; Hamburg,Dev Site; Hotel; Office,Augsburg; Hamburg; Gersthofen,Bavaria; Hamburg,,2023-08-30 00:00:00
309,5146218c-57c2-453d-aa9b-400e78a7ca13,EWMG,User/Other,6,133452.7436736,Dev Site; Retail,Monchengladbach,Dev Site; Retail; Office,Monchengladbach,North Rhine-Westphalia,,2021-05-26 00:00:00
310,b4bb6473-8cfb-4250-a08c-0bc4b5a205e4,Thirteen Seven GmbH,<unknown>,6,403790.14728,Dev Site,Hohenhameln; Stassfurt; Estorf,Dev Site,Hohenhameln; Stassfurt; Estorf,Lower Saxony; Saxony-Anhalt; North Rhine-Westphalia,,2024-01-19 00:00:00
311,2b495ec6-a0a6-4004-bbb7-dbb98c46d58b,ESPS,User/Other,6,16805.5899336,Office; Apartment,Hamburg; Mannheim; Dresden,Office; Apartment,Hamburg; Mannheim; Berlin,Hamburg; Baden-Wurttemberg; Berlin,,2015-12-31 00:00:00
312,ed9fb9d5-0d6e-481f-b70d-e531a54c6a78,Evangelisches Siedlungswerk in Bayern,Private,6,72885.2215572,Dev Site; Apartment,Furth; Regensburg; Nuremberg,Apartment; Dev Site; Office,Furth; Regensburg; Nuremberg,Bavaria,,2020-03-03 00:00:00
313,16982944-ea08-4af0-aab1-52330322c6bb,Primevest,Institutional,6,39353.0397624,Apartment; Condo,Berlin; Saarbrucken; Aachen,Apartment; Condo; Office,Berlin; Saarbrucken; Aachen,North Rhine-Westphalia; Lower Saxony; Berlin,,2022-01-06 00:00:00
314,4dab710f-171a-4a80-a038-985eb610cbb9,Modepark Rother GmbH,User/Other,6,104456.4512004,Retail,Hohe Borde; Idar-Oberstein; Hildesheim,Retail,Hohe Borde; Idar-Oberstein; Hildesheim,Baden-Wurttemberg; Saxony-Anhalt; Rhineland-Palatinate,,2016-11-24 00:00:00
315,7a1ad8c0-b1dc-40a1-b4a5-cbd071033dee,Real Estate & Asset Beteiligungs GmbH,Private,6,49378.795128,Apartment,Feldkirchen; Hof Städte; Wertheim,Apartment,Feldkirchen; Hof Städte; Wertheim,Baden-Wurttemberg; Bavaria; Lower Saxony,,2020-09-11 00:00:00
316,34dda251-994d-4053-b488-f271073594c0,Kamor Ltd,Private,6,86997.5193416302,Office; Industrial,Frankfurt am Main; Bensheim; Regensburg,Office; Retail; Industrial,Potsdam; Frankfurt am Main; Bensheim,Hesse; Brandenburg; Bavaria,,2015-09-07 00:00:00
317,15672a2f-9800-42ef-b810-16c28c5925c6,Porsche,User/Other,6,227124.6256196,Dev Site; Office,Stuttgart; Friolzheim; Holzwickede,Dev Site; Office,Stuttgart; Friolzheim; Holzwickede,Baden-Wurttemberg; North Rhine-Westphalia; Hamburg,,2023-06-07 00:00:00
318,5e447ce0-b150-4d97-a41c-6b1740223b73,IVS Gerhold Immoprojekt GmbH & Co. KG,Private,6,16999.5852,Apartment; Dev Site,Kassel,Apartment; Dev Site,Kassel,Hesse,,2014-06-26 00:00:00
319,041bacf4-4a8d-4332-a390-2fe808be4b9c,ImmoMa GmbH,Institutional,6,97967.609532,Office; Apartment,Berlin; Gera; Dessau-Rosslau,Office; Apartment; Retail,Berlin; Gera; Dessau-Rosslau,Berlin; Saxony-Anhalt; Thuringia,,2021-03-30 00:00:00
320,29d5cdbe-b330-421e-895c-bd339b2b9646,Midas Asset,Institutional,6,176668.6891788,Industrial,Werne; Alzenau; Schortens,Industrial,Werne; Alzenau; Schortens,North Rhine-Westphalia; Bavaria; Lower Saxony,,2021-03-11 00:00:00
321,9e5786e9-7c92-4e20-9cd2-3b021f9ba9f6,DEVK,Institutional,6,160898.0739912,Office,Cologne; Leipzig; Dusseldorf,Office,Cologne; Leipzig; Dusseldorf,North Rhine-Westphalia; Saxony; Bavaria,,2023-06-01 00:00:00
322,4f4f2831-5507-45d2-97f5-e937870bc1b1,Alphabet Inc,User/Other,6,309250.97129768,Dev Site; Office,Munich; Babenhausen; Dietzenbach,Dev Site; Office; Data Center,Munich; Babenhausen; Dietzenbach,Hesse; Bavaria; Berlin,Google,2021-09-01 00:00:00
323,8f4d9c05-5a2f-4ed4-a13d-abe782cf3aec,Demos Wohnbau,Private,6,312650.5387364,Dev Site,Munich,Dev Site; Retail; Apartment,Munich,Bavaria,,2024-06-04 00:00:00
324,a5c60988-d2d6-49b3-9653-f45d2c6f6f76,Harrison Street RE Cap,Institutional,6,13308.6752604,Apartment,Berlin; Nuremberg; Leipzig,Apartment,Berlin; Nuremberg; Leipzig,Berlin; Bavaria; Saxony,,2017-10-29 00:00:00
325,ec442f01-97cd-48c2-9a06-a52b4f373df8,Tierarzteversorgung NI,Institutional,6,130846.80726,Office; Apartment,Frankfurt am Main; Bremen; Hamburg,Office; Apartment; Hotel,Frankfurt am Main; Bremen; Hamburg,Hesse; Bremen; Hamburg,,2019-11-19 00:00:00
326,3632c741-6c87-46db-b850-b8e6c2978b5c,Arzteversorgung MV,Institutional,6,237212.2118808,Office; Retail,Hamburg; Frankfurt am Main; Hanover,Office; Retail; Hotel,Hamburg; Frankfurt am Main; Hanover,Hamburg; Hesse; Lower Saxony,,2020-03-05 00:00:00
327,ffefad3e-4229-4813-b1f5-34e3948951d8,Engler Immobilien,Private,6,310916.15236824,Dev Site; Retail,Herne; Hildesheim; Oberhausen,Dev Site; Industrial; Retail,Herne; Hildesheim; Rieste,Lower Saxony; North Rhine-Westphalia; Brandenburg,,2024-03-27 00:00:00
328,57254228-a460-4168-8d4c-fe1e04e53278,Pierre Plus,Private,6,81497.99282,Retail; Office,Rosenheim; Nuremberg; Hochstadt an der Aisch,Retail; Office,Rosenheim; Nuremberg; Hochstadt an der Aisch,Bavaria; North Rhine-Westphalia; Rhineland-Palatinate,,2018-11-06 00:00:00
329,f4037147-4daf-4975-8b52-653d3556c8cf,Belgreen Capital,Institutional,6,16717.5920808,Apartment; Office,Flensburg; Lubeck; Scharbeutz,Apartment; Office; Seniors Housing & Care,Flensburg; Lubeck; Scharbeutz,Schleswig-Holstein,,2024-06-12 00:00:00
330,f751a132-19bf-43e0-a569-4f1c1a9112e5,RCM Beteiligungs AG,Private,6,25731.3721392,Apartment; Industrial,Dresden,Apartment; Industrial; Office,Dresden; Erfurt,Saxony; Thuringia,,2020-01-22 00:00:00
331,02bd3bb7-ba35-4142-8fee-8a7167985658,Liberty Global,User/Other,6,25999.34702,Data Center,Stuttgart; Leverkusen; Hamburg,Data Center,Stuttgart; Leverkusen; Hamburg,North Rhine-Westphalia; Baden-Wurttemberg; Hamburg,,2023-02-28 00:00:00
332,b4a99c8f-3a5e-4b81-af0f-951afd10a9e6,AtlasEdge Data Centres,Private,6,25999.34702,Data Center,Stuttgart; Leverkusen; Hamburg,Data Center,Stuttgart; Leverkusen; Hamburg,North Rhine-Westphalia; Baden-Wurttemberg; Hamburg,,2023-02-28 00:00:00
333,ff3abd02-6535-4998-91f2-4201db8f66f7,Fluwo,Private,6,21713.4701784,Apartment; Office,Stuttgart; Ulm; Mannheim,Apartment; Office,Stuttgart; Ulm; Mannheim,Baden-Wurttemberg,,2018-08-24 00:00:00
334,db9e2d70-a622-48f3-977d-695c2560a933,PSG,Private,6,70998.26759999999,Industrial; Dev Site,Berlin,Industrial; Dev Site,Berlin,Berlin,,2017-06-15 00:00:00
335,5353a1a3-376b-4426-99bd-59b1496700b6,Societe Civile Sofidy Convictions Immobilieres,Private,6,,Hotel,Bremen; Frankfurt am Main; Dusseldorf,Hotel,Bremen; Frankfurt am Main; Dusseldorf,North Rhine-Westphalia; Bremen; Hesse,,2023-07-03 00:00:00
336,2e1d889f-0fa6-4496-b3d2-1bf6d59f452e,Dr Ruger Holding,Private,6,18645.5450376,Office; Retail,Dusseldorf; Berlin; Hamburg,Office; Retail; Apartment,Dusseldorf; Berlin; Hamburg,North Rhine-Westphalia; Berlin; Hamburg,,2023-12-14 00:00:00
337,f1ffc66e-189d-41bf-a010-4ed307aaf82f,Shonid Holding,Private,6,28692.8153,Industrial,Oberhausen; Brilon; Meschede,Industrial,Oberhausen; Brilon; Meschede,North Rhine-Westphalia,,2021-03-11 00:00:00
338,27b8a3f6-12ce-46e7-99d4-748110ce7c4e,C&P Immobilien AG,Private,6,,Apartment; Condo,Sankt Englmar; Dommitzsch; Grimma,Apartment; Condo,Sankt Englmar; Dommitzsch; Grimma,Saxony; Bavaria; Saxony-Anhalt,,2022-09-05 00:00:00
339,bbe477c1-bfd9-43c7-aff8-58683c9a0290,Krasemann Immobilien,Private,6,45641.8863108,Apartment; Industrial,Hanover; Braunschweig,Apartment; Office; Industrial,Hanover; Braunschweig,Lower Saxony,,2021-10-18 00:00:00
340,5ba8bdd0-5954-4a6c-b3e6-7a7f738c4fb0,Lodde Immobilien,Private,6,43638.935184,Apartment,Dusseldorf; Morsdorf,Apartment,Dusseldorf; Morsdorf,North Rhine-Westphalia; Rhineland-Palatinate,,2023-01-27 00:00:00
341,b5970775-2991-4a22-8e25-b944ed7b586d,Caleus Capital Investors,Institutional,5,143058.5092872,Office; Apartment,Hamburg; Berlin,Office; Apartment; Hotel,Berlin; Leipzig; Hamburg,Berlin; Saxony; Hamburg,,2024-03-30 00:00:00
342,4f78e965-c42c-4daf-a28a-48fdcfb8a02e,Hamburg Commercial Bank,Institutional,5,134810.4541344,Office; Hotel,Kronberg im Taunus; Hamburg; Leinfelden-Echterdingen,Office; Apartment; Retail,Hamburg; Frankfurt am Main; Munich,Hamburg; Hesse; Lower Saxony,HGA Capital; HSH Nordbank; HSH Real Estate AG,2023-08-25 00:00:00
343,2728ddb1-fafc-4137-bc8a-10debab46f64,Aerium Group,Institutional,5,170318.8441188,Retail,Berlin; Gottingen,Retail; Office,Berlin; Kiel; Erlangen,Berlin; Bavaria; Schleswig-Holstein,,2023-07-10 00:00:00
344,9dd0ab5f-afb6-42a7-8909-cdfd5b15517d,GE Capital,Institutional,5,185294.4262009044,Office; Industrial,Aschheim,Office; Retail; Industrial,Hamburg; Berlin; Dusseldorf,North Rhine-Westphalia; Hamburg; Berlin,GE Commercial Finance; GE Real Estate; GE Real Estate Finance; GE Real Estate Property GmbH (DEU),2016-05-10 00:00:00
345,210ea53c-e107-4ae2-9755-081476454be5,Fishman Group,Private,5,18107.53735908083,Retail; Office,Berlin,Office; Retail; Industrial,Berlin; Cologne; Stuttgart,Berlin; North Rhine-Westphalia; Baden-Wurttemberg,Darban Investments Ltd,2016-07-31 00:00:00
346,0509c962-e590-4c2e-b437-a9358ce25a91,Aurelius Group,Institutional,5,22399.45344,Office; Industrial,Waltrop; Kassel; Wolfsburg,Hotel; Office; Industrial,Munich; Gottingen; Braunschweig,Lower Saxony; Bavaria; North Rhine-Westphalia,,2023-07-01 00:00:00
347,c5742198-a003-4b25-977d-664da18155c4,Ciref Ltd,Public,5,3447.8963598,Retail; Office,Frankfurt am Main; Munich; Berlin,Retail; Office,Molln; Leipzig; Eilenburg,Saxony; Bavaria; Schleswig-Holstein,,2009-06-30 00:00:00
348,36b78d87-4c40-47e6-b328-0a5a139855ca,SFO Capital Partners,Private,5,45143.898462,Office,Dusseldorf; Mannheim; Oberursel (Taunus),Office,Neu-Isenburg; Dusseldorf; Neuss,North Rhine-Westphalia; Hesse; Lower Saxony,SFO Group,2022-01-31 00:00:00
349,7637693d-ffe1-48a3-bd0e-e47fe488d7e2,Concepta Projektentwicklung,Private,5,36934.098786,Retail; Apartment,Cologne; Dusseldorf; Datteln,Retail; Office; Apartment,Dusseldorf; Cologne; Datteln,North Rhine-Westphalia; Schleswig-Holstein; Baden-Wurttemberg,,2022-07-15 00:00:00
350,03750167-8d70-4864-8530-422a4859a40c,Delek Group,Public,5,199296.771980674,Office; Retail,Grevenbroich; Leipzig; Kaiserslautern,Retail; Office; Dev Site,Frankfurt am Main; Kaiserslautern; Berlin,Hesse; North Rhine-Westphalia; Saxony,Delek Global Real Estate; Delek Real Estate; ELAD Group; Elad Group,2021-04-16 00:00:00
351,39344d47-2bfd-45b3-bb81-d37acec4f2a0,Blue Asset Management,Institutional,5,50130.7767792,Retail; Office,Hamburg; Ottobrunn; Munich,Retail; Office; Industrial,Munich; Hamburg; Ottobrunn,Bavaria; Hamburg; Baden-Wurttemberg,,2018-09-01 00:00:00
352,e9e9d6c0-027d-4b0f-bae2-f6a0f8f73029,Townscape One,Private,5,43473.93921,Dev Site; Industrial,Berlin,Dev Site; Apartment; Office,Berlin; Dresden; Leipzig,Berlin; Saxony,,2021-02-22 00:00:00
353,c466d433-9513-4f1a-b27a-5a6f00118aab,Wert-Investition Holding,Private,5,,Seniors Housing & Care,Wurselen; ubach-Palenberg; Wassenberg,Seniors Housing & Care; Dev Site,Gangelt; Gifhorn; Wurselen,North Rhine-Westphalia; Lower Saxony,,2022-01-24 00:00:00
354,858b2709-5ae4-442b-9085-e8f616d26a48,London + Regional,Institutional,5,538992.8482536,Industrial; Office,Weiden in der OPf.,Industrial; Office; Hotel,Weiden in der OPf.; Munich; Frankfurt am Main,Bavaria; Hesse,,2014-08-14 00:00:00
355,fb21b94c-b932-4877-8eb5-8f2a97b44af6,RDI REIT,Public,5,141070.48942,Retail; Office,Eilenburg; Bruckmuhl; Frankfurt am Main,Retail; Office,Leipzig; Munich; Huckelhoven,Bavaria; Saxony; North Rhine-Westphalia,Redefine International (REIT),2021-12-01 00:00:00
356,fd75b09f-9728-41c3-ba89-70128633e4e2,GBG Mannheim,User/Other,5,973989.4882572,Dev Site; Apartment,Mannheim,Dev Site; Apartment,Mannheim,Baden-Wurttemberg,,2024-06-17 00:00:00
357,a61169cb-a08e-460b-9b1a-d0d5cc903a05,Optimum Asset Mgmt,Institutional,5,25037.3890728,Apartment; Office,Berlin; Dusseldorf,Office; Apartment; Retail,Berlin; Dresden; Dusseldorf,Berlin; Saxony; North Rhine-Westphalia,,2023-09-18 00:00:00
358,dea7ac65-ea68-4960-8602-32ccec2ccab7,Becker & Kries,Private,5,145288.4548752,Office; Retail,Berlin; Schonefeld,Office; Retail; Industrial,Berlin; Frankfurt am Main; Speyer,Berlin; Hesse; Rhineland-Palatinate,,2019-03-07 00:00:00
359,620cde46-d03c-4b7f-8e86-0aff309172dd,Stern Immobilien AG,Institutional,5,21649.47174,Apartment; Dev Site,Munich; Hamburg; Grunwald,Dev Site; Apartment; Retail,Munich; Grunwald; Hamburg,Bavaria; Hamburg,,2021-10-12 00:00:00
360,4808259d-d6fe-41f1-a9ac-39f6ebecc5a7,BlueIMvest,Institutional,5,44177.9220324,Office; Retail,Hamburg; Aachen; Dortmund,Office; Retail,Hamburg; Kaiserslautern; Aachen,Hamburg; North Rhine-Westphalia; Rhineland-Palatinate,,2023-09-05 00:00:00
361,f004cdd8-93d7-4d44-8f68-ebd89cfba603,Hellweg,User/Other,5,32499.207,Retail,Krefeld; Castrop-Rauxel; Schwerte an der Ruhr,Retail,Bochum; Berlin; Krefeld,North Rhine-Westphalia; Brandenburg; Bavaria,,2020-02-13 00:00:00
362,a46a483b-2836-47dc-926d-17c143c704a2,City of Hanover,User/Other,5,122996.9988,Apartment; Dev Site,Hanover,Dev Site; Apartment; Other General,Hanover; Langenhagen,Lower Saxony,Flughafen Hannover (HAJ); hanova Wohnen,2023-11-06 00:00:00
363,bc76d124-778c-49c8-ad55-e7536c1b53ac,City of Freiburg,User/Other,5,374134.8708864,Dev Site; Apartment,Freiburg im Breisgau,Dev Site; Apartment,Freiburg im Breisgau,Baden-Wurttemberg,,2023-12-01 00:00:00
364,ce0b2b55-86f1-4079-94d3-ea4a2c0c67dd,Stadtsparkasse Munchen,Institutional,5,22649.44734,Office; Condo,Munich,Office; Condo,Munich,Bavaria,,2020-11-27 00:00:00
365,81d149ab-7a7b-4d6e-afa0-e3670e53840d,Catalina Holdings LLC,Private,5,53611.6918428,Industrial,Duisburg; Landsberg; Weissenhorn,Industrial,Cologne; Duisburg; Landsberg,North Rhine-Westphalia; Saxony-Anhalt; Bavaria,,2020-12-31 00:00:00
366,2a3e4ecc-c44d-4396-8de3-9d3087da13e0,Rynda,Institutional,5,18366.44559455333,Office; Retail,Munich; Puchheim; Offenburg,Office; Retail,Berlin; Munich; Puchheim,Baden-Wurttemberg; Bavaria; Berlin,,2014-07-08 00:00:00
367,8cf298de-b85d-411b-8b38-0a8187363f03,SWSG,User/Other,5,13039.681824,Apartment; Dev Site,Stuttgart; Stuttgart Städte,Apartment; Dev Site,Stuttgart; Stuttgart Städte,Baden-Wurttemberg,,2021-05-11 00:00:00
368,59d6d03a-d3ad-42eb-8d7f-ff86aa7eb1b7,BMW Group,User/Other,5,1477612.9464792,Dev Site; Industrial,Munich; Leipzig; Strasskirchen,Dev Site; Industrial; Office,Munich; Berlin; Leipzig,Bavaria; Berlin; Saxony,,2023-05-28 00:00:00
369,ff0ff54f-9c39-4d26-bec4-7fa6147ade36,Dolphin Capital GmbH,Institutional,5,896074.1352576,Dev Site; Apartment,"Mainz; Flensburg; Hanau, Bruder-Grimm-Stadt",Dev Site; Apartment,Rinteln; Mainz; Panketal,Lower Saxony; Rhineland-Palatinate; Brandenburg,,2024-05-20 00:00:00
370,7974af29-2a34-48ad-976a-d367d2fb1f21,Landesbank Sachsen,Institutional,5,70346.16890506221,Retail; Office,Bremen; Boblingen; Munich,Office; Retail; Apartment,Oberhausen; Bremen; Boblingen,North Rhine-Westphalia; Bavaria; Bremen,Sachsenfonds,2016-11-30 00:00:00
371,55c2b9bf-554e-4eb1-9ef0-dc9ad9e1a73d,Primus Concept,Private,5,9699.76332,Seniors Housing & Care; Dev Site,Solingen; Bindlach; Hinterweidenthal,Seniors Housing & Care; Dev Site,Leonberg; Solingen; Bindlach,Baden-Wurttemberg; Bavaria; North Rhine-Westphalia,,2023-06-13 00:00:00
372,bca0fd7f-322b-4278-8189-a69a2f37ad77,City of Furth,User/Other,5,352989.3868488,Dev Site; Office,Furth; Zirndorf,Dev Site; Office,Furth; Zirndorf,Bavaria,,2024-07-01 00:00:00
373,9c48cc29-5d5f-4eb6-8808-3dde7577d17f,Azora,Institutional,5,,Hotel; Seniors Housing & Care,Berlin; Binz; Koserow,Hotel; Seniors Housing & Care,Cologne; Berlin; Binz,Mecklenburg-West Pomerania; North Rhine-Westphalia; Berlin,Losan Hotels World,2022-12-22 00:00:00
374,64721358-8d5a-49fe-b9fd-a1d6a94730ff,Kristensen Invest GmbH,Private,5,9259.774056,Retail,Delmenhorst; Oldenburg (Oldenburg); Eschwege,Retail; Apartment,Delmenhorst; Wunstorf; Monchengladbach,Lower Saxony; Berlin; North Rhine-Westphalia,,2022-03-17 00:00:00
375,eff21cd5-f8bc-4991-8d17-bd0214a8c0ba,CyrusOne,Private,5,135851.685138,Data Center; Dev Site,Frankfurt am Main,Data Center; Dev Site; Office,Frankfurt am Main,Hesse,,2023-09-01 00:00:00
376,4c48b00f-c8f6-419c-a5d2-da2b723242e8,Real Estate Portfolio Consulting AG,Private,5,51992.7313464,Retail,Solingen; Koblenz; Euskirchen,Retail,Dresden; Solingen; Koblenz,North Rhine-Westphalia; Saxony; Rhineland-Palatinate,,2023-09-28 00:00:00
377,36a167f1-9381-4ed2-a4ff-16f930782da6,Alchemy Partners,Institutional,5,29325.2844456,Hotel,Cologne; Dortmund; Barleben,Hotel,Cologne; Dortmund; Barleben,North Rhine-Westphalia; Saxony-Anhalt; Mecklenburg-West Pomerania,,2023-09-29 00:00:00
378,edac1c33-a8c5-4a1d-9665-64e007e77215,Rossberg & Raudies,Private,5,24137.4110328,Apartment; Office,Hamburg; Flensburg; Bergen an der Dumme,Apartment; Office; Hotel,Hamburg; Bergen an der Dumme; Flensburg,Hamburg; Lower Saxony; Schleswig-Holstein,,2020-12-31 00:00:00
379,91371607-5e70-4c1f-99e3-96a17abf782c,E.ON Pension Trust,Institutional,5,231930.3407616,Office,Berlin; Hamburg; Dusseldorf,Office; Dev Site; Apartment,Gelsenkirchen; Munich; Essen,North Rhine-Westphalia; Bavaria; Lower Saxony,,2020-08-05 00:00:00
380,caa87a0a-54ae-4ac1-96de-d39f32b1117c,Oswa Planen und Bauen,Private,5,71536.2544728,Dev Site; Office,Singen (Hohentwiel); Stuttgart,Dev Site; Office; Apartment,Singen (Hohentwiel); Stuttgart,Baden-Wurttemberg,,2016-08-03 00:00:00
381,2c77ece1-7697-4171-a5c4-778ed52fd570,Engel & Volkers,Private,5,8912.7825228,Apartment; Dev Site,Dusseldorf; Cologne; Hamburg,Apartment; Dev Site,Hamburg; Dusseldorf; Cologne,Hamburg; North Rhine-Westphalia,Engel & Volkers Capital; Engel & Volkers Development,2015-07-10 00:00:00
382,f120f6a8-360a-4912-9a1f-abf20b7c19e4,Bade Holding GmbH,Private,5,76892.9780948,Retail; Dev Site,Bochum; Rendsburg; Bonn,Retail; Dev Site,Bochum; Rendsburg; Bonn,North Rhine-Westphalia; Bremen; Schleswig-Holstein,,2020-06-03 00:00:00
383,4dc4ba83-ef37-4e47-b891-2dc839178f73,GBH Hannover,Private,5,39209.043276,Apartment; Office,Hanover,Apartment; Office; Dev Site,Hanover,Lower Saxony,,2016-06-15 00:00:00
384,a73d6fae-57fd-483f-bfe4-76c18a00f45c,GeRo Real Estate,Private,5,34804.150758,Dev Site; Office,Frankfurt am Main; Ludwigshafen am Rhein,Dev Site; Apartment; Office,Frankfurt am Main; Ludwigshafen am Rhein,Hesse; Rhineland-Palatinate,,2021-12-17 00:00:00
385,d61a400c-f906-49c1-a90c-53b2cc5a1da6,Weser Wohnbau,Private,5,19861.5153672,Dev Site; Apartment,Bremen; Hanover; Bremerhaven,Office; Apartment; Dev Site,Bremen; Bremerhaven; Hanover,Bremen; Lower Saxony,,2023-01-30 00:00:00
386,ee110013-62b0-423b-90a4-3746ec7b53bb,SHI Management GmbH,Private,5,12399.69744,Seniors Housing & Care; Office,Konz; Radebeul; Hallbergmoos,Seniors Housing & Care; Office; Industrial,Konz; Erlangen; Forchheim,Bavaria; Rhineland-Palatinate; Saxony,,2022-05-10 00:00:00
387,8d3483d3-8591-4853-ace8-8ddead9641b3,City of Leipzig,User/Other,5,74598.17976,Office; Retail,Leipzig,Dev Site; Office; Retail,Leipzig,Saxony,,2024-03-29 00:00:00
388,cc93f49d-d4db-4a55-a9fd-a57b8508a048,IREIT Global,Public,5,200598.1052868,Office,Aschheim; Bonn; Munster,Office; Parking Facility,Darmstadt; Aschheim; Bonn,North Rhine-Westphalia; Hesse; Bavaria,,2021-10-29 00:00:00
389,0e5d3680-796d-4a82-ba46-f4c3a3d608bd,Fairacre Property Holdings Ltd,Private,5,6310.8460116,Retail,Bruchsal; Kaiserslautern; Neunkirchen,Retail,Bruchsal; Kaiserslautern; Neunkirchen,Rhineland-Palatinate; Baden-Wurttemberg; North Rhine-Westphalia,,2006-07-01 00:00:00
390,09c67ed4-db67-48a5-a76e-8ddf0546cdbc,Concept Bau GmbH,Private,5,79298.06508,Dev Site; Retail,Munich; Olching,Dev Site; Apartment; Office,Munich; Olching,Bavaria,,2012-09-24 00:00:00
391,96eec44b-a2e6-48ed-b3f8-f50c51cbcc96,SPA Immobilien Schweiz,Institutional,5,,Seniors Housing & Care,Schorfheide; Cottbus; Chemnitz,Seniors Housing & Care,Schorfheide; Cottbus; Chemnitz,Brandenburg; Saxony; Baden-Wurttemberg,,2021-06-07 00:00:00
392,4c48b00f-c8f6-419c-a5d2-da2b723242e8,German Retail Income 4 Sarl; German Retail Income 2 Sarl,Private,5,14486.6402,Retail,Gutersloh; Bremerhaven; Worms,Retail,Gutersloh; Bremerhaven; Worms,North Rhine-Westphalia; Bremen; Rhineland-Palatinate,,2015-01-30 00:00:00
393,9393a2e3-475d-462b-935b-55f166abdf22,SudWERT,Private,5,41442.9887664,Apartment,Erfurt; Freiburg im Breisgau; Bad Reichenhall,Apartment,Heidelberg; Erfurt; Freiburg im Breisgau,Baden-Wurttemberg; Thuringia; Bavaria,,2023-01-26 00:00:00
394,b822614a-bf32-48e0-9d9b-19303edef289,Bietigheimer Wohnbau,Private,5,58777.5657924,Office; Dev Site,Stuttgart; Ludwigsburg; Hemmingen,Office; Dev Site; Apartment,Stuttgart; Ludwigsburg; Bietigheim-Bissingen,Baden-Wurttemberg,,2021-12-07 00:00:00
395,a6bc00ba-9cc0-469d-888f-4b2c2527773a,Tresono Family Office AG,Private,5,18494.548722,Apartment; Office,Frankfurt am Main; Schwandorf; Munich,Apartment; Office; Retail,Cologne; Frankfurt am Main; Schwandorf,North Rhine-Westphalia; Bavaria; Hesse,,2021-01-29 00:00:00
396,7ef0c917-d400-46ee-bdfe-67b3d73813ed,Software AG - Stiftung,Institutional,5,31379.234328,Office,Wiesbaden; Mannheim; Ulm,Office,Wiesbaden; Mannheim; Ulm,Hesse; Baden-Wurttemberg; North Rhine-Westphalia,,2020-09-22 00:00:00
397,7ec4c029-8dea-4e76-892e-b2e456d134de,Rock Capital Group Plc,Institutional,5,59204.28745,Office; Apartment,Munich; Aschheim,Office; Apartment,Munich; Aschheim,Bavaria,,2014-03-13 00:00:00
398,e1970b10-9b8c-4421-97d6-75fd46a6f6c8,QInvest,Institutional,5,145996.4376,Retail,Espelkamp; Uelzen; Glauchau,Retail,Espelkamp; Uelzen; Glauchau,North Rhine-Westphalia; Lower Saxony; Saxony,,2020-06-15 00:00:00
399,d907aef4-013d-48b5-9c4b-9ceca72aa621,Prinz von Preussen,Private,5,256893.42781984,Dev Site; Office,Berlin; Potsdam; Hattersheim am Main,Dev Site; Office; Apartment,Berlin; Potsdam; Hattersheim am Main,Berlin; Brandenburg; Hesse,,2020-03-30 00:00:00
400,a10e256b-ff21-4593-9827-ae90e3e53e81,Henderson Park,Institutional,5,160512.0834096,Office; Retail,Berlin; Munich; Essen,Office; Retail,Berlin; Munich; Essen,Berlin; Bavaria; North Rhine-Westphalia,,2021-12-31 00:00:00
401,54e1e8b8-a371-44df-b81b-308d61df2f64,Kronberg International,Institutional,5,152551.277658,Apartment,Berlin,Apartment,Berlin; Halle (Saale); Leipzig,Berlin; Saxony; Schleswig-Holstein,,2017-08-01 00:00:00
402,937801e1-5d07-4267-8994-40764cec7dfb,Aggregate Holdings,Private,5,190734.3459684,Retail; Dev Site,Berlin,Apartment; Retail; Office,Berlin,Berlin,,2023-08-09 00:00:00
403,89e715ee-e019-4ce5-8fb7-08129a0e17e2,State of Saxony,User/Other,5,75044.84422344,Dev Site; Office,Leipzig; Dresden; Hoyerswerda,Dev Site; Office,Dresden; Leipzig; Hoyerswerda,Saxony,SIB Sachsen,2023-07-01 00:00:00
404,8f7ef56e-a313-4075-807c-cbb2fc21cbb5,MyPlace,User/Other,5,40793.0046264,Self Storage; Office,Berlin; Offenbach am Main; Frankfurt am Main,Self Storage; Office; Dev Site,Berlin; Offenbach am Main; Frankfurt am Main,Berlin; Hesse; Baden-Wurttemberg,,2023-08-04 00:00:00
405,c3c84fc0-d0c0-4fc6-92f1-b069ba998e83,ATP RE Denmark,Institutional,5,179388.532682756,Retail; Office,Bremen; Munich; Dusseldorf,Retail; Office; Hotel,Bremen; Munich; Dusseldorf,Bremen; Bavaria; North Rhine-Westphalia,,2017-09-04 00:00:00
406,3a5f6f79-ac37-4029-bd9b-624511dfd378,East Guardian Immobilien,Private,5,106358.4047916,Retail; Office,Cologne; Hamburg; Munich,Retail; Office; Apartment,Cologne; Hamburg; Munich,North Rhine-Westphalia; Hamburg; Bavaria,,2019-05-28 00:00:00
407,d6b3c397-0662-4f7f-becd-bb7315fe7d5c,Wirtgen Group,User/Other,5,220426.3728588,Apartment; Office,Dusseldorf; Munich; Stuttgart,Apartment; Office; Hotel,Dusseldorf; Munich; Stuttgart,North Rhine-Westphalia; Bavaria; Baden-Wurttemberg,,2023-09-14 00:00:00
408,dcdcb3f2-6c58-478c-bd8c-d75211334ecb,Volkswohnung,Private,5,72383.233806,Apartment; Industrial,Karlsruhe; Erlangen; Munich,Apartment; Industrial,Karlsruhe; Erlangen; Munich,Baden-Wurttemberg; Bavaria; Rhineland-Palatinate,,2017-11-08 00:00:00
409,89af4e01-58f9-43e1-a66d-1336cd089569,European Commercial Assets Ltd.,Private,5,171277.8207192,Apartment; Hotel,Berlin,Apartment; Hotel,Berlin,Berlin,,2010-06-23 00:00:00
410,230d5240-57df-44bf-8a74-f5d0a77b6b19,GSW Immobilien,Public,5,454786.415947,Apartment,,Apartment,,Berlin,,2013-11-27 00:00:00
411,f20adeb6-6aba-4293-b113-6dd87e57e119,TLG Immobilien AG,Public,4,74289.1872996,Retail,Bienstadt,Retail; Office; Hotel,Berlin; Dresden; Frankfurt am Main,Saxony; Berlin; Saxony-Anhalt,,2020-02-13 00:00:00
412,891a086b-6897-4aba-ae15-8c72b365a884,S Immo AG,Public,4,232593.8918010412,Apartment; Office,Berlin,Office; Apartment; Retail,Berlin; Hamburg; Potsdam,Berlin; Hamburg; Thuringia,,2022-08-16 00:00:00
413,29e95a61-91d3-4fdb-a9e2-aff11efe7cdf,SSN Group AG,Private,4,18825.5406456,Dev Site,Berlin; Mannheim; Stuttgart,Dev Site; Office; Condo,Berlin; Hamburg; Stuttgart,Berlin; Bavaria; Baden-Wurttemberg,,2018-12-10 00:00:00
414,5c827fdf-b43b-4d16-85b0-e68372ba9725,PDI,Private,4,41749.9812756,Dev Site,Frankfurt am Main; Munich; Dusseldorf,Dev Site; Apartment; Office,Frankfurt am Main; Dusseldorf; Stuttgart,Hesse; North Rhine-Westphalia; Bavaria,,2015-11-02 00:00:00
415,60756d72-afec-40af-86c5-2435952805fb,CMC Capital,Institutional,4,14299.65108,Retail; Office,Bannewitz; Neustadt an der Weinstrasse; Sindelfingen,Retail; Office,Berlin; Wildau; Boblingen,Berlin; Baden-Wurttemberg; Bavaria,,2015-04-06 00:00:00
416,4e6a6ab8-a9b6-4f72-8826-2d9b42dc696b,Babcock & Brown,Institutional,4,283090.736416,Retail; Office,Frankfurt am Main,Office; Retail; Apartment,Frankfurt am Main; Munich; Lubeck,Hesse; Bavaria; Berlin,,2015-05-27 00:00:00
417,ed9f60ec-f98b-453f-bb44-52797eb25031,Sonae Sierra,Private,4,100117.88311384,Retail; Dev Site,Hanover; Nuremberg; Weiterstadt,Retail; Dev Site; Industrial,Nuremberg; Berlin; Weiterstadt,Bavaria; North Rhine-Westphalia; Berlin,,2023-12-06 00:00:00
418,3f52c9b1-7543-406d-922b-d072ac7be202,Merrill Lynch,Institutional,4,239133.225982326,Office; Apartment,Leipzig; Hanover,Retail; Office; Apartment,Dusseldorf; Krefeld; Mulheim an der Ruhr,North Rhine-Westphalia; Berlin; Saxony,,2012-09-26 00:00:00
419,0c6bfebc-b2e5-4bc5-a0fd-2f80a8cf0afe,FFA Real Estate,Private,4,48426.8183568,Office; Retail,Hanover; Duisburg; Frankfurt (Oder),Office; Retail,Berlin; Erfurt; Bautzen,Berlin; Brandenburg; Thuringia,,2021-04-01 00:00:00
420,1e4874f9-ffe5-4196-8659-11d31af6bd7a,LGT Capital Partners,Institutional,4,96654.6415692,Office,Ismaning; Aschheim; Cologne,Office,Frankfurt am Main; Eschborn; Stuttgart,Hesse; Bavaria; North Rhine-Westphalia,,2022-07-15 00:00:00
421,6db7b97a-fa5e-42f9-9515-c458d3e7bd63,Phoenix Real Estate Development,Private,4,68615.3257452,Dev Site; Office,Frankfurt am Main; Eschborn; Stuttgart,Office; Dev Site; Retail,Eschborn; Frankfurt am Main; Stuttgart,Hesse; Baden-Wurttemberg; Bavaria,,2019-12-05 00:00:00
422,a2913860-e69c-436f-bad3-a4915afc6323,NPS,Institutional,4,77617.1060964,Office; Apartment,Frankfurt am Main,Office; Retail; Industrial,Frankfurt am Main; Berlin; Esslingen am Neckar,Hesse; Berlin; Baden-Wurttemberg,,2022-03-10 00:00:00
423,75cad824-1f94-42a9-854f-076ec24a886c,Westbrook Partners,Institutional,4,51806.7358848,Office,Berlin; Dusseldorf,Office,Berlin; Hamburg; Dusseldorf,Berlin; Hamburg; North Rhine-Westphalia,,2022-06-18 00:00:00
424,f3284176-73f6-42a6-af09-73a35f657757,MP Holding,Private,4,178523.6439168,Dev Site; Industrial,Weiterstadt; Ottobrunn; Raunheim,Industrial; Dev Site,Kelsterbach; Olching; Raunheim,Hesse; Bavaria; Baden-Wurttemberg,,2019-07-17 00:00:00
425,0804711f-344c-4302-bb02-008a584a894b,Puma Brandenburg,Public,4,121498.0241766037,Retail; Hotel,Cologne,Retail; Hotel; Office,Frankfurt am Main; Berlin; Cologne,Hesse; Berlin; North Rhine-Westphalia,,2019-11-13 00:00:00
426,f4d46c2a-0bd0-42e6-8e9d-1dbca5028219,Klepierre,Public,4,167595.91056,Retail,Hildesheim; Bamberg; Duisburg,Retail; Office,Duisburg; Cologne; Berlin,North Rhine-Westphalia; Berlin; Lower Saxony,,2024-07-19 00:00:00
427,d7d87b66-c59e-4b26-be7a-3f195df4a1ea,Castlelake LP,Institutional,4,478988.3124,Retail,Dessau-Rosslau; Berlin,Retail; Office; Condo,Hamburg; Berlin; Nordharz,Saxony-Anhalt; Hamburg; Berlin,,2021-12-20 00:00:00
428,35b927b6-386d-4b3a-984d-450f9cb28e07,Hesse Newman Capital,Institutional,4,91853.7587136,Office; Dev Site,Munich; Hamburg; Dusseldorf,Office; Apartment; Dev Site,Hamburg; Frankfurt am Main; Munich,Hamburg; Hesse; Bavaria,,2021-09-08 00:00:00
429,bff9ec72-2333-4772-9c5a-c483f61ef292,Northern Horizon,Institutional,4,18560.5053066,Office; Hotel,Berlin; Hamburg; Langenhagen,Office; Hotel; Apartment,Berlin; Hamburg; Langenhagen,Berlin; Hamburg; Lower Saxony,BPT Asset Management; Baltic Property Trust,2021-11-02 00:00:00
430,2a59f905-ac52-447a-bceb-913f94bea3fc,Jachimowicz Group,Private,4,44148.92274,Office; Retail,Leipzig; Berlin,Office; Retail; Apartment,Berlin; Hamburg; Leipzig,Berlin; Hamburg; Saxony,,2015-09-22 00:00:00
431,9cfadcb8-41f1-425d-9ee9-761f8038e905,Resolution Property PLC,Institutional,4,73289.2116996,Retail; Office,Chemnitz; Soltau; Frankfurt am Main,Retail; Office,Bremen; Leipzig; Gottingen,Saxony; Lower Saxony; Bremen,,2018-10-31 00:00:00
432,b79adfa4-2364-4e94-a50d-f9f4e885a40b,NAEV,Institutional,4,36854.100738,Office; Condo,Dusseldorf; Cologne; Hamburg,Office; Condo; Dev Site,Hamburg; Dusseldorf; Munich,North Rhine-Westphalia; Hamburg; Bavaria,,2019-04-12 00:00:00
433,5087c41b-99e6-4e08-9ec3-a2c0f3ddba7a,GCH Hotel Group,Private,4,,Hotel,Hamburg; Berlin; Ludwigshafen am Rhein,Hotel; Office; Industrial,Frankfurt am Main; Hamburg; Cologne,Hesse; North Rhine-Westphalia; Hamburg,,2024-05-01 00:00:00
434,3e56f6b5-b486-430d-8c35-ca49fce1e424,ANTAN Group,Private,4,89961.714880596,Dev Site; Office,Werder (Havel); Konigs Wusterhausen; Chemnitz,Office; Dev Site; Apartment,Frankfurt am Main; Konigs Wusterhausen; Werder (Havel),Hesse; Brandenburg; Saxony,,2021-11-16 00:00:00
435,2c8a99f1-6c22-4fc2-83ea-95696470cbd1,ATOS Asset Management AG,Institutional,4,9064.778814000001,Office,Heidelberg; Berlin; Kassel,Office; Industrial,Berlin; Nuremberg; Heidelberg,Bavaria; Berlin; North Rhine-Westphalia,,2017-07-03 00:00:00
436,af4954aa-f812-4dd3-a4aa-0655763a6ea5,CR Capital RE,Public,4,92797.02815360001,Office; Industrial,Berlin; Schonefeld; Schkeuditz,Office; Apartment; Dev Site,Berlin; Schonefeld; Schkeuditz,Berlin; Brandenburg; Saxony,,2015-08-24 00:00:00
437,4ba57095-f3d0-4568-9643-1aa166e9482d,Titan Nadlan,Private,4,7771.8103632,Retail,Emden; Monchengladbach; Cologne,Retail,Fellbach; Unna; Emden,North Rhine-Westphalia; Baden-Wurttemberg; Lower Saxony,,2023-03-31 00:00:00
438,b9b7a01b-856f-4ba3-9428-a6b855158c0d,RMA Management,Private,4,16599.59496,Retail; Office,Dusseldorf; Essen; Wuppertal,Retail; Office; Hotel,Wetzlar; Flensburg; Dusseldorf,North Rhine-Westphalia; Hesse; Schleswig-Holstein,,2024-06-15 00:00:00
439,19a92eb3-c62b-47a5-ad65-37bfbfef63cf,HBOS,Institutional,4,530330.8693729745,Office; Industrial,Iserlohn; Berlin,Retail; Office; Industrial,Pocking; Riesa; Staufenberg,Bavaria; Saxony; Lower Saxony,Halifax Bank of Scotland; Invista Real Estate; Invista Real Estate Investment Management,2016-09-07 00:00:00
440,f546ba87-e9e8-488c-9a85-58abd5cdae45,BLB NRW,Private,4,83717.957232,Dev Site; Office,Munster; Bonn; Duisburg,Dev Site; Office,Cologne; Munster; Bochum,North Rhine-Westphalia,,2021-03-02 00:00:00
441,e9aadabc-b70c-4022-9044-57005136a264,Siedlungswerk,Private,4,38914.00053095999,Dev Site,Boblingen; Ostfildern; Stuttgart,Dev Site,Stuttgart; Boblingen; Ostfildern,Baden-Wurttemberg,,2024-02-20 00:00:00
442,26e40867-a005-4f76-bc4c-330384213a11,Aareal Bank,Institutional,4,131996.7792,Industrial; Office,Berlin; Gera; Grevenbroich,Hotel; Office; Dev Site,Berlin; Dresden; Leipzig,Saxony; Berlin; Hesse,Deutsche Structured Finance,2023-02-01 00:00:00
443,a56ec1ba-799c-4d38-a9d6-7d79bc571f6b,Sparkasse Bremen,Institutional,4,2143345.0953808,Dev Site; Office,Bremen,Retail; Office; Dev Site,Bremen; Munich,Bremen; Bavaria,,2023-12-06 00:00:00
444,58ca9bc1-13df-414f-9942-219be9faa907,Tchibo,User/Other,4,146296.43028,Office; Industrial,Hamburg; Bremen,Industrial; Office,Hamburg; Gallin; Bremen,Hamburg; Mecklenburg-West Pomerania; Bremen,,2021-06-16 00:00:00
445,eece0468-5fb3-40b2-b3f4-a5cfcc7f8133,Nordfrost GmbH & Co. KG,User/Other,4,319992.192,Dev Site; Industrial,Rastede; Herne; Mucke,Industrial; Dev Site,Schwanewede; Rastede; Herne,Lower Saxony; North Rhine-Westphalia; Hesse,,2023-12-27 00:00:00
446,bb584a15-78fc-440d-a18d-2b719d846e91,Feuring,Private,4,,Hotel,Frankfurt am Main; Mainz; Rostock,Hotel,Frankfurt am Main; Mainz; Rostock,Hesse; Rhineland-Palatinate; Mecklenburg-West Pomerania,,2021-06-30 00:00:00
447,dea4ce68-20bf-4be1-9f5b-36df2832f138,Dahler & Company,Institutional,4,13689.665964,Dev Site; Seniors Housing & Care,Hamburg; Ulm; Berlin,Dev Site; Retail; Hotel,Hamburg; Ulm; Buchholz in der Nordheide,Hamburg; Baden-Wurttemberg; Lower Saxony,DC Developments,2019-01-01 00:00:00
448,2b2b45c6-28c4-4310-b128-b85b16102ac9,FBW Projektbau,Private,4,23899.31695392,Dev Site; Apartment,"Mainz; Frankfurt am Main; Hanau, Bruder-Grimm-Stadt",Apartment; Dev Site,"Hanau, Bruder-Grimm-Stadt; Langen (Hessen); Mainz",Hesse; Rhineland-Palatinate,,2022-04-19 00:00:00
449,e9a99055-0b04-44f3-aba4-39898abd6ba7,Korber Stiftung,User/Other,4,58248.5787,Office,Hamburg; Stuttgart; Dusseldorf,Office,Hamburg; Stuttgart; Dusseldorf,Hamburg; Baden-Wurttemberg; North Rhine-Westphalia,,2018-05-23 00:00:00
450,8ac88bf5-da1d-43e3-9760-c4a44a93e7d0,Hirling Capital Investment Services,Institutional,4,,Apartment,Magdeburg; Burg,Apartment,Magdeburg; Burg,Berlin; Saxony-Anhalt,,2015-01-13 00:00:00
451,42788ebf-52cf-4c69-bcf8-65d912078e59,Haus & Capital,Institutional,4,32999.1948,Apartment; Retail,Leipzig,Apartment; Dev Site; Retail,Leipzig; Berlin,Saxony; Berlin,,2018-09-01 00:00:00
452,52151408-6f18-406c-8ce7-645e0c481325,UH Invest,Private,4,23143.4352864,Office; Apartment,Munich; Augsburg; Dusseldorf,Office; Apartment; Retail,Munich; Augsburg; Dusseldorf,Bavaria; North Rhine-Westphalia,,2018-03-14 00:00:00
453,765a93da-d92b-45bc-be96-31e9a3e3f5e3,Inspiration Group,Private,4,37449.08622,Office; Hotel,Berlin; Zossen; Kiel,Apartment; Office; Hotel,Berlin; Zossen; Kiel,Berlin; Brandenburg; Schleswig-Holstein,,2022-08-02 00:00:00
454,4cfbc98d-1941-42b0-be17-d3ca96cb6778,immosens,Private,4,345990.07595648,Dev Site,Munich; Poing; Unterfohring,Dev Site; Apartment,Munich; Poing; Unterfohring,Bavaria,HI Wohnbau,2022-07-18 00:00:00
455,bd2951eb-63cc-4138-b440-dabd3c8bdcdd,Land Union,Private,4,56998.6092,Hotel; Dev Site,Sylt; Zeuthen; Fredersdorf-Vogelsdorf,Hotel; Dev Site; Office,Sylt; Zeuthen; Berlin,Brandenburg; Schleswig-Holstein; Berlin,,2022-06-01 00:00:00
456,d058afb9-db9d-493b-8e5c-eebb8c9d01e6,E.T. Myer Immobilien GmbH,Institutional,4,8799.78528,Office; Industrial,Dusseldorf; Munich,Office; Industrial,Munich; Dusseldorf,Bavaria; North Rhine-Westphalia,,2018-12-31 00:00:00
457,06df5af2-4dd2-4334-ad1e-b6607bdbb07d,Solidas Immobilien,Private,4,135296.69868,Retail; Dev Site,Augsburg; Plauen,Industrial; Retail; Office,Augsburg; Gersthofen; Plauen,Bavaria; Saxony,,2021-07-08 00:00:00
458,4aabd6d2-4016-4d5b-a7b9-a56c6f57aa42,Ilmarinen,Institutional,4,117120.1421988,Office,Berlin; Frankfurt am Main,Office,Berlin; Frankfurt am Main,Berlin; Hesse,,2021-09-30 00:00:00
459,9b1eb6a8-5f9d-4e43-9846-b83df82886d8,Silberbaum Capital GmbH,Institutional,4,14343.6500064,Office; Retail,Essen; Wuppertal; Monchengladbach,Office; Retail,Essen; Marburg; Wuppertal,North Rhine-Westphalia; Hesse,,2023-12-07 00:00:00
460,e5f8a6bc-0980-4feb-a594-430cfc4e0aee,Ambiente Privathotels GmbH & Co KG,Private,4,,Hotel,Neustadt am Rennsteig; Langelsheim; Lindberg,Hotel,Freudenstadt; Neustadt am Rennsteig; Langelsheim,Baden-Wurttemberg; Thuringia; Lower Saxony,,2016-06-28 00:00:00
461,94c89aaa-e999-4558-843c-c5ce94ab0bbf,Ellwanger & Geiger,Institutional,4,10699.73892,Seniors Housing & Care; Parking Facility,Reppenstedt; Rostock; Flensburg,Seniors Housing & Care; Office; Retail,Cologne; Reppenstedt; Darmstadt,North Rhine-Westphalia; Lower Saxony; Hesse,,2016-11-01 00:00:00
462,ef699ee2-c85d-436b-898a-a38989d3f097,Seil & Co. Investment GmbH,Institutional,4,27722.3235588,Apartment,Porta Westfalica; Stuttgart; Marburg,Apartment; Dev Site,Frankfurt am Main; Porta Westfalica; Wiesbaden,Hesse; North Rhine-Westphalia; Baden-Wurttemberg,,2022-02-22 00:00:00
463,ad0d3069-47cd-4632-b68d-bd31d08b7b33,Bauverein AG Darmstadt,User/Other,4,129956.828976,Apartment; Dev Site,Darmstadt,Dev Site; Apartment,Darmstadt; Lauterbach (Hessen); Freiberg,Hesse; Saxony,,2024-07-25 00:00:00
464,ea0d36fe-d6db-4e42-9755-f42feb4e20cf,Wolbern Invest AG,Institutional,4,34347.1619088,Office; Dev Site,Hamburg; Oberursel (Taunus); Munich,Office; Hotel; Retail,Hamburg; Oberding; Essen,North Rhine-Westphalia; Hamburg; Bavaria,Bankhaus Wolbern,2016-02-28 00:00:00
465,b3b7d70c-63c2-44ae-a7ef-5cc9422eeff1,Projektgesellschaft Horn,Private,4,85697.6592048,Dev Site; Seniors Housing & Care,Hofheim am Taunus; Usingen; Kelkheim (Taunus),Dev Site; Apartment; Seniors Housing & Care,Offenbach am Main; Hofheim am Taunus; Usingen,Hesse,,2022-12-22 00:00:00
466,f40748cd-4b8c-4903-968f-bf91bdffac7a,Actiba Fonds AG,Institutional,4,21348.4790844,Retail,Ebersbach an der Fils; Ulm; Mutlangen,Retail,Naila; Ebersbach an der Fils; Ulm,Baden-Wurttemberg; Bavaria,,2017-06-30 00:00:00
467,44e3f898-d824-483d-a3b0-c0f930c21e4d,Lakeward Management,Institutional,4,30561.2542872,Dev Site; Office,Stuttgart; Berlin; Sindelfingen,Office; Dev Site; Apartment,Berlin; Stuttgart; Sindelfingen,Berlin; Baden-Wurttemberg,,2023-02-15 00:00:00
468,4ec863c7-a4fe-4291-8c96-476fd7f4d930,LAV,Private,4,11099.72916,Apartment,Celle; Buddenstedt,Apartment,Celle; Buddenstedt,Lower Saxony,BelaVita Wohnen,2016-10-05 00:00:00
469,b46d283b-f523-4d5c-84a5-8e5b6de5a28e,Alloheim Senioren Residenzen,Private,4,4149.89874,Seniors Housing & Care,Flensburg; Borken; Kreuztal,Seniors Housing & Care,Flensburg; Borken; Kreuztal,North Rhine-Westphalia; Schleswig-Holstein,,2023-06-30 00:00:00
470,f3370e7c-2c08-4908-a4b3-0fb479b87a1a,Frankfurter Volksbank,Institutional,4,42298.96788,Apartment; Office,Frankfurt am Main; Wiesbaden,Apartment; Office,Frankfurt am Main; Wiesbaden,Hesse,,2017-04-24 00:00:00
471,485580ab-c07c-4336-85b2-900ddd2197f3,Saalesparkasse,Institutional,4,23014.438434,Office; Dev Site,Halle (Saale),Office; Dev Site,Halle (Saale),Saxony-Anhalt,,2022-05-04 00:00:00
472,5e46fa87-a7a9-468b-b312-434b198863f3,Bofrost GmbH & Co. KG,User/Other,4,21199.48272,Office; Hotel,Berlin; Cologne,Office; Hotel; Apartment,Berlin; Cologne,Berlin; North Rhine-Westphalia,,2013-09-16 00:00:00
473,1d29bdff-4ac4-4324-aa72-b9376b22ca0a,Diamona Holdings,Institutional,4,27669.324852,Dev Site; Retail,Berlin,Retail; Dev Site,Berlin; Dannenberg (Elbe); Lauterbach (Hessen),Bavaria; Lower Saxony; Berlin,,2017-05-22 00:00:00
474,f39d8401-9739-454e-81bf-fa466dd4d29a,Boetzelen,Private,4,8576.790721200001,Retail,Hiddenhausen; Velbert; Erolzheim,Retail; Apartment; Industrial,Hiddenhausen; Dresden; Velbert,North Rhine-Westphalia; Saxony; Baden-Wurttemberg,,2018-04-01 00:00:00
475,6e0938ca-4313-48c4-b6a3-6f5cc6a4a952,Hochster Pensionskasse,Institutional,4,13249.6767,Retail; Industrial,Wuppertal; Ottobrunn; Frankfurt am Main,Office; Seniors Housing & Care; Retail,Hamburg; Berlin; Wuppertal,North Rhine-Westphalia; Hamburg; Hesse,,2022-09-07 00:00:00
476,b113e1c6-2e4a-4d74-b436-bb2c667fcc52,Europa-Center AG,Private,4,36359.112816,Dev Site; Office,Frankfurt am Main; Eschborn; Essen,Office; Dev Site; Industrial,Essen; Bremen; Hamburg,North Rhine-Westphalia; Bremen; Hesse,,2019-12-05 00:00:00
477,f1071ff5-6845-41db-bd36-d73dc98df67e,Codic Development,Private,4,36789.102324,Dev Site,Dusseldorf; Monheim am Rhein; Bonn,Dev Site; Office,Dusseldorf; Bonn; Monheim am Rhein,North Rhine-Westphalia,,2024-07-01 00:00:00
478,8ea59f8f-5ef9-4c24-be5a-a12d69934e1a,Al Zaman Group,Private,4,,Hotel,Frankfurt am Main; Mainz; Rostock,Hotel,Frankfurt am Main; Mainz; Rostock,Hesse; Rhineland-Palatinate; Mecklenburg-West Pomerania,,2018-03-13 00:00:00
479,55e94120-0e1e-4ab5-b5a0-93680957b4c1,DS-Bauconcept GmbH,Private,4,110996.875408,Dev Site; Office,Bremen,Office; Apartment; Dev Site,Bremen; Hamburg,Bremen; Hamburg,DS Bauconcept,2022-07-28 00:00:00
480,e5396b70-f642-4e07-8637-ba40704bc9e9,NTT,User/Other,4,925970.51346048,Dev Site,Dexheim; Russelsheim; Hattersheim am Main,Data Center; Dev Site,Berlin; Frankfurt am Main; Russelsheim,Hesse; Berlin; Bavaria,NTT Global Data Centers; e-shelter,2024-05-23 00:00:00
481,8a83f761-cfd4-4846-9e3b-2f423c999ef5,Cairos Gruppe,Private,4,19000.5363756,Office; Apartment,Cologne; Munich; Leipzig,Office; Dev Site; Apartment,Cologne; Munich; Leipzig,Saxony; North Rhine-Westphalia; Bavaria,,2023-08-31 00:00:00
482,76683e71-af04-4014-9c8f-35ee9887efe9,UBG Leonberg,Private,4,35467.1345808,Dev Site,Rockenhausen; Kevelaer; Gau-Algesheim,Dev Site; Retail; Industrial,Rockenhausen; Kevelaer; Gau-Algesheim,Rhineland-Palatinate; North Rhine-Westphalia; Saarland,,2015-07-16 00:00:00
483,095ff8c2-15ee-4c3a-9fab-398a8d0841bf,Gothaer Versicherung AG,Institutional,4,110697.29892,Seniors Housing & Care; Office,Reppenstedt; Rostock; Cologne,Office; Seniors Housing & Care; Self Storage,Cologne; Munich; Reppenstedt,Bavaria; North Rhine-Westphalia; Lower Saxony,,2019-12-02 00:00:00
484,b2f8d433-2a33-43b0-bc00-2b2372aa5b0f,WOWOBAU,Private,4,118496.276216,Dev Site,Munich; Germering,Dev Site,Munich; Germering,Bavaria,,2015-06-01 00:00:00
485,6e9e17f5-eccf-433b-8583-28532358197d,Wenaasgruppen,Private,4,87197.87232,Hotel,Berlin; Frankfurt am Main; Hamburg,Hotel,Berlin; Frankfurt am Main; Hamburg,Berlin; Hesse; Hamburg,,2017-03-16 00:00:00
486,1680f03b-0b42-46cd-ba8e-815b166a4aed,Lifento Care Pan European,Institutional,4,22934.440386,Seniors Housing & Care,Stromberg; Leonberg; Volklingen,Seniors Housing & Care,Stromberg; Leonberg; Volklingen,Rhineland-Palatinate; Baden-Wurttemberg; Saarland,,2023-06-13 00:00:00
487,faeb4777-eb55-4d04-978d-a1bcdf71f898,Hellmich Gruppe,Private,4,88437.842064,Retail; Industrial,Minden; Dinslaken; Kamp-Lintfort,Industrial; Retail; Dev Site,Bruhl; Minden; Freiburg im Breisgau,North Rhine-Westphalia; Baden-Wurttemberg; Hesse,,2017-03-09 00:00:00
488,d6489d4a-2ccb-49b1-a8e9-3343b285e116,Grundbesitz 24 GmbH,Institutional,4,28411.3067472,Apartment,Berlin; Quickborn; Hamburg,Apartment,Berlin; Quickborn; Hamburg,Berlin; Schleswig-Holstein; Hamburg,,2022-08-19 00:00:00
489,71d17baa-8a4e-4330-8dba-e25e983f6703,Deuter Invest GmbH,Private,4,18524.54799,Office,Oberhaching; Unterfohring; Aschheim,Office,Oberhaching; Unterfohring; Aschheim,Bavaria,,2017-09-30 00:00:00
490,6a98c6f9-1aca-4a79-a499-e7bb6ec7ed5b,LV 1871,Institutional,4,143680.4941104,Office; Apartment,Munich,Office; Retail; Apartment,Munich; Leipzig; Ismaning,Bavaria; Saxony,,2019-06-27 00:00:00
491,7c68f4c8-b24b-4cb0-9c35-469ceff332a6,Sparda Bank,Institutional,4,17849.56446,Dev Site; Hotel,Hamburg; Frankfurt am Main,Dev Site; Hotel; Office,Hamburg; Frankfurt am Main,Hamburg; Hesse,,2024-02-21 00:00:00
492,d2ec75fc-8e80-422f-964a-5dad1ec8ccdc,Geno Bank Essen,Institutional,4,14823.6382944,Apartment; Office,Essen,Apartment; Office,Essen,North Rhine-Westphalia,,2017-04-06 00:00:00
493,4c2de8fa-c4a5-4d17-a375-80a86ae8b7a1,Aermont Capital,Institutional,4,104431.4518104,Retail; Dev Site,Hamburg; Berlin; Wolfsburg,Office; Retail; Dev Site,Berlin; Frankfurt am Main; Hamburg,Berlin; Hesse; Hamburg,,2022-07-28 00:00:00
494,70612a7e-4c94-403a-a7aa-51ddd83e09f4,Deutsche REIT AG,Public,4,95496.92752900001,Apartment; Industrial,Sindelfingen; Hamburg,Industrial; Office; Apartment,Sindelfingen; Hamburg,North Rhine-Westphalia; Baden-Wurttemberg; Hamburg,,2007-10-17 00:00:00
495,3f2344e0-2493-41ef-8711-41c9292d936b,Essen-Nord,Private,4,7715.8117296,Apartment,Dortmund; Dusseldorf; Essen,Apartment,Dortmund; Dusseldorf; Essen,North Rhine-Westphalia,,2016-09-09 00:00:00
496,78537402-67e4-422a-8d27-73c3aa732e39,Terrafinanz,Private,4,218416.18883528,Dev Site; Office,Munich; Poing,Dev Site; Office,Munich; Poing,Bavaria,,2015-09-23 00:00:00
497,0358b836-72dd-42c3-8f6a-c08f9cc434cb,USD Immobilien,Private,4,31904.221518,Dev Site; Apartment,Dresden,Apartment; Dev Site,Dresden; Berlin,Saxony; Berlin,,2016-06-14 00:00:00
498,f988ee45-964a-406e-a6dc-9a9771f797db,RAC Real Assets Capital GmbH,User/Other,4,2164.947174,Apartment; Office,Wiesbaden; Bad Nauheim; Mainhausen,Apartment; Office,Wiesbaden; Bad Nauheim; Mainhausen,Hesse,,2022-08-11 00:00:00
499,bede5f99-d5a8-4f28-93ba-9918515e546c,GGH Heidelberg,User/Other,4,54807.6626604,Office; Apartment,Heidelberg,Dev Site; Office; Apartment,Heidelberg,Baden-Wurttemberg,,2023-03-01 00:00:00
500,5e107564-8026-4db1-bf24-865723bc83e9,DTZ Investors,Institutional,4,,Hotel,Cologne; Frankfurt am Main; Bonn,Hotel,Cologne; Frankfurt am Main; Bonn,North Rhine-Westphalia; Hesse,,2014-04-23 00:00:00
501,856c91b8-497c-4493-9ccf-2adc3760acd2,DWG,Private,4,14388.6489084,Apartment; Retail,Bad Schwartau; Soest; Monchengladbach,Apartment; Retail,Bad Schwartau; Soest; Monchengladbach,North Rhine-Westphalia; Schleswig-Holstein,,2023-08-29 00:00:00
502,4005693c-c729-40e6-ad6b-d40a8cab3a2e,Ideal Versicherung,Institutional,4,28966.2932052,Office,Berlin; Hanover,Office; Hotel; Dev Site,Berlin; Hanover,Berlin; Lower Saxony,,2021-07-22 00:00:00
503,69f63612-ada2-48f9-b3a8-d6292f5588d1,Melcombe Partners,Institutional,4,46698.86052,Industrial,Frankfurt am Main; Kerpen; Herford,Industrial,Frankfurt am Main; Kerpen; Herford,Hesse; North Rhine-Westphalia,,2023-06-16 00:00:00
504,2f974279-874e-4503-ab06-73a1aa609094,BBT AG,Private,4,3999.9024,Office; Apartment,Stuttgart,Office; Apartment; Retail,Stuttgart,Baden-Wurttemberg,,2021-05-21 00:00:00
505,287c9afc-fcd5-44db-b837-b8998077ba54,VoEV,User/Other,4,22905.4410936,Office; Retail,Berlin; Dusseldorf; Leipzig,Office; Retail,Berlin; Dusseldorf; Leipzig,Berlin; North Rhine-Westphalia; Saxony,,2014-12-04 00:00:00
506,c59c2d80-a2a7-4aaa-a8be-fa3cd931638d,Dr Helmut Greve Bau- und Boden-AG,Private,4,43198.94592,Office; Retail,Hamburg; Fulda,Office; Retail,Hamburg; Fulda,Hamburg; Hesse,,2023-04-01 00:00:00
507,a2f200c4-17fa-4222-9f06-8448df7366b5,MunchenBau,Private,4,16458.5984004,Dev Site,Munich; Germering,Dev Site; Apartment,Munich; Germering,Bavaria,,2023-02-28 00:00:00
508,4b5e38a8-6c4c-4dce-a37e-5f999a767032,Mr. Wash,User/Other,4,38714.055354,Dev Site; Retail,Leipzig; Krefeld; Essen,Dev Site; Retail,Leipzig; Krefeld; Essen,North Rhine-Westphalia; Saxony,,2023-10-04 00:00:00
509,3a4180eb-8caf-4513-9a30-d871f6297424,Clees Unternehmensgruppe,Private,4,75522.99926,Apartment; Office,Wuppertal; Baesweiler,Apartment; Office; Industrial,Wuppertal; Baesweiler,North Rhine-Westphalia,,2017-03-17 00:00:00
510,310ce95f-3697-4a63-88cd-5a4f6dc96658,Conceptaplan,Private,4,180895.58604,Dev Site,Pfungstadt; Edingen-Neckarhausen; Bad Homburg vor der Hohe,Dev Site,Pfungstadt; Edingen-Neckarhausen; Bad Homburg vor der Hohe,Hesse; Baden-Wurttemberg,,2023-03-01 00:00:00
511,6073b6e7-f7d2-4c7b-81b8-8b8f1148d028,Migdal Insurance,Institutional,4,111997.2672,Industrial; Office,Baienfurt; Kriftel; Eschborn,Industrial; Office; Hotel,Baienfurt; Kriftel; Eschborn,Baden-Wurttemberg; Hesse,,2018-04-11 00:00:00
512,06b6cc4e-8c4f-47bc-a241-f907ea1e12a5,City of Oberhausen,User/Other,4,121855.0266648,Office; Dev Site,Oberhausen,Dev Site; Office,Oberhausen,North Rhine-Westphalia,,2024-03-12 00:00:00
513,2b2549c9-a9e6-43e4-8f69-081eb1ffa14b,R RSY Ltd,Private,4,30668.1123070918,Office; Industrial,Dortmund; Euskirchen; Radibor,Office; Industrial,Dortmund; Euskirchen; Radibor,North Rhine-Westphalia; Saxony; Saxony-Anhalt,,2007-10-31 00:00:00
514,c1b97541-9b64-44b3-b12a-e56238f086be,European Property Holdings,Public,4,64958.414976,Office; Hotel,Stuttgart; Hamburg; Dresden,Office; Hotel,Stuttgart; Hamburg; Dresden,Baden-Wurttemberg; Hamburg; Saxony,Eastern Property Holdings,2020-07-02 00:00:00
515,81865f09-2e5d-4df5-9fd2-8f3f7a1a4786,Bayer Pensionskasse,Institutional,4,35549.13258,Apartment; Office,Berlin; Freiburg im Breisgau; Krefeld,Apartment; Office,Berlin; Freiburg im Breisgau; Krefeld,North Rhine-Westphalia; Berlin; Baden-Wurttemberg,,2023-12-08 00:00:00
516,b784e046-71bb-484f-ad87-b3eaccfc78ec,Sudreal GmbH,Private,4,23270.4321876,Dev Site,Nuremberg; Sindelfingen; Karlsruhe,Dev Site,Nuremberg; Sindelfingen; Karlsruhe,Bavaria; Baden-Wurttemberg,,2022-07-08 00:00:00
517,9bfd0346-f1af-4ace-8230-80c32f43433e,Fondsgrund Investment,Institutional,4,89742.810222,Office; Hotel,Mannheim; Regensburg; Leipzig,Office; Hotel,Mannheim; Regensburg; Leipzig,Baden-Wurttemberg; Bavaria; Saxony,,2023-10-31 00:00:00
518,cd41c244-7706-4b45-ae0a-ba36af3e6b9b,Sparkasse Rhein-Nahe,Institutional,4,49473.79281,Retail; Office,Mainz; Oestrich-Winkel,Retail; Office; Dev Site,Mainz; Oestrich-Winkel,Rhineland-Palatinate; Hesse,,2020-09-25 00:00:00
519,2957b2c7-f7cf-4997-8e53-7f3f083c94e3,Zevens Grundbesitz GmbH & Co. KG,Private,4,11843.687224,Retail; Hotel,Kleve,Retail; Hotel,Kleve,North Rhine-Westphalia,,2014-10-11 00:00:00
520,1e897065-bee9-4def-b6c4-0efd6fd41ed5,Artisa Group,Private,4,12777.6882168,Dev Site; Apartment,Berlin; Frankfurt am Main; Essen,Dev Site; Apartment,Berlin; Frankfurt am Main; Essen,Berlin; Hesse; North Rhine-Westphalia,,2022-11-24 00:00:00
521,7053fd49-1489-4013-83e8-0f5654fa2a2f,Apothekerversorgung Niedersachsen,Institutional,4,28795.2973776,Apartment,Berlin,Apartment; Office,Berlin; Munich,Berlin; Bavaria,,2019-03-01 00:00:00
522,c6a6e366-33c1-44d6-b68c-3ceab5b2a3a5,NBT INVEST,Private,4,14255.6521536,Apartment,Hanover; Hamburg; Buchholz in der Nordheide,Apartment,Hanover; Hamburg; Buchholz in der Nordheide,Lower Saxony; Hamburg; Saxony,,2020-01-28 00:00:00
523,26eeaafe-9f00-4691-95f3-0788ba3cfdae,EGK,Private,4,36461.1103272,Dev Site; Retail,Oberhausen; Freiburg im Breisgau; Bergisch Gladbach,Retail; Dev Site,Oberhausen; Kerpen; Niestetal,North Rhine-Westphalia; Hesse; Baden-Wurttemberg,,2022-04-22 00:00:00
524,db517a9c-f62f-4651-a4de-71c54e8c0303,Profond,Institutional,4,57024.6085656,Office,Bielefeld,Office,Bielefeld,North Rhine-Westphalia,,2017-12-31 00:00:00
525,7bf0bbc7-ed3b-4b35-9041-80a08307f14b,Deutsche Finance Group,Institutional,4,186995.4372,Office; Hotel,Hamburg; Berlin,Office; Hotel; Industrial,Hamburg; Berlin,Hamburg; Berlin; North Rhine-Westphalia,,2022-03-08 00:00:00
526,aa296778-7164-46eb-82f9-a2bee120f50c,Arenbergischen Gesellschaften,Private,4,8199.79992,Retail,Hamburg; Wiesbaden; Baden-Baden,Retail,Hamburg; Wiesbaden; Baden-Baden,Hamburg; Hesse; Baden-Wurttemberg,,2023-08-14 00:00:00
527,2992e5e1-a4b2-48f7-a13d-5654b5d9d1b1,SCPI Perial Opportunites Europe,Private,4,30870.2467476,Hotel; Office,Essen; Stuttgart; Schkeuditz,Hotel; Office; Seniors Housing & Care,Essen; Stuttgart; Schkeuditz,North Rhine-Westphalia; Baden-Wurttemberg; Saxony,PFO SCPI - Perial,2021-02-10 00:00:00
528,da80096b-1b4c-49f2-8f2e-be5afd3906f9,Vector Informatik,User/Other,4,38230.0671636,Office; Industrial,Stuttgart,Office; Industrial,Stuttgart,Baden-Wurttemberg,,2019-09-27 00:00:00
529,5a250917-91b9-4fa3-98f0-e2d7e4322c89,Baden-Wurttemberg Stiftung,Private,4,58898.9716,Office,Stuttgart,Office,Stuttgart,Baden-Wurttemberg,,2017-06-30 00:00:00
530,5d18f405-8791-40e4-8560-81c6cfe55feb,PI Pro Investor,Institutional,4,31414.233474,Apartment; Office,Essen,Apartment; Office,Essen; Hanover,Lower Saxony; North Rhine-Westphalia; Rhineland-Palatinate,,2018-05-04 00:00:00
531,f3270547-3523-420c-acbb-0e91b48bffeb,SomnOO management,Private,4,,Hotel,Donaustauf; Hamm; Ludenscheid,Hotel,Donaustauf; Hamm; Ludenscheid,North Rhine-Westphalia; Bavaria,,2024-07-18 00:00:00
532,ac741b10-df7e-46e4-878f-c03697700101,Neusser Bauverein AG,Private,4,157995.09599616,Dev Site; Apartment,Neuss,Dev Site; Apartment,Neuss,North Rhine-Westphalia,,2016-04-01 00:00:00
533,6011aa26-3488-433e-9ef4-c8da602d69b0,Capee fmba,Institutional,4,28349.07259407337,Office; Apartment,Hamburg; Flensburg,Office; Apartment,Hamburg; Flensburg,Hamburg; Schleswig-Holstein; Saxony,,2007-07-30 00:00:00
534,29daf818-4ec8-44e4-88a7-f95d9a973029,Omega AG,Private,4,138596.61816,Apartment,Calw,Apartment; Office,Mulheim an der Ruhr; Calw; Kiel,North Rhine-Westphalia; Baden-Wurttemberg; Rhineland-Palatinate,,2021-12-14 00:00:00
535,8aacca47-0c2c-4dae-9bf5-4dab1dbbc3cd,BIK Group,Private,4,7399.81944,Apartment,Berlin; Kaltenkirchen,Apartment,Berlin; Kaltenkirchen,Berlin; Schleswig-Holstein,,2017-04-11 00:00:00
536,0c4cd5b4-eb0a-48d8-a681-5856ba4cf42b,Summit RE Holdings,Public,4,142357.34207848,Office; Retail,,Office; Retail; Industrial,,,,2007-06-30 00:00:00
537,4163dc2e-12db-4964-a3ed-39fbb9b9e5b0,PROIMMO AG,Private,4,81800.00403119999,Apartment,Hanover,Apartment,Hanover,Lower Saxony; Berlin,,2020-06-30 00:00:00
538,642b13af-9ef0-402f-877a-4623f3486a46,ING Group,Institutional,3,122874.2282297865,Industrial; Retail,Hamburg; Heilbronn,Industrial; Office; Retail,Frankfurt am Main; Hamburg; Bremen,Hesse; Hamburg; Baden-Wurttemberg,ING Industrial Fund Aus; ING RE & Other; ING REIM; Nationale Nederlanden,2016-04-01 00:00:00
539,fc5dec1f-fdc5-4f42-b5f9-8f0f29fbea3f,Stenham,Institutional,3,272193.35832,Retail,Frankfurt am Main; Hamburg,Retail; Office; Hotel,Frankfurt am Main; Hamburg; Braunschweig,Lower Saxony; Saarland; Rhineland-Palatinate,Stenprop,2018-07-31 00:00:00
540,28224500-3507-4431-a05f-ba2c2871efb3,GORE German Office Real Estate,Institutional,3,21599.47296,Office,Rossdorf; Ludenscheid; Sindelfingen,Office; Industrial,Ratingen; Grafing bei Munchen; Telgte,North Rhine-Westphalia; Bavaria; Hesse,,2024-04-25 00:00:00
541,eef66d0c-ad0a-4e2c-942e-e4415fae8e11,GLP (REOC),Public,3,398248.2825048,Dev Site; Industrial,Rheda-Wiedenbruck; Geislingen an der Steige,Industrial; Dev Site,Fuldabruck; Werder (Havel); Butzbach,Hesse; Baden-Wurttemberg; North Rhine-Westphalia,Gazeley,2018-01-22 00:00:00
542,981ed1e3-f8d4-4b8f-b166-fed4789b4be6,Westmont,Private,3,,Hotel,Nuremberg; Weimar; Hamburg,Hotel,Dusseldorf; Dresden; Hamburg,North Rhine-Westphalia; Bavaria; Saxony,,2016-11-18 00:00:00
543,fe426a1c-9575-4881-8b72-930c0ba8e6f8,Arab Investments Ltd,Private,3,30597.2534088,Retail; Office,Berlin; Brandenburg an der Havel,Retail; Office; Apartment,Berlin; Gera; Frankfurt am Main,Berlin; Thuringia; Hesse,,2018-05-15 00:00:00
544,472641b9-ddd9-4679-94ac-0d868d8251af,AFIAA,Institutional,3,40623.88798,Office,Munich; Hamburg; Frankfurt am Main,Office; Retail; Industrial,Dortmund; Dusseldorf; Munster,North Rhine-Westphalia; Berlin; Baden-Wurttemberg,,2023-03-02 00:00:00
545,1a9ea3be-9351-451c-84cc-2757c737b203,KOCHINVEST Group,Private,3,15169.629852,Retail,Bayreuth; Lichtenfels,Office; Dev Site; Retail,Nuremberg; Furth; Bayreuth,Bavaria; Bremen,,2023-12-01 00:00:00
546,6ee10e3a-3c80-4f37-9f98-f675c545f455,GRK Holding AG,Private,3,64598.42376000001,Apartment; Industrial,Leipzig; Kitzscher; Kassel,Apartment; Office; Industrial,Leipzig; Kitzscher; Kassel,Saxony; Hesse,,2015-12-02 00:00:00
547,91e49f00-7603-44b6-8243-c8a38db7ba89,Blue Colibri Capital SARL,Institutional,3,59193.55564200001,Office,Munich; Frankfurt am Main,Office; Retail,Munich; Dusseldorf; Frankfurt am Main,North Rhine-Westphalia; Bavaria; Hesse,Orlando Real Estate; SSRP Funds,2022-08-25 00:00:00
548,7614ab38-800c-40e6-807c-61b9fe843e0f,PLB Provinzial,Private,3,34296.1631532,Apartment; Office,Aachen; Essen; Hamburg,Office; Industrial; Retail,Berlin; Dusseldorf; Cologne,North Rhine-Westphalia; Berlin; Bavaria,PLB Provinzial-Leben-Baubetreuung; Provinzial,2021-12-31 00:00:00
549,01dadbd8-ef0a-42be-8759-625050be2d59,NPC Gruppe,Private,3,11767.7076584,Office,Berlin; Dusseldorf; Frankfurt am Main,Office; Retail; Hotel,Hamburg; Dusseldorf; Stuttgart,Hamburg; North Rhine-Westphalia; Baden-Wurttemberg,,2014-04-08 00:00:00
550,90ab41c4-6fb5-4b90-a82e-3ff4dc853f67,Annexum,Institutional,3,,Hotel,Regensburg; Passau; Stuttgart,Hotel; Retail,Bretten; Hoyerswerda; Neufahrn bei Freising,Bavaria; Lower Saxony; Baden-Wurttemberg,Wieringerwaard Invest,2024-04-03 00:00:00
551,24cb98d0-e1de-4dc9-a368-896db08ceb94,Gazit-Globe,Public,3,49165.69569739939,Retail,Gross-Gerau; Grevenbroich; Wentorf bei Hamburg,Retail; Dev Site,"Berlin; Wentorf bei Hamburg; Hanau, Bruder-Grimm-Stadt",Schleswig-Holstein; Berlin; Hesse,,2020-12-24 00:00:00
552,2943a029-70e9-47b1-bba0-ce5bed91e864,Menora Mivtachim,Institutional,3,32861.1294212,Office,Bergisch Gladbach; Berlin; Dresden,Office; Retail; Hotel,Huckelhoven; Frankfurt am Main; Kaiserslautern,North Rhine-Westphalia; Hesse; Rhineland-Palatinate,,2022-09-01 00:00:00
553,36bc58e2-b7ab-4074-b990-a4fcb20c5433,Frankonia Eurobau,Private,3,36687.1048128,Office; Dev Site,Dusseldorf; Hamburg,Office; Apartment; Dev Site,Dusseldorf; Cologne; Munich,North Rhine-Westphalia; Bavaria; Berlin,,2022-07-11 00:00:00
554,cce06a6e-4165-476c-933f-aca7ea379187,Michael Talmor,Private,3,128050.934581768,Retail; Office,Neukirchen-Vluyn; Kelkheim (Taunus),Office; Retail,Frankfurt am Main; Dusseldorf; Neukirchen-Vluyn,Hesse; North Rhine-Westphalia,,2015-06-01 00:00:00
555,1cba1caf-1054-48ca-874f-cff5b27a35c2,Investcorp,Institutional,3,92208.7500516,Office,Hamburg; Frankfurt am Main; Unterhaching,Office,Eschborn; Stuttgart; Hamburg,Hesse; Baden-Wurttemberg; Hamburg,,2023-04-01 00:00:00
556,caad61f4-ad69-4683-b28a-75f837eef514,REIT Asset Management,Public,3,16313.6019384,Retail; Office,Offenbach am Main; Kassel,Retail; Office,Offenbach am Main; Kassel; Freiburg im Breisgau,Hesse; Baden-Wurttemberg; Rhineland-Palatinate,,2006-06-01 00:00:00
557,b7dc96e6-c497-449d-b142-c5979fb96c63,Curanum,Private,3,,Seniors Housing & Care,Goslar; Salzgitter; Bremen,Seniors Housing & Care,Lingen (Ems); Bremen; Timmendorfer Strand,Lower Saxony; Bremen; Schleswig-Holstein,,2016-05-17 00:00:00
558,8b2eed76-c893-4f78-9b76-44598cec42b9,Sudwestbank AG,Institutional,3,29699.27532,Office,Stuttgart; Munich,Office; Apartment,Stuttgart; Munich; Mainz,Baden-Wurttemberg; Bavaria; Rhineland-Palatinate,,2021-02-01 00:00:00
559,6c0f043a-5492-438c-b978-dd896b42b221,Bawag PSK,Institutional,3,29699.27532,Office,Stuttgart; Munich,Office,Stuttgart; Munich; Mainz,Baden-Wurttemberg; Bavaria; Rhineland-Palatinate,Sudwestbank AG (Bawag),2024-07-01 00:00:00
560,a4df1758-3bbb-46d9-8deb-d6c4ec784987,Artprojekt Entwicklungen GmbH,Private,3,52256.25,Dev Site,Berlin; Potsdam,Dev Site,Berlin; Potsdam,Berlin; Brandenburg,,2018-04-11 00:00:00
561,6c173ad5-f2ee-46cb-8c13-661ce83e85e8,ARC Global Trust,Private,3,97079.6311992,Retail; Industrial,Neuss; Mayen; Landsberg,Industrial; Retail; Office,Neuss; Mayen; Recklinghausen,North Rhine-Westphalia; Rhineland-Palatinate; Saxony-Anhalt,,2014-10-31 00:00:00
562,dad29793-f1cb-4e84-9589-3c083336fa80,Apellas Asset Management GmbH,Private,3,243993.1174,Dev Site,"Hanau, Bruder-Grimm-Stadt; Russelsheim; Berlin",Office; Retail; Apartment,"Berlin; Dusseldorf; Hanau, Bruder-Grimm-Stadt",Berlin; Hesse; North Rhine-Westphalia,Bauwert Property Group,2015-12-31 00:00:00
563,2c226d61-f597-4736-8931-aabc07f838a1,The IBUS Company,Institutional,3,,Apartment; Retail,Dusseldorf,Apartment; Retail,Luneburg; Dusseldorf; Hemer,North Rhine-Westphalia; Lower Saxony,,2015-03-23 00:00:00
564,0209846d-ec0e-435b-bd34-ba948ee3d680,Bucher Properties GmbH,Private,3,237672.2861248,Dev Site; Office,Munich; Regensburg,Retail; Office; Dev Site,Munich; Regensburg,Bavaria,,2019-10-07 00:00:00
565,cb10fe2b-5367-4657-a7f3-5130b4553336,Lodge Quai,Institutional,3,389590.49376,Industrial,Osnabruck,Industrial; Office,Hassfurt; Frankfurt am Main; Osnabruck,Bavaria; Hesse; Lower Saxony,Crescendo Real Estate,2023-12-20 00:00:00
566,dcb48451-9a8f-4f6f-87d7-d596b1c1d182,W2 Development GmbH,Private,3,43228.945188,Dev Site; Industrial,Stuttgart; Sindelfingen,Office; Dev Site; Industrial,Stuttgart; Boblingen; Sindelfingen,Baden-Wurttemberg,,2024-06-01 00:00:00
567,6c04a781-d41f-4f7d-a994-5858d8123d13,Von der Heyden Group,Private,3,19499.4160102603,Industrial; Office,Munich; Erfurt,Hotel; Office; Industrial,Munich; Badenweiler; Erfurt,Bavaria; Baden-Wurttemberg; Thuringia,,2019-12-31 00:00:00
568,e42524bd-eeab-4734-91c3-89a5504728eb,IBER Immobilien,Private,3,31502.2313268,Office; Dev Site,Frankfurt am Main; Darmstadt; Offenbach am Main,Office; Dev Site; Apartment,Wiesbaden; Frankfurt am Main; Darmstadt,Hesse; North Rhine-Westphalia,,2023-05-22 00:00:00
569,0f51227f-21fd-43bd-8eb4-df2ba47de3da,Porta Holding GmbH & Co. KG,User/Other,3,88997.8284,Dev Site; Retail,Leipzig; Bremen; Mainz,Retail; Dev Site,Mainz; Leipzig; Bremen,Rhineland-Palatinate; Saxony; Bremen,,2020-02-27 00:00:00
570,209977a4-18d5-416f-ab72-5a5e6cece086,Kaola S.a.r.l.,Institutional,3,256624.7382036,Apartment,Berlin,Apartment,Berlin; Schkeuditz; Hambuhren,Saxony; Berlin; North Rhine-Westphalia,,2013-12-31 00:00:00
571,52bf6895-e84a-4b23-b935-ac7b04f88f8f,Bertelsmann,User/Other,3,154946.21922,Industrial; Dev Site,Garbsen; Dorsten; Berlin,Industrial; Office; Dev Site,Berlin; Garbsen; Dorsten,Berlin; Lower Saxony; North Rhine-Westphalia,,2023-01-20 00:00:00
572,b31687ed-5f8b-4fa7-9925-5e25e7665697,Epple Holding,Private,3,32679.202608,Dev Site; Industrial,Mainz; Heidelberg; Stuttgart,Apartment; Dev Site; Industrial,Mainz; Heidelberg; Stuttgart,Baden-Wurttemberg; Rhineland-Palatinate; Hesse,,2023-03-01 00:00:00
573,df873502-466b-4aa4-870f-dc41c2a64586,Gebau GmbH,Institutional,3,30580.2538236,Hotel; Office,Speyer; Dusseldorf; Cologne,Office; Hotel; Retail,Dusseldorf; Berlin; Merseburg,North Rhine-Westphalia; Thuringia; Berlin,,2019-12-03 00:00:00
574,a39a2fc8-4e05-4865-bcbe-e23a62b04038,Bain Capital,Institutional,3,41237.9937684,Office,Hallbergmoos,Office,Hallbergmoos; Offenbach am Main,Bavaria; Hesse,,2022-03-02 00:00:00
575,bbe838da-53c5-42ae-b580-1cd7e97364a2,Immowert Immo,Private,3,18199.55592,Hotel; Retail,Muhlhausen/Thuringen; Ingolstadt; Berlin,Hotel; Office; Retail,Berlin; Muhlhausen/Thuringen; Ingolstadt,Berlin; Thuringia; Bavaria,,2022-02-08 00:00:00
576,4b2a2f19-4531-4bd4-84f7-ec054b51dc1a,NIW Norddeutsche Immobilienwerte,Private,3,27479.329488,Retail; Office,Flensburg; Isernhagen; Schorndorf,Office; Retail; Industrial,Hamburg; Flensburg; Isernhagen,Hamburg; Schleswig-Holstein; Lower Saxony,,2020-12-31 00:00:00
577,ce46e9a9-163d-42d2-9169-aab3385e15b4,Euro Trade Real Estate Intl Ltd,Public,3,7099.76767175755,Hotel; Office,Russelsheim; Barsinghausen,Hotel; Office,Bayerisch Gmain; Russelsheim; Barsinghausen,Bavaria; Hesse; Saxony,,2007-08-19 00:00:00
578,f977ad90-1af7-4eff-84d0-1ba7ae084fc2,Activ-Group,Private,3,19639.520784,Dev Site,Murrhardt; Balingen; Boblingen,Retail; Dev Site; Industrial,Murrhardt; Reutlingen; Leutkirch im Allgau,Baden-Wurttemberg; Bavaria,Activ Immobilien GmbH,2022-07-26 00:00:00
579,ab3356c5-3396-44aa-b811-d91423cb4a77,Algonquin,Private,3,35399.13624,Hotel,Munich; Dusseldorf,Hotel; Office,Nuremberg; Munich; Berlin,Bavaria; Berlin; North Rhine-Westphalia,,2017-06-14 00:00:00
580,67d159da-3a50-490e-a0f2-3b72e8a48436,AAA Aktiengesellschaft,Private,3,17819.565192,Office; Industrial,Giessen; Frankfurt am Main; Butzbach,Office; Hotel; Apartment,Frankfurt am Main; Giessen; Butzbach,Hesse,,2024-01-24 00:00:00
581,9f90e4fd-85db-445c-a235-a37ad88ec544,Convivo,Private,3,10527.7431168,Seniors Housing & Care; Dev Site,Greifswald; Kassel; Altenkirchen (Westerwald),Seniors Housing & Care; Dev Site,Kassel; Neu Wulmstorf; Goslar,Lower Saxony; Hesse; Rhineland-Palatinate,,2023-04-01 00:00:00
582,cb6aa39d-7c36-403c-975c-e9814a9257e9,Infraplan,Private,3,79997.3820928,Apartment; Dev Site,Munich,Dev Site; Apartment,Munich,Bavaria,,2009-09-15 00:00:00
583,5da4ffd3-9aa4-40a8-8090-011f6a7ae1e5,IHG,Public,3,23709.421476,Dev Site; Hotel,Hanover; Berlin; Krefeld,Hotel; Dev Site,Munich; Berlin; Hamburg,Bavaria; North Rhine-Westphalia; Berlin,,2019-03-13 00:00:00
584,9b10eeaa-59ed-43e8-be0a-b6ca17ab6d70,IFA Immobilien GmbH,Private,3,10599.74136,Retail; Dev Site,Trier; Kleinblittersdorf; Saarbrucken,Retail; Office; Dev Site,Kaiserslautern; Saarbrucken; Trier,Rhineland-Palatinate; Saarland,,2023-01-16 00:00:00
585,29a4b85f-47ca-4a0a-8185-18289ef78d3d,StratReal,Institutional,3,115599.0486512836,Office; Industrial,Berlin,Office; Industrial,Berlin,Berlin; North Rhine-Westphalia; Hamburg,SratReal,2015-09-10 00:00:00
586,8b4c1882-97c4-4d79-8aad-efd834215b5c,Sellar Property Group,Private,3,84451.36446772893,Industrial; Office,Berlin; Holzwickede,Hotel; Industrial; Office,Dusseldorf; Berlin; Holzwickede,North Rhine-Westphalia; Berlin,,2019-03-01 00:00:00
587,4111ce39-9bdc-4d0c-8bf2-b40d1f433c7c,Mapletree Investments,Institutional,3,93674.7142812,Office; Industrial,Munich; Wetzlar; Bremen,Apartment; Office; Industrial,Bremen; Munich; Wetzlar,Bremen; Bavaria; Hesse,,2024-04-12 00:00:00
588,0c6a0342-98d5-4809-bdec-93341fcc59ce,CPA:17,Private,3,68912.8441036029,Retail; Industrial,Gelsenkirchen; Bad Wunnenberg; Soest,Office; Retail; Industrial,Gelsenkirchen; Bad Wunnenberg; Haibach,North Rhine-Westphalia; Bavaria,,2014-10-16 00:00:00
589,b0d233c8-7f11-45d2-8a36-853ea264fd06,Maruhn RE Inv't Group,Private,3,38399.06304,Retail; Dev Site,Berlin,Retail; Apartment; Office,Berlin; Strausberg,Berlin; Brandenburg,,2021-12-31 00:00:00
590,f47af4f4-43bf-4930-b66e-ad43c91c0bf0,te management GmbH,Private,3,12199.70232,Dev Site; Hotel,Nuremberg; Olching,Dev Site; Hotel; Office,Nuremberg; Olching,Bavaria,,2022-09-08 00:00:00
591,1cebf15f-0a9a-40d2-b8ad-cdbc556ea5cc,Solidare Real Estate,Public,3,43498.93859999999,Office,Frankfurt am Main; Neuss,Office; Apartment; Retail,Frankfurt am Main; Bochum; Neuss,North Rhine-Westphalia; Hesse,,2023-10-17 00:00:00
592,f0201998-caee-44bc-9c3f-e3c0bbb15ae9,Global Infrastructure Partners,Institutional,3,42658.959096,Data Center,Frankfurt am Main,Data Center,Frankfurt am Main,Hesse,,2022-03-25 00:00:00
593,23373e1a-6e58-46fb-b3b7-ee308e708acd,Monarchis,Private,3,56317.6258164,Apartment,Wesseling,Apartment,Leipzig; Wesseling,Saxony; Saxony-Anhalt; Hesse,,2018-06-30 00:00:00
594,44f16f23-8a79-4d63-8272-1f0d89343fbc,GSA Group,Institutional,3,14039.657424,Apartment,Berlin; Hamburg,Apartment,Berlin; Frankfurt am Main; Munster,Hesse; Berlin; North Rhine-Westphalia,,2017-12-31 00:00:00
595,d9a8605e-4811-4217-88c7-9064371ac4bb,VarioPark,Private,3,34049.16918,Dev Site,Frankenthal (Pfalz); Reiskirchen; Oberursel (Taunus),Dev Site; Office,Oberursel (Taunus); Frankenthal (Pfalz); Reiskirchen,Hesse; Rhineland-Palatinate,,2022-12-08 00:00:00
596,3d20d3b1-0e2c-496e-817c-c99015e48b61,EXA Infrastructure,Private,3,5434.867386,Data Center,Kleinmachnow; Stuttgart; Eschborn,Data Center,Kleinmachnow; Stuttgart; Eschborn,Brandenburg; Baden-Wurttemberg; Hesse,,2020-10-16 00:00:00
597,763e0202-1f49-44b8-b223-478bd1948ab7,I Squared Capital,Institutional,3,5434.867386,Data Center,Kleinmachnow; Stuttgart; Eschborn,Data Center,Kleinmachnow; Stuttgart; Eschborn,Brandenburg; Baden-Wurttemberg; Hesse,,2020-10-16 00:00:00
598,edee8fb0-b7c7-49d0-ac0d-87be5013af44,City of Kaiserslautern,User/Other,3,364989.2627552,Dev Site; Industrial,Kaiserslautern,Dev Site; Industrial,Kaiserslautern,Rhineland-Palatinate,,2021-07-27 00:00:00
599,26e6630a-dce0-43f4-a2e7-6628f6ede548,Depant Bautrager,Private,3,43998.9264,Dev Site,Giessen; Rudesheim am Rhein,Dev Site; Seniors Housing & Care,Rudesheim am Rhein; Giessen; Neustadt (Hessen),Hesse,,2021-03-31 00:00:00
600,b0f045a8-0059-4625-8eec-a5a16a37e475,IPAM,Institutional,3,22799.254164,Industrial; Office,Leipzig; Braunschweig; Dresden,Office; Industrial,Dresden; Leipzig; Braunschweig,Saxony; Lower Saxony,,2012-04-19 00:00:00
601,69971ba3-5159-4f46-ad7d-fea4b85d2298,P+B Planen und Bauen,Private,3,63158.458896,Dev Site,Eschborn; Stuttgart; Frankfurt am Main,Dev Site; Apartment,Frankfurt am Main; Mainz; Eschborn,Hesse; Baden-Wurttemberg; Rhineland-Palatinate,,2022-02-09 00:00:00
602,c541ca91-293d-4c02-9558-fba311e146ab,Phoenix Development,Private,3,43947.9276444,Retail,Hagen; Herten,Retail; Dev Site,Hagen; Eschborn; Monheim am Rhein,North Rhine-Westphalia; Hesse,,2022-02-09 00:00:00
603,437351a7-460d-4aba-8d39-5e4b99613515,Gemeinnutzige Baugesellschaft Offenbach,Private,3,8569.768596,Office; Retail,Offenbach am Main,Office; Retail; Apartment,Offenbach am Main,Hesse,,2023-05-16 00:00:00
604,75a25beb-2021-43c3-a704-1840baeb7e38,immero holding,Private,3,14049.65718,Retail; Dev Site,Remscheid; Kiel; Fulda,Retail; Office; Dev Site,Fulda; Remscheid; Kiel,North Rhine-Westphalia; Hesse; Schleswig-Holstein,,2021-12-17 00:00:00
605,9284a261-f1fd-4bc0-b2e9-5e55360d2caf,ERL,Private,3,21417.4774008,Seniors Housing & Care; Retail,Deggendorf; Stuttgart,Apartment; Seniors Housing & Care; Retail,Deggendorf; Stuttgart,Bavaria; Baden-Wurttemberg,,2020-01-15 00:00:00
606,65f4d089-b629-4df4-a9b1-ff889b47031e,Swiss RE,Institutional,3,41190.8667132,Office,Hamburg,Office,Hamburg; Unterfohring; Munich,Hamburg; Bavaria,Swiss RE Life & Health,2022-12-22 00:00:00
607,44a9965a-f53c-4c6b-a058-45f7904c6759,Asia Pacific Land,Private,3,126847.9048356,Office,Berlin; Munich,Office,Berlin; Munich,Berlin; Bavaria,,2021-09-30 00:00:00
608,d6109a51-67a9-414e-a780-4ab95d8bf6c0,Theo Gerlach Wohnungsbau-Unternehmen GmbH & Co. KG,Private,3,42298.96788,Dev Site; Retail,Hanover,Dev Site; Retail,Hanover,Lower Saxony,,2017-12-01 00:00:00
609,ca65c904-fff5-416d-b449-2df8c7027b35,Karl Hardeck Wohnungseinrichtungen GmbH & Co. KG,User/Other,3,78998.0724,Retail; Industrial,Bramsche; Senden; Wallenhorst,Retail; Industrial,Bramsche; Senden; Wallenhorst,Lower Saxony; North Rhine-Westphalia,,2014-01-01 00:00:00
610,aeff009d-8f25-4090-bb13-c87ab7b36d33,Agromex GmbH,Private,3,28489.304844,Dev Site,Berlin; Magdeburg,Dev Site; Condo; Apartment,Berlin; Magdeburg,Berlin; Saxony-Anhalt,,2019-11-30 00:00:00
611,ddb155aa-0587-424e-a10c-d8004b7063d0,Stabilo Fachmarkt,User/Other,3,15799.61448,Retail,Alsfeld; Bergheim; Bautzen,Retail,Alsfeld; Bergheim; Bautzen,Hesse; North Rhine-Westphalia; Saxony,,2016-05-02 00:00:00
612,e1660723-7586-408f-8bc1-ebfd4a171a98,Volksbank Mittelhessen,Institutional,3,53528.693868,Office,Giessen; Leipzig,Office; Dev Site,Giessen; Leipzig,Hesse; Saxony,,2023-07-12 00:00:00
613,cdaff086-62e8-41e0-b4a7-3bb9892b11aa,Quartiersmanufaktur,Private,3,425986.276064,Dev Site; Other General,Trier; Speicher; Montabaur,Dev Site; Apartment; Other General,Mannheim; Trier; Speicher,Rhineland-Palatinate; Baden-Wurttemberg,,2022-12-12 00:00:00
614,2c46c84e-8ce6-4849-8229-0283288fd940,Werner Projekt,Private,3,50550.7665312,Dev Site; Office,Frankfurt am Main; Schluchtern; Bad Nauheim,Dev Site; Retail; Industrial,Bad Nauheim; Rastede; Frankfurt am Main,Hesse; Lower Saxony,,2023-03-07 00:00:00
615,5fc57de3-0e86-4993-a83f-d4204fd5ec1a,Brebau,Private,3,93042.31350999999,Dev Site; Apartment,Bremen,Apartment; Dev Site,Bremen,Bremen,,2017-02-09 00:00:00
616,6611ff86-d80e-4440-a7e0-cd6e209722b4,Media-Saturn Holding,Private,3,10999.7316,Retail,Emmendingen; Mullheim; Fulda,Retail,Emmendingen; Dortmund; Mullheim,Baden-Wurttemberg; North Rhine-Westphalia; Hesse,,2017-01-27 00:00:00
617,60475b9c-414f-4930-9849-e96656493828,Norma,User/Other,3,181294.743896,Dev Site; Retail,Rheinbollen; Furth; Erkelenz,Dev Site; Retail,Furth; Rheinbollen; Erkelenz,Bavaria; Rhineland-Palatinate; North Rhine-Westphalia,,2020-01-29 00:00:00
618,01d4b01e-62b8-4732-8ef3-655466de1951,BHVG Berliner Häuser Verwaltungs-GmbH,Institutional,3,24912.3921228,Industrial; Office,Grossbeeren; Berlin; Essen,Industrial; Office; Retail,Grossbeeren; Berlin; Essen,Brandenburg; Berlin; North Rhine-Westphalia,,2021-07-05 00:00:00
619,74c2247a-cf4f-4719-8d9e-91a825974f77,Volksbank Rhein-Ruhr,Institutional,3,29709.275076,Office,Oberhausen; Duisburg,Office,Oberhausen; Duisburg,North Rhine-Westphalia,,2021-11-29 00:00:00
620,bb280f0e-1267-401e-8ba5-017e840d9686,Futura,Private,3,60570.5220432,Retail; Office,Kulmbach; Gosen-Neu Zittau,Retail; Office; Apartment,Kulmbach; Gosen-Neu Zittau; Schorndorf,Bavaria; Brandenburg; Baden-Wurttemberg,,2016-08-16 00:00:00
621,873a40f8-db5c-413c-a9fc-50c2e51aa862,TWC,Private,3,,Hotel,Seligenstadt; Much; Hann. Munden,Hotel,Seligenstadt; Much; Hann. Munden,Hesse; North Rhine-Westphalia; Lower Saxony,,2017-02-09 00:00:00
622,a6258199-01f7-43c2-91e1-ca0d915a668b,LVM Versicherungen,Institutional,3,28999.2924,Apartment; Dev Site,Dortmund; Dusseldorf,Apartment; Dev Site; Office,Dortmund; Berlin; Dusseldorf,Baden-Wurttemberg; North Rhine-Westphalia; Berlin,,2015-07-08 00:00:00
623,3e2ec0b8-ab33-4870-b4bd-aa30e65dedb9,Realdaptive,Private,3,10175.7517056,Retail; Office,Selters (Taunus); Gau-Odernheim; Zwickau,Retail; Office,Selters (Taunus); Gau-Odernheim; Zwickau,Hesse; Rhineland-Palatinate; Saxony,,2024-02-07 00:00:00
624,90a55299-9fc0-43fa-8d32-0b4aa5697b0f,AVW Immobilien AG,Private,3,323490.02564,Dev Site; Retail,Weinheim; Selb; Grosshansdorf,Retail; Dev Site; Office,Weinheim; Hamburg; Bremen,Schleswig-Holstein; Baden-Wurttemberg; Hamburg,,2022-06-30 00:00:00
625,8eb45ce1-2089-46ab-a9d5-507af858a399,ITG,Institutional,3,43998.9264,Dev Site; Office,ubach-Palenberg; Herford; Gronau (Westf.),Retail; Dev Site; Office,ubach-Palenberg; Wetter (Ruhr); Grimma,North Rhine-Westphalia; Lower Saxony; Saxony,,2019-12-01 00:00:00
626,0a8718fc-f6d8-489a-b66b-5db2d4bbbda0,NH Invt & Securities,Institutional,3,151436.304864,Industrial,Werne; Alzenau; Chemnitz,Industrial,Werne; Alzenau; Chemnitz,North Rhine-Westphalia; Bavaria; Saxony,,2020-02-19 00:00:00
627,0497f70d-9a00-4a63-902b-518c97b4e6dc,HOOPP (Healthcare of Ontario Pension Plan),Institutional,3,144225.7732616,Dev Site; Industrial,Emstek; Chemnitz; Weilheim im OB,Industrial; Dev Site,Chemnitz; Werne; Alzenau,Bavaria; Saxony; North Rhine-Westphalia,,2020-11-26 00:00:00
628,fc131150-aa9f-44ec-86af-594da6680f45,EDGE Technologies (OVG),Private,3,18847.5401088,Dev Site,Berlin,Office; Dev Site,Berlin; Hamburg; Frankfurt am Main,Berlin; Hamburg; Hesse,,2020-12-17 00:00:00
629,a397d553-7fe5-42f7-b1c4-a07a620c2ce0,Mapfre,Institutional,3,21844.466982,Office,Hamburg; Berlin,Office,Hamburg; Berlin,Hamburg; Berlin,,2022-12-16 00:00:00
630,1e300570-3dff-4f98-ae02-ef015695512b,Winfried Stocker,Private,3,23122.4357988,Retail; Office,Gorlitz,Retail; Office,Gorlitz,Saxony,,2018-02-09 00:00:00
631,088ce06e-94e6-4455-8245-229e849d6c3b,Stiftung Abendrot,Institutional,3,50498.7678,Dev Site,Berlin; Grenzach-Wyhlen,Dev Site,Berlin; Grenzach-Wyhlen,Berlin; Baden-Wurttemberg,,2021-09-13 00:00:00
632,503a3019-583d-4b87-9f0d-1cc013d6fde7,Belle Epoque,Private,3,67344.35675759999,Office; Apartment,Dresden; Berlin; Potsdam,Office; Apartment,Berlin; Dresden; Potsdam,Berlin; Saxony; Brandenburg,,2021-10-18 00:00:00
633,a637cc2a-abac-46da-95bf-265e6f7be783,JAAS Gruppe,Private,3,4402.8925668,Dev Site,Berlin,Dev Site,Berlin,Berlin,,2024-01-31 00:00:00
634,ae2aa870-14c7-43cb-9b26-c5bdd389c6a6,Hansa Baugenossenschaft,Private,3,21509.475156,Dev Site; Apartment,Hamburg,Apartment; Dev Site,Hamburg,Hamburg; Schleswig-Holstein,,2015-08-17 00:00:00
635,5e405f4c-8c40-448b-948f-033e630c228f,MWG Wohnungsgenossenschaft eG Magdeburg,Private,3,,Apartment,Magdeburg,Apartment,Magdeburg,Saxony-Anhalt,,2015-01-13 00:00:00
636,ae9fd9f7-708d-4ee0-aa15-9c2b2ccd8087,CapitaLand Ascott Trust,Public,3,25481.3782392,Hotel,Munich; Berlin; Hamburg,Hotel,Munich; Berlin; Hamburg,Bavaria; Berlin; Hamburg,Ascott Residence Trust,2012-10-29 00:00:00
637,6c67647b-1403-493e-93c4-81fe3e85b4cd,Aeris Capital Real Estate,Private,3,14607.6435648,Office; Retail,Heidelberg; Eschweiler,Office; Retail,Heidelberg; Eschweiler,Baden-Wurttemberg; North Rhine-Westphalia,,2014-12-01 00:00:00
638,e24c7e42-e1f3-4779-8085-c1a0e7912757,Zweirad-Center Stadler,User/Other,3,57198.60432,Dev Site; Retail,Mannheim; Neuss; Leipzig,Retail; Dev Site,Berlin; Mannheim; Neuss,Berlin; Baden-Wurttemberg; North Rhine-Westphalia,,2022-03-01 00:00:00
639,ffac05d6-9066-48b6-bdf5-63193332d475,Steuerberaterversorgung NI,Institutional,3,115147.19034,Office; Hotel,Hamburg; Frankfurt am Main; Cologne,Office; Hotel,Hamburg; Frankfurt am Main; Cologne,Hamburg; Hesse; North Rhine-Westphalia,,2019-11-19 00:00:00
640,14ab2051-f29c-4a68-82be-44f85d20e679,HGHI Holding GmbH,Private,3,16409.599596,Dev Site; Retail,Berlin,Office; Dev Site; Retail,Berlin,Berlin,,2021-04-01 00:00:00
641,d3804a79-64c3-4078-9cd3-bb3ed366a6de,City of Ulm,User/Other,3,32999.1948,Hotel; Office,Ulm,Dev Site; Hotel; Office,Ulm,Baden-Wurttemberg,,2023-06-26 00:00:00
642,cb82dd9d-13d6-4715-b8cb-3d3bcf64657b,Adrealis Service KVG,Institutional,3,6499.8414,Retail,Bodenmais; Kallmunz; Moorenweis,Retail,Bodenmais; Kallmunz; Moorenweis,Bavaria,,2018-11-09 00:00:00
643,e27ce0ab-e4d8-4aa2-b8d3-741c26f635e6,Phoenix Contact,User/Other,3,137366.648172,Industrial; Office,Schieder-Schwalenberg; Borchen; Paderborn,Industrial; Office,Schieder-Schwalenberg; Borchen; Paderborn,North Rhine-Westphalia,APtronic AG,2017-03-28 00:00:00
644,dbc97cee-893c-4b14-a0e1-406cf725a76c,City of Esslingen,User/Other,3,90397.79424,Dev Site; Office,Esslingen am Neckar; Nurtingen,Dev Site; Office,Esslingen am Neckar; Nurtingen,Baden-Wurttemberg,,2016-01-25 00:00:00
645,412f4d68-eece-4236-8268-08daa59ae742,Westgard,Institutional,3,43941.9277908,Office; Dev Site,Ratingen; Langenfeld (Rheinland); Hilden,Office; Dev Site; Industrial,Ratingen; Langenfeld (Rheinland); Hilden,North Rhine-Westphalia,,2023-11-10 00:00:00
646,2e91835f-56f8-4af2-96cf-6a1141551ed5,Gutmann Group,Institutional,3,12799.68768,Seniors Housing & Care,Hamburg,Seniors Housing & Care,Hamburg,Hamburg,,2020-08-13 00:00:00
647,4c48b00f-c8f6-419c-a5d2-da2b723242e8,Quercia Sone Sarl,Private,3,,Office,Wetzlar; Schwelm; Stendal,Office,Wetzlar; Schwelm; Stendal,Hesse; North Rhine-Westphalia; Saxony-Anhalt,,2012-08-16 00:00:00
648,e44bb862-c291-44d8-9f3f-d2a5eff8d965,OBB Real Invest,Institutional,3,40337.0157528,Office; Industrial,Hanover; Potsdam,Office; Industrial,Hanover; Potsdam,Lower Saxony; Brandenburg,,2006-12-01 00:00:00
649,8a2cbdf6-271c-4291-b408-f9c2abcac60d,Primo Capital AG,Institutional,3,15999.6096,Industrial; Office,Meerbusch; Friedrichshafen,Industrial; Office,Bergisch Gladbach; Meerbusch; Friedrichshafen,North Rhine-Westphalia; Baden-Wurttemberg,,2023-05-24 00:00:00
650,3cfa1b1a-cde1-4b33-886e-4c91c61c6e68,Freundlieb,Private,3,5695.8610176,Dev Site; Retail,Dusseldorf; Bochum; Duisburg,Office; Retail; Dev Site,Dusseldorf; Dortmund; Monheim am Rhein,North Rhine-Westphalia,,2023-12-14 00:00:00
651,dbf2c314-c533-4a94-8635-641f26ecfbb9,City of Offenbach,User/Other,3,369990.972,Dev Site; Retail,Offenbach am Main,Dev Site; Office; Retail,Offenbach am Main,Hesse,,2024-03-19 00:00:00
652,a3f1f123-80d5-4aa5-bfa8-e37726c8bffa,Terrena Dr Brunner KG,Private,3,8932.7820348,Retail; Office,Munich; Unterfohring,Retail; Office,Munich; Unterfohring,Bavaria,,2003-12-01 00:00:00
653,fbff0ebc-f368-421e-9dc3-f12958024e30,Vaessen Aluminium,User/Other,3,,Industrial,Crailsheim; Burg; Landau in der Pfalz,Industrial,Crailsheim; Burg; Landau in der Pfalz,Baden-Wurttemberg; Saxony-Anhalt; Rhineland-Palatinate,,2023-07-17 00:00:00
654,bfd4d585-6a4e-4930-9e32-6d6c63530835,Putz Immobilien,Private,3,94901.6843424,Office; Dev Site,Wesseling; Hennef (Sieg); Troisdorf,Office; Dev Site,Wesseling; Cologne; Hennef (Sieg),North Rhine-Westphalia,,2017-12-01 00:00:00
655,218aa240-41c1-4b33-a35d-cc3632dca49f,Opera One AG,Private,3,13049.68158,Apartment; Dev Site,Frankfurt am Main,Apartment; Dev Site; Office,Frankfurt am Main,Hesse,,2012-06-21 00:00:00
656,77baa056-fde1-4000-83e1-16bbd75402e9,Benner Holding,Private,3,6537.8404728,Apartment; Office,Wiesbaden; Frankfurt am Main; Dusseldorf,Apartment; Office,Wiesbaden; Frankfurt am Main; Dusseldorf,Hesse; North Rhine-Westphalia,,2024-03-01 00:00:00
657,cfcccc94-67c0-4ff6-888e-c4f608f23752,Metropolian Liegenschaften,Private,3,10899.73404,Office,Munich,Office,Munich,Bavaria,,2018-02-27 00:00:00
658,4a7a6252-0255-4791-bf94-fac5c65da5a0,Kinrise Real Estate Ltd,Private,3,35551.1325312,Office; Dev Site,Berlin,Office; Dev Site,Berlin,Berlin,LJ Partnership,2015-10-02 00:00:00
659,972ab44a-c82c-4969-8774-2db55b74d209,Poste Vita,Private,3,75448.15901999999,Office; Retail,Berlin; Stuttgart; Frankfurt am Main,Office; Retail,Berlin; Stuttgart; Frankfurt am Main,Berlin; Baden-Wurttemberg; Hesse,,2019-06-13 00:00:00
660,a23c9794-ccaf-454f-a751-194c3d5552c4,Salmen Real Estate,Private,3,49974.7805856,Apartment; Office,Gladbeck; Essen; Dusseldorf,Apartment; Office; Dev Site,Gladbeck; Essen; Dusseldorf,North Rhine-Westphalia,,2023-10-05 00:00:00
661,01e54eb7-ce95-44c7-a4eb-5783734d774b,WBG Aufbau,Private,3,6499.8414,Apartment; Dev Site,Gera; Jena,Apartment; Dev Site,Gera; Jena,Thuringia,,2012-05-15 00:00:00
662,441be632-d25c-4a82-8f79-3d5a444905cf,Ludger Inholte GmbH,Private,3,17291.5780752,Dev Site,Frankfurt am Main; Berlin; Planegg,Office; Dev Site; Retail,Berlin; Planegg; Frankfurt am Main,Berlin; Bavaria; Hesse,,2020-12-31 00:00:00
663,e59ef3d3-78e1-4b3d-b765-7a7003ce86c2,Plassmeier GmbH,Private,3,93227.725188,Dev Site; Retail,Oberhausen,Dev Site; Hotel; Retail,Oberhausen,North Rhine-Westphalia,,2024-03-12 00:00:00
664,d47179fa-ce9b-478b-9d45-f896efa4cf19,Skyland Development,User/Other,3,248991.91835456,Dev Site,Berlin; Schonwolkau; Leipzig,Dev Site,Berlin; Leipzig; Schonwolkau,Saxony; Berlin,,2022-04-20 00:00:00
665,2d7b8edb-36d0-4fc0-a568-647c79db8027,AVANA Invest,Institutional,3,25720.3724076,Industrial; Seniors Housing & Care,Gersthofen; Dusseldorf; Brunnthal,Industrial; Seniors Housing & Care,Gersthofen; Dusseldorf; Brunnthal,Bavaria; North Rhine-Westphalia,,2020-04-01 00:00:00
666,c8b11298-ec9d-4089-b925-d79a6526271b,M Projekt,Private,3,115996.337216,Dev Site; Office,Bremen,Seniors Housing & Care; Apartment; Dev Site,Bremen; Schwanewede; Hamburg,Bremen; Lower Saxony; Hamburg,,2021-01-08 00:00:00
667,a11bc191-02fd-45e8-9539-f5bb71b7d185,HCRE GmbH,Private,3,8999.7804,Dev Site; Hotel,Huckelhoven; Paderborn; Stadthagen,Dev Site; Hotel,Huckelhoven; Paderborn; Stadthagen,North Rhine-Westphalia; Lower Saxony,,2022-06-14 00:00:00
668,a80846cc-2c46-4f7e-8a96-100f689d9119,Mirae Asset Daewoo,Institutional,3,155694.2009688,Office; Industrial,Cologne; Dortmund; Dusseldorf,Office; Industrial,Cologne; Dortmund; Dusseldorf,North Rhine-Westphalia,,2019-12-05 00:00:00
669,8d91de18-05fb-4415-a70b-b8be46110395,Profi Partner AG,Private,3,38399.06304,Office; Dev Site,Berlin,Office; Dev Site,Berlin,Berlin,,2018-10-09 00:00:00
670,810da083-fb02-4a6c-be01-7499be5ac3d7,Arag Lebensversicherungs AG,Institutional,3,28348.3082844,Office; Apartment,Frankfurt (Oder); Dusseldorf; Cologne,Office; Apartment,Frankfurt (Oder); Dusseldorf; Cologne,North Rhine-Westphalia; Brandenburg,,2011-12-21 00:00:00
671,b3fdca80-2f64-4851-8c1a-2d1e8a9f567c,LWB,Private,3,88202.847798,Apartment,Leipzig Städte,Apartment,Leipzig; Leipzig Städte,Saxony,,2016-06-01 00:00:00
672,acfc0397-11d7-427c-9c2d-e1430a763ac0,Schwarzer Group,Institutional,3,16999.5852,Apartment; Condo,Glienicke/Nordbahn; Leipzig,Apartment; Condo,Glienicke/Nordbahn; Leipzig,Brandenburg; Saxony,,2015-02-02 00:00:00
673,221d7ec7-57db-4593-8fc4-866b6a1a98a7,ATS Beteiligungsverwaltung,Private,3,60298.52868,Dev Site; Office,Munich; Augsburg,Hotel; Office; Dev Site,Augsburg; Munich,Bavaria,,2022-03-24 00:00:00
674,c71e473b-cd03-4f27-be2e-bfe176d4dd89,Kirkbi A/S,Private,3,49971.7806588,Office; Dev Site,Munich; Hamburg,Retail; Office; Dev Site,Munich; Hamburg,Bavaria; Hamburg,,2023-12-19 00:00:00
675,b360328a-fb19-42ea-9dd6-7d732ab4a67b,Montea,Public,3,164497.9861512,Industrial; Dev Site,Mannheim; Leverkusen; Hamburg,Industrial; Dev Site,Mannheim; Leverkusen; Hamburg,Baden-Wurttemberg; North Rhine-Westphalia; Hamburg,,2024-03-26 00:00:00
676,59bc949b-7a0e-44c5-ae39-d6fc1d7324f8,Gemeinnutzige Baugenossenschaft Steglitz,User/Other,3,17999.5608,Apartment; Retail,Berlin,Apartment; Retail; Seniors Housing & Care,Berlin,Berlin,,2016-01-14 00:00:00
677,2702a336-5cb4-4fc4-8962-4a0e5cdbd38c,Allegron Group,Private,3,77388.111684,Office,Russelsheim; Neuss; Heusenstamm,Office,Russelsheim; Neuss; Heusenstamm,Hesse; North Rhine-Westphalia,,2020-12-16 00:00:00
678,83370032-3adb-40c3-af3b-9527cec043ad,ERAFP,Institutional,3,72698.22612,Office; Apartment,Dresden; Munich; Hamburg,Office; Apartment,Dresden; Munich; Hamburg,Saxony; Bavaria; Hamburg,,2017-11-28 00:00:00
679,e11b9174-6747-4603-9253-1d1a54c95fbe,DKW Gruppe,Private,3,83897.95284,Dev Site; Apartment,Hanover; Berlin,Dev Site; Apartment; Office,Berlin; Hanover; Poing,Berlin; Lower Saxony; Bavaria,,2023-01-01 00:00:00
680,c497cc8b-9fab-43c0-97ae-eb73c4e01149,Samsung Securities,Institutional,3,238994.1684,Industrial; Office,Monchengladbach; Dusseldorf; Garbsen,Industrial; Office,Monchengladbach; Dusseldorf; Garbsen,North Rhine-Westphalia; Lower Saxony,,2019-09-03 00:00:00
681,65cb1f6a-138e-4579-a7ab-f469c4ae92c4,Schütt Gewerbebau GmbH,Private,3,5599.86336,Dev Site; Seniors Housing & Care,Lubeck; Frankfurt am Main,Retail; Dev Site; Seniors Housing & Care,Lubeck; Frankfurt am Main; Hamburg,Schleswig-Holstein; Hesse; Hamburg,,2022-07-01 00:00:00
682,f5b415c2-5ed8-4405-ad6c-8f7e018e024b,Pierre capitale SCPI,Private,3,46136.8742328,Retail; Hotel,Brunnthal; Munich; Frankfurt am Main,Retail; Hotel; Industrial,Brunnthal; Munich; Frankfurt am Main,Bavaria; Hesse,,2023-12-31 00:00:00
683,faf244bf-5070-4b89-b2ab-f632fa1eae9c,DIH,Institutional,3,23999.4144,Office; Retail,Troisdorf; Duisburg; Kiel,Retail; Office,Trier; Monchengladbach; Troisdorf,North Rhine-Westphalia; Rhineland-Palatinate; Schleswig-Holstein,,2017-08-31 00:00:00
684,76483490-5e84-4457-a36f-b44b07071773,LICON,Private,3,187994.01435772,Apartment; Dev Site,Berlin; Haar; Leipzig,Apartment; Dev Site; Office,Berlin; Neuss; Haar,Berlin; North Rhine-Westphalia; Bavaria,,2011-03-31 00:00:00
685,1f8ff4d7-e158-4aba-8c21-cd4625383f03,Zeitgeist Asset Management,Institutional,3,30792.2486508,Industrial; Office,Berlin; Aachen,Industrial; Office; Other General,Berlin; Aachen; Offenburg,Berlin; North Rhine-Westphalia; Baden-Wurttemberg,,2023-02-07 00:00:00
686,f56b6240-d204-49a4-b68f-61282069692f,tB Investments,Institutional,3,39285.0414216,Retail,Aurich; Wilhelmshaven; Neuwied,Retail,Aurich; Wilhelmshaven; Neuwied,Lower Saxony; Rhineland-Palatinate,,2014-10-27 00:00:00
687,0afc4f85-e823-4779-b8f5-c3d32d10d2f2,IFM Funds,Institutional,3,9012.7800828,Retail,Eckental; Obrigheim; Bad Oldesloe,Retail,Eckental; Obrigheim; Bad Oldesloe,Bavaria; Baden-Wurttemberg; Schleswig-Holstein,,2020-10-01 00:00:00
688,3d2c0703-c906-4031-8cf6-4970b82a1e61,Hellmann Worldwide Logistics,User/Other,3,114595.2038088,Industrial; Dev Site,Gersthofen; Neunkirchen,Industrial; Dev Site,Gersthofen; Bielefeld; Fritzlar,Bavaria; North Rhine-Westphalia; Hesse,,2020-02-28 00:00:00
689,886e42cd-d299-4cb4-b530-eb1e713ec2dc,Altonaer Spar- und Bauverein,User/Other,3,36759.103056,Dev Site; Industrial,Hamburg,Dev Site; Apartment; Industrial,Hamburg,Hamburg,,2021-04-07 00:00:00
690,a2cf5a4a-ad43-480a-8746-fa5f04d5070f,GIZ,User/Other,3,44698.90932,Office; Dev Site,Bonn; Eschborn,Office; Dev Site,Bonn; Eschborn,North Rhine-Westphalia; Hesse,,2020-12-07 00:00:00
691,cbe3c2b9-569b-41fd-a497-bcf9fc6409eb,ProCon Invest,Institutional,3,11160.7276716,Retail,Ulm; Freiburg im Breisgau; Coburg,Retail,Ulm; Freiburg im Breisgau; Coburg,Baden-Wurttemberg; Bavaria,,2019-08-02 00:00:00
692,800d051c-ab32-4181-abe1-24ac569bfffb,VSW Architektenkammer NRW,Institutional,3,26178.3612324,Office; Dev Site,Dusseldorf; Essen,Office; Dev Site,Dusseldorf; Essen,North Rhine-Westphalia,,2011-01-15 00:00:00
693,c31f5fc0-d131-4c1f-8834-e71c37744dd9,Equinix,Private,3,80288.7436196,Data Center,Frankfurt am Main,Data Center,Frankfurt am Main,Hesse,,2013-11-13 00:00:00
694,5a611ed0-4cf7-4aef-be25-9a5e651f853b,BHB Bautrager,Private,3,32762.2005828,Dev Site,Neufahrn bei Freising; Munich; Garching bei Munchen,Apartment; Dev Site; Hotel,Munich; Haar; Neufahrn bei Freising,Bavaria,,2022-01-18 00:00:00
695,18587a2e-b2ec-4601-9723-6ddc57fe72bc,Berliner Immobilienmanagement,Private,3,35384.136606,Retail; Dev Site,Berlin; Holzkirchen,Retail; Dev Site; Office,Berlin; Holzkirchen,Berlin; Bavaria,,2021-02-03 00:00:00
696,219f75fd-dd51-460c-bdff-fcf0d512386a,Hannoversche Volksbank,Institutional,3,8020.8042876,Office,Hanover,Office,Hanover,Lower Saxony,,2015-04-30 00:00:00
697,6a8e3c87-04d6-4020-a27a-602d2bbb06d8,Herimo Immobilien,Private,3,36049.12038,Retail,Aalen; Pentling; Kempten (Allgau),Retail,Aalen; Pentling; Kempten (Allgau),Bavaria; Baden-Wurttemberg,,2024-03-28 00:00:00
698,4c48b00f-c8f6-419c-a5d2-da2b723242e8,Schewe Immobilien,Private,3,118797.10128,Dev Site,Bad Nenndorf; Dotlingen; Hodenhagen,Dev Site; Industrial,Hodenhagen; Bad Nenndorf; Dotlingen,Lower Saxony,,2023-06-06 00:00:00
699,e4e914d7-696f-4209-94e6-96de90ceffa4,KEG,Private,3,10299.74868,Dev Site; Retail,Frankfurt am Main; Siegen,Dev Site; Retail; Office,Frankfurt am Main; Siegen; Donaueschingen,Hesse; North Rhine-Westphalia; Baden-Wurttemberg,,2023-11-29 00:00:00
700,c409f61e-3bac-4956-a4ad-07912742d70e,Next Generation Fund,Institutional,3,12108.7045404,Retail,Otterberg; Johannesberg; Hassloch,Retail,Otterberg; Johannesberg; Hassloch,Rhineland-Palatinate; Bavaria,,2011-09-01 00:00:00
701,05c028d3-371c-455e-af5f-665b55dcdbe3,Q-Park,User/Other,3,,Parking Facility,Gottingen; Cologne; Leverkusen,Parking Facility; Retail,Gottingen; Fulda; Cologne,North Rhine-Westphalia; Lower Saxony; Hesse,,2024-04-16 00:00:00
702,4ae633cb-968c-48a8-b60c-193c5afc4bb2,W&L Gruppe,Private,3,17099.58276,Office; Apartment,Dusseldorf; Mannheim; Burbach,Office; Apartment; Hotel,Dusseldorf; Mannheim; Burbach,North Rhine-Westphalia; Baden-Wurttemberg,,2024-06-07 00:00:00
703,5bd2d0cd-70b7-44fc-9a17-9beab1620e5b,Ramfort Gruppe,Private,3,39719.030832,Office,Bremen; Unterschleissheim,Office,Bremen; Unterschleissheim,Bremen; Bavaria,,2020-10-29 00:00:00
704,df9f6c6b-864f-494e-8238-f26b03f49ff5,PREIG AG,Private,3,29399.28264,Office; Dev Site,Dusseldorf; Mannheim; Berlin,Office; Dev Site,Dusseldorf; Mannheim; Berlin,North Rhine-Westphalia; Baden-Wurttemberg; Berlin,,2022-07-14 00:00:00
705,9a4a967b-9936-4e81-985b-1805495e27be,Mainova AG,User/Other,3,97197.5450816,Dev Site,Frankfurt am Main; Langen (Hessen),Dev Site,Frankfurt am Main; Langen (Hessen),Hesse,,2024-05-04 00:00:00
706,d1b64b24-7ad5-4813-b367-4c8227d7d798,i Live Group,Private,3,24705.3971736,Dev Site; Office,Kunzelsau; Frankfurt am Main; Stuttgart,Apartment; Dev Site; Retail,Stuttgart; Kunzelsau; Offenbach am Main,Baden-Wurttemberg; Hesse; North Rhine-Westphalia,,2024-05-06 00:00:00
707,4c48b00f-c8f6-419c-a5d2-da2b723242e8,Blickpunkt Invest,Private,3,5449.86702,Retail,Rosswein; Eisenach; Freital,Retail,Rosswein; Eisenach; Freital,Saxony; Thuringia,,2020-02-12 00:00:00
708,e14bdf10-f5dc-4410-b0c6-ac5058b8d01a,Frank Immobilien,Private,3,29699.27532,Dev Site,Mainz; Kiel; Lubeck,Dev Site,Mainz; Kiel; Lubeck,Schleswig-Holstein; Rhineland-Palatinate,,2021-03-02 00:00:00
709,79e91c4e-14ae-4d5e-ad04-f4083f49d9b0,Triacon,Private,3,25973.3662344,Industrial; Office,Handewitt; Dortmund,Industrial; Office; Apartment,Handewitt; Dortmund,Schleswig-Holstein; North Rhine-Westphalia; Hesse,,2015-09-01 00:00:00
710,2415d027-9f70-4032-b7c7-6c9879b8e396,Balzer & Gerken,Private,3,6481.8418392,Apartment; Office,Siegen,Apartment; Office,Siegen,North Rhine-Westphalia,,2023-01-01 00:00:00
711,52f657b6-89fa-4ff2-bec1-a378ce2964a1,Wittelsbacher Ausgleichsfonds (WAF),Private,3,44647.9105644,Office; Dev Site,Stuttgart; Munich; Leipheim,Dev Site; Office; Industrial,Stuttgart; Munich; Olching,Bavaria; Baden-Wurttemberg,,2020-03-31 00:00:00
712,5d3195b0-f7e5-4c98-8bc9-7f3fff148bd0,Waterford BV,Private,3,4099.865838620552,Retail; Office,Stuttgart; Eckernforde; Laboe,Retail; Office,Stuttgart; Eckernforde; Laboe,Schleswig-Holstein; Baden-Wurttemberg,,2008-03-31 00:00:00
713,16e5dd74-27c0-4686-a2d5-92360e83295f,WBG Augsburg,Private,3,7499.817,Apartment; Dev Site,Augsburg,Apartment; Dev Site,Augsburg,Bavaria,,2014-10-31 00:00:00
714,6c06938c-e38f-43a0-9479-686c224b1c87,RealConcept mbH,Private,3,27031.3404192,Dev Site; Office,Frankfurt am Main; Aschaffenburg,Office; Dev Site,Frankfurt am Main; Saarbrucken; Aschaffenburg,Hesse; Saarland; Bavaria,,2019-06-07 00:00:00
715,4c48b00f-c8f6-419c-a5d2-da2b723242e8,HeimatERBE GmbH,Private,3,855978.980753,Dev Site; Industrial,Dortmund; Herten; Ahlen,Dev Site; Industrial,Dortmund; Herten; Ahlen,North Rhine-Westphalia,,2021-03-09 00:00:00
716,5704214b-85f1-4265-bff3-6aca884c86a6,Svolt Energy Technology,User/Other,3,882278.47188,Industrial; Dev Site,Uberherrn; Lauchhammer; Heusweiler,Industrial; Dev Site,Uberherrn; Lauchhammer; Heusweiler,Saarland; Brandenburg,,2023-09-13 00:00:00
717,12666f40-ef65-47ae-b7dd-30a4c22d571b,SiebersPartner,Private,3,72698.22612,Dev Site,Hurth; Cologne; Oberursel (Taunus),Dev Site; Office,Cologne; Oberursel (Taunus); Hurth,North Rhine-Westphalia; Hesse,,2023-12-22 00:00:00
718,bc93f749-a3ba-450a-adac-d55d32b7a730,Immobilien Anlage Gesellschaft mbH,Private,3,13699.66572,Office,Essen; Halle (Saale),Office,Essen; Halle (Saale),North Rhine-Westphalia; Saxony-Anhalt,,2012-12-04 00:00:00
719,fc3770a5-6a95-4c71-9eec-dbed9554f085,Sparkasse Pforzheim Calw,Institutional,3,20111.5092672,Office,Boblingen; Bensheim; Sindelfingen,Office,Boblingen; Bensheim; Sindelfingen,Baden-Wurttemberg; Hesse,,2018-12-31 00:00:00
720,dabd32a3-88aa-4d3b-822d-f66e9ffdabc0,GWW Wiesbaden,Private,3,220403.6220204,Apartment; Dev Site,Wiesbaden,Apartment; Dev Site,Wiesbaden,Hesse,,2023-06-30 00:00:00
721,c56eb0f5-ab3b-4c0f-9d10-e0dd0bcc2274,Far East Organization,Private,3,,Hotel,Berlin; Frankfurt am Main,Hotel,Berlin; Frankfurt am Main,Berlin; Hesse,,2014-08-05 00:00:00
722,c25b4912-d2d0-447a-9d80-b28a7c5c5608,Sunshine Family Office,Private,3,4435.8917616,Retail,Stockheim; Ruthen; Halberstadt,Retail,Stockheim; Ruthen; Halberstadt,Bavaria; North Rhine-Westphalia; Saxony-Anhalt,,2021-03-17 00:00:00
723,fa69e9b2-9400-449e-b862-7b693fafd61e,Wollenberg IM,Institutional,3,54663.666174,Office,Essen,Office,Essen; Dusseldorf,North Rhine-Westphalia,,2023-02-15 00:00:00
724,f8d9f054-1006-4666-bdbd-a9065fff4467,Axxus Capital SARL,Private,3,21899.46564,Dev Site; Industrial,Konstanz; Alzey; Langen (Hessen),Dev Site; Industrial; Retail,Konstanz; Alzey; Langen (Hessen),Baden-Wurttemberg; Rhineland-Palatinate; Hesse,,2023-07-18 00:00:00
725,2890f39d-01bc-466a-a3ea-f0ee8722d307,Samwer Brothers,Private,3,86657.88549599999,Office; Dev Site,Berlin,Office; Dev Site,Berlin,Berlin,,2019-06-18 00:00:00
726,b8054d58-d1dc-47af-909d-4affa418a133,Suedhausbau,Private,3,29299.28508,Office; Apartment,Munich; Berlin,Office; Apartment,Munich; Berlin,Bavaria; Berlin,,2011-12-08 00:00:00
727,820da03a-ac25-419f-bc15-c7f108921adb,Hertie Stiftung (GHST),User/Other,3,27292.3340508,Industrial; Office,Unterschleissheim; Hamburg; Dusseldorf,Office; Industrial; Retail,Berlin; Frankfurt am Main; Unterschleissheim,Berlin; Hesse; Bavaria,,2011-09-01 00:00:00
728,eb095bb7-27a0-4ed5-b3cb-a589e572acfe,URBZ Capital,Institutional,3,22512.4506828,Industrial,Mulheim an der Ruhr; Karlsfeld; Munich,Industrial,Mulheim an der Ruhr; Karlsfeld; Munich,Bavaria; North Rhine-Westphalia,,2023-06-27 00:00:00
729,2bd871fa-635e-441e-8a70-7a1bac55f3fd,Segmuller,User/Other,3,171910.805274,Industrial; Retail,Pulheim; Oberhausen,Industrial; Retail; Dev Site,Pulheim; Oberhausen,North Rhine-Westphalia,,2015-11-25 00:00:00
730,d648c14b-c20c-4cb4-85d4-7a082ea571e5,Bauer Media Group,User/Other,3,32445.2083176,Office,Cologne; Hamburg,Office,Cologne; Hamburg,North Rhine-Westphalia; Hamburg,,2023-12-31 00:00:00
731,68bd3423-ca23-4e03-a8c5-bbec5088e599,Sedlmayr Grund und Immobilien,Private,3,11471.7200832,Dev Site; Apartment,Berlin,Dev Site; Retail; Apartment,Berlin,Berlin,,2013-06-17 00:00:00
732,18634349-b234-4ee6-8ac6-765498fc4c09,Careline KG,User/Other,3,11819.711592,Industrial,Dormagen; Neuss; Hilden,Industrial,Dormagen; Neuss; Hilden,North Rhine-Westphalia,,2016-06-21 00:00:00
733,0dd3eb9d-bdd7-4636-aa04-f376e4aa606f,HVVG Heimverwaltungs- und Vermietungsgeschellschaft mbH,Private,3,,Seniors Housing & Care,Kiel; Wahlstedt,Seniors Housing & Care,Kiel; Wahlstedt,Schleswig-Holstein,,2014-06-30 00:00:00
734,5dacd3a7-2c2e-463b-afb9-21552fe99048,Berufsforderungswerk der Bauindustrie NRW,User/Other,3,24299.40708,Hotel; Office,Oberhausen; Monheim am Rhein,Hotel; Office; Dev Site,Oberhausen; Monheim am Rhein,North Rhine-Westphalia,,2019-04-23 00:00:00
735,4c48b00f-c8f6-419c-a5d2-da2b723242e8,Beno Holding,Private,3,21342.4792308,Industrial; Office,Gernsheim; Altenstadt,Industrial; Office,Gernsheim; Altenstadt,Hesse; Bavaria,,2022-11-08 00:00:00
736,da766144-9e28-4a61-8d9e-c38385037846,Immovaria GmbH,Private,3,15799.61448,Apartment; Dev Site,Leipzig,Apartment; Dev Site,Leipzig,Saxony,,2014-12-12 00:00:00
737,77a8d0b1-0096-444b-88e9-2e783f4b3aca,alt+kelber Immobiliengruppe,Private,3,23559.425136,Apartment,Hamburg; Dresden; Berlin,Apartment,Hamburg; Dresden; Berlin,Hamburg; Saxony; Berlin,,2012-03-19 00:00:00
738,86f3e31d-e198-4afe-b06c-0d961f11b44e,Burntan Merington GmbH,Private,3,,Apartment,Bad Harzburg; Goslar,Apartment,Bad Harzburg; Goslar,Lower Saxony,,2008-07-31 00:00:00
739,6ada58ef-79fa-42e8-b245-81ab5704c6b1,GSW Immobilien GmbH,Private,3,118566.120294,Apartment,,Apartment,,Berlin,,2008-02-12 00:00:00
740,d4707135-f93c-43f2-8485-aa6a9eb78726,Mariner Financial,Institutional,3,51166.60030147763,Office; Retail,Gotha,Office; Retail,Gotha,Thuringia,,2007-11-05 00:00:00
741,8cdf5ec1-1de1-4f6f-bc7f-f1095cc410e2,SWG Sachsische Wohnen,Private,3,,Apartment,Bad Hersfeld; Naumburg (Saale); Gottingen,Apartment,Bad Hersfeld; Naumburg (Saale); Gottingen,Hesse; Saxony-Anhalt; Lower Saxony,,2015-06-17 00:00:00
742,3eb8f91f-91cc-405d-bdae-f0a685b0093d,SWIA,Private,3,,Apartment,Elsdorf; Bergheim; Bedburg,Apartment,Elsdorf; Bergheim; Bedburg,North Rhine-Westphalia,,2009-12-15 00:00:00
743,1edc633f-c323-4e16-988a-f72dbb4c2f9a,Hannover Leasing,Institutional,2,12449.69622,Office; Hotel,Heidelberg,Office; Retail; Hotel,Munich; Frankfurt am Main; Duisburg,North Rhine-Westphalia; Baden-Wurttemberg; Bavaria,,2017-06-16 00:00:00
744,7b4ee3db-a415-4593-aac3-713a1e28c63a,Zublin Group,Public,2,23010.42521593973,Office; Retail,Stuttgart; Jandelsbrunn,Retail; Office; Industrial,Stuttgart; Hamburg; Dortmund,North Rhine-Westphalia; Baden-Wurttemberg; Lower Saxony,ZIAG Immobilien; Zueblin Immobilien Holding AG,2022-02-23 00:00:00
745,a2a81bfa-3b53-4b54-a40e-d4015baa809b,RJB Group,Private,2,12099.70476,Retail; Office,Herne; Leipzig,Retail; Office,Oldenburg (Oldenburg); Aachen; Nuremberg,Lower Saxony; North Rhine-Westphalia; Bavaria,D&R Invest; Ronny Rosenbaum,2020-02-03 00:00:00
746,a7f96e1e-191f-44f1-89d9-87c525ddc0e3,BSG Real Estate Ltd,Private,2,50343.771582,Retail,Cologne; Berlin,Retail,Hamburg; Berlin; Celle,Hamburg; Baden-Wurttemberg; Lower Saxony,,2018-03-15 00:00:00
747,26fcfcdc-e854-4781-aa00-6944231c7215,Exeter Property Group,Institutional,2,15699.61692,Industrial,Raunheim; Lubeck,Industrial,Geldern; Dortmund; Drei Gleichen,North Rhine-Westphalia; Lower Saxony; Hesse,,2021-03-26 00:00:00
748,aeb8cd2d-7fed-4250-b1ee-7e1fa00f7df6,Verianos Real Estate,Institutional,2,15645.99504,Industrial; Retail,Bonn; Bad Homburg vor der Hohe,Office; Industrial; Apartment,Dusseldorf; Bonn; Dortmund,North Rhine-Westphalia; Hesse; Berlin,,2019-10-31 00:00:00
749,4c05f1c8-3f8e-4032-8940-b9f8be57d020,Valad Europe,Institutional,2,7769.810412,Retail; Industrial,Glienicke/Nordbahn; Hamburg,Industrial; Office; Retail,Berlin; Hamburg; Hanover,Berlin; Hesse; Hamburg,,2015-06-30 00:00:00
750,d7178958-d34c-4c8b-8bc0-58a5836a183f,Natixis,Institutional,2,43498.9386,Retail,,Industrial; Retail; Office,Neuss; Neufahrn bei Freising; Saarbrucken,Bavaria; North Rhine-Westphalia; Baden-Wurttemberg,Captiva Capital,2015-08-13 00:00:00
751,7d012b6f-d69d-464c-a382-a14c5059fa74,Pamera Real Estate Group,Private,2,21999.4632,Industrial,Leipzig,Office; Industrial; Apartment,Berlin; Frankfurt am Main; Leipzig,Berlin; Hesse; Saxony,,2014-03-31 00:00:00
752,74fd2bc0-dbe5-4a72-95e0-4e4628b915ee,CR Management,Institutional,2,144995.2550432,Dev Site; Retail,Delmenhorst,Retail; Office; Industrial,Frankfurt am Main; Cologne; Dusseldorf,North Rhine-Westphalia; Lower Saxony; Schleswig-Holstein,,2021-12-14 00:00:00
753,5ec24bf0-65e2-4ca5-8443-e0ed548dd7cb,Isaria Wohnbau,Public,2,23775.4198656,Dev Site,Munich,Office; Dev Site; Apartment,Munich; Hamburg,Bavaria; Hamburg,JK Wohnbau,2016-09-16 00:00:00
754,7aee321e-7593-4212-b85f-4fd38171415b,Avestus Capital Partners,Institutional,2,10999.7316,Hotel,Ismaning; Leipzig,Hotel; Retail; Office,Frankfurt am Main; Neuss; Bad Honnef,North Rhine-Westphalia; Hesse; Bavaria,Quinlan Private,2016-12-20 00:00:00
755,9d829beb-8ae9-4da9-924f-381a2bc7de32,ARB Investment Partners,Institutional,2,10662.7398228,Apartment; Office,Berlin,Office; Retail; Dev Site,Berlin; Dusseldorf,Berlin; North Rhine-Westphalia,,2019-11-27 00:00:00
756,81a146f3-a0b4-4536-8f97-e4fd7962b631,BSA Capital,Private,2,13999.5710159795,Office,Frankfurt am Main; Dusseldorf,Office; Apartment,Hamburg; Frankfurt am Main; Dusseldorf,Hamburg; Hesse; North Rhine-Westphalia,Bjornstad Skjerven Agerup,2016-07-15 00:00:00
757,4e6df166-9740-4f7a-8337-971b620bb293,Kefren Properties IX AB,Institutional,2,26499.3534,Retail,Brandenburg an der Havel; Berlin,Hotel; Retail; Office,Berlin; Frankfurt am Main; Lubeck,Berlin; Hesse; Schleswig-Holstein,Keops,2017-01-09 00:00:00
758,adbf067f-bcff-4fe5-bd02-b8f2cd813aa3,ACRON AG,Institutional,2,9884.758806,Hotel; Office,Schonefeld; Dusseldorf,Retail; Hotel; Office,Bischoffen; Bad Staffelstein; Muhldorf am Inn,Hesse; Bavaria; Brandenburg,ACL Property One SARL; ACL Property Two Sarl,2019-06-17 00:00:00
759,e4b93777-c20c-42cd-95a7-b90bfa710e1e,iii-investments,Institutional,2,16144.522452,Office,Dusseldorf; Hamburg,Office; Retail; Hotel,Hamburg; Stuttgart; Taufkirchen,Hamburg; Baden-Wurttemberg; Bavaria,INTER ImmoProfil,2015-12-03 00:00:00
760,b1f32602-1d4e-443c-b0b6-dafb696e5fe7,Kenmore Property Group,Private,2,50316.5766670398,Office,Berlin,Industrial; Office; Retail,Dortmund; Mannheim; Zweibrucken,Rhineland-Palatinate; Baden-Wurttemberg; North Rhine-Westphalia,,2009-02-06 00:00:00
761,7b03f63b-a432-4f48-84d8-85bfe658c330,Deutsche Eigenheim,Public,2,219399.646518,Dev Site,Berlin,Dev Site; Apartment; Office,Berlin; Teltow; Hamburg,Berlin; Brandenburg; Hamburg,Design Bau,2017-09-20 00:00:00
762,b395fb44-c557-4258-8f1d-1a42b316f2cc,HDG Mansur,Institutional,2,70293.1566,Office,Neu-Isenburg,Office,Kirchheim bei Munchen; Dresden; Berlin,Hesse; Bavaria; Saxony,,2016-12-09 00:00:00
763,4d39c64e-6f87-436f-8a52-a871fb9f15cc,EP Group Germany,Private,2,,Hotel,Kassel; Baden-Baden,Hotel,Cologne; Dusseldorf; Duisburg,North Rhine-Westphalia; Hesse; Baden-Wurttemberg,,2019-08-30 00:00:00
764,462d5f51-5c5e-4c2d-8857-2e67f48859e4,Real Equity GmbH,Institutional,2,16649.9096,Dev Site; Retail,Muhlheim am Main; Offenbach am Main,Retail; Office; Dev Site,Frankfurt am Main; Solingen; Dinslaken,North Rhine-Westphalia; Hesse,,2022-03-31 00:00:00
765,ffb332ce-5a9f-468a-a74b-a3f247bbff35,CNP Assurances,Institutional,2,22299.45588,Office,Hamburg; Frankfurt am Main,Retail; Office,Berlin; Erlangen; Munich,Bavaria; Berlin; Hamburg,,2022-12-21 00:00:00
766,951aa514-00aa-41bb-ba66-92d4614ed691,Varde Partners,Institutional,2,463317.6947724,Office; Retail,,Office; Retail,Berlin; Garmisch-Partenkirchen; Dresden,Bavaria; Berlin; Baden-Wurttemberg,,2018-05-10 00:00:00
767,acc3efbf-57d3-4f7c-8662-d1dffc5d5a30,AM alpha,Private,2,4706.8851492,Retail; Apartment,Berlin,Apartment; Office; Hotel,Berlin; Munich,Berlin; Bavaria,,2021-03-31 00:00:00
768,225747db-92e8-43c2-b297-e5c7bc576276,Samsung Life,Institutional,2,128499.8645268,Office,Frankfurt am Main; Munich,Office; Industrial; Dev Site,Frankfurt am Main; Worms; Ditzingen,Hesse; Rhineland-Palatinate; Baden-Wurttemberg,Samsung SRA,2021-05-28 00:00:00
769,f835d612-5203-415b-9b3f-2468992ca236,Devario Invest,Private,2,7227.8236368,Dev Site,Frankfurt am Main; Duisburg,Apartment; Dev Site,Frankfurt am Main; Darmstadt; Duisburg,Hesse; North Rhine-Westphalia,,2022-07-14 00:00:00
770,75373803-ca13-4e6a-ad0d-abc82af5e9fe,Rosa-Alscher Gruppe,Private,2,29655.2763936,Dev Site; Office,Munich,Dev Site; Office,Munich,Bavaria,MGV,2019-05-24 00:00:00
771,a4df4595-baf9-4d2b-92a3-b67c5c2f1315,Trans Service Team GmbH,Private,2,127996.51887488,Dev Site,Dortmund; Bonen,Industrial; Dev Site,Bremen; Dortmund; Bonen,North Rhine-Westphalia; Bremen; Hesse,,2019-09-18 00:00:00
772,dc98c581-b17d-45f6-9e55-5b2c845d1915,Adler Immobilien Investment,Private,2,21523.4748144,Dev Site; Office,Mannheim,Retail; Industrial; Dev Site,Herten; Mannheim; Laatzen,Baden-Wurttemberg; North Rhine-Westphalia; Lower Saxony,,2023-06-19 00:00:00
773,92bc4e08-7ac8-4b03-a821-eaf5dd7ba880,Paulus Immobilien GmbH,Private,2,9149.77674,Dev Site; Retail,Frankfurt am Main; Munich,Office; Dev Site; Apartment,Munich; Frankfurt am Main; Offenbach am Main,Bavaria; Hesse,,2020-11-23 00:00:00
774,70c591ff-f474-4d7e-8ea2-823a6d900c61,LRC Europe,Institutional,2,12414.697074,Office; Apartment,Berlin,Office; Apartment; Industrial,Berlin; Bremen,Berlin; Bremen,,2016-06-30 00:00:00
775,3aa5c089-306f-4041-b7e9-5809e104a15a,Kewog,Private,2,25999.3656,Dev Site,Kemnath,Dev Site; Apartment,Fulda; Kemnath; Nuremberg,Bavaria; Hesse,,2024-05-19 00:00:00
776,f4a821ce-a119-430b-8d55-fba3ad342377,O'Flynn Group,Private,2,19499.408075,Retail,Oldenburg (Oldenburg); Jessen (Elster),Retail; Office; Apartment,Bremen; Oldenburg (Oldenburg); Garbsen,North Rhine-Westphalia; Lower Saxony; Bremen,Tiger Developments,2019-01-31 00:00:00
777,1fad8430-7570-4a9b-a629-5837d517b898,VIA Grund GmbH,Private,2,49603.78963799999,Office; Retail,Ratingen,Office; Retail,Hilden; Cologne; Ratingen,North Rhine-Westphalia,,2022-06-09 00:00:00
778,66743e87-39dd-4ff2-af38-fc19e83d6986,Signum AM,Private,2,49603.78963799999,Office; Retail,Ratingen,Office; Retail,Hilden; Cologne; Ratingen,North Rhine-Westphalia,,2022-06-09 00:00:00
779,4c21bed1-8ec9-4a1c-9258-97e9ae431962,Cara Investment GmbH,Private,2,11899.70964,Office,Boblingen; Frankfurt am Main,Office,Frankfurt am Main; Boblingen,Hesse; Baden-Wurttemberg,,2021-03-22 00:00:00
780,e78970c6-76a8-4ec2-b97e-2e1084506674,CFH Group,Institutional,2,35998.92598976,Office; Dev Site,Neu-Isenburg; Marl,Office; Dev Site,Neu-Isenburg; Eschborn; Marl,Hesse; North Rhine-Westphalia,,2020-04-27 00:00:00
781,b4d764ab-da3d-493a-913c-b7f8f4d98794,IKR,Private,2,30999.2436,Industrial; Office,Munich,Office; Dev Site; Industrial,Munich,Bavaria,,2021-09-30 00:00:00
782,997128c9-3410-42ab-8b56-b12cdc210e19,Bayern Projekt,Private,2,19499.4160102603,Industrial; Office,Munich,Office; Industrial,Munich,Bavaria,,2022-03-24 00:00:00
783,45ee6cc4-ac4a-4144-907f-eae165cdfbcd,SKAJ Smaragd,Private,2,6999.8292,Apartment; Hotel,Potsdam,Hotel; Apartment,Potsdam,Brandenburg,,2023-07-26 00:00:00
784,c05223ed-2b2f-4287-a5fe-a5dacb016034,Hess Investment Group,Private,2,4819.882392,Office,Stuttgart,Office,Stuttgart,Baden-Wurttemberg,,2021-06-01 00:00:00
785,e2d963aa-e862-416e-a737-3a48571df0fb,Versorgungskasse Nassau,Institutional,2,24049.41318,Office; Hotel,Munich,Hotel; Office,Munich,Bavaria,,2016-11-15 00:00:00
786,b7d90f6c-ccab-4dda-b8af-f5574b7cfc4e,Comer Group,Private,2,70953.268698,Office,Offenbach am Main; Berlin,Dev Site; Office; Retail,Berlin; Offenbach am Main,Berlin; Hesse,,2019-08-29 00:00:00
787,d7640eff-8c94-4846-ad5e-2d44b866926e,PATRoffice GmbH,Institutional,2,15999.476288548,Retail; Apartment,Augsburg,Apartment; Retail; Office,Dresden; Augsburg; Munich,Saxony; Bavaria,,2015-09-01 00:00:00
788,5866cb9a-b2d4-4ddf-bb1c-1fb1eae2c7ec,Buhlmann Immobilien,Private,2,24326.4064212,Dev Site,Wilhelmshaven; Bremen,Dev Site; Hotel; Apartment,Leipzig; Bremen; Wilhelmshaven,Saxony; Bremen; Lower Saxony,,2022-06-15 00:00:00
789,650c3314-06d6-440d-a139-b1a5c4d5fe76,Familienheim Karlsruhe eG,User/Other,2,23019.438312,Dev Site; Industrial,Karlsruhe,Office; Dev Site; Industrial,Karlsruhe,Baden-Wurttemberg,,2016-06-01 00:00:00
790,be597448-bba9-417c-8b23-349a271d060d,City of Neuss,User/Other,2,13499.6706,Retail; Office,Neuss,Dev Site; Retail; Office,Neuss,North Rhine-Westphalia,,2024-07-22 00:00:00
791,44634108-f6e7-4d57-b7fd-9dc44d7e0e81,Hanzevast Capital,Institutional,2,18840.5402796,Office,Wiesbaden; Hamburg,Office,Essen; Wiesbaden; Hamburg,North Rhine-Westphalia; Hesse; Hamburg,,2015-01-19 00:00:00
792,2bd2530b-683d-4bb6-b44b-5af9f353bb39,Duisburger Hafen AG,User/Other,2,484988.166,Dev Site,Duisburg,Dev Site,Duisburg; Kamp-Lintfort; Oberhausen,North Rhine-Westphalia,,2021-12-16 00:00:00
793,6e24df2b-44cf-4745-bc68-569571660e20,Porr Group,Private,2,4599.88776,Dev Site,Frankfurt am Main; Berlin,Hotel; Dev Site; Office,Berlin; Munich; Schkeuditz,Berlin; Bavaria; Saxony,Strauss & Partner,2021-10-18 00:00:00
794,f70b00e3-1ff5-455d-bc61-ce6374ecc04c,Atevia AG,Institutional,2,8699.78772,Retail,Ingolstadt; Munich,Retail; Office,Ingolstadt; Munich; Wurzburg,Bavaria,,2016-01-19 00:00:00
795,62d3c677-5afd-4787-88ce-7002ef17decb,PHONIX Seniorenzentren Beteiligungsgesellschaft mbH,Private,2,1349.96706,Hotel; Seniors Housing & Care,Breege; Versmold,Seniors Housing & Care; Hotel,Gutersloh; Breege; Versmold,North Rhine-Westphalia; Mecklenburg-West Pomerania,,2022-06-02 00:00:00
796,b30d0287-18e7-4344-9274-0e601168b0ad,TAS KG,Private,2,27499.29154970549,Office; Dev Site,Hamburg,Office; Industrial; Dev Site,Hamburg; Hanover,Hamburg; Lower Saxony,,2017-03-31 00:00:00
797,45bef433-c0a3-49c3-b44a-26ee9e2a7036,Meyer Projekt,Private,2,13033.6819704,Dev Site,Luneburg; Wolfsburg,Apartment; Dev Site,Wolfsburg; Luneburg,Lower Saxony,,2021-12-31 00:00:00
798,f7eea62d-3ab0-4b13-85ce-56cec910fd53,Aurec Real Estate Europe,Private,2,141996.5352,Office,Cologne; Eschborn,Office,Frankfurt am Main; Cologne; Eschborn,Hesse; North Rhine-Westphalia,,2018-01-31 00:00:00
799,f994c43c-8046-4d2d-b982-f06b0acee3db,Ferdinand Piech Holding,Private,2,32447.2082688,Retail,Stuttgart,Retail; Office; Hotel,Stuttgart,Baden-Wurttemberg,,2023-04-01 00:00:00
800,79ad1915-04a0-49a9-8288-c21f46d56ee8,CapitaLand Investment,Public,2,6723.8359344,Hotel,Frankfurt am Main; Hamburg,Hotel,Munich; Frankfurt am Main; Hamburg,Bavaria; Hesse; Hamburg,Ascott Limited,2011-04-20 00:00:00
801,94d18684-1c5f-4a61-b2ef-fb839be48fbc,Westcore Properties,Private,2,80556.0343848,Office; Industrial,Frankfurt am Main; Bitterfeld-Wolfen,Office; Industrial,Berlin; Frankfurt am Main; Bitterfeld-Wolfen,Berlin; Hesse; Saxony-Anhalt,Westcore Europe,2018-04-30 00:00:00
802,3bcb2151-1692-4dc8-915e-8d41eafd0e31,TMAN 6,CMBS,2,105056.4365604,Apartment,,Apartment; Retail,Duisburg,North Rhine-Westphalia,,2012-10-08 00:00:00
803,fe2b5a93-cb26-4b5d-a098-bc93e3858951,Wegner & Schoofs,Private,2,3290.9196996,Retail,Heidelberg,Retail,Heidelberg; Ettlingen; Eschweiler,Baden-Wurttemberg; North Rhine-Westphalia,,2019-03-01 00:00:00
804,f05409f6-013e-49e8-957e-6dbf5eaba96f,Luder Unternehmensgruppe GmbH,Private,2,32215.2139296,Retail,Augsburg; Raunheim,Retail,Garbsen; Augsburg; Raunheim,Lower Saxony; Bavaria; Hesse,,2023-06-28 00:00:00
805,58e76ea3-8d92-4923-b375-6a2ae88a0cfd,KSW Immobilien,Private,2,33999.1704,Office; Dev Site,Leipzig,Hotel; Industrial; Apartment,Leipzig; Halle (Saale),Saxony; Saxony-Anhalt,,2022-04-13 00:00:00
806,e4ef6281-d05e-4e07-809c-36ae4ff02f75,Residia Asset Management AG,Institutional,2,15699.61692,Office,Oberhaching; Munich,Office; Hotel; Dev Site,Munich; Taufkirchen; Oberhaching,Bavaria,,2020-08-17 00:00:00
807,b30b9231-f9f0-4b01-89d3-3a5d6945f235,Lesser GmbH,Private,2,11915.61008122013,Office,Konigsbrunn; Furstenfeldbruck,Office; Retail,Munich; Konigsbrunn; Wiesbaden,Bavaria; Hesse; Saxony-Anhalt,,2020-04-17 00:00:00
808,5a038447-7694-436e-961e-bac63f2cbe42,Realgrund,Private,2,8799.78528,Dev Site; Apartment,Neu-Ulm,Apartment; Dev Site,Frankfurt am Main; Neu-Ulm; Darmstadt,Hesse; Bavaria; Baden-Wurttemberg,,2020-08-09 00:00:00
809,d00adfda-e81f-4bb9-ae80-9f20aea91662,A Levy Investments & Building,Private,2,48998.396569,Office; Industrial,Frankfurt am Main; Munich,Office; Industrial,Jettingen-Scheppach; Munich; Frankfurt am Main,Bavaria; Hesse,A. Levi Investment & Construction Ltd,2014-04-28 00:00:00
810,72c330ab-9fed-4965-872b-3e8e0fc1843b,LC Liegenschaft Consulting,Private,2,15999.6096,Apartment; Office,Stuttgart; Filderstadt,Apartment; Office; Retail,Stuttgart; Leinfelden-Echterdingen; Filderstadt,Baden-Wurttemberg,,2021-07-30 00:00:00
811,2a4d5fed-6303-4d00-858d-75c75a0bc3fa,Arsatec GmbH,Private,2,16899.58764,Dev Site,Bochum,Dev Site; Apartment; Office,Essen; Bochum; Gelsenkirchen,North Rhine-Westphalia,,2019-12-01 00:00:00
812,374a2f36-f711-4183-88c1-c835c018112f,Bien-Ries AG,Private,2,12989.683044,Dev Site,Frankfurt am Main,Apartment; Office; Dev Site,"Hanau, Bruder-Grimm-Stadt; Frankfurt am Main; Wiesbaden",Hesse,,2020-04-16 00:00:00
813,c798333c-2517-459f-b97f-42da4fc43f06,Melchers Group,Private,2,9901.7583912,Office; Industrial,Mainz; Hamburg,Office; Industrial,Essen; Mainz; Hamburg,North Rhine-Westphalia; Rhineland-Palatinate; Hamburg,,2020-12-17 00:00:00
814,1cae1038-12e9-48f6-acf3-6f65ba8f4367,Munitor Gruppe,Private,2,9857.759464800001,Retail,Burscheid; Dorsten,Office; Retail; Industrial,Saarbrucken; Burscheid; Baden-Baden,North Rhine-Westphalia; Saarland; Baden-Wurttemberg,,2022-12-31 00:00:00
815,e8e6b071-cd50-4e2e-96d2-dc6184e8ad13,Unternehmensgruppe Engel,Private,2,9259.774056,Office; Dev Site,Leinfelden-Echterdingen; Bonn,Office; Apartment; Retail,Bremen; Potsdam; Griesheim,North Rhine-Westphalia; Bremen; Brandenburg,,2015-01-08 00:00:00
816,0a1cc4aa-473b-4b75-a21b-8ba2e8031ec2,Decathlon,Private,2,22299.45588,Retail,Cologne; Weiterstadt,Retail; Dev Site,Cologne; Weiterstadt; Schwetzingen,North Rhine-Westphalia; Hesse; Baden-Wurttemberg,,2019-09-18 00:00:00
817,0560c0a6-d17f-4d01-aae8-5ccce43b20f8,Geis Global Logistics,User/Other,2,9215.7751296,Industrial,Ludwigsburg; Gochsheim,Industrial,Erlangen; Nuremberg; Ludwigsburg,Bavaria; Baden-Wurttemberg; Thuringia,,2021-07-29 00:00:00
818,f8855373-5927-4fd5-b6ae-a1d1d0a67cf4,Continuum Capital Investment,Private,2,10499.7438,Hotel,Munich; Stuttgart,Hotel; Office,Stuttgart; Munich,Baden-Wurttemberg; Bavaria,,2021-10-19 00:00:00
819,0dcf5a9b-5c2b-46b8-98b0-22815762f93a,BGFG Baugenossenschaft,User/Other,2,21713.4701784,Dev Site; Apartment,Hamburg,Apartment; Dev Site,Hamburg,Hamburg,,2021-06-14 00:00:00
820,786f0d41-9dc8-4163-80bd-9e88e9e620df,Mitiska REIM,Institutional,2,47849.83243559999,Retail,Freiberg; Monchengladbach,Retail,Braunschweig; Freiberg; Monchengladbach,Lower Saxony; Saxony; North Rhine-Westphalia,,2020-02-03 00:00:00
821,6d991cd4-0d32-4ded-be00-dd075e67beee,DZ Invest,Private,2,22712.4458028,Retail; Office,Offenbach am Main; Dusseldorf,Office; Retail,Frankfurt am Main; Offenbach am Main; Dusseldorf,Hesse; North Rhine-Westphalia,,2020-01-07 00:00:00
822,56a5d69c-1789-4e2f-80df-d2abe11c2d10,Bawoag,Private,2,2889.929484,Apartment; Hotel,Witten; Iserlohn,Office; Apartment; Hotel,Dortmund; Witten; Iserlohn,North Rhine-Westphalia,,2022-09-22 00:00:00
823,7059cb7a-33d9-45b0-bc59-e0c6ff87cd04,Eurasia Group,Private,2,,Seniors Housing & Care,Wilhelmshaven,Seniors Housing & Care,Wilhelmshaven,Lower Saxony,,2014-12-31 00:00:00
824,6e944414-ded0-46c1-aa9c-c01cee7b1a3d,City of Wilhelmshaven,User/Other,2,49998.78,Office; Dev Site,Wilhelmshaven,Seniors Housing & Care; Dev Site; Office,Wilhelmshaven,Lower Saxony,,2016-04-13 00:00:00
825,e7d60eba-0b15-4fb6-984a-da6abdd413fa,Berlinhaus,Private,2,,Office; Hotel,Berlin,Office; Hotel,Berlin,Berlin,,2023-08-28 00:00:00
826,51a022d3-8f07-4d12-a299-6844161ae6c4,PPS Immobilien Holding,Private,2,7870.807947599999,Office,Hamburg; Berlin,Office,Hamburg; Berlin,Hamburg; Berlin,,2023-04-18 00:00:00
827,2146ad67-1693-46e6-a6f8-ea7e298ae417,Fiduciary Capital GmbH,Institutional,2,101997.5112,Office; Industrial,Munich,Office; Industrial,Munich,Bavaria,,2017-05-03 00:00:00
828,595df102-0deb-4b89-8392-804109dca37f,AKKON Group,Institutional,2,19269.529812,Industrial; Office,Bielefeld; Essen,Office; Industrial,Essen; Bielefeld,North Rhine-Westphalia,,2021-08-04 00:00:00
829,96ce72ff-d40a-49a5-a949-0ab4e901403e,Fondara,Private,2,18999.5364,Dev Site; Retail,Munich; Weiden in der OPf.,Retail; Dev Site,Bamberg; Munich; Weiden in der OPf.,Bavaria,,2016-09-07 00:00:00
830,908149bb-4461-41a4-a657-1c519c8bb876,Traction Real Estate GmbH,Private,2,4199.89752,Retail,Neustadt an der Weinstrasse,Retail; Office,Neustadt an der Weinstrasse,Rhineland-Palatinate,,2019-10-02 00:00:00
831,9645c1b0-9382-4406-99c0-5423237417be,Lyran Holding GmbH,Private,2,6099.85116,Retail,Recklinghausen; Borken,Retail,Hamburg; Recklinghausen; Borken,North Rhine-Westphalia; Hamburg,,2015-12-31 00:00:00
832,dc336427-2f15-43e4-9473-d63e8a536e7f,Event Holding GmbH,Private,2,13299.564929,Hotel; Office,Dusseldorf,Hotel; Office,Dusseldorf; Munich,North Rhine-Westphalia; Bavaria,,2017-06-27 00:00:00
833,b60c4c05-490f-48ca-ad58-5bac063eeb42,GreenOak Real Estate,Institutional,2,205534.984824,Industrial,Niederaichbach; Lohne,Industrial,Offenbach an der Queich; Niederaichbach; Lohne,Rhineland-Palatinate; Bavaria; North Rhine-Westphalia,,2019-05-06 00:00:00
834,f2fd8446-dd79-45a9-b088-9feb895ff9ba,Tiger Alternative Investors,Institutional,2,205534.984824,Industrial,Niederaichbach; Lohne,Industrial,Offenbach an der Queich; Niederaichbach; Lohne,Rhineland-Palatinate; Bavaria; North Rhine-Westphalia,,2019-05-06 00:00:00
835,1f694c53-a6e0-4b3e-9f3b-91e5fcc03258,ETC Management,Private,2,4999.878000000001,Industrial; Office,Pforzheim; Stuttgart,Office; Apartment; Industrial,Stuttgart; Pforzheim,Baden-Wurttemberg,,2018-08-31 00:00:00
836,3d472403-e3d6-4d1d-ad81-bed61442747c,Gulf Islamic Investments GII,Institutional,2,38522.0600388,Industrial; Seniors Housing & Care,Dortmund; Holzminden,Industrial; Seniors Housing & Care,Dortmund; Holzminden,North Rhine-Westphalia; Lower Saxony,,2022-11-08 00:00:00
837,99ad4cd0-547a-4cad-8281-a28a511c85bd,dieprojektisten GmbH,Private,2,4303.8949824,Office; Dev Site,Dusseldorf; Cologne,Office; Apartment; Retail,Cologne; Dusseldorf; Duisburg,North Rhine-Westphalia; Bavaria,,2023-12-18 00:00:00
838,8ba2923f-54eb-4410-baf2-f644bf354581,Alpha Gruppe,Private,2,36634.106106,Office; Dev Site,Nuremberg,Industrial; Office; Dev Site,Nuremberg; Wurzburg,Bavaria,,2024-07-02 00:00:00
839,8d153806-8e94-41bf-a777-8f914c43fe1f,Connect Real Estate Group,Private,2,11699.71452,Apartment; Seniors Housing & Care,Berlin,Hotel; Apartment; Seniors Housing & Care,Berlin,Berlin,,2021-02-10 00:00:00
840,1d2920bb-19f3-47b4-a9b2-4ecf46d56da7,Hesz Group,Private,2,12629.691828,Hotel; Office,Garching bei Munchen,Hotel; Office,Garching bei Munchen,Bavaria,,2021-04-01 00:00:00
841,9b12356b-cbed-46cc-bfa0-fcc5ba1c7566,Rosebud Real Estate,Public,2,76797.48692830706,Retail; Apartment,,Retail; Apartment; Office,Wolfsburg; Cologne; Unna,North Rhine-Westphalia; Lower Saxony; Baden-Wurttemberg,,2019-08-13 00:00:00
842,4c48b00f-c8f6-419c-a5d2-da2b723242e8,Baugenossenschaft Mittelholstein,Private,2,35313.1383384,Dev Site,Kiel,Dev Site,Kiel,Schleswig-Holstein,,2013-12-15 00:00:00
843,4c48b00f-c8f6-419c-a5d2-da2b723242e8,Zwei & Zwanzig Gruppe,Private,2,1519.962912,Apartment; Office,Wiesbaden,Apartment; Office,Wiesbaden,Hesse,,2021-05-10 00:00:00
844,2764be98-0d83-457e-bca1-9b2fe14a98db,Meimann Immobilien,Private,2,7099.82676,Retail; Industrial,Warendorf,Retail; Industrial,Warendorf,North Rhine-Westphalia,,2014-03-01 00:00:00
845,3cef6b5c-80f3-41a7-b4a6-fe49619177b0,LEG NRW GmbH,Private,2,8499.7926,Retail; Apartment,Berlin,Apartment; Office; Retail,Rheinberg; Dusseldorf; Berlin,North Rhine-Westphalia; Berlin,,2012-10-23 00:00:00
846,aa8886c7-753a-4786-a49b-6df7af32ab39,InterGlobe Enterprises,Institutional,2,,Hotel,Munich; Hamburg,Hotel,Munich; Hamburg,Bavaria; Hamburg,,2019-06-18 00:00:00
847,6561ff0f-59f1-4859-ac7e-7aaa2ebaf2a4,HWG Halle mbH,Private,2,9999.756000000001,Office,Halle (Saale),Office; Dev Site; Apartment,Halle (Saale),Saxony-Anhalt,,2017-05-09 00:00:00
848,790ba279-f27a-4202-a456-41160e99c81e,Frank Gruppe,Private,2,71497.6727312,Dev Site,Kiel; Friedrichsdorf,Apartment; Office; Dev Site,Hamburg; Friedrichsdorf; Kronshagen,Hesse; Schleswig-Holstein; Hamburg,,2020-02-06 00:00:00
849,e3441082-a4d4-4385-b58a-f24cf9c09291,Zima Unternehmensgruppe,Private,2,11385.7221816,Dev Site,Munich,Dev Site; Seniors Housing & Care; Apartment,Munich; Gersthofen,Bavaria,,2019-04-25 00:00:00
850,e2b2122a-f017-4d21-9589-ccb66db55465,Big Bau,Institutional,2,185793.9681888,Dev Site,Kiel; List,Office; Dev Site; Industrial,Kiel; Berlin; Hamburg,Schleswig-Holstein; Berlin; Hamburg,LEG Entwicklung,2018-01-19 00:00:00
851,476ddec0-c9b3-4ae1-804b-376bc6bebef1,Mork Immobilien GmbH,Private,2,25299.38268,Dev Site,Stuttgart; Friedrichshafen,Apartment; Dev Site,Stuttgart; Boblingen; Korntal-Munchingen,Baden-Wurttemberg,,2021-12-21 00:00:00
852,1956ef96-feef-4592-8f84-e0375b31579b,Heimkehr Wohnungsgenossenschaft eG,Private,2,,Apartment,Hanover,Apartment,Hanover,Lower Saxony,,2019-10-21 00:00:00
853,857a4185-b665-489a-9e92-6f0074ea1a7c,Bulow AG,Private,2,24163.4103984,Dev Site,Leinfelden-Echterdingen; Stuttgart,Office; Hotel; Dev Site,Stuttgart; Leinfelden-Echterdingen; Aschheim,Baden-Wurttemberg; Bavaria,,2021-09-22 00:00:00
854,4c48b00f-c8f6-419c-a5d2-da2b723242e8,Stichting Schild Duitsland Winkel Fonds,Private,2,,Apartment,Aachen,Apartment,Aachen,North Rhine-Westphalia,,2008-12-08 00:00:00
855,4c48b00f-c8f6-419c-a5d2-da2b723242e8,Schwabische Liegenschaften GmbH,Private,2,3473.9152344,Apartment,Stuttgart; Pfullingen,Apartment,Stuttgart; Pfullingen,Baden-Wurttemberg,,2022-09-15 00:00:00
856,4c48b00f-c8f6-419c-a5d2-da2b723242e8,Paul Morzynski,Private,2,,Hotel,Bad Doberan,Hotel,Bad Doberan,Mecklenburg-West Pomerania,,2017-06-30 00:00:00
857,764418b1-e3b6-40f8-a2ce-7026f7269d37,Glander & Cie.,Private,2,5313.8703384,Dev Site; Seniors Housing & Care,Hamburg,Apartment; Dev Site; Seniors Housing & Care,Hamburg; Stade; Rostock,Hamburg; Lower Saxony; Mecklenburg-West Pomerania,,2024-02-26 00:00:00
858,0fdcb75c-acf8-4366-a1c1-41b54f4f7da3,British American Tobacco,User/Other,2,19799.51688,Retail,Frankfurt am Main; Hamburg,Retail; Office,Hamburg; Frankfurt am Main; Neunkirchen,Hamburg; Hesse; Saarland,,2016-10-06 00:00:00
859,53916834-0542-4eef-940f-b994b75aa732,Berliner Volksbank,Institutional,2,18299.55348,Office; Dev Site,Berlin,Office; Dev Site,Berlin,Berlin,,2024-03-04 00:00:00
860,367efb2c-2d5c-479c-b1cc-e6bbd012e586,Fabrica Immobiliare Sgr,Institutional,2,12169.703052,Office,Berlin; Dusseldorf,Office,Berlin; Dusseldorf,Berlin; North Rhine-Westphalia,,2017-12-08 00:00:00
861,a80d5c10-202c-4281-9da8-d3041809705d,ARAG Group,Institutional,2,8019.804312,Office; Apartment,Dusseldorf; Dortmund,Office; Apartment,Berlin; Dresden; Dusseldorf,North Rhine-Westphalia; Berlin; Saxony,,2017-02-06 00:00:00
862,24fa49cb-75b1-4b0e-abf2-c319a9e63b85,Scopus Capital GmbH,Institutional,2,31684.226886,Office; Dev Site,Essen; Konigstein im Taunus,Office; Dev Site,Essen; Konigstein im Taunus,North Rhine-Westphalia; Hesse,,2023-11-01 00:00:00
863,a982a3e4-5fc4-499f-8131-223e084295e4,Dr Jansch GmbH & Co KG,Private,2,8586.7904772,Retail; Office,Essen; Mulheim an der Ruhr,Retail; Office,Essen; Mulheim an der Ruhr,North Rhine-Westphalia,,2020-09-29 00:00:00
864,ac86e257-8323-4a88-8543-37dac445feed,Hyundai M&F Insurance,Institutional,2,76942.1225664,Office,Essen; Berlin,Office,Essen; Berlin,North Rhine-Westphalia; Berlin,Hyundai Investments,2019-12-19 00:00:00
865,5de8dba9-b778-4f78-95f7-d3301b7c381e,AIG,Institutional,2,114997.194,Dev Site; Office,Hamburg,Office; Dev Site,Hamburg; Munich,Hamburg; Bavaria,AIG Global RE; AIG International Real Estate,2013-06-15 00:00:00
866,d0929779-c254-4300-89ce-d51eddcdd423,mittelhessische wohnen GmbH,Private,2,274993.29,Dev Site,Giessen,Office; Dev Site,Giessen,Hesse,,2023-07-12 00:00:00
867,3d00817a-fb2a-4bbf-90fb-d1baa80d3081,L Stroetmann,User/Other,2,170995.8276,Dev Site,Lengerich; Senden,Dev Site; Retail,Lengerich; Senden,North Rhine-Westphalia,,2020-12-11 00:00:00
868,849aacf8-c436-46b3-967f-1ca47d34c0d5,Wiro Wohnen in Rostock,Private,2,136996.0745312,Dev Site,Rostock,Dev Site,Rostock,Mecklenburg-West Pomerania,,2020-09-16 00:00:00
869,4b78b7d3-08e8-4023-86e4-27b186b0d8b2,Infineon Technologies,Private,2,192469.3036344,Office; Industrial,Neubiberg; Dresden,Office; Dev Site; Industrial,Neubiberg; Warstein; Dresden,Bavaria; North Rhine-Westphalia; Saxony,,2023-12-07 00:00:00
870,c9017119-f519-4d58-ba16-7599c644e002,DSK-BIG,Private,2,255259.7715096,Dev Site; Other General,Heikendorf; Husum,Dev Site; Other General,Lubeck; Kiel; Heikendorf,Schleswig-Holstein,,2021-09-01 00:00:00
871,6754051f-a768-4202-ac24-d78d3840cd06,Schulte Group,User/Other,2,7609.814316,Retail; Industrial,Lahr/Schwarzwald; Oberhausen,Retail; Seniors Housing & Care; Industrial,Grevenbroich; Lahr/Schwarzwald; Oberhausen,North Rhine-Westphalia; Baden-Wurttemberg; Lower Saxony,,2023-09-11 00:00:00
872,148cdc81-9830-4e23-aab5-95689aff75f7,Atlantique Mur Regions SCPI - Banque Populaire,Private,2,5684.861286,Office,Dusseldorf; Ingolstadt,Office,Dusseldorf; Ingolstadt,North Rhine-Westphalia; Bavaria,,2022-07-31 00:00:00
873,2e71dcd7-e837-4f84-a029-e6eaebe4e51a,Banque Populaire,Institutional,2,5684.861286,Office,Dusseldorf; Ingolstadt,Office,Dusseldorf; Ingolstadt,North Rhine-Westphalia; Bavaria,,2022-07-31 00:00:00
874,711890d5-c56b-4d70-a5e4-9fb4dbe01560,Villa Vitalia,Private,2,24999.39,Dev Site; Seniors Housing & Care,Fredenbeck; Brunsbuttel,Seniors Housing & Care; Dev Site,Fredenbeck; Brunsbuttel,Lower Saxony; Schleswig-Holstein,,2022-01-27 00:00:00
875,678f0075-d1ee-4a7c-a59b-5e5df1e7fd7d,Graubner Gruppe,Private,2,28299.30948,Industrial; Dev Site,Gallin; Quickborn,Dev Site; Industrial; Office,Gallin; Quickborn; Hamburg,Schleswig-Holstein; Mecklenburg-West Pomerania; Hamburg,,2023-05-04 00:00:00
876,b53637ff-398d-4fe7-a179-6d4177147a75,City of Moers,User/Other,2,9955.757073600002,Industrial,Moers,Industrial; Office,Moers,North Rhine-Westphalia,,2017-09-20 00:00:00
877,72a1e071-4f93-41aa-baf5-ddc967c90083,Wohnbau Mainz GmbH,Private,2,20781.4929192,Dev Site,Mainz,Dev Site; Apartment; Office,Mainz; Nieder-Olm,Rhineland-Palatinate; Hesse,,2021-09-28 00:00:00
878,c865aa75-cf78-4f7f-a501-b5b5007f724c,DCD Data Center Developers GmbH,Private,2,24099.41196,Dev Site,Berlin; Schwalbach am Taunus,Dev Site,Berlin; Schwalbach am Taunus,Berlin; Hesse,DC Data Castle GmbH,2023-10-31 00:00:00
879,32da0851-0a3d-40e9-9fbe-9c54cdead068,Arning Bauunternehmung,Private,2,47698.83612000001,Dev Site,Herten; Osnabruck,Dev Site; Apartment,Herten; Osnabruck; Beckum,North Rhine-Westphalia; Lower Saxony,,2024-01-18 00:00:00
880,e3ea2a6b-4db5-4e9f-8e19-a7ba6dc30a5d,City of Brunswick,User/Other,2,13679.666208,Dev Site; Retail,Braunschweig,Dev Site; Retail,Braunschweig,Lower Saxony,,2024-04-05 00:00:00
881,6260fc6f-df47-481e-9e11-39a808fe31c5,Delta Bau,Private,2,17599.57056,Dev Site,Gottingen; Hanover,Office; Dev Site,Gottingen; Hanover; Potsdam,Lower Saxony; Brandenburg,,2017-12-31 00:00:00
882,b3646821-a9f5-48c6-83ec-13446f1497ad,AWO Bundesverband,Private,2,8703.7876224,Dev Site; Office,Plauen; Moers,Seniors Housing & Care; Office; Dev Site,Stadtallendorf; Wachtersbach; Plauen,North Rhine-Westphalia; Hesse; Lower Saxony,,2023-07-16 00:00:00
883,e264fbc9-649a-45ec-9ff0-1f386919d919,MOON NEW ERA HOTELS,Private,2,,Hotel,Schwabisch Hall; Triberg im Schwarzwald,Hotel,Schwabisch Hall; Triberg im Schwarzwald,Baden-Wurttemberg,,2018-10-01 00:00:00
884,4c48b00f-c8f6-419c-a5d2-da2b723242e8,AHORN Hotels & Resorts,Private,2,,Hotel,Braunlage; Oberhof,Hotel,Braunlage; Oberhof,Lower Saxony; Thuringia,,2021-08-05 00:00:00
885,3783cb3b-9167-40b3-a621-4b4259554678,econcept,Private,2,34394.160762,Dev Site; Retail,Berlin; Bad Laer,Retail; Dev Site; Office,Berlin; Bad Laer,Berlin; Lower Saxony,,2021-03-18 00:00:00
886,6f17d0af-3c21-4149-9914-4b89607b80c6,Minerva RE Investments,Private,2,34394.160762,Dev Site; Retail,Berlin; Bad Laer,Hotel; Retail; Dev Site,Berlin; Bad Laer,Berlin; Lower Saxony,Minerva Management,2021-03-18 00:00:00
887,4c48b00f-c8f6-419c-a5d2-da2b723242e8,Privat,<unknown>,2,2001.9511512,Office; Retail,Hamburg; Ebersbach an der Fils,Retail; Office,Ebersbach an der Fils; Hamburg,Baden-Wurttemberg; Hamburg,,2021-06-23 00:00:00
888,aa511b06-33cc-495a-af00-ea60a8841c0a,McArthurGlen,Private,2,90497.7918,Dev Site; Retail,Remscheid; Ochtrup,Dev Site; Retail,Remscheid; Ochtrup,North Rhine-Westphalia,,2015-11-01 00:00:00
889,62425d03-738d-4974-813c-4a1ef855e55a,Prebag Gewerbebau,Private,2,12699.69012,Retail,Florsheim am Main; Kusel,Retail,Buttenheim; Arzberg; Burgkunstadt,Bavaria; Rhineland-Palatinate; Hesse,,2023-02-15 00:00:00
890,e39f6510-1899-4f2c-8072-719b03e33725,City of Solingen,User/Other,2,77898.09924,Office; Dev Site,Solingen,Dev Site; Office; Industrial,Solingen,North Rhine-Westphalia,,2022-04-04 00:00:00
891,10dc7e9a-03e0-49b1-8a57-741c7bab9461,WFG Herne,User/Other,2,73497.78208416,Dev Site,Herne,Dev Site,Herne,North Rhine-Westphalia,,2019-12-20 00:00:00
892,fb14a17e-a5ab-4aa6-ba0a-87093e136859,IDR,Private,2,76898.12364,Dev Site; Office,Dusseldorf,Dev Site; Office; Parking Facility,Dusseldorf,North Rhine-Westphalia,,2020-01-30 00:00:00
893,9a0d7fec-d37b-4774-bb30-240f9e53eae4,fides Wohnungsbay e.G.,Private,2,5678.8614324,Apartment,Altdorf; Bremen,Apartment,Altdorf; Bremen,Bavaria; Bremen,,2011-06-15 00:00:00
894,b4325bb9-77d9-4bfa-826b-62448a9077b7,Atenor Group,Private,2,10741.7378952,Retail; Office,Dusseldorf,Apartment; Retail; Office,Dusseldorf,North Rhine-Westphalia,,2024-02-02 00:00:00
895,485b4a40-59d6-4953-8c53-dbbaa1ad56a2,AGIB Real Estate,Private,2,20299.50468,Office,Dusseldorf,Office,Dusseldorf,North Rhine-Westphalia,,2019-10-30 00:00:00
896,ef4c91d7-effc-42df-8c65-af4b0972a83d,RDR Beteiligungs GmbH,Private,2,20861.4909672,Retail; Office,Berlin; Hamburg,Office; Retail,Hamburg; Berlin; Munich,Hamburg; Berlin; Bavaria,,2019-04-04 00:00:00
897,735298e9-8b21-4631-80ca-8b9c3f81f92d,GSG Oldenburg,Private,2,38099.07036,Dev Site,Oldenburg (Oldenburg),Dev Site,Oldenburg (Oldenburg),Lower Saxony,,2013-03-21 00:00:00
898,878530fd-248c-4c82-967c-93e7ab2bba95,Interco Grundvermogen,Private,2,114897.19644,Office,Munich,Office; Industrial,Munich; Kirchheim bei Munchen,Bavaria,,2007-02-28 00:00:00
899,e19fdaf3-c6c3-4438-95f5-6ac18e9399a0,Stiller Immobilien,Private,2,44543.91310200001,Dev Site,Hamburg; Frankfurt am Main,Office; Dev Site,Hamburg; Frankfurt am Main; Unterfohring,Hamburg; Hesse; Bavaria,,2012-12-31 00:00:00
900,8e2c0cc6-9ebb-48d2-9d26-13d3dc418025,Government of Oman,Institutional,2,,Hotel,Dresden; Dusseldorf,Hotel,Dresden; Dusseldorf,Saxony; North Rhine-Westphalia,Oman Investment Fund (OIF),2015-12-11 00:00:00
901,eeb08c33-9bb1-42c5-ab4d-2cf41263b179,City of Bergisch Gladbach,User/Other,2,247591.9608384,Dev Site; Industrial,Bergisch Gladbach,Dev Site; Industrial,Bergisch Gladbach,North Rhine-Westphalia,,2019-11-28 00:00:00
902,52757386-cd21-4991-ae2a-5f876cb5eb28,Hoff und Partner,Private,2,98047.60758,Dev Site,Osnabruck; Datteln,Office; Dev Site,Osnabruck; Dortmund; Datteln,North Rhine-Westphalia; Lower Saxony,,2019-10-30 00:00:00
903,916cf1d5-9f37-4f1d-9f4b-b5659f9c30b2,State of Rhineland-Palatinate,User/Other,2,17357.46825488,Dev Site,Koblenz; Ludwigshafen am Rhein,Dev Site; Office,Koblenz; Mainz; Ludwigshafen am Rhein,Rhineland-Palatinate,,2018-11-27 00:00:00
904,2771a4e4-c2ca-466a-8d15-bd90fca1b85e,Franzen Group,Private,2,64998.414,Dev Site,Hagen; Hanover,Dev Site,Hanover; Hagen,Lower Saxony; North Rhine-Westphalia,,2013-07-25 00:00:00
905,e35c47b3-32a5-4e8c-8d1b-87f9ce64feb1,belvona GmbH,Private,2,1499.9634,Office; Apartment,Dusseldorf,Office; Apartment,Dusseldorf,North Rhine-Westphalia,,2020-08-12 00:00:00
906,24e14707-23f3-42a6-94d6-3b2166ffe646,Gewerbepark Rhein-Main,Private,2,54998.2834970549,Office; Industrial,Wiesbaden,Office; Industrial,Wiesbaden,Hesse,,2013-10-01 00:00:00
907,e965c271-5d1a-4e44-b3e3-c5e0b5fbdcf6,Neue Lubecker,Private,2,21499.4754,Apartment; Dev Site,Hamburg,Apartment; Dev Site,Hamburg,Schleswig-Holstein; Hamburg,,2013-01-01 00:00:00
908,d667b452-33db-4b4a-849d-40dc037643fa,Volksbank Schaumburg,Institutional,2,110797.29648,Office; Dev Site,Ludwigsburg; Rinteln,Office; Dev Site,Ludwigsburg; Rinteln,Baden-Wurttemberg; Lower Saxony,,2012-01-31 00:00:00
909,7f962e86-87d4-421d-840f-d25161fa0526,Aumann GmbH,Private,2,65998.3896,Dev Site,Babenhausen,Dev Site; Apartment,Babenhausen,Hesse,,2020-05-07 00:00:00
910,9bb99628-89fb-47f8-a82e-5afb407372d7,Ferraro Group,Private,2,251991.3529332,Dev Site,Eschweiler; Homburg,Dev Site,Eschweiler; Duisburg; Homburg,North Rhine-Westphalia; Saarland,,2023-06-01 00:00:00
911,0dabf063-5d2b-4020-a012-808e7970d819,Gewoba Nord,User/Other,2,20299.50468,Dev Site; Apartment,Schleswig; Hamburg,Dev Site; Apartment,Schleswig; Hamburg,Schleswig-Holstein; Hamburg,,2022-09-27 00:00:00
912,4c48b00f-c8f6-419c-a5d2-da2b723242e8,Volker Schlüschen und Dr. Jürgen Wernekinck GbR,Private,2,5081.8759992,Dev Site,Lubeck,Dev Site,Lubeck,Schleswig-Holstein,,2012-09-27 00:00:00
913,aab1d0e0-abde-4879-a97b-737132603df7,VBW Bauen und Wohnen GmbH,Private,2,,Apartment,Bochum,Apartment,Bochum,North Rhine-Westphalia,,2023-07-28 00:00:00
914,3e6940b7-e5fa-461b-bba8-0b3dada0a389,Vastint,Private,2,25999.3656,Dev Site,Bremen; Laatzen,Dev Site,Bremen; Laatzen,Bremen; Lower Saxony,,2020-04-24 00:00:00
915,e1958a29-cafb-49d1-93f6-865160ed2605,Herzog v Arenbergsche,Private,2,3177.9224568,Office; Retail,Munich; Bottrop,Office; Retail,Munich; Bottrop,Bavaria; North Rhine-Westphalia,,2023-09-27 00:00:00
916,edaf963b-5d29-4508-abfc-4859bfaa59c2,Prisma,Private,2,254993.778,Dev Site,Hamm; Friedrichshafen,Dev Site; Retail,Emden; Hamm; Friedrichshafen,Lower Saxony; North Rhine-Westphalia; Baden-Wurttemberg,,2019-02-25 00:00:00
917,8e6923c4-82c8-4ae8-b1f3-170abd9ba8dc,Space Plus Store,Private,2,18299.55348,Retail; Industrial,Hanover; Cologne,Retail; Industrial,Hanover; Cologne,Lower Saxony; North Rhine-Westphalia,,2023-10-02 00:00:00
918,f74185ac-5b2b-44a1-9ec6-a782ea3566c3,PlanQuadrat,Private,2,13599.66816,Dev Site,Stuttgart,Dev Site,Stuttgart,Baden-Wurttemberg,,2015-09-24 00:00:00
919,95755794-99ef-4391-908a-9e622d19ab31,Wachholtz Immobilien,Private,2,15489.622044,Hotel; Office,Bremen,Hotel; Office,Bremen,Bremen,,2020-10-17 00:00:00
920,c3343dab-d450-49b3-b6ed-ef873b4d398d,OK Business Property GmbH,Private,2,2299.94388,Office,Schwarzenberg/Erzgebei; Chemnitz,Office,Schwarzenberg/Erzgebei; Chemnitz,Saxony,,2018-03-27 00:00:00
921,1624e378-3852-4a7b-b0c1-a3ea7d7372bf,RJ Capital,Institutional,2,11263.7251584,Retail,Viersen; Neubrandenburg,Retail,Viersen; Neubrandenburg,North Rhine-Westphalia; Mecklenburg-West Pomerania,,2017-06-30 00:00:00
922,4618f748-d191-47ac-8d96-72f0311c6d99,Concept Immobilien,Private,2,12059.705736,Retail,Muhlacker; Waren (Muritz),Retail,"Muhlacker; Glinde; Hanau, Bruder-Grimm-Stadt",Mecklenburg-West Pomerania; Baden-Wurttemberg; Schleswig-Holstein,,2018-05-30 00:00:00
923,43b0e313-d20b-4c4a-8aa0-91e857aae3a7,Allgemeine Sudboden,Private,2,43398.94104,Office,Munich,Office; Apartment; Dev Site,Munich; Nuremberg,Bavaria,,2022-03-14 00:00:00
924,2ae80f99-1356-4cb4-8a57-d43dbc2a7f24,Hollman & Partner Vermogensverwaltung,Private,2,45998.8776,Hotel; Dev Site,Hamburg,Hotel; Dev Site; Industrial,Hamburg,Hamburg,,2020-03-15 00:00:00
925,35621c2a-5ec9-4607-a3b1-a1e61e221673,Pensimo,Institutional,2,10470.7445076,Office; Retail,Frankfurt am Main; Stuttgart,Office; Retail,Frankfurt am Main; Stuttgart,Hesse; Baden-Wurttemberg,,2018-03-05 00:00:00
926,c632cb67-2454-4c2a-961d-ae563edf8b24,FIRST INVEST Immobilien,Private,2,1029.974868,Retail; Apartment,Schwelm; Kassel,Retail; Apartment,Schwelm; Kassel,North Rhine-Westphalia; Hesse,,2021-03-04 00:00:00
927,8129a9a9-46a1-4b63-b59d-c986e88f075b,Evangelische Kirche im Rheinland,User/Other,2,30458.2568004,Office; Retail,Nuremberg; Hamburg,Office; Dev Site; Retail,Nuremberg; Wuppertal; Dusseldorf,North Rhine-Westphalia; Bavaria; Hamburg,,2017-11-28 00:00:00
928,94efad82-5ae8-4ee0-8c9f-74e20e77bf1d,Held Bau,Private,2,32153.2154424,Dev Site; Industrial,Hamburg; Seeland,Dev Site; Industrial,Hamburg; Seeland,Hamburg; Saxony-Anhalt,,2015-03-31 00:00:00
929,c9d65449-8dc5-41fd-bcfc-e6cffb88b74e,Citygrove Securities PLC,Private,2,11784.712446,Dev Site,Lubeck; Dusseldorf,Dev Site,Lubeck; Dusseldorf,Schleswig-Holstein; North Rhine-Westphalia,,2020-03-31 00:00:00
930,d390232a-f2ed-4319-826d-67356ae27578,K&K GmbH,Private,2,34369.161372,Dev Site,Monheim am Rhein; Duisburg,Dev Site; Hotel; Retail,Monheim am Rhein; Duisburg; Landshut,North Rhine-Westphalia; Bavaria,,2024-06-27 00:00:00
931,26cfe237-c40b-4b8f-bf4b-0bca008592e9,Carlsberg Group,User/Other,2,84997.92599999999,Industrial; Dev Site,Steinberg; Hamburg,Dev Site; Industrial,Hamburg; Steinberg,Hamburg; Saxony,,2020-10-13 00:00:00
932,4c48b00f-c8f6-419c-a5d2-da2b723242e8,Markus Römer,Private,2,24499.4022,Office; Industrial,Marl,Office; Industrial,Marl,North Rhine-Westphalia,,2017-02-02 00:00:00
933,eb868dd6-fa87-4e55-9804-bd54a7e91962,City of Hagen,User/Other,2,72728.225388,Dev Site; Retail,Hagen,Dev Site; Office; Retail,Hagen,North Rhine-Westphalia,,2023-12-11 00:00:00
934,ca16bd52-edf1-4c9c-8e92-fbdbbbc34bba,Timon Gruppe,Private,2,20799.49248,Retail; Dev Site,Ludwigshafen am Rhein; Karlsruhe,Retail; Dev Site; Industrial,Ludwigshafen am Rhein; Karlsruhe; Filderstadt,Baden-Wurttemberg; Rhineland-Palatinate,,2018-06-30 00:00:00
935,bd98ffcd-ac51-4d5b-a0f8-763832326f5a,German Property AS,Private,2,138287.307699184,Office; Industrial,Bensheim; Herborn,Office; Industrial; Apartment,Bensheim; Herborn; Aschaffenburg,Hesse; Bavaria; Baden-Wurttemberg,,2023-09-11 00:00:00
936,a9737eb2-b3ff-4ad3-9a06-475191a8a370,Tamara Leisure Experiences,Private,2,4499.8902,Hotel,Gutersloh; Hanover,Hotel,Gutersloh; Hanover,North Rhine-Westphalia; Lower Saxony,Tamara Hospitality Ventures,2016-09-30 00:00:00
937,d895b73f-cea0-4367-85ce-3ca3d683abed,Sybil Europe,Private,2,13499.6706,Retail,Weisswasser/O.L.,Retail,Weisswasser/O.L.,Saxony,,2006-11-26 00:00:00
938,4e6e5eeb-7679-456a-805a-115adb88e4d0,Dudoq Real Estate,Private,2,10599.74136,Dev Site,Essen; Walldorf,Dev Site; Office,Essen; Neustadt an der Weinstrasse; Walldorf,North Rhine-Westphalia; Rhineland-Palatinate; Baden-Wurttemberg,,2022-04-26 00:00:00
939,e4807c1e-e6bc-4a76-99a5-7c5bb20915bb,pro invest GmbH,Private,2,4739.884344,Dev Site; Apartment,Solingen; Berg,Hotel; Apartment; Dev Site,Ulm; Solingen; Cologne,Baden-Wurttemberg; North Rhine-Westphalia; Bavaria,,2024-01-22 00:00:00
940,0db4e39a-9dd9-4c0c-9205-5cd41dde3af1,Targetfollow Group Limited,Private,2,24899.18521503708,Industrial; Office,,Industrial; Office,Troisdorf,North Rhine-Westphalia,,2016-10-18 00:00:00
941,8abf9752-47bb-4e75-85a4-4e769a7c777a,City of Detmold,User/Other,2,13599.66816,Dev Site; Office,Detmold,Dev Site; Office,Detmold,North Rhine-Westphalia,,2024-02-02 00:00:00
942,b9293a95-8a23-4cfb-a553-e09aea7afed1,Alpha Invest Projekt,Private,2,16999.4437211096,Apartment,Munich,Apartment; Industrial; Office,Munich; Biebesheim am Rhein,Bavaria; Hesse,,2012-11-27 00:00:00
943,4c48b00f-c8f6-419c-a5d2-da2b723242e8,CMS Projekt Entwicklung GmbH,Private,2,28999.2924,Dev Site,Munich,Dev Site,Munich,Bavaria,,2022-11-07 00:00:00
944,f9cb0840-fd71-4f29-b4ea-b852a05a6abe,UTB Projekt,Private,2,72998.2188,Dev Site,Munster; Greifswald,Dev Site,Munster; Greifswald,North Rhine-Westphalia; Mecklenburg-West Pomerania,,2023-12-20 00:00:00
945,bec64494-a53b-4197-8c9a-2b1711951ff5,KZVK,Institutional,2,28979.292888,Apartment; Office,Dortmund; Munich,Retail; Apartment; Office,Bochum; Dortmund; Munich,North Rhine-Westphalia; Bavaria,,2020-12-31 00:00:00
946,773d9bbc-28e6-4c37-8b25-fb9a438414a1,Sassenscheidt,Private,2,22648.4473644,Dev Site,Dusseldorf; Essen,Dev Site; Apartment,Dresden; Dusseldorf; Markranstadt,Saxony; North Rhine-Westphalia,,2023-03-01 00:00:00
947,c3fa818c-2799-4be7-bf74-59b0c9eed030,Tyburn Lane Private Equity,Institutional,2,63159.1492205206,Office,Wiesbaden,Office; Retail,Wiesbaden; Dusseldorf,Hesse; North Rhine-Westphalia,,2016-06-06 00:00:00
948,f7002fa9-f52f-42ae-935a-4cad2cc9d05f,Asschenfeldt Invest,Private,2,9624.756789000001,Retail; Office,Dortmund; Iserlohn,Retail; Office,Wankendorf; Dortmund; Iserlohn,Schleswig-Holstein; North Rhine-Westphalia,,2017-11-03 00:00:00
949,b52b4f3b-75c9-4f06-b7fc-898656fb713a,GRED - German Real Estate Development,Private,2,6529.840668000001,Office; Industrial,Dortmund; Essen,Office; Industrial,Dortmund; Essen,North Rhine-Westphalia,,2023-10-01 00:00:00
950,2408a34e-e34a-492a-89f3-0c87233ceb90,Iron Mountain,Public,2,47291.8460508,Dev Site; Data Center,Frankfurt am Main,Data Center; Dev Site,Frankfurt am Main,Hesse,,2021-09-23 00:00:00
951,4a8bb585-beaf-4163-9902-e6c012ed95f5,PMM Group,Institutional,2,18199.55592,Apartment,Berlin,Apartment; Retail,Berlin; Dinslaken,Berlin; North Rhine-Westphalia,,2015-12-04 00:00:00
952,e27ce0ab-e4d8-4aa2-b8d3-741c26f635e6,Friedrich Boysen GmbH,User/Other,2,88497.8406,Dev Site,Achim; Plauen,Dev Site,Achim; Plauen,Lower Saxony; Saxony,,2015-03-31 00:00:00
953,957c3a40-621c-4165-98b7-910c0659579d,City of Aalen,User/Other,2,44998.90199999999,Dev Site; Apartment,Aalen,Dev Site; Apartment,Aalen,Baden-Wurttemberg,Wohnungsbau Aalen,2017-09-18 00:00:00
954,323be254-5147-4489-bb4e-1147e2f26400,HRS Grundbesitz Invest,Private,2,9651.7644912,Retail; Apartment,Grimma; Dresden,Retail; Apartment,Gera; Grimma; Dresden,Saxony; Thuringia; Mecklenburg-West Pomerania,,2019-11-22 00:00:00
955,2dcad25c-b772-4b62-8941-541d39d3f078,Itelligence AG,User/Other,2,10099.75356,Office,Dresden; Bautzen,Office,Dresden; Bautzen,Saxony,,2017-04-03 00:00:00
956,a807b06e-b958-4b92-863b-b82d6bafb36f,Theed.Projekt,Private,2,47998.8288,Dev Site,Muhlau; Augustusburg,Seniors Housing & Care; Dev Site,Plauen; Muhlau; Augustusburg,Saxony,,2022-10-13 00:00:00
957,0d50f21a-0059-42a7-81a6-4eeb086078c7,Baugenossenschaft Schwarzwald-Baar,Private,2,3999.9024,Apartment,Donaueschingen,Apartment,Donaueschingen,Baden-Wurttemberg,,2011-06-15 00:00:00
958,ec492709-4e54-49e3-b888-5133ec4984d2,[id] Immobilien in Deutschland,Public,2,14059.656936,Office; Apartment,Berlin; Potsdam,Office; Apartment,Berlin; Potsdam,Berlin; Brandenburg,,2015-06-22 00:00:00
959,5f68d389-3e8f-48da-ae5a-ca3bf3baa545,Horizon AM,Private,2,895.9781376,Retail; Other General,Leipzig; Aachen,Retail; Other General,Leipzig; Aachen,Saxony; North Rhine-Westphalia,,2018-03-01 00:00:00
960,1c9bedb5-09f3-4517-8419-ba284da83cb0,Versorgungseinrichtung der Bezirksarztekammer Koblenz,Institutional,2,6215.848329599999,Dev Site; Office,Koblenz; Berlin,Dev Site; Office,Koblenz; Berlin,Rhineland-Palatinate; Berlin,,2017-11-01 00:00:00
961,916c3dfd-4f6d-4848-9e58-3af039d323f4,Aquila Real GmbH,Private,2,14199.65352,Industrial,Haan; Berlin,Industrial,Haan; Berlin,North Rhine-Westphalia; Berlin,,2023-12-31 00:00:00
962,eaec89f4-a785-447d-ad8f-3beae31bdffa,City of Sindelfingen,User/Other,2,8299.797480000001,Hotel; Dev Site,Sindelfingen,Hotel; Dev Site,Sindelfingen,Baden-Wurttemberg,,2023-07-20 00:00:00
963,38fe324b-d20d-47a8-afe1-10cfa6f72e57,Wago,User/Other,2,139995.5851392,Industrial; Dev Site,Minden; Garbsen,Industrial; Dev Site,Minden; Garbsen,North Rhine-Westphalia; Lower Saxony,,2023-02-21 00:00:00
964,9b529160-fab9-42b8-beb8-80e44724158b,Thermo Sensor GmbH,User/Other,2,79998.048,Dev Site,Werne,Dev Site; Industrial,Werne; Bonen,North Rhine-Westphalia,,2017-11-09 00:00:00
965,996bfd0e-04dc-4b4f-a653-8584498e77cc,NorCap A/S,Private,2,7828.728974352,Apartment; Office,Dresden,Apartment; Office,Dresden,Saxony,,2008-05-15 00:00:00
966,999fe7d4-c4b5-4974-b2b7-5dab0410a312,Herner Gesellschaft fur Wohnungsbau,Private,2,27999.3168,Dev Site; Office,Herne,Dev Site; Office,Herne,North Rhine-Westphalia,,2017-01-18 00:00:00
967,d3c3d6b2-8e84-44d4-a7e7-2f050f827277,Kleespies GmbH,Private,2,14999.53411392,Dev Site,"Hattersheim am Main; Hanau, Bruder-Grimm-Stadt",Apartment; Dev Site,"Hanau; Hattersheim am Main; Hanau, Bruder-Grimm-Stadt",Hesse,,2021-08-31 00:00:00
968,aedd7d76-f88d-4ee3-bd1a-7b9edb981038,JCH Projekt GmbH,Private,2,3441.9160152,Office; Retail,Berlin,Office; Retail,Berlin,Berlin,,2016-11-09 00:00:00
969,9e0724e0-0cc7-43b0-bb4e-97f7021b4c09,Scherbaum Real Estate,Private,2,13449.67182,Dev Site,Munich; Wolfratshausen,Office; Dev Site; Retail,Munich; Erding; Wolfratshausen,Bavaria; Baden-Wurttemberg,,2019-06-30 00:00:00
970,99e43806-936a-4156-9439-4cb70e66628e,FC REAL estate,Private,2,44755.9079292,Other General; Dev Site,Essen,Other General; Dev Site,Essen,North Rhine-Westphalia,,2022-04-11 00:00:00
971,e27ce0ab-e4d8-4aa2-b8d3-741c26f635e6,Brillux GmbH & Co. KG,User/Other,2,11001.7315512,Retail; Dev Site,Munster; Aachen,Retail; Dev Site,Munster; Aachen,North Rhine-Westphalia,,2016-09-20 00:00:00
972,b76ed47c-ca5c-4514-a786-c5216b96f4b7,VSW Rechtsanwalte Nordrhein-Westfalen,Institutional,2,19599.52176,Office; Apartment,Hamburg; Berlin,Office; Apartment,Hamburg; Berlin,Hamburg; Berlin,,2012-05-07 00:00:00
973,9dd93944-716b-48d6-8fd0-851123336ff4,Nord-Immo Management,Institutional,2,11279.724768,Office,Hamburg,Office,Hamburg,Hamburg,,2013-03-01 00:00:00
974,b5dcf351-9345-499c-a7a2-cdaeb6f92d60,WHB,Private,2,7684.812486000001,Apartment; Dev Site,Hamburg,Apartment; Dev Site,Hamburg,Hamburg,,2011-02-01 00:00:00
975,c8b47389-03e7-498b-8d94-545fbf4f0871,Caspar & Dr Demuth,Private,2,14499.6462,Office; Industrial,Leinfelden-Echterdingen; Esslingen am Neckar,Office; Industrial,Leinfelden-Echterdingen; Esslingen am Neckar,Baden-Wurttemberg,,2017-09-12 00:00:00
976,db4e5263-7d9a-4291-a47f-f82945be983c,Hyundai AM,Institutional,2,66412.3794984,Office; Industrial,Cologne; Munich,Office; Industrial,Cologne; Munich,North Rhine-Westphalia; Bavaria,,2019-04-15 00:00:00
977,2f36f096-8cc0-4943-b5fd-eb8581fe2e9f,Carl Zeiss AG,User/Other,2,74197.1895444,Dev Site; Office,Wetzlar; Dresden,Dev Site; Office,Wetzlar; Dresden,Hesse; Saxony,,2022-11-30 00:00:00
978,decc70f3-b0f8-40e4-861e-4107b2db775a,Immogate AG,Private,2,904970.3849248,Dev Site,Kelsterbach; Neuss,Dev Site,Kelsterbach; Neuss,Hesse; North Rhine-Westphalia,,2017-04-11 00:00:00
979,14424576-eaec-4a50-86e8-8844d4d4ff54,ArteCare,Private,2,9277.773616800001,Seniors Housing & Care,Goslar; Velbert,Seniors Housing & Care,Goslar; Velbert,Lower Saxony; North Rhine-Westphalia,,2023-04-01 00:00:00
980,fa02f5f5-e8bf-4997-b40b-e982a37a5e6c,Noerpel-Gruppe,User/Other,2,46498.51579872,Dev Site; Industrial,Villingen-Schwenningen; Otigheim,Dev Site; Industrial,Villingen-Schwenningen; Otigheim,Baden-Wurttemberg,,2023-11-23 00:00:00
981,e27ce0ab-e4d8-4aa2-b8d3-741c26f635e6,Nagel Gruppe,User/Other,2,51698.73852,Industrial; Dev Site,Wustermark; Versmold,Industrial; Dev Site,Wustermark; Versmold,Brandenburg; North Rhine-Westphalia,,2013-09-01 00:00:00
982,2279faa2-ed3d-45b7-ac6a-3c7d60f6abb4,Walter Immobilien,Private,2,28109.314116,Apartment; Dev Site,Berlin; Hagen,Apartment; Dev Site,Berlin; Hagen,Berlin; North Rhine-Westphalia,,2019-07-24 00:00:00
983,4c48b00f-c8f6-419c-a5d2-da2b723242e8,AG Anna B.V.,Private,2,,Apartment,Dortmund,Apartment,Dortmund,North Rhine-Westphalia,,2014-01-31 00:00:00
984,311f765a-955e-481a-a65f-ef6f19be789c,Lincoln Equities Group,Private,2,,Apartment,Dortmund,Apartment,Dortmund,North Rhine-Westphalia; Berlin,,2014-01-31 00:00:00
985,d69d1003-ceaa-499e-8e00-ceeea68946b2,Wohnen und Leben AG,Private,2,141316.551792,Dev Site; Apartment,Schwalmtal; Oberhausen,Dev Site; Apartment,Schwalmtal; Oberhausen,North Rhine-Westphalia,,2023-09-01 00:00:00
986,4ec0b4d1-d552-4613-91c4-7e1d24a71455,GMP Projekte,Private,2,10499.7438,Dev Site,Paderborn; Witten,Dev Site; Seniors Housing & Care,Duisburg; Paderborn; Witten,North Rhine-Westphalia,,2019-12-16 00:00:00
987,4ac04b85-1413-4fa9-9a88-bbdae6eaeb05,GBO Gemeinnutziger Bauverein Opladen,Private,2,3199.92192,Dev Site; Apartment,Leverkusen,Dev Site; Apartment,Leverkusen,North Rhine-Westphalia,,2013-11-20 00:00:00
988,2c258f51-c4ff-4bd3-8724-92123821cdc4,Lauer Immobiliengrouppe,Private,2,22899.44124,Industrial; Office,Nuremberg,Industrial; Office,Nuremberg,Bavaria,,2021-01-19 00:00:00
989,5f07e732-1e10-44b5-a955-d2c39b58c096,IWES Gruppe,Private,2,9999.756000000001,Dev Site; Retail,Giessen,Dev Site; Retail,Giessen,Hesse,,2015-12-09 00:00:00
990,5ff1a43f-88ac-415f-ba51-e2480684298b,Park Street Advisors,Institutional,2,16162.6056228,Retail,Bad Freienwalde (Oder); Backnang,Retail,Bad Freienwalde (Oder); Backnang,Brandenburg; Baden-Wurttemberg,,2016-06-15 00:00:00
991,dd94f8b5-f59f-47bc-b71e-ce369aa8b11d,Savvy Group GmbH,<unknown>,2,5068.79122,Industrial; Dev Site,Cologne,Industrial; Dev Site,Cologne,North Rhine-Westphalia,,2021-08-03 00:00:00
992,5f0e3583-9a47-474d-a80e-e1c755210d37,DGS Management GmbH,Private,2,14611.6434672,Dev Site; Office,Kassel,Seniors Housing & Care; Dev Site; Office,Kassel; Schoningen; Kirkel,Lower Saxony; Hesse; Saarland,,2023-12-01 00:00:00
993,688ce80a-15a9-46cb-8e1b-0dbe0ccf6500,Volksbank Bielefeld-Gutersloh,Institutional,2,11999.7072,Dev Site,Gutersloh,Dev Site,Gutersloh,North Rhine-Westphalia,,2016-04-27 00:00:00
994,5958cc7f-7482-4ac8-adcc-18bb7a85a336,Altmarktkarree,Private,2,6999.8292,Retail; Apartment,Flensburg,Apartment; Retail,Hamburg; Flensburg,Hamburg; Schleswig-Holstein; Saxony,,2012-04-02 00:00:00
995,644ea0ee-a26d-461a-82bf-5b1d95ce6bd4,RT Gruppe AG,Private,2,11929.708908,Dev Site,Chemnitz; Bad Lausick,Dev Site,Chemnitz; Bad Lausick,Saxony,,2022-05-02 00:00:00
996,4c48b00f-c8f6-419c-a5d2-da2b723242e8,Moses-Leininger,Private,2,10599.74136,Retail,Gotha; Saalfeld/Saale,Retail,Gotha; Saalfeld/Saale,Thuringia,,2013-07-13 00:00:00
997,e27ce0ab-e4d8-4aa2-b8d3-741c26f635e6,Ernst Frankenbach GmbH,User/Other,2,47148.84954,Industrial; Dev Site,Mainz,Industrial; Dev Site,Mainz,Rhineland-Palatinate,,2017-09-19 00:00:00
998,685e2dfc-ef70-4743-a942-1934e10698d0,Pears Global,Institutional,2,2799.93168,Retail; Hotel,Bonn; Berlin,Retail; Hotel,Bonn; Berlin,North Rhine-Westphalia; Berlin,,2017-12-20 00:00:00
999,524cdd63-bf84-49c2-83ba-07e3928b9db9,Maiberg Wohnbau,Private,2,228992.97237568,Dev Site,"Hanau, Bruder-Grimm-Stadt; Wurzburg",Dev Site,"Hanau, Bruder-Grimm-Stadt; Wurzburg",Hesse; Bavaria,,2013-05-13 00:00:00
1000,b6d20fee-74f5-4f92-b8b3-503701749192,Igal Ahouvi Group,Private,2,50584.8586016,Office,Berlin,Office,Berlin,Berlin,Blenheim Property Group Limited,2007-09-07 00:00:00
1001,1f0324f3-1fa6-49be-8056-9d908672d108,GEM Ingenieurgesellschaft,Private,2,110997.2916,Dev Site; Apartment,Karlsruhe; Heidelberg,Dev Site; Apartment,Karlsruhe; Heidelberg,Baden-Wurttemberg,,2014-05-19 00:00:00
1002,f6fb0326-4ce4-4205-9ef7-a87cffa2d753,SEPA mbH,Private,2,55998.6336,Dev Site,Frankfurt am Main; Mosbach,Office; Dev Site; Retail,Frankfurt am Main; Mosbach; Gaggenau,Baden-Wurttemberg; Hesse; North Rhine-Westphalia,,2012-05-10 00:00:00
1003,d67d12a7-e1a1-4a27-9160-a700a651f7f8,Grimm Holding,Private,2,32141.17827792,Dev Site,Munster; Konigs Wusterhausen,Dev Site,Munster; Konigs Wusterhausen,North Rhine-Westphalia; Brandenburg,,2023-06-22 00:00:00
1004,b8adbacf-2a69-402d-ada3-81ed43451924,Prime Estates GmbH,Private,2,6201.848671199999,Dev Site; Office,Bad Homburg vor der Hohe; Frankfurt am Main,Apartment; Dev Site; Office,Bad Homburg vor der Hohe; Frankfurt am Main,Hesse,,2014-07-06 00:00:00
1005,78c12088-c408-447e-9cca-b00a429838ea,Timeless Investments,Private,2,,Other Hospitality,Fintel; Leiwen,Other Hospitality,Fintel; Leiwen,Lower Saxony; Rhineland-Palatinate,,2019-12-10 00:00:00
1006,f4fda021-f314-4fa3-92c2-f1560fe68fd8,Peek Immobilien,Private,2,11284.724646,Apartment,Osnabruck,Apartment,Osnabruck,Lower Saxony,,2009-09-15 00:00:00
1007,133b2086-e372-42af-89de-915a1b6905b2,Bremer Heimstiftung,User/Other,2,101881.5140304,Office; Dev Site,Bremen,Office; Dev Site,Bremen,Bremen,,2015-11-05 00:00:00
1008,26a8cab4-f967-4112-b2d9-0c2b64cff0c8,H.I.G. Capital,Institutional,2,11499.7194,Hotel; Retail,Bad Sobernheim; Mannheim,Hotel; Retail,Bad Sobernheim; Mannheim,Rhineland-Palatinate; Baden-Wurttemberg,,2019-11-20 00:00:00
1009,4c48b00f-c8f6-419c-a5d2-da2b723242e8,Karl Konecke,Private,2,,Hotel,Worpswede,Hotel,Worpswede,Lower Saxony,,2011-09-15 00:00:00
1010,20ae209e-a82a-4e90-a89c-d7b433d3a454,BOB AG,Private,2,21068.4859164,Dev Site,Hanover; Dusseldorf,Dev Site,Hanover; Dusseldorf,Lower Saxony; North Rhine-Westphalia,,2019-12-31 00:00:00
1011,5d607468-8709-4aa3-8a82-dab25304d9da,2VN Immo Concito GmbH,Private,2,8999.7804,Industrial; Dev Site,Frankfurt am Main,Industrial; Dev Site,Frankfurt am Main,Hesse,,2021-03-04 00:00:00
1012,55ccead6-c9ab-43d6-a96c-57ff012dee87,Flughafen Leipzig/Halle,User/Other,2,63988.438644,Dev Site; Industrial,Schkeuditz,Dev Site; Industrial,Schkeuditz,Saxony,,2021-10-20 00:00:00
1013,12d8601b-8fa6-4fc7-bc27-d63f7185f62d,Kuhne Holding AG,User/Other,2,30547.2546288,Hotel; Office,Hamburg,Hotel; Office,Hamburg,Hamburg,,2013-05-15 00:00:00
1014,9c313ef7-8c7c-4af4-b8e0-9d2ad7a644fb,Deutsche Gesetzliche Unfallversicherung e.V. (DGUV),Institutional,2,27599.32656,Office; Dev Site,Berlin; Bochum,Office; Dev Site,Berlin; Bochum,Berlin; North Rhine-Westphalia,,2022-11-17 00:00:00
1015,7210dfcc-5ae5-4d8e-8ac5-47e14fe60d89,Continentale Versicherungsverbund,Institutional,2,25779.370968,Office; Dev Site,Dortmund,Office; Dev Site,Dortmund,North Rhine-Westphalia,,2020-03-01 00:00:00
1016,ef226510-827b-4736-aa07-45b707084421,Teamrheinruhr,Private,2,16724.59191,Dev Site,Dortmund; Wuppertal,Apartment; Dev Site; Office,Dortmund; Wuppertal,North Rhine-Westphalia,,2021-01-28 00:00:00
1017,1a9a5647-d9ea-42f7-b941-ae184fa47e96,Hagag Group Real Estate,Private,2,16548.5962044,Retail,Brilon; Ingolstadt,Retail,Brilon; Ingolstadt,North Rhine-Westphalia; Bavaria,,2021-12-01 00:00:00
1018,a091efd1-fbe5-4439-87c1-0538685b0f98,Wohnstatten Wanne-Eickel,User/Other,2,16999.5852,Dev Site; Apartment,Herne,Dev Site; Apartment,Herne,North Rhine-Westphalia,,2017-06-01 00:00:00
1019,4c48b00f-c8f6-419c-a5d2-da2b723242e8,Kevin & Markus Aumann; Michael Ketzler,Private,2,4649.88654,Retail; Industrial,Aschaffenburg; Neu-Anspach,Retail; Industrial,Aschaffenburg; Neu-Anspach,Bavaria; Hesse,,2020-07-03 00:00:00
1020,a053ed91-7e9a-4618-a457-4450bb56b1cf,Auvidis AG,Private,2,58998.5604,Dev Site,Wurselen; Leverkusen,Dev Site,Wurselen; Leverkusen,North Rhine-Westphalia,,2022-10-26 00:00:00
1021,ed4f6cb2-4ded-4d0f-8378-560b1e59159e,ELEMENT,Private,2,699.98292,Apartment,Munich,Apartment,Munich,Bavaria,,2017-06-08 00:00:00
1022,1abf50a6-7e8b-47a6-92c6-55e654947c15,CapitaLand Integrated Commercial Trust,Public,2,94596.24140520001,Office,Frankfurt am Main,Office,Frankfurt am Main,Hesse,CapitaLand Mall Trust,2020-11-03 00:00:00
1023,33d854ec-bdda-47ee-9f29-8cf4863cca0e,Immovaria AG,Public,2,17299.57788,Office; Industrial,Berlin; Schwabach,Office; Industrial,Berlin; Schwabach,Berlin; Bavaria,,2023-07-04 00:00:00
1024,4c48b00f-c8f6-419c-a5d2-da2b723242e8,Theune Spa Management GmbH,Private,2,56998.43439936,Dev Site,Olching; Dusseldorf,Dev Site,Olching; Dusseldorf,Bavaria; North Rhine-Westphalia,,2024-04-03 00:00:00
1025,4c48b00f-c8f6-419c-a5d2-da2b723242e8,Friedrich Knapp,Private,2,38999.0484,Retail,Hanover; Braunschweig,Retail,Hanover; Braunschweig,Lower Saxony,,2013-04-05 00:00:00
1026,b9ad6b74-79d3-44b6-9dc9-93686651b06e,Alderan,Institutional,2,5935.8551616,Industrial,Gunzburg; Rendsburg,Industrial,Gunzburg; Rendsburg,Bavaria; Schleswig-Holstein,,2024-06-13 00:00:00
1027,80a8c9db-c8eb-4254-8264-c5fb3e678b33,Activimmo,Private,2,5935.8551616,Industrial,Gunzburg; Rendsburg,Industrial,Gunzburg; Rendsburg,Bavaria; Schleswig-Holstein,,2024-06-13 00:00:00
1028,b59eb7eb-e03a-4cd4-a91d-196c012c2517,Stuckert Wohnbau,Private,2,64098.43596,Dev Site,Achern; Freiburg im Breisgau,Dev Site,Achern; Freiburg im Breisgau,Baden-Wurttemberg,,2019-07-31 00:00:00
1029,b42852a8-4cbd-4863-9aff-a0e4c1991f03,Nox Capital,Private,2,11899.70964,Apartment,Berlin,Apartment,Berlin,Berlin,,2023-09-30 00:00:00
1030,b36f7a03-4c7e-4748-bd98-a654791f3d54,Roller,User/Other,2,29327.2843968,Retail,Euskirchen; Dortmund,Retail,Euskirchen; Dortmund,North Rhine-Westphalia,,2011-10-12 00:00:00
1031,114f6084-0311-4f24-a4db-a42bceef73d9,Urban Progress,Private,2,6099.85116,Dev Site; Office,Munich,Office; Dev Site,Munich,Bavaria,,2023-10-23 00:00:00
1032,cca5415e-2a5d-42e4-b18c-5596c03310fa,Pinetrees Investment Group GmbH,Institutional,2,6899.83164,Office,Dusseldorf,Office,Dusseldorf,North Rhine-Westphalia,,2021-06-30 00:00:00
1033,2ccd16da-1e6d-4841-bf22-9c2fdd4fda1a,State of Thuringia,User/Other,2,9999.756,Dev Site; Apartment,Jena; Gera Städte,Dev Site; Apartment,Gera; Horselberg-Hainich; Jena,Thuringia,,2022-09-20 00:00:00
1034,3bde2445-f075-4914-b662-0eab76bc28fb,First Sponsor Group,Public,2,18999.5364,Hotel,Dresden; Frankfurt am Main,Hotel,Dresden; Frankfurt am Main,Saxony; Hesse,,2019-03-29 00:00:00
1035,4621ab40-c332-4ed2-b54b-65bc31f19813,PAMCO,Institutional,2,119431.0858104,Office; Industrial,Frankfurt am Main; Dortmund,Office; Industrial,Frankfurt am Main; Dortmund,Hesse; North Rhine-Westphalia,Pacific AMC,2021-04-28 00:00:00
1036,dff0eea9-30e5-40e2-9c82-af5ab31bd71d,Erzbistum München und Freising,User/Other,2,,Apartment,Munich,Apartment,Munich,Bavaria,,2015-07-14 00:00:00
1037,78006eb7-5cb2-448c-9e3e-660b5aa0e0fa,Erzbistum Berlin,User/Other,2,799.98048,Dev Site; Apartment,Potsdam; Gottingen,Dev Site; Other General; Apartment,Potsdam; Aachen; Gottingen,Brandenburg; North Rhine-Westphalia; Lower Saxony,,2023-01-12 00:00:00
1038,3e1c581d-c3eb-4ad1-9bd9-7b77fcb0a242,LMV Versicherung,Institutional,2,32499.207,Dev Site; Retail,Munster,Dev Site; Retail,Munster; Dusseldorf,North Rhine-Westphalia,,2022-07-11 00:00:00
1039,26561af1-4c27-4496-bffa-aa0e56bf4fff,Freiherr von Maydell GmbH,Private,2,5999.8536,Retail,Emmendingen; Lahr/Schwarzwald,Retail; Office,Frankfurt am Main; Emmendingen; Lahr/Schwarzwald,Baden-Wurttemberg; Hesse,,2019-05-10 00:00:00
1040,4c48b00f-c8f6-419c-a5d2-da2b723242e8,Projektentwicklungsgesellschaft Niederrad mbH & Co. KG,Private,2,9329.772348,Dev Site,Frankfurt am Main,Dev Site,Frankfurt am Main,Hesse,,2015-02-15 00:00:00
1041,145ad92d-4cf5-4629-9e06-8f4c675d6dec,GP Papenburg Hochbau GmbH,Private,2,12548.6938044,Retail; Dev Site,Zwickau; Halle (Saale),Dev Site; Retail; Hotel,Halle (Saale); Zwickau,Saxony-Anhalt; Saxony,,2022-05-04 00:00:00
1042,a61157b0-eb52-42c2-a08c-138fa33f2cc8,Tempelmann,Private,2,132296.77188,Industrial; Dev Site,Dorsten; Gelsenkirchen,Industrial; Dev Site,Dorsten; Gelsenkirchen,North Rhine-Westphalia,,2016-11-30 00:00:00
1043,138e696a-7f76-4509-aa1f-59a0b47508e3,VSW Arztekammer des Saarlandes,Institutional,2,11599.71696,Office,Frankfurt am Main; Mainz,Office,Frankfurt am Main; Mainz,Hesse; Rhineland-Palatinate,,2020-06-10 00:00:00
1044,4c48b00f-c8f6-419c-a5d2-da2b723242e8,Cresco Real Estate Investments (CREI),Private,2,12999.6828,Office,Hanover; Berlin,Office,Hanover; Berlin,Lower Saxony; Berlin,,2022-10-01 00:00:00
1045,6ed95d71-90aa-4b35-b86c-13bb4202a672,Wacker,User/Other,2,20199.50712,Office,Munich,Office,Munich,Bavaria,,2022-08-29 00:00:00
1046,1db49903-58bf-48e4-98a7-89f36fd39d2f,Bruton Capital,Institutional,2,11257.7253048,Retail,Hof; Alsfeld,Retail,Hof; Neunkirchen; Alsfeld,Bavaria; Saarland; Hesse,,2021-03-01 00:00:00
1047,b4207b4e-8b7d-46b5-b7de-5a1da999e5ab,Hawridge Properties,Private,2,273991.1918208,Dev Site,Schonefeld,Dev Site,Schonefeld,Brandenburg,,2015-01-12 00:00:00
1048,1f9cafdb-ffa9-4edb-8b6e-4d869bef690c,Husqvarna Group,User/Other,2,173994.5890624,Industrial; Dev Site,Ulm; Gerstetten,Industrial; Dev Site,Ulm; Gerstetten,Baden-Wurttemberg,,2023-01-25 00:00:00
1049,4c48b00f-c8f6-419c-a5d2-da2b723242e8,Peter Pistor,Private,2,11099.72916,Office,Berlin,Office,Berlin,Berlin,,2015-03-31 00:00:00
1050,d2ae284d-57cf-4e42-a8b7-7542bd473c09,Wohnstatte Krefeld,Private,2,3357.7776,Dev Site; Apartment,Krefeld,Dev Site; Apartment,Krefeld,North Rhine-Westphalia,,2013-10-14 00:00:00
1051,a9527d82-19f7-41d3-b47f-3c71755e7f17,SIB Suievia Immobilien,Institutional,2,8569.790892,Industrial,Remseck am Neckar; Dresden,Industrial,Remseck am Neckar; Dresden,Baden-Wurttemberg; Saxony,,2016-11-28 00:00:00
1052,294cf0fc-c9c4-426c-a104-b48e4a9833db,OSTRA Immobilien GmbH,Private,2,3140.9233596,Office; Apartment,Weyhe; Bremen,Office; Apartment,Weyhe; Bremen,Lower Saxony; Bremen,,2019-11-20 00:00:00
1053,d73427cc-3c0c-465a-8441-cdf5df5dd7d0,Lauenburgische Treuhand GmbH,Private,2,23199.43392,Retail; Dev Site,Molln; Bad Oldesloe,Retail; Seniors Housing & Care; Dev Site,Molln; Bad Oldesloe,Schleswig-Holstein,,2023-07-12 00:00:00
1054,4c48b00f-c8f6-419c-a5d2-da2b723242e8,CLERI Beteiligungs GmbH Wien,Private,2,11449.72062,Retail,Offenburg; Langenfeld (Rheinland),Retail,Offenburg; Langenfeld (Rheinland),Baden-Wurttemberg; North Rhine-Westphalia,,2021-07-22 00:00:00
1055,9e4ce5ed-050f-4714-b7db-eb4f0a0dae86,ON Real Estate GmbH,Private,2,12399.69744,Industrial; Office,Langenfeld (Rheinland); Dusseldorf,Apartment; Industrial; Office,Dusseldorf; Langenfeld (Rheinland),North Rhine-Westphalia,,2019-07-08 00:00:00
1056,4c48b00f-c8f6-419c-a5d2-da2b723242e8,Braun Leberfinger Ludwig,Private,2,24499.4022,Industrial; Retail,Munich,Industrial; Retail,Munich,Bavaria,,2014-03-27 00:00:00
1057,8be56b0d-cfe6-423a-888f-29c5eaef6439,Gert Lichius Baubetreuungs GmbH,Private,2,3614.911794,Dev Site,Meerbusch; Krefeld,Dev Site; Office,Neuss; Meerbusch; Krefeld,North Rhine-Westphalia,,2024-04-23 00:00:00
1058,423e2b67-c1c1-4f7d-a8da-4ae24350f3e6,HBK,Private,2,8199.79992,Dev Site; Office,Hamburg,Office; Dev Site; Apartment,Hamburg,Hamburg,,2016-05-19 00:00:00
1059,26aa984b-7aa2-4237-ac21-60c39b432137,WGH-Herrenhausen eG,User/Other,2,4399.89264,Dev Site; Office,Hanover,Dev Site; Office,Hanover,Lower Saxony,,2022-03-26 00:00:00
1060,cbb9f75c-10d5-45ac-ba2e-0f72712560c9,Logistea AB,Public,2,53605.6919892,Industrial,Ohrdruf; Arendsee (Altmark),Industrial,Ohrdruf; Arendsee (Altmark),Thuringia; Saxony-Anhalt,,2024-07-11 00:00:00
1061,5bdf9d9d-fa79-4fac-a82f-da90e3b2f709,Sparkasse Paderborn-Detmold-Hoxter,Institutional,2,21068.4859164,Retail; Dev Site,Laatzen; Detmold,Retail; Dev Site,Laatzen; Detmold,Lower Saxony; North Rhine-Westphalia,,2024-04-26 00:00:00
1062,0872d2a5-f72e-41fd-a03e-921b90f02991,Warimpex,Public,2,17729.5900556,Hotel; Dev Site,Darmstadt; Berlin,Hotel; Dev Site,Berlin; Munich; Darmstadt,Berlin; Bavaria; Hesse,,2019-04-24 00:00:00
1063,deba79b6-45cf-4f74-9ac7-e6df409697bd,Schleiff Wertentwicklung,Private,2,14199.65352,Retail; Other General,Monchengladbach; Krefeld,Retail; Other General; Apartment,Monchengladbach; Krefeld; Aachen,North Rhine-Westphalia,,2019-12-30 00:00:00
1064,dff0eea9-30e5-40e2-9c82-af5ab31bd71d,Stiftung Katholisches Krankenhaus Marienhospital,User/Other,2,4999.878,Dev Site; Office,Herne,Dev Site; Office,Herne,North Rhine-Westphalia,,2015-06-01 00:00:00
1065,082381b1-682b-44e3-adce-bca676add253,UKB Denkmal AG,Private,2,14099.56306,Office; Apartment,Berlin; Leipzig,Office; Apartment,Berlin; Leipzig,Berlin; Saxony,,2012-10-24 00:00:00
1066,01a78c7a-1558-469b-949c-f275da019c16,Government of China,User/Other,2,24399.40464,Dev Site; Office,Munich; Berlin,Dev Site; Office,Munich; Berlin,Bavaria; Berlin,China Ministry of Culture,2010-10-01 00:00:00
1067,4c48b00f-c8f6-419c-a5d2-da2b723242e8,BK Family Office,Private,2,3920.9043276,Apartment,Berlin,Apartment,Berlin,Berlin,,2019-06-27 00:00:00
1068,43f3eb10-cb30-4cc2-bf08-014782d11ce7,Wilhelm Werhahn,User/Other,2,4091.9001552,Office,Cologne; Dusseldorf,Office; Retail,Cologne; Dusseldorf; Berlin,North Rhine-Westphalia; Berlin; Hamburg,,2007-03-15 00:00:00
1069,a7b703c4-5c9c-4eb2-901c-fb7715f9fdd7,Immo One,Private,2,18996.5364732,Retail,Simmern/ Hunsruck; Bad Kreuznach,Retail,Simmern/ Hunsruck; Bad Kreuznach,Rhineland-Palatinate,,2020-12-04 00:00:00
1070,602cd072-2c3e-43b3-acd3-e85465d725aa,Joachim Herz Stiftung,Institutional,2,2199.94632,Apartment; Dev Site,Friedrichsdorf; Norderstedt,Apartment; Dev Site,Friedrichsdorf; Norderstedt,Hesse; Schleswig-Holstein,,2020-09-28 00:00:00
1071,b66d2ae1-88f3-4760-b4ab-faf5b16c85ef,OVG Bischoff,Private,2,9215.775129599999,Dev Site,Berlin,Dev Site; Office,Berlin,Berlin,,2015-12-31 00:00:00
1072,4c48b00f-c8f6-419c-a5d2-da2b723242e8,Trescher Verwaltungsgesellschaft mbH,Private,2,3099.92436,Hotel,Dresden; Erding,Hotel,Dresden; Erding,Saxony; Bavaria,,2023-10-25 00:00:00
1073,30a4f72b-ae7a-424e-abc2-0d7e4f277081,Ozean Horizont,Private,2,95996.9084544,Dev Site,Ehningen; Frankfurt am Main,Dev Site,Ehningen; Frankfurt am Main,Baden-Wurttemberg; Hesse,,2022-11-16 00:00:00
1074,7057dea8-dba7-4a94-b5d7-e73ac038f856,Hamburger Lehrer-Baugenossenschaft,User/Other,2,12043.7061264,Apartment; Dev Site,Hamburg,Apartment; Dev Site,Hamburg,Hamburg,,2020-07-17 00:00:00
1075,a501cc02-445c-43c0-8be3-fd409e0977c8,Sax Gruppe,Private,2,26299.35828,Dev Site,Berlin; Duisburg,Dev Site; Industrial; Seniors Housing & Care,Berlin; Markgroningen; Duisburg,Berlin; Baden-Wurttemberg; North Rhine-Westphalia,,2019-06-24 00:00:00
1076,5bf51492-f802-4c7e-a0d6-d0e9fea8d2d8,Avnet,User/Other,2,48133.825506,Industrial,Poing; Eschbach,Industrial,Poing; Eschbach,Bavaria; Baden-Wurttemberg,,2023-12-19 00:00:00
1077,5f1b1f8b-20d6-4b44-a579-d25c1dd4c551,BHG Berg Kempe GmbH,Private,2,3853.9059624,Office,Dusseldorf,Office,Dusseldorf,North Rhine-Westphalia,,2012-05-22 00:00:00
1078,38beb65b-a2bf-4a43-91a4-c8854f16109e,Bitzer Kuhlmaschinenbau,User/Other,2,31208.2385004,Dev Site; Office,Schkeuditz; Sindelfingen,Dev Site; Office,Schkeuditz; Sindelfingen,Saxony; Baden-Wurttemberg,,2015-12-14 00:00:00
1079,7129c98e-08ef-463f-9ea2-a1b243352df7,Legat Living,Private,2,22499.451,Hotel,Unterhaching; Blankenfelde-Mahlow,Hotel,Unterhaching; Blankenfelde-Mahlow,Bavaria; Brandenburg,,2024-03-07 00:00:00
1080,cdb61a5f-19aa-46ad-9edc-52a3ea9c08af,City of Konstanz,User/Other,2,20699.49492,Dev Site; Office,Konstanz,Dev Site; Office,Konstanz,Baden-Wurttemberg,,2014-08-31 00:00:00
1081,afe025d4-1ba5-41f7-b5b6-89b54fc4c488,Nakash Holdings,Private,2,,Hotel,Berlin,Hotel,Berlin,Berlin,,2014-01-13 00:00:00
1082,4d1ccc95-62fb-49ea-9b33-2e2cc7073858,Vestas Investment Mgmt,Institutional,2,84747.744442,Office,Berlin,Office; Industrial,Berlin; Lauchhammer,Berlin; Brandenburg,,2023-09-13 00:00:00
1083,65cfe005-51a6-464b-88ef-ca375f0f75ae,Weimer GmbH,Private,2,239994.144,Dev Site; Apartment,Nidda; Butzbach,Apartment; Dev Site; Industrial,Nidda; Giessen; Butzbach,Hesse,,2022-01-04 00:00:00
1084,e27ce0ab-e4d8-4aa2-b8d3-741c26f635e6,Maier Haushaltspflege GmbH,User/Other,2,17463.5738784,Industrial,Bad Sackingen,Industrial,Bad Sackingen,Baden-Wurttemberg,,2019-12-02 00:00:00
1085,48bdf257-f0c1-4d9c-8ce1-d765755fb33e,Gebhard Real Estate,Institutional,2,,Apartment,Frankfurt am Main; Offenbach am Main,Apartment; Office; Retail,Munich; Konigsbrunn; Frankfurt am Main,Bavaria; Hesse,,2011-12-15 00:00:00
1086,4c48b00f-c8f6-419c-a5d2-da2b723242e8,Zwei & Zwanzig Beteiligungs GmbH,Private,2,1149.97194,Apartment; Dev Site,Frankfurt am Main; Wiesbaden,Apartment; Dev Site,Frankfurt am Main; Wiesbaden,Hesse,,2021-04-23 00:00:00
1087,37f0cc37-1254-4d91-af46-f485ca136d6b,Arztekammer Steiermark,User/Other,2,80695.0309932,Apartment,Berlin,Apartment,Berlin,Berlin,,2016-03-14 00:00:00
1088,4fba78ee-7dec-492d-b48f-d6c2ddae32a9,Level One Holding Limited,Private,2,795302.975219,Office; Apartment,Berlin,Apartment; Office,Berlin; Strausberg; Nuthe-Urstromtal,Berlin; Brandenburg,,2013-11-20 00:00:00
1089,d3f3478e-902c-4305-9abd-3f2cb2b1be74,Wesbau Betreungsgesellschaft,Private,2,25059.388536,Retail; Dev Site,Weinheim; Konstanz,Retail; Dev Site,Weinheim; Konstanz,Baden-Wurttemberg,,2019-10-07 00:00:00
1090,d0960806-f532-46e0-beb5-8b9a9aef216c,BDS Hamburg,User/Other,2,11439.720864,Apartment,Hamburg,Apartment,Hamburg,Hamburg,,2020-04-02 00:00:00
1091,4f555991-7dbd-4caf-baf9-9d8f0895e696,Kahler Projektentwicklungs GmbH,Private,2,19392.5268108,Dev Site,Rellingen; Barsinghausen,Dev Site,Rellingen; Barsinghausen,Schleswig-Holstein; Lower Saxony,,2023-11-23 00:00:00
1092,464636a8-1af8-4928-b9bb-b8236e62a407,SIC Properties,Private,2,14215.6531296,Office,Frankfurt am Main; Berlin,Office,Frankfurt am Main; Berlin,Hesse; Berlin,,2016-04-05 00:00:00
1093,33e70fc1-d86f-4c56-8c14-e097b4aab427,Antirion,Institutional,2,101997.5112,Retail; Office,Stuttgart; Ditzingen,Retail; Office,Stuttgart; Ditzingen,Baden-Wurttemberg,,2019-12-05 00:00:00
1094,3a129ee5-50ad-4fd7-bd35-3bc15129ae9c,Accolade Group,Institutional,2,27565.3273896,Industrial,Alsdorf; Bochum,Industrial,Alsdorf; Bochum,North Rhine-Westphalia,,2021-01-31 00:00:00
1095,ce4b5454-2d7f-4c57-b53c-b4d60f3b0d9e,GEBA Dienstleistungs GmbH & Co. KG,Private,2,43998.9264,Industrial,Wuppertal; Heiligenhaus,Industrial,Wuppertal; Heiligenhaus,North Rhine-Westphalia,,2011-11-02 00:00:00
1096,0ad4bb27-867a-4665-ab1c-9847c609ba8c,Berlanto,Private,2,6532.8405948,Apartment,Berlin,Apartment,Berlin,Berlin,,2016-03-22 00:00:00
1097,4c48b00f-c8f6-419c-a5d2-da2b723242e8,KSB Grundbesitz GmbH,Private,2,,Retail,Ribnitz-Damgarten; Wismar,Retail,Ribnitz-Damgarten; Wismar,Mecklenburg-West Pomerania,,2017-09-30 00:00:00
1098,b808e466-bef0-43e0-8ef1-9db7117a7ed2,Xior Student Housing,Public,2,9999.756,Apartment,Potsdam; Leipzig,Apartment,Potsdam; Leipzig,Brandenburg; Saxony,,2022-09-16 00:00:00
1099,1ca99005-5179-45d8-80ab-0675d71808e2,Unternehmensgruppe Schenk,Private,2,45998.87760000001,Dev Site,Zweibrucken; Erkner,Dev Site; Retail; Apartment,Erkner; Zweibrucken; Saarbrucken,Brandenburg; Rhineland-Palatinate; Saarland,,2021-03-10 00:00:00
1100,726b5242-f234-4526-9953-601dbab398a4,SCPI Novapierre 1,Private,2,13374.67365,Retail,Naila; Finsterwalde,Retail,Naila; Finsterwalde,Bavaria; Brandenburg,,2022-06-13 00:00:00
1101,59e140c7-80be-418a-ab34-891ba027db32,Bouwhuis Groep (NL),Private,2,2099.9312831959,Retail,Kassel,Retail,Kassel,Hesse,,2008-10-08 00:00:00
1102,975b0188-8cb0-4c7a-91a0-5d98bdd643d2,FH Innova,Private,2,89997.804,Dev Site,Garmisch-Partenkirchen,Dev Site,Garmisch-Partenkirchen,Bavaria,,2013-09-04 00:00:00
1103,ae5a8696-a6f8-4179-85e0-dfbf960f6c62,Peek & Cloppenburg Group,User/Other,2,17999.5608,Retail,Karlsruhe; Ludenscheid,Retail,Karlsruhe; Leipzig; Berlin,Baden-Wurttemberg; Saxony; Berlin,,2010-05-15 00:00:00
1104,5e4936ff-e152-4bf1-97e2-458f4860dbbb,Rural King,User/Other,2,39151.0446912,Office,Munich; Frankfurt am Main,Office,Munich; Frankfurt am Main,Bavaria; Hesse,ABG Real Estate,2022-02-24 00:00:00
1105,5961bcc8-2e11-4e10-8a0d-96d132abb5d9,Tenkhoff Properties,Private,2,32548.2058044,Office; Retail,Bad Homburg vor der Hohe; Krefeld,Retail; Office,Bad Homburg vor der Hohe; Krefeld; Rostock,Hesse; North Rhine-Westphalia; Mecklenburg-West Pomerania,,2016-09-01 00:00:00
1106,e77b098d-8393-46e3-9128-40c5a2e6d6cb,Kiefer & Zehner,Private,2,50998.45594176,Dev Site,Solingen; Uetersen,Dev Site,Solingen; Uetersen,North Rhine-Westphalia; Schleswig-Holstein,,2022-12-07 00:00:00
1107,63f75d44-be11-44f8-b419-3c0a8869765b,Avonia,Private,2,6999.8292,Dev Site,Stuttgart; Esslingen am Neckar,Dev Site,Stuttgart; Esslingen am Neckar,Baden-Wurttemberg,,2017-04-20 00:00:00
1108,b84fcda0-eef8-4943-ac72-9a336af3cc3b,AyCo Hyp Group,Private,2,6034.852746,Apartment,Bohlen; Wittingen,Apartment,Wittingen; Bohlen,Lower Saxony; Saxony,,2015-04-23 00:00:00
1109,f8edbdb1-8194-4140-a56b-b58580a00049,Strassberger Immobilien,Private,2,24730.3965636,Dev Site,Kassel; Rendsburg,Dev Site; Office,Kassel; Rendsburg,Hesse; Schleswig-Holstein,,2020-07-01 00:00:00
1110,0e372841-bdf7-42e4-a69b-f4db6e4fb2d9,Orlando Group,Private,2,6099.85116,Apartment,Magdeburg,Apartment,Berlin; Magdeburg,Saxony-Anhalt; Berlin,,2021-02-18 00:00:00
1111,878e483e-81e2-476c-9004-79ed93a9285a,Areal GrundstucksgmbH,Private,2,3699.90972,Office; Apartment,Dusseldorf; Cologne,Office; Apartment,Dusseldorf; Cologne,North Rhine-Westphalia,,2016-08-29 00:00:00
1112,9b4bd976-6b2d-4580-a1a5-e56a5480be90,Pro Urban GmbH,Private,2,17299.57788,Dev Site,Grevenbroich; Dusseldorf,Dev Site; Seniors Housing & Care,Grevenbroich; Meppen; Dusseldorf,North Rhine-Westphalia; Lower Saxony,,2015-06-25 00:00:00
1113,674f3334-d3a4-41b8-857a-4adc5f6e05f8,City of Rheine,User/Other,2,26099.36316,Dev Site; Retail,Rheine,Dev Site; Retail,Rheine,North Rhine-Westphalia,,2017-05-08 00:00:00
1114,5855175b-1409-4172-a5d1-aa36ac106e67,Freiburger Stadtbau,Private,2,3499.9146,Apartment,Freiburg im Breisgau,Apartment,Freiburg im Breisgau,Baden-Wurttemberg,,2013-07-23 00:00:00
1115,3ab290b7-28e7-4d20-aaa8-bcfa1e9a364c,Asset Projekt und Bau,Private,2,35199.14112,Retail,Magdeburg; Kassel,Retail,Magdeburg; Kassel,Saxony-Anhalt; Hesse,,2017-10-05 00:00:00
1116,761daf7c-85f6-44ba-a7e6-ea50e9c8de8a,Bauhaus Bautrager,Private,2,18199.55592,Dev Site,Erlangen; Furth,Dev Site; Apartment,Erlangen; Furth; Potsdam,Bavaria; Brandenburg,,2015-10-06 00:00:00
1117,6f0a765b-473b-452d-94a3-8c243ade5857,Richebourg Vastgoed,Institutional,2,3124.89774285103,Office; Retail,Deggendorf; Limburg an der  Lahn,Office; Retail,Deggendorf; Limburg an der  Lahn,Bavaria; Hesse,,2008-02-15 00:00:00
1118,597c4f60-7287-481c-80e1-822c9de9241c,Einsiedel & Partner,Private,2,,Apartment; Seniors Housing & Care,Bramsche,Apartment; Seniors Housing & Care,Bramsche,Lower Saxony,,2011-10-04 00:00:00
1119,bd848eb4-50bd-44ed-aa9d-064a3b05bb72,Nordic Hotels,Private,2,,Hotel,Rendsburg; Bielefeld,Hotel,Rendsburg; Bielefeld,Schleswig-Holstein; North Rhine-Westphalia,,2015-04-10 00:00:00
1120,e0d375e7-90ed-48fe-ae1c-d646b8972984,Hamburger Hochbahn,User/Other,2,5420.8677276,Office,Hamburg,Office,Hamburg,Hamburg,,2019-10-10 00:00:00
1121,ce51e21f-d0ec-469d-a086-9c79d08c6778,Lenhart Global Investors,Institutional,2,56498.6214,Office,Munich; Frankfurt am Main,Office,Munich; Frankfurt am Main,Bavaria; Hesse,,2013-11-11 00:00:00
1122,ddfebee8-e6b3-4fb4-813c-949b0e2b2cc8,Matthias Ruppert,Private,2,10969.732332,Dev Site; Retail,Landau in der Pfalz; Saarburg,Dev Site; Retail,Landau in der Pfalz; Saarburg,Rhineland-Palatinate,,2018-06-01 00:00:00
1123,e27ce0ab-e4d8-4aa2-b8d3-741c26f635e6,Jungheinrich AG,User/Other,2,120997.0476,Dev Site,Kaltenkirchen; Moosburg an der Isar,Dev Site,Kaltenkirchen; Moosburg an der Isar,Schleswig-Holstein; Bavaria,,2011-07-15 00:00:00
1124,65280425-8276-469c-b692-8bdd9c709a63,South Korea,User/Other,2,5339.869704,Office,Berlin,Office,Berlin,Berlin,,2005-03-01 00:00:00
1125,1ca5ae42-025c-4b53-9eda-35133b75dc04,Alpine Finanz Immobilien AG,Private,2,12199.70232,Office; Hotel,Schonefeld; Berlin,Office; Hotel,Schonefeld; Berlin,Brandenburg; Berlin,,2017-11-16 00:00:00
1126,1e530890-b728-4409-8fdb-4c663b1db4af,Kolb Red Logistik,Private,2,54398.67264,Dev Site,Kelsterbach; Frankfurt am Main,Dev Site,Kelsterbach; Frankfurt am Main,Hesse,,2016-03-31 00:00:00
1127,6c385a1c-3b71-4a80-8cd2-3e58b534aaf8,Aricon Kunststoffwerk,User/Other,2,15499.6218,Dev Site,Solingen,Dev Site,Solingen,North Rhine-Westphalia,,2023-11-20 00:00:00
1128,7d317465-f0c1-4cd2-8de1-fb3fff58fc2f,TGR Immobilien,Institutional,2,9999.756000000001,Hotel; Office,Munich,Office; Hotel,Munich,Bavaria,,2017-09-21 00:00:00
1129,79c5657e-0518-4e03-bd8d-873908ffc0f7,Metterwoon Vastgoed,Private,2,16799.484174,Office; Apartment,Leipzig,Office; Apartment,Leipzig,Saxony; North Rhine-Westphalia,,2008-10-15 00:00:00
1130,bd5657ae-402e-4677-a035-dc18a547bcae,Hubertus-Reck-Stiftung,User/Other,2,4799.88288,Office; Retail,Munich; Landshut,Office; Retail,Munich; Landshut,Bavaria,,2011-08-23 00:00:00
1131,96ecd157-5403-467d-92cb-c9437f5aa6ff,Orange IM,Institutional,2,,Parking Facility,Hamburg,Parking Facility,Hamburg,Hamburg,,2023-04-05 00:00:00
1132,41c9b58e-e3f6-4c71-982d-830823f3dabe,Huls Gruppe,Private,2,9458.7692004,Retail; Dev Site,Bocholt; Rees,Retail; Dev Site,Bocholt; Rees,North Rhine-Westphalia,,2019-06-03 00:00:00
1133,90020830-2522-45dd-9411-5734ca1e214c,Deutscher Fussball Bund e.V. (DFB),User/Other,2,159994.847424,Dev Site,Frankfurt am Main,Dev Site,Frankfurt am Main,Hesse,,2014-11-12 00:00:00
1134,4c48b00f-c8f6-419c-a5d2-da2b723242e8,deboka Deutsche Grund Einkaufen NRW Beteiligungs GmbH & Co. KG,Private,2,9977.7565368,Retail,Monchengladbach; Konigswinter,Retail,Monchengladbach; Konigswinter,North Rhine-Westphalia,,2010-10-18 00:00:00
1135,062a895a-bb38-4dcf-8066-aaafb8a68ff9,Regional-Invest Vermogensverwaltung,Private,2,7902.278380000001,Office,Detmold,Office,Detmold,North Rhine-Westphalia,,2015-12-08 00:00:00
1136,dceec0a7-d2bf-49b9-bc4f-23093da678f2,AH Grundbesitz GmbH,Private,2,12774.68829,Hotel; Office,Aachen,Hotel; Office,Aachen,North Rhine-Westphalia,,2009-03-01 00:00:00
1137,4c48b00f-c8f6-419c-a5d2-da2b723242e8,Projektabwicklung SFB GmbH,Private,2,53998.6824,Dev Site,Worms,Dev Site,Worms,Rhineland-Palatinate,,2015-02-28 00:00:00
1138,13120de1-4d2e-4725-84f1-fc0a82c1eac3,Vakon Baugesellschaft mbH,Private,2,139996.584,Dev Site; Hotel,Neubrandenburg; Trassenheide,Dev Site; Hotel,Neubrandenburg; Trassenheide,Mecklenburg-West Pomerania,,2021-08-17 00:00:00
1139,eaf4bf3d-c951-4ad1-b40f-9ac89e8e102a,Eschborn Town Council,User/Other,2,4999.878,Office,Eschborn,Office,Eschborn,Hesse; Hamburg,,2009-02-12 00:00:00
1140,4c48b00f-c8f6-419c-a5d2-da2b723242e8,Werner Wicker,Private,2,25499.3778,Office,Bad Homburg vor der Hohe; Kronberg im Taunus,Office,Bad Homburg vor der Hohe; Kronberg im Taunus,Hesse,,2013-11-29 00:00:00
1141,54576489-d1a1-46ad-b5e8-e933a69f5414,David Borck,Private,2,,Apartment,Berlin,Apartment,Berlin,Berlin,,2023-06-21 00:00:00
1142,98cf4fe5-769a-44ac-bfb3-aba5dc3cb45a,Delta Grundstucksverwaltung GmbH,Private,2,27931.3184592,Office; Dev Site,Osnabruck,Office; Dev Site,Osnabruck,Lower Saxony,,2010-06-15 00:00:00
1143,4c48b00f-c8f6-419c-a5d2-da2b723242e8,Trivest Holding GmbH & Co KG,Private,2,,Office; Retail,Gottingen,Office; Retail,Gottingen,Lower Saxony,,2011-08-12 00:00:00
1144,4c48b00f-c8f6-419c-a5d2-da2b723242e8,Spark Capital GmbH,Private,2,6249.8475,Office; Parking Facility,Monheim am Rhein,Office; Parking Facility,Monheim am Rhein,North Rhine-Westphalia,,2022-12-31 00:00:00
1145,4c48b00f-c8f6-419c-a5d2-da2b723242e8,Monomadin,Private,2,6249.8475,Office; Parking Facility,Monheim am Rhein,Office; Parking Facility,Monheim am Rhein,North Rhine-Westphalia,,2022-12-31 00:00:00
1146,af9f49a3-503a-4550-a9ab-96f9c341ce5a,Office twenty-M GmbH,Private,2,42216.9698808,Office,Dreieich,Office,Dreieich,Hesse,,2018-11-14 00:00:00
1147,58ebc63a-e547-4344-9472-f0ea39743d9b,Carl Berghofer GmbH,User/Other,2,16799.59008,Dev Site,Altena,Dev Site,Altena,North Rhine-Westphalia,,2019-01-18 00:00:00
1148,2e1988d5-d98b-46c0-9889-263e0c058de2,China Nanshan Dev Grp,Private,2,47417.8429764,Industrial,Wittlich; Bunde,Industrial,Wittlich; Bunde,Rhineland-Palatinate; North Rhine-Westphalia,,2021-07-01 00:00:00
1149,5cb20135-b341-40d8-a229-78a16e2c022b,CNIC Corporation,Institutional,2,47417.8429764,Industrial,Wittlich; Bunde,Industrial,Wittlich; Bunde,Rhineland-Palatinate; North Rhine-Westphalia,,2021-07-01 00:00:00
1150,defa2b7c-a9b1-4d4f-a11e-72c0d71ff95f,China Bocom,Institutional,2,47417.8429764,Industrial,Wittlich; Bunde,Industrial,Wittlich; Bunde,Rhineland-Palatinate; North Rhine-Westphalia,,2021-07-01 00:00:00
1151,378ba710-5a19-4171-bde3-595e9395f2c1,CGL Investment Holdings,Institutional,2,47417.8429764,Industrial,Wittlich; Bunde,Industrial,Wittlich; Bunde,Rhineland-Palatinate; North Rhine-Westphalia,,2021-07-01 00:00:00
1152,369a06e3-29a1-4244-83e7-3fc4e229ec71,GSW Sigmaringen,Private,2,31199.1554816,Dev Site,Augsburg; Villingen-Schwenningen,Dev Site,Augsburg; Villingen-Schwenningen,Bavaria; Baden-Wurttemberg,,2017-12-08 00:00:00
1153,ac796ab6-91a1-4a0f-bede-fedb5157e317,Korbinian Kohler,Private,2,,Hotel,Bad Wiessee; Kreuth,Hotel,Bad Wiessee; Kreuth,Bavaria,,2017-10-24 00:00:00
1154,37ee920f-f08f-49e9-86c0-6805ce1ea258,Natulis,Private,2,5291.8708752,Dev Site; Office,Berlin,Dev Site; Office,Berlin,Berlin,,2014-01-31 00:00:00
1155,32591e25-55fa-4d87-b2f5-0a3edcad36f5,Vetter Pharma,User/Other,2,11799.71208,Industrial; Dev Site,Ravensburg,Industrial; Dev Site,Ravensburg,Baden-Wurttemberg,,2020-04-29 00:00:00
1156,3188c983-6c77-45be-9a08-286e169d1fdc,KFW Bank Group,Institutional,2,39998.6910464,Dev Site,Frankfurt am Main,Dev Site; Office,Frankfurt am Main; Bonn,Hesse; North Rhine-Westphalia,,2013-03-27 00:00:00
1157,eb88b47b-225b-46e8-9833-64cc4256d853,PKA Pension,Institutional,2,,Apartment,Dresden,Apartment,Dresden,Saxony,,2010-05-11 00:00:00
1158,5bc2ea1e-d29c-4ca9-adeb-273358ccadfd,Topdanmark,Institutional,2,,Apartment,Dresden,Apartment,Dresden,Saxony,,2014-07-24 00:00:00
1159,eaf4bf3d-c951-4ad1-b40f-9ac89e8e102a,Stadt Helmstedt,User/Other,2,13438.6720884,Office; Industrial,Helmstedt,Office; Industrial,Helmstedt,Lower Saxony,,2023-11-29 00:00:00
1160,4c48b00f-c8f6-419c-a5d2-da2b723242e8,Hamburgische Wohnungsgesellschaft HWG mbH & Co. KG,Private,2,27999.3168,Apartment,,Apartment,,Hamburg,,2013-01-31 00:00:00
1161,ee7f4682-1c64-4535-b163-4ecfa9426ae6,Value One,Private,2,3847.9061088,Apartment; Dev Site,Aachen; Rostock,Apartment; Dev Site,Aachen; Rostock,North Rhine-Westphalia; Mecklenburg-West Pomerania,,2020-03-12 00:00:00
1162,6aa8577d-b7d2-49bd-9590-aac8821a8ed5,Coastline Gruppe,Private,2,10909.733796,Apartment,Siegen; Essen,Apartment,Siegen; Essen,North Rhine-Westphalia,,2020-02-21 00:00:00
1163,65024b84-53d4-4d44-899d-3a38291f7aae,Greiwing Logistics,User/Other,2,61348.50306,Industrial; Dev Site,Hamburg; Frankfurt am Main,Industrial; Dev Site,Hamburg; Frankfurt am Main,Hamburg; Hesse,,2024-04-29 00:00:00
1164,3c1d11b5-ac3c-489f-b317-010a1ebec5be,Taunus Projekt GmbH,User/Other,2,,Apartment,Niederhausen,Apartment,Hofheim am Taunus; Niederhausen,Hesse; Rhineland-Palatinate,,2018-04-12 00:00:00
1165,7b55780b-ff55-485b-ae0e-35335f302ccb,Semodu,Private,2,21541.4743752,Dev Site,Berlin; Schwerin,Dev Site,Wustermark; Berlin; Schwerin,Brandenburg; Berlin; Mecklenburg-West Pomerania,,2022-11-29 00:00:00
1166,d9fcccee-b5c5-4f8a-bad1-7ff5c8d74226,SIM Gruppe,Private,2,7599.81456,Apartment,Gera,Apartment; Office,"Gera; Hanau, Bruder-Grimm-Stadt",Thuringia; Hesse,,2023-10-06 00:00:00
1167,5dfd3048-8f16-476c-b6f5-ebd3c99cc365,Scarborough Property,Private,2,499983.63924185,Industrial; Office,,Industrial; Office,,,,2007-01-17 00:00:00
1168,0dbcac7b-b66b-423c-a6c1-addd1e67e5f2,Kauri Investments,Institutional,2,21999.4632,Industrial; Apartment,,Industrial; Apartment,,Berlin,,2011-08-18 00:00:00
1169,2a9701b1-57bc-4463-aa02-a38b2ea2b92d,Im-mobilis,Private,2,15099.63156,Apartment,,Apartment,,North Rhine-Westphalia,,2012-09-25 00:00:00
1170,5f18e313-0018-4aaf-b804-e25ea6790a21,DGI AG,Public,2,25999.3656,Apartment,,Apartment,,Lower Saxony,,2014-03-28 00:00:00
1171,65d9d852-e9cc-419a-bb89-c21002f5bf75,Van der Horst,Institutional,2,,Apartment,Stadtoldendorf,Apartment,Stadtoldendorf,Lower Saxony,,2013-08-29 00:00:00
1172,4c48b00f-c8f6-419c-a5d2-da2b723242e8,Reikal Projektinvest GmbH,Private,2,559981.6746496,Dev Site,Dummerstorf,Dev Site,Dummerstorf,Mecklenburg-West Pomerania,,2013-02-27 00:00:00
1173,4b67b6d5-448c-4222-98a8-ad9ed682f709,Dunios Immobilien,Private,2,7274.82249,Apartment,Clausthal-Zellerfeld,Apartment,Clausthal-Zellerfeld,Lower Saxony,,2017-09-12 00:00:00
1174,a4144088-7514-4f17-9393-a4170e573ca4,Giant,Institutional,2,796980.5532,Industrial,,Industrial,,,,2016-10-04 00:00:00
1175,a8655da2-383b-4f11-b0c6-16c35b1b55b9,WIDe Wertimmobilien,Institutional,2,20899.49004,Apartment,Chemnitz,Apartment,Chemnitz,Saxony,,2023-12-13 00:00:00
1176,240738f1-b3e2-45bb-b7c6-87ddbf1e0120,GGH AG,Private,2,6499.8414,Apartment,Leipzig; Rostock,Apartment,Leipzig; Rostock,Saxony; Mecklenburg-West Pomerania,,2018-08-15 00:00:00
1177,e2ff155a-f046-4876-aa90-3a767a9e48ef,Achmea Real Estate,Institutional,2,,Apartment,Kosching,Apartment,Kosching,Bavaria; Hesse,Syntrus Achmea,2021-03-04 00:00:00
1178,4c48b00f-c8f6-419c-a5d2-da2b723242e8,Vivest GmbH,Private,2,13699.66572,Apartment; Dev Site,Berlin; Brandenburg an der Havel,Apartment; Dev Site,Berlin; Brandenburg an der Havel,Berlin; Brandenburg,,2022-12-15 00:00:00
1179,4c48b00f-c8f6-419c-a5d2-da2b723242e8,wl 2 invest GmbH,Private,2,1999.9512,Apartment,Munich,Apartment,Munich,Bavaria,,2022-08-24 00:00:00
1180,4c48b00f-c8f6-419c-a5d2-da2b723242e8,Conversio Immobilienprojektentwicklungsgesellschaft mbH,Private,2,7399.81944,Apartment,Ratzeburg; Molln,Apartment,Ratzeburg; Molln,Schleswig-Holstein,,2021-06-08 00:00:00
1181,7c0d7870-a403-43e6-bf05-87070910eda6,WCM,Public,1,13659.666696,Retail,,Retail; Office; Industrial,Neu-Isenburg; Dresden; Frankfurt am Main,Saxony-Anhalt; Lower Saxony; Hesse,,2017-10-04 00:00:00
1182,8aa1724b-9ab9-457c-9849-01d05e400c2b,Hudson's Bay Company,User/Other,1,15259.627656,Retail,,Retail,Dusseldorf; Stuttgart; Wiesbaden,North Rhine-Westphalia; Baden-Wurttemberg; Bavaria,,2019-10-01 00:00:00
1183,0025d2a3-6928-45fe-be89-f90083ca7a90,Consus Real Estate,Public,1,23999.4144,Office,Berlin,Office; Dev Site; Apartment,Hamburg; Cologne; Leipzig,North Rhine-Westphalia; Baden-Wurttemberg; Hesse,,2020-07-06 00:00:00
1184,00ddd3cc-92fe-4e18-9121-cdb2504b4541,Gramercy Property Trust,Public,1,20537.4988728,Industrial,Solingen,Industrial; Retail,Graben; Potsdam; Fredersdorf-Vogelsdorf,North Rhine-Westphalia; Bavaria; Brandenburg,,2018-06-14 00:00:00
1185,9126e7f7-819c-4933-a053-442d33fcbfea,Ebertz & Partner,Private,1,30645.2522376,Office,Munich,Hotel; Retail; Office,Berlin; Bonn; Cologne,North Rhine-Westphalia; Bavaria; Baden-Wurttemberg,Dr Ebertz & Partner OHG,2017-09-30 00:00:00
1186,ab72cc89-1aa1-422d-be92-2b806cdff387,Westbridge Hospitality,Private,1,,Hotel,Hamburg,Hotel,Hamburg; Troisdorf; Frankfurt am Main,North Rhine-Westphalia; Hamburg; Hesse,,2007-12-18 00:00:00
1187,dd3d6eeb-ac1d-48f7-aac9-f07ccccf5cbe,Janus Henderson Group Plc,Institutional,1,36402.1117668,Industrial,Peine,Retail; Industrial; Office,"Hanau, Bruder-Grimm-Stadt; Wustermark; Wachtberg",Hesse; Brandenburg; North Rhine-Westphalia,Henderson Global,2014-11-06 00:00:00
1188,90893854-247c-4bc5-8caa-1470e3bb8a27,MFI AG,Private,1,9948.7572444,Retail,Monchengladbach,Retail; Dev Site; Office,Leipzig; Munich; Gera,North Rhine-Westphalia; Bavaria; Saxony,,2014-07-24 00:00:00
1189,8e72c161-a29d-4e65-a310-dbfe419011f4,IDB Group,Public,1,71997.643995,Office,Cologne,Office,Mainz; Bergisch Gladbach; Munich,North Rhine-Westphalia; Rhineland-Palatinate; Bavaria,PBC Group,2017-11-15 00:00:00
1190,7c3fce42-202d-42f5-a552-052233920f07,Poco Einrichtungsmarkte GmbH,User/Other,1,7899.80724,Dev Site,Hagen,Retail; Dev Site,Zwickau; Ludinghausen; Bremerhaven,North Rhine-Westphalia; Lower Saxony; Saxony,,2018-07-05 00:00:00
1191,f1e105b2-df0b-4e46-b5c7-1183af5568ac,HFS Immobilien,Institutional,1,,Hotel,Jena,Retail; Office; Industrial,Essen; Berlin; Eschborn,North Rhine-Westphalia; Baden-Wurttemberg; Hesse,,2018-07-09 00:00:00
1192,811b4f26-8a97-4c8d-84a8-44232e8e1ff7,AFI Group,Public,1,69426.3059568,Retail,,Retail; Hotel; Industrial,Berlin; Bielefeld; Frechen,Berlin; North Rhine-Westphalia; Rhineland-Palatinate,Africa Israel Hotels; Africa-Israel Europe,2018-08-20 00:00:00
1193,83105144-492d-43d1-a602-3aee9fc5fe6c,Sparinvest,Institutional,1,49953.781098,Office,,Office; Retail,Mannheim; Cologne; Ulm,Baden-Wurttemberg; North Rhine-Westphalia; Hamburg,,2017-04-04 00:00:00
1194,1a360a81-22e5-4e8d-b714-cfc227183b4f,TIAA-CREF,Institutional,1,15099.63156,Office,Munich,Retail; Office; Industrial,Munich; Hamburg; Berlin,Bavaria; Hamburg; Schleswig-Holstein,,2015-09-16 00:00:00
1195,3b2b120c-c0e5-43fb-8923-05f84a592880,Accom,Private,1,7499.817,Office,Stuttgart,Office; Retail; Apartment,Hanover; Nuremberg; Stuttgart,Bavaria; Lower Saxony; Baden-Wurttemberg,,2021-04-29 00:00:00
1196,7ae85c02-78ba-4db2-b750-d57ab904ea38,Schultheiss Projektentwicklung,Private,1,6999.8292,Dev Site,Erlangen,Apartment; Dev Site,Nuremberg; Erlangen; Stein,Bavaria,,2023-12-27 00:00:00
1197,2d49e372-b4f3-4aaf-8c1d-f0422c8375c0,Mayne Developments Ltd,Private,1,25659.373896,Retail,Chemnitz,Retail; Office,Freiburg im Breisgau; Hanover; Hamburg,Saxony; Baden-Wurttemberg; Lower Saxony,,2023-12-13 00:00:00
1198,32d8fb89-b334-4250-93cd-4c6529edef9b,Icredpartner Sarl & Saphir SECS,Institutional,1,,Office,,Industrial; Office,Frechen; Cologne; Neuss,North Rhine-Westphalia; Thuringia,,2014-10-01 00:00:00
1199,0c7d1fb6-e70b-469f-97db-05accb78c4a9,UMW Groep,Institutional,1,829.972840501235,Retail,Amberg,Retail,Kleve; Braunschweig; Celle,North Rhine-Westphalia; Lower Saxony; Bavaria,,2017-08-20 00:00:00
1200,313365cb-c83c-44ae-84f6-71ecf76bf982,Global Switch,Private,1,11859.710616,Data Center,Frankfurt am Main,Data Center,Frankfurt am Main,Hesse,,2019-08-27 00:00:00
1201,1c406899-0211-4314-86e3-a99211f5c5ab,Jiangsu Shagang Grp,Private,1,11859.710616,Data Center,Frankfurt am Main,Data Center,Frankfurt am Main,Hesse,,2019-08-27 00:00:00
1202,4ce3cc43-62d6-44cd-a7f3-aba5e877e319,GI Partners,Institutional,1,10409.745996,Industrial,Frankfurt am Main,Office; Data Center; Industrial,Munich; Unterfohring; Frankfurt am Main,Bavaria; Hesse,Elystan,2017-06-01 00:00:00
1203,fb4722e6-0391-4ff9-8516-a9fd1ec5a0b8,RVI,Private,1,29999.268,Dev Site,Esslingen am Neckar,Dev Site,Munster; Frankfurt am Main; Esslingen am Neckar,North Rhine-Westphalia; Hesse; Baden-Wurttemberg,,2021-06-28 00:00:00
1204,75c101db-4a21-4a3f-ab48-e592eb95c9c0,Fundus Gruppe,Institutional,1,,Hotel,Bad Doberan,Hotel; Retail; Office,Berlin; Bad Doberan; Zingst,Mecklenburg-West Pomerania; Berlin; Bavaria,,2023-01-01 00:00:00
1205,e5cd60fc-aff0-4e49-b807-df47a92d264e,Alpha Real Capital,Institutional,1,25841.3694552,Industrial,Hamburg,Retail; Industrial; Dev Site,Frankfurt am Main; Waiblingen; Flensburg,Baden-Wurttemberg; Hesse; Schleswig-Holstein,,2019-02-14 00:00:00
1206,56fbd318-c24c-4422-bb5e-db6992222d4b,Dubai World,Institutional,1,39998.6910464,Dev Site,Marbach am Neckar,Dev Site; Industrial; Office,Fuldabruck; Winsen (Luhe); Marbach am Neckar,Hesse; Lower Saxony; Baden-Wurttemberg,EZW Gazeley; Istithmar P&O Estates,2015-11-04 00:00:00
1207,b6694fde-e622-42c5-81f3-9efa8f442267,GWB Immobilien,Public,1,9064.778814,Retail,Volklingen,Retail; Office,Nauen; Lubeck; Hamburg,Brandenburg; Schleswig-Holstein; Hamburg,,2018-05-02 00:00:00
1208,4e777a12-bb64-4d54-832b-38a640b25529,Suprema,Private,1,9999.756,Office,Berlin,Office,Berlin; Dusseldorf,Berlin; North Rhine-Westphalia,,2022-02-28 00:00:00
1209,e2b7d581-42d2-4834-9805-da46061cfeca,Equity Estate Invest,Institutional,1,2799.93168,Industrial,Lohfelden,Industrial; Retail,Lohfelden; Wildau; Kempten (Allgau),Hesse; Brandenburg; Bavaria,,2021-02-09 00:00:00
1210,ffd8d3a9-1e88-41d2-9019-60c3dce178a1,Realkapital Partners,Institutional,1,,Office,,Office,Frankfurt am Main; Laatzen; Hamburg,Hesse; Hamburg; Lower Saxony,,2014-09-01 00:00:00
1211,e59e6c27-429b-41ef-b9d9-53fabbd7548e,Prime Commercial Properties PLC,Private,1,24999.39,Retail,Bremen,Retail,Trier; Cologne; Hamburg,Rhineland-Palatinate; North Rhine-Westphalia; Hamburg,,2016-07-08 00:00:00
1212,7416425f-f403-430e-a185-26ae105f1724,Behringer,Private,1,,Retail,,Office; Retail,Berlin; Hamburg,Berlin; Hamburg,BH Op REIT II; Behringer Harvard,2015-09-01 00:00:00
1213,4fee8017-02b1-4ff1-ba6e-15a01073e72f,IAG Deutschland GmbH,Private,1,6599.83896,Office,Eschborn,Office,Braunschweig; Essen; Wiesbaden,Lower Saxony; Hesse; North Rhine-Westphalia,,2018-10-25 00:00:00
1214,912d7fbc-41fd-4fa2-9c7d-d4834f2a9154,Perella Weinberg Partners L.P.,Institutional,1,8999.7804,Industrial,Berlin,Retail; Office; Dev Site,Leipzig; Berlin; Bochum,North Rhine-Westphalia; Saxony; Berlin,,2019-01-24 00:00:00
1215,2eb0f5e3-b241-42d1-af55-9a5fe81b5e2d,Odyssey Group,Private,1,49998.78,Office,Herrenberg,Office,Essen; Ehningen; Herrenberg,Baden-Wurttemberg; North Rhine-Westphalia,,2017-01-26 00:00:00
1216,a703e968-dad7-42a6-91ec-87b89a274b19,Industrial Securities,Private,1,13804.4755,Dev Site,Neunkirchen,Industrial; Other General; Office,Melle; Neunkirchen; Herrenberg,Lower Saxony; Bavaria; Saxony-Anhalt,Industrial Securities Europe,2018-11-15 00:00:00
1217,8b51e3d7-23f1-4700-9dbc-50ecfc686e79,Kungsleden AB,Public,1,6949.83042,Seniors Housing & Care,Berlin,Seniors Housing & Care; Industrial,Werder (Havel); Bergkamen; Calberlah,Brandenburg; North Rhine-Westphalia; Lower Saxony,,2014-12-08 00:00:00
1218,438367f7-9c07-4f56-8204-b30ebcc332bd,HD-Gruppe,Private,1,7999.8048,Dev Site,Berlin,Retail; Seniors Housing & Care; Office,Magdeburg; Muhlhausen/Thuringen; Berlin,Thuringia; Saxony-Anhalt; Berlin,,2023-03-28 00:00:00
1219,2248e0f4-fe1b-48b1-a4c1-64c2813b8861,Immowerk,Private,1,12999.6828,Industrial,Hattingen,Office; Industrial; Dev Site,Dortmund; Hattingen,North Rhine-Westphalia,,2024-01-29 00:00:00
1220,f315d8b2-a67c-444e-bdc4-648a4c2d9be4,IKB,Institutional,1,4906.8802692,Dev Site,Dusseldorf,Office; Industrial; Retail,Dusseldorf; Ludwigshafen am Rhein; Berlin,North Rhine-Westphalia; Rhineland-Palatinate; Berlin,IKB Projektentwicklung,2018-11-29 00:00:00
1221,9db3bbfb-382f-4876-a624-706de35b18ce,Sudhausbau,Private,1,18999.5364,Apartment,Berlin,Apartment,Munich; Berlin,Bavaria; Berlin,,2015-06-30 00:00:00
1222,82df7c94-320a-44c7-8e78-d27545f3e667,SenResi,Private,1,,Seniors Housing & Care,Monchengladbach,Seniors Housing & Care,Kipfenberg; Oberhausen; Monchengladbach,North Rhine-Westphalia; Bavaria,,2020-02-19 00:00:00
1223,8b9637fd-1433-4bb6-b59b-8469d5f50018,Capricornus Capital,Private,1,3462.9155028,Office,Berlin,Apartment; Office; Dev Site,Berlin; Luneburg; Pinneberg,Berlin; Lower Saxony; Schleswig-Holstein,,2023-07-01 00:00:00
1224,be8465d2-9141-48ce-939a-2ac1b931d5af,Rankvale,Private,1,25999.3656,Retail,,Retail,Dresden; Magdeburg,Saxony; Saxony-Anhalt,,2007-06-08 00:00:00
1225,e679f0f1-c993-4415-9a1f-ad764bd42e04,Cannon Kirk Ltd,Private,1,11299.72428,Dev Site,Berlin,Dev Site,Berlin,Berlin,,2015-05-06 00:00:00
1226,64456018-0e98-4095-92af-e22673671375,Konig & Cie,Institutional,1,879.978528,Apartment,Offenbach am Main,Apartment; Retail,Frankfurt am Main; Wolfsburg; Offenbach am Main,Hesse; Lower Saxony,,2016-01-31 00:00:00
1227,04f5d936-b527-4465-adb4-644dff69d0c5,Sixteen Capital Management,Private,1,5255.8717536,Office,Oberursel (Taunus),Office; Industrial,Griesheim; Dietzenbach; Oberursel (Taunus),Hesse,,2022-06-29 00:00:00
1228,d162f622-5eb7-45c2-b261-ba6182993c9c,CyrusOne (REIT),Public,1,49998.363808,Dev Site,"Hanau, Bruder-Grimm-Stadt",Data Center; Dev Site,"Frankfurt am Main; Hanau, Bruder-Grimm-Stadt",Hesse,,2022-03-25 00:00:00
1229,a591360a-7a68-47b9-b783-17ac57bd4ad1,wob Immobilien GmbH,Private,1,3799.90728,Office,Munich,Dev Site; Office,Reinfeld (Holstein); Ahrensburg; Munich,Schleswig-Holstein; Bavaria,,2016-12-31 00:00:00
1230,229419f5-ab69-4646-9a9d-28a6006c782d,Alpine Grove Partners,Institutional,1,26999341.2,Dev Site,,Hotel; Dev Site,Hamburg; Munich,Hamburg; Bavaria,Grove International Partners,2018-10-31 00:00:00
1231,d43e1167-b9f0-4367-b6ca-bbacb28b3b62,Davy,Institutional,1,2419.940952,Office,Hamburg,Retail; Office,Stuttgart; Hamburg,Baden-Wurttemberg; Hamburg,,2015-04-23 00:00:00
1232,e234496d-935a-447f-a7d9-7f279600e6f2,Entwicklungs Company Heiligendamm ,Private,1,4899839.653184,Dev Site,Bad Doberan,Hotel; Dev Site,Bad Doberan,Mecklenburg-West Pomerania,,2000-03-30 00:00:00
1233,0e1c790c-76e5-4ed1-a6a7-d4eb56e69b98,Harbert Management Corp,Institutional,1,37624.5,Industrial,Esslingen am Neckar,Industrial; Office,Dusseldorf; Ostfildern; Esslingen am Neckar,Baden-Wurttemberg; North Rhine-Westphalia; Bavaria,,2019-12-31 00:00:00
1234,5f826e6e-d19c-41fe-a370-d276e5d656de,Custodia Holding,Public,1,1499.9634,Retail,Munich,Retail; Office,Munich,Bavaria,,2018-01-25 00:00:00
1235,e6a67f8d-6c43-45a5-a737-c641c340d750,Gecci,Private,1,13149.67914,Dev Site,Bockenem,Dev Site,Bockenem,Lower Saxony,,2021-10-04 00:00:00
1236,940728a4-393b-466b-a0d5-63e475d9a469,Sparkasse KolnBonn,Institutional,1,14593.6439064,Industrial,Cologne,Office; Dev Site; Apartment,Cologne; Ludwigshafen am Rhein; Pulheim,North Rhine-Westphalia; Rhineland-Palatinate; Saxony,,2020-09-30 00:00:00
1237,c87cdca7-cbd2-4d21-802a-a223346119e3,Karg Real Estate,Private,1,2499.939,Office,Frankfurt am Main,Office,Hamburg; Frankfurt am Main,Hamburg; Hesse,,2019-08-08 00:00:00
1238,63cbb7e2-9931-40ba-99e6-fd8075cb93e6,First Home Wohnbau,Private,1,2238.9453684,Dev Site,Berlin,Dev Site,Berlin,Berlin,,2015-08-15 00:00:00
1239,c465ad64-a098-46f6-94b9-1afcbf315c8c,Concordia Versicherungsgruppe,Institutional,1,2999.9268,Dev Site,Berlin,Office; Dev Site,Hamburg; Cologne; Berlin,Hamburg; North Rhine-Westphalia; Berlin,,2012-09-18 00:00:00
1240,c4b83a58-35c2-4950-802e-80b1170b5cdf,Societe Generale,Institutional,1,21999.4632,Office,Dusseldorf,Office; Industrial,Berlin; Kleinmachnow; Kerpen,North Rhine-Westphalia; Berlin; Brandenburg,SG Immo Belgique; Sogecap,2016-12-31 00:00:00
1241,222eae30-af03-4f0f-9bc8-e73888098aa1,Multi Vastgoed,Private,1,9999.6727616,Dev Site,Duisburg,Retail; Office; Dev Site,Hagen; Duisburg; Berlin,North Rhine-Westphalia; Bavaria; Lower Saxony,Multi Development,2010-06-15 00:00:00
1242,ce05c968-ea7a-4610-8cbb-6ac621d44c3f,BB Real Estate GmbH,Private,1,2399.94144,Industrial,Kempten (Allgau),Industrial,Altusried; Kempten (Allgau),Bavaria,,2023-08-09 00:00:00
1243,b32493c9-6142-440c-82c8-bff2c0c11b39,Portigon AG,Institutional,1,16899.58764,Office,Hanover,Office; Retail; Hotel,Dusseldorf; Magdeburg; Bremen,North Rhine-Westphalia; Baden-Wurttemberg; Hesse,West LB; WestLB; Westfonds Immobilien-Anlagegesellschaft mbH,2016-09-30 00:00:00
1244,e00044f5-6e18-4b6e-bc4a-b9cb7d8db873,EstCapital SGR,Private,1,8499.7926,Office,Essen,Office,Berlin; Essen,Berlin; North Rhine-Westphalia,Est Capital Sgr,2014-10-28 00:00:00
1245,b80e2e80-ae7c-4329-92a4-a4f86450e2d1,Long Harbour,Institutional,1,9984.756366,Hotel,Hallbergmoos,Hotel; Office,Hallbergmoos; Frankfurt am Main,Bavaria; Hesse,,2021-09-06 00:00:00
1246,0db97eb0-dace-4ceb-9d53-3d31fc22608a,Seidensticker Group,User/Other,1,52096.7288088,Industrial,Bielefeld,Industrial,Bielefeld,North Rhine-Westphalia,,2023-11-23 00:00:00
1247,cd152228-1e6d-4754-a8f0-c90e10764586,Precise Hotels & Resorts,Private,1,,Hotel,Frankfurt am Main,Hotel,Sagard; Bad Kissingen; Berlin,Mecklenburg-West Pomerania; Bavaria; Berlin,,2019-08-30 00:00:00
1248,3e7ea2d6-5db9-4d23-9606-6f0ddc19058c,Blue Estate,Private,1,7499.817,Dev Site,Herrenberg,Dev Site; Office,Stuttgart; Reutlingen; Ulm,Baden-Wurttemberg,,2020-06-17 00:00:00
1249,08ee98ff-6a0a-46a9-801b-c62e1b102e8e,Nordland,Private,1,166631.9340816,Dev Site,Oldenburg (Oldenburg),Dev Site,Oldenburg (Oldenburg); Konigs Wusterhausen,Lower Saxony; Brandenburg,Projekt Rentenvorsorge,2020-10-01 00:00:00
1250,6216ab0d-c06a-4d5b-bcd0-68c5ec4dc4f9,City of Hamm,User/Other,1,,Apartment,Hamm,Dev Site; Industrial; Apartment,Hamm; Bonen,North Rhine-Westphalia,,2016-09-20 00:00:00
1251,d10d6140-9bf6-4b92-9350-e2214fc9c2ca,Jasika Holding,Private,1,12599.69256,Industrial,Schkeuditz,Industrial; Retail; Hotel,Schkeuditz; Berlin; Bautzen,Saxony; Berlin,,2022-11-08 00:00:00
1252,22ede465-1571-4df8-a1eb-7b97281f0ade,Mobel Martin,User/Other,1,30999.2436,Dev Site,Saarbrucken,Dev Site,Mainz; Saarbrucken,Rhineland-Palatinate; Saarland,,2018-03-09 00:00:00
1253,f3157050-4983-40f1-83fc-34c318177f14,aAIM,Institutional,1,399986.911084933,Retail,,Retail,Freital; Bonn; Gelsenkirchen,North Rhine-Westphalia; Saxony,,2011-09-15 00:00:00
1254,a881d7d6-fd80-47f4-8a77-e0a5fd35f412,Hotusa Group,Private,1,,Hotel,Regensburg,Hotel,Munich; Regensburg,Bavaria,Hotusa,2022-12-05 00:00:00
1255,de9dead6-cbc4-41a1-b2e5-bb010eb012ad,Oetker Gruppe,Private,1,9999.756,Dev Site,Bielefeld,Office; Dev Site; Industrial,Hamburg; Bielefeld; Ettlingen,Hamburg; North Rhine-Westphalia; Baden-Wurttemberg,,2021-03-31 00:00:00
1256,7c59c34b-00a9-4fe9-bb39-2a8011df8b0e,HP&P Gruppe,Private,1,249991.81904,Dev Site,Schleswig,Dev Site,Schleswig,Schleswig-Holstein,,2022-10-19 00:00:00
1257,8ba7af3b-b671-4cc1-bda1-38a420d9f866,ICG Grune Mitte GmbH,Private,1,,Apartment,Regensburg,Apartment; Retail,Regensburg; Schwalbach am Taunus,Bavaria; Hesse,,2008-05-31 00:00:00
1258,4a3ad585-fce9-46b7-89c2-ff1608386a4d,Borletti Group,Institutional,1,2049559.8,Retail,,Retail,Munich; Hamburg,Bavaria; Hamburg,,2014-06-03 00:00:00
1259,e0705b87-1d3d-45b7-998f-f499fcb5f577,Momentum Real Estate,Private,1,54998.658,Retail,Kerpen,Office; Dev Site; Retail,Fulda; Leverkusen; Kerpen,Hesse; North Rhine-Westphalia,,2022-12-15 00:00:00
1260,7e1b7da5-0295-4d43-85e0-cf0f3be4a247,Porr Solutions Immo,Private,1,3249.9207,Dev Site,Berlin,Office; Dev Site; Industrial,Berlin; Quickborn; Hamburg,Berlin; Schleswig-Holstein; Hamburg,,2013-02-21 00:00:00
1261,8a9cb7e5-a56d-4bac-a714-4e1d6ca37021,CMF Capital,Private,1,11999.7072,Dev Site,Berlin,Office; Dev Site,Bonn; Berlin,North Rhine-Westphalia; Berlin,,2019-10-07 00:00:00
1262,f56c60e4-b510-4782-a00d-2da7292d05d7,BonnVisio,Private,1,15499.6218,Office,Berlin,Office; Hotel,Bonn; Berlin,North Rhine-Westphalia; Berlin,,2016-01-07 00:00:00
1263,50561e98-1bcf-4e7e-bf51-d78c0b90c5c8,Kapitalpartner Konzept GmbH,Private,1,3399.91704,Apartment,Stuttgart,Apartment; Dev Site,Stuttgart; Nuremberg; Konstanz,Baden-Wurttemberg; Bavaria; Hamburg,,2020-12-18 00:00:00
1264,5f70a891-959d-403b-b100-620eff5ce53f,Elan Projekte,Private,1,4999.83638856166,Office,Wiesbaden,Office; Hotel,Wiesbaden; Gutersloh,Hesse; North Rhine-Westphalia,,2016-03-31 00:00:00
1265,0e59fafc-ac9b-4d0f-afe2-d5fa700a4eae,Gurgiel Liegenschaftsverwaltungen,Private,1,4044.901302,Dev Site,Offenbach am Main,Retail; Apartment; Dev Site,Offenbach am Main; Stuttgart,Hesse; Baden-Wurttemberg,,2019-09-01 00:00:00
1266,f035631c-c35a-4197-972a-d204eb95ddcd,Wisag,User/Other,1,4809.882636,Office,Frankfurt am Main,Office,Frankfurt am Main,Hesse,,2018-01-31 00:00:00
1267,d1b4cc4a-3a3e-4753-949d-8b6450996345,RG Residential Development,Private,1,7874.6685,Dev Site,Hamburg,Dev Site; Apartment,Hamburg; Landau in der Pfalz; Munich,Hamburg; Rhineland-Palatinate; Bavaria,,2014-05-23 00:00:00
1268,96906482-b5e6-47e8-b018-7d00c5ead338,Camporrendondo-Puerta de Hierro SL,Private,1,4583.608157232,Apartment,Berlin,Apartment,Berlin,Berlin,,2008-03-15 00:00:00
1269,3c5b25fa-0083-4521-8649-715a2a56a010,Park Lane Capital Managers GmbH,Private,1,6824.83347,Office,Frankfurt am Main,Office; Apartment,Frankfurt am Main,Hesse,,2018-03-07 00:00:00
1270,5550f5d4-1e0c-4195-bcf2-d08ba745b5fe,Equal Group,Private,1,,Retail,,Office; Retail,Frankfurt am Main,Hesse,,2011-01-01 00:00:00
1271,2140134a-0e5a-4c4d-87b9-b0e2dbc29b6d,Hallmann Holding,Private,1,109997.316,Retail,Neu-Ulm,Office; Retail,Ismaning; Neu-Ulm,Bavaria,,2021-01-20 00:00:00
1272,8188faa9-392b-4c12-aaa9-a9491e37a251,Canada Life,Institutional,1,14348.530415,Office,Berlin,Office; Retail,Dusseldorf; Krefeld; Berlin,North Rhine-Westphalia; Berlin,Canada Life Investments,2015-12-07 00:00:00
1273,62afc9c0-7f04-40a4-b3a5-2371d4fe9258,A&O Hotels & Hostels,User/Other,1,21999.4632,Office,Hamburg,Office; Other Hospitality,Bremen; Hamburg,Bremen; Hamburg,,2016-10-10 00:00:00
1274,981a931a-9d14-469a-bce5-b54f6833fa82,Montebalito,Public,1,,Apartment,Berlin,Apartment,Berlin,Berlin,,2017-07-03 00:00:00
1275,cb94eec1-6a5e-456a-9435-244f44742a76,H Group,Private,1,2351.9426112,Hotel,Cologne,Dev Site; Hotel,Berlin; Cologne,Berlin; North Rhine-Westphalia,,2022-06-01 00:00:00
1276,bc52fd3d-898a-4cc2-a0d8-778654365c4e,Euroland Projektierungen,Private,1,6399.84384,Dev Site,Hamburg,Office; Dev Site; Hotel,Hamburg; Konstanz; Hanover,Hamburg; Baden-Wurttemberg; Lower Saxony,,2013-06-01 00:00:00
1277,963c6a8c-e9ce-4617-b2e1-0dec27c8a904,Nagel Group,User/Other,1,18533.5477704,Industrial,Garching bei Munchen,Industrial; Dev Site,Schweitenkirchen; Melle; Garching bei Munchen,Bavaria; Lower Saxony,,2023-11-01 00:00:00
1278,5bef33b5-f5a2-4252-89a9-d94b0341ffaf,Kiwoom Asset Mgmt (SK),Institutional,1,61001.5115268,Office,Munich,Office,Bonn; Munich,North Rhine-Westphalia; Bavaria,,2022-05-05 00:00:00
1279,ca94c0e4-ea8d-4555-9e4a-5fcd2f0dc13b,creareal GmbH,Private,1,10899.73404,Dev Site,Ottobrunn,Dev Site,Ottobrunn; Munich,Bavaria,,2018-06-13 00:00:00
1280,83da76e5-3f5e-46bf-b658-41e4a1f91f0e,Dr Dieter Kopplin Grundbesitzverwaltung mbH,Private,1,,Apartment,Kiel,Apartment,Kiel; Berlin,Schleswig-Holstein; Berlin,,2016-11-03 00:00:00
1281,29bc3637-4e02-4a02-b250-500a9deb18f9,Rickmers Immobilien,Private,1,2499.939,Dev Site,Dusseldorf,Dev Site; Office,Dusseldorf; Hamburg,North Rhine-Westphalia; Hamburg,,2010-01-18 00:00:00
1282,ad39b6c3-16a4-45c5-b5bf-6ec718003a52,Kajo Neukirchen,Private,1,4199.89752,Office,Frankfurt am Main Städte,Office,Hamburg; Frankfurt am Main Städte,Hamburg; Hesse,,2017-01-10 00:00:00
1283,7629c234-172c-48d1-a56d-eeceec0a8b63,Aberdeen & Highland Estates,Private,1,7799.80968,Apartment,Munich,Office; Apartment,Dresden; Munich,Saxony; Bavaria,,2012-12-13 00:00:00
1284,22d610b2-8335-411d-8bb3-093180d1b753,Data4,Private,1,249993.9,Dev Site,Hanau,Dev Site,Hanau,Hesse,,2023-08-01 00:00:00
1285,52340759-d4b5-4a14-861f-a5cfc7aa621a,Pluis Group,Private,1,22199.45832,Office,Hanover,Office,Ludwigshafen am Rhein; Hanover,Rhineland-Palatinate; Lower Saxony,,2014-09-26 00:00:00
1286,99288ccb-1f32-4a5c-82f6-5a0d958a4bd4,Heintz & Co KG,Private,1,4999.836195,Office,Munich,Office,Munich,Bavaria,,2009-08-15 00:00:00
1287,78580c8e-8c53-497f-a22f-92766b444131,Wegner Unternehmensgruppe,Institutional,1,46998.8532,Dev Site,Worms,Industrial; Office; Dev Site,Hamburg; Worms; Neumunster,Hamburg; Rhineland-Palatinate; Schleswig-Holstein,,2018-12-12 00:00:00
1288,d38418d9-9964-49d4-be34-dc885ad56ef5,Breuninger,User/Other,1,,Office,Stuttgart,Retail; Office,Munich; Stuttgart; Dresden,Bavaria; Baden-Wurttemberg; Saxony,,2022-12-31 00:00:00
1289,e210c4a9-4a48-4b69-89b2-d9b5d70662df,Grundig AG,User/Other,1,9199.77552,Office,Munich,Office; Industrial,Munich; Furth; Bayreuth,Bavaria,,2021-05-31 00:00:00
1290,690ddfb5-f97f-48be-80e5-19fd96eb5404,Kobix Immobilien,Private,1,9199.77552,Dev Site,Duisburg,Dev Site,Duisburg; Essen,North Rhine-Westphalia,,2019-08-23 00:00:00
1291,aff23563-8af5-4b95-ae49-63ec37269804,Messe Frankfurt,User/Other,1,3399.91704,Dev Site,Frankfurt am Main,Dev Site; Office,Frankfurt am Main,Hesse,,2022-06-30 00:00:00
1292,5f20a5fc-ee0e-4bec-9ca1-9e5e3fbd8b46,Wertconcept Investment Group GmbH,Private,1,,Hotel,Berlin,Office; Hotel,Erfurt; Halberstadt; Berlin,Thuringia; Saxony-Anhalt; Berlin,,2019-05-04 00:00:00
1293,4ec31ad9-228e-4061-93b4-5590dc321fed,Merchant Place,Private,1,1479.963888,Retail,Griesheim,Retail,Passau; Griesheim,Bavaria; Hesse,,2016-06-08 00:00:00
1294,7f51022e-b33d-4626-b722-cce8911e899a,Akka Technologies,User/Other,1,26499.3534,Dev Site,Boblingen,Industrial; Dev Site,Boblingen,Baden-Wurttemberg,,2023-11-01 00:00:00
1295,9eacd42c-3adc-41a0-9480-d69959a7fac8,IGIS,Institutional,1,68597.3261844,Office,Frankfurt am Main,Office,Frankfurt am Main,Hesse,,2019-10-03 00:00:00
1296,bb5d2b7d-9d31-4bbf-be92-cca599fbee8e,Weissmanngroup,Private,1,5499.8658,Dev Site,Munich,Dev Site; Office,Munich,Bavaria,,2021-09-30 00:00:00
1297,363fa734-efa7-42af-9f92-c124d978053c,WPV,Institutional,1,17064.583614,Office,Dusseldorf,Office,Frankfurt am Main; Dusseldorf,Hesse; North Rhine-Westphalia,,2021-04-21 00:00:00
1298,858ea5b1-58fb-4304-8a0a-8065c29cbfc1,AIP Unternehmensgruppe,Private,1,11941.7086152,Retail,Recklinghausen,Office; Retail,Dusseldorf; Mulheim an der Ruhr; Recklinghausen,North Rhine-Westphalia,,2018-04-11 00:00:00
1299,28286d87-280b-43fd-a76b-ab3813273f2d,Capstone AMC,Institutional,1,52998.7068,Office,Dusseldorf,Office,Berlin; Dusseldorf,Berlin; North Rhine-Westphalia,,2018-07-25 00:00:00
1300,a83fd121-32b5-458b-bcd0-0f83da8350ab,HAFA,Private,1,3543.9135264,Office,Bonn,Dev Site; Office,Bonn,North Rhine-Westphalia,,2019-10-16 00:00:00
1301,3c9503e2-81f7-4c5d-be93-3d13c40ee209,Equinix (REIT),Public,1,10599.74136,Data Center,Frankfurt am Main,Dev Site; Data Center,Frankfurt am Main,Hesse,,2023-03-31 00:00:00
1302,eaf4bf3d-c951-4ad1-b40f-9ac89e8e102a,City of Kulmbach,User/Other,1,7999.8048,Retail,Kulmbach,Dev Site; Retail,Kulmbach,Bavaria,,2022-04-06 00:00:00
1303,7b100d29-eb8f-48b2-bc1b-4cf3e802a1d5,City of Schweinfurt,User/Other,1,479984.2925568,Dev Site,Schweinfurt,Dev Site,Schweinfurt,Bavaria,,2016-02-29 00:00:00
1304,bce52b76-c90b-4fc0-960c-0ede182e0fac,Kalmia Sarl,Private,1,22999.4388,Retail,,Retail,Munsingen,Baden-Wurttemberg,,2018-12-31 00:00:00
1305,057adf83-c797-48dd-913c-bfa6d5a6c81b,City of Schorndorf,User/Other,1,39998.6910464,Dev Site,Schorndorf,Dev Site,Schorndorf,Baden-Wurttemberg,,2017-06-29 00:00:00
1306,69100aee-f7a0-489b-bba6-a03aeeece1c6,DBV Winterthur Insurance Group,Institutional,1,2199.94632,Office,Nuremberg,Office,Munich; Wiesbaden; Nuremberg,Bavaria; Hesse,,2015-03-01 00:00:00
1307,7b8a72bb-f5e0-47a1-b963-bcf076d0233b,Wohnungsgenossenschaft Union Rostock eG,Private,1,,Apartment,Rostock,Dev Site; Apartment,Rostock,Mecklenburg-West Pomerania,,2016-08-27 00:00:00
1308,7d2dbfc8-9989-4653-a5a5-536eab36e9fc,Arcadia Estates GmbH,Private,1,,Apartment,Berlin,Dev Site; Apartment,Birkenwerder; Berlin,Brandenburg; Berlin,,2022-07-26 00:00:00
1309,4aa466ac-5601-4c09-8e63-a634466787a8,Falk-Immobilien GmbH,Private,1,72597.624249216,Dev Site,Rastatt,Retail; Hotel; Dev Site,Augsburg; Leipzig; Rastatt,Bavaria; Saxony; Baden-Wurttemberg,,2013-11-26 00:00:00
1310,3670a807-3341-4fed-ac2f-98905ffff478,Samson,User/Other,1,19999.512,Industrial,Frankfurt am Main,Dev Site; Industrial,Frankfurt am Main; Offenbach am Main,Hesse,,2024-05-04 00:00:00
1311,4ebe8adf-f0d6-423a-b1c3-26ad9a91dfc2,DIFC,User/Other,1,23336.4305772,Retail,Osnabruck,Retail,Berlin; Osnabruck,Berlin; Lower Saxony,,2023-10-10 00:00:00
1312,46e12324-efb0-42ef-b63f-ff4c77a4eda7,F4 Immobilien,Private,1,5999.8536,Office,Haar,Office,Munich; Haar,Bavaria,,2020-12-31 00:00:00
1313,021c706d-cea7-4bf4-97fa-6351dfd6f35b,Dubai Holding,Institutional,1,64997.873322,Retail,Berlin,Retail,Bentwisch; Berlin,Mecklenburg-West Pomerania; Berlin,Longwing,2013-06-27 00:00:00
1314,964168b0-77a5-40f3-a1ba-6909c4b43357,Schild Holland Fonds,Public,1,,Apartment,Berlin,Retail; Apartment,Heiligenhaus; Berlin; Mullheim,North Rhine-Westphalia; Berlin; Baden-Wurttemberg,,2014-05-31 00:00:00
1315,4ffec3d3-51a5-4c44-850d-766e42d746f6,Paeschke GmbH,Private,1,10999.7316,Office,Leverkusen,Office; Dev Site,Leverkusen,North Rhine-Westphalia,,2012-09-14 00:00:00
1316,996ca4d4-2d52-404d-b3ec-d7f91056ecf3,Wogeno e.G.,Private,1,3680.9101836,Dev Site,Munich,Dev Site,Munich,Bavaria,,2012-11-22 00:00:00
1317,619b75ca-fab9-45d1-8d40-7d5cf8cfc8e5,City of Ludwigsburg,User/Other,1,8099.80236,Office,Ludwigsburg,Dev Site; Retail; Office,Ludwigsburg,Baden-Wurttemberg,,2024-05-31 00:00:00
1318,e937a284-0346-4cdc-a8ad-e13508a5419a,Panntum,Private,1,34999.146,Dev Site,Kaufbeuren,Dev Site,Munich; Kaufbeuren,Bavaria,,2018-04-06 00:00:00
1319,382258f4-4af8-4949-9a8a-e609f61373d6,GIG Grundbesitz,Public,1,,Retail,,Industrial; Retail,Eichenau; Wilhelmshaven,Bavaria; Lower Saxony,,2022-06-01 00:00:00
1320,2c538ba8-c285-4da3-890f-ebf0fd952d4d,Hewlett-Packard,User/Other,1,24999.39,Dev Site,Russelsheim,Dev Site; Office,Weiterstadt; Leinfelden-Echterdingen; Hamburg,Hesse; Baden-Wurttemberg; Hamburg,,2012-09-01 00:00:00
1321,c958085b-26de-4df8-84f0-ac6303d96eeb,Nymphenburg Immobilien,Private,1,3989.902644,Office,Munich,Office; Industrial,Munich,Bavaria,,2016-11-05 00:00:00
1322,042e2941-08ec-4a7b-9fed-969ad0206e7b,Kuhne Immobilien Consulting,Private,1,4999.878,Office,Kiel,Office,Kiel,Schleswig-Holstein,,2018-12-06 00:00:00
1323,f9185cfa-7ac0-4fc4-9c5b-9ee782a5d0a2,Republic of Turkey,User/Other,1,5199.87312,Dev Site,Cologne,Dev Site,Munster; Cologne,North Rhine-Westphalia,,2013-03-05 00:00:00
1324,f06b80db-c0fc-4aaf-918d-4765db9861e6,Rasmala plc,Institutional,1,32399.20944,Industrial,Dortmund,Industrial,Dortmund,North Rhine-Westphalia,,2019-12-05 00:00:00
1325,d917ee49-c711-4f18-936f-5c237fade405,Pierre & Vacances-Center Parcs,Public,1,,Hotel,Butjadingen,Dev Site; Hotel; Other Hospitality,Leutkirch im Allgau; Butjadingen; Bispingen,Baden-Wurttemberg; Lower Saxony,Center Parcs; Pierre & Vacances,2015-11-26 00:00:00
1326,d8db5e41-faf4-4618-b354-a6ef4a885e99,Gecina,Public,1,1859939.1336576,Dev Site,Leutkirch im Allgau,Dev Site; Retail,Leutkirch im Allgau; Munich,Baden-Wurttemberg; Bavaria,,2017-10-17 00:00:00
1327,67dd825a-14f7-432d-85a8-3c84cb8cddec,Eurofins,User/Other,1,4499.8902,Office,Hamburg,Dev Site; Office,Leipzig; Hamburg,Saxony; Hamburg,,2022-04-13 00:00:00
1328,5410a2d4-a0a7-424c-8806-f1a08204e718,Haussler Holding,Private,1,36999.0972,Office,Leonberg,Office; Dev Site; Apartment,Stuttgart; Leonberg,Baden-Wurttemberg,,2015-09-30 00:00:00
1329,4c48b00f-c8f6-419c-a5d2-da2b723242e8,Kompernass Handelsgesellschaft mbH,Private,1,1499.9634,Office,Bochum,Office; Industrial,Bochum,North Rhine-Westphalia,,2015-06-01 00:00:00
1330,0934a875-6474-4af0-a8f1-67866f9a5e54,NEINVER,Institutional,1,79997.3820928,Dev Site,Werl,Retail; Dev Site,Zweibrucken; Werl,Rhineland-Palatinate; North Rhine-Westphalia,,2016-11-23 00:00:00
1331,c194e910-742f-4ce9-8750-dad520ccf5de,Copart,User/Other,1,88997.8284,Dev Site,Budingen,Dev Site,Budingen,Hesse,,2021-05-05 00:00:00
1332,44bb225c-05c2-45f3-85cc-d26235f269a0,City of Wolfenbuttel,User/Other,1,8499.7926,Retail,Wolfenbuttel,Retail,Wolfenbuttel,Lower Saxony,,2018-02-26 00:00:00
1333,ab7c49f0-0f75-4878-81e8-99dc77d6f768,Erima GmbH,Private,1,18999.5364,Dev Site,Kirchentellinsfurt,Dev Site,Kirchentellinsfurt; Reutlingen,Baden-Wurttemberg,,2016-08-01 00:00:00
1334,686ed44d-10ba-4698-9849-8c1b35b1965d,Hyatt Hotels,Public,1,44268.919812,Hotel,Berlin,Hotel,Berlin,Berlin,,2018-03-30 00:00:00
1335,49cb670e-8d3e-444e-9433-58f70f247e75,Al Faisal Holding,Private,1,44268.919812,Hotel,Berlin,Hotel,Berlin,Berlin,,2018-03-30 00:00:00
1336,905bd0c9-9b5f-495c-ba69-c11c04a45ea9,Peker Holding GmbH,Private,1,17992.5609708,Dev Site,Dusseldorf,Apartment; Dev Site,Dormagen; Dusseldorf,North Rhine-Westphalia,,2020-12-31 00:00:00
1337,71d22705-a4ad-463b-9365-24e05533e315,SRE Holding,Private,1,102997.4868,Industrial,Ismaning,Industrial,Ismaning,Bavaria,,2024-05-06 00:00:00
1338,8ffc9431-c74b-480b-9591-1b6b28723d02,Al-Tijaria,Public,1,104827.442148,Industrial,Wolfhagen,Industrial,Volkmarsen; Wolfhagen,Hesse,,2017-09-25 00:00:00
1339,86b9bad8-d4eb-422a-a4c6-e1d9e288ce81,Spar-und Bauverein AG,Private,1,1299.96828,Apartment,Hanover,Apartment,Hanover,Lower Saxony,,2018-05-14 00:00:00
1340,4c48b00f-c8f6-419c-a5d2-da2b723242e8,Viva4ever GmbH,Private,1,10999.7316,Office,Berlin,Office,Berlin,Berlin,,2022-10-04 00:00:00
1341,134b4f41-f972-407b-8d88-4824355afb5c,Shore Capital Group,Institutional,1,,Retail,,Office; Retail,Berlin; Potsdam,Berlin; Brandenburg,,2022-03-14 00:00:00
1342,5a29f656-0201-4f33-b35a-ff3e58499035,SEG Kalkar,Private,1,,Apartment,Kalkar,Apartment,Kalkar,North Rhine-Westphalia,,2009-11-15 00:00:00
1343,cb8440ce-1b00-4257-b320-c5be17ccf6aa,Esprit,User/Other,1,64998.414,Dev Site,Monchengladbach,Dev Site,Monchengladbach; Juchen,North Rhine-Westphalia,,2016-08-30 00:00:00
1344,c2bdf699-2131-47d9-8612-4d187f33d972,Arzan Financial Group,Public,1,21899.46564,Retail,Krefeld,Industrial; Retail,Volkmarsen; Krefeld,Hesse; North Rhine-Westphalia,,2017-09-25 00:00:00
1345,3b5aa651-c380-49df-96c3-e842da3e590c,90 North RE Partners,Institutional,1,21899.46564,Retail,Krefeld,Industrial; Retail,Volkmarsen; Krefeld,Hesse; North Rhine-Westphalia,,2017-09-25 00:00:00
1346,0fb7b13b-45c8-4485-94cd-54d72d0d1fe8,Pervaiz Naviede Family Trust,Private,1,259993.656,Retail,,Retail; Hotel,Burghausen,Bavaria,,2015-12-31 00:00:00
1347,9c76d0d2-db22-4b44-91a5-183614158c15,Lanber GmbH,Private,1,11499.7194,Industrial,Greven,Apartment; Industrial,Kassel; Greven,Hesse; North Rhine-Westphalia,,2016-08-11 00:00:00
1348,d02b82f7-26a7-457b-8344-029d513af50d,United Investors,Institutional,1,11549.71818,Apartment,Berlin,Apartment,Berlin,Berlin,,2012-05-08 00:00:00
1349,e15d2632-f3d4-4b64-9f27-410756f36012,CORVIS,Private,1,8875.7834256,Office,Cologne,Office,Berlin; Cologne,Berlin; North Rhine-Westphalia,,2014-10-01 00:00:00
1350,a269ed29-7e37-4486-bad1-26c47a2c455a,Baden-Wurttembergische Versorgungsanstalt fuer Aerzte,Institutional,1,7699.81212,Apartment,Tubingen,Dev Site; Apartment,Konstanz; Tubingen,Baden-Wurttemberg,,2016-03-04 00:00:00
1351,ad1eb70e-b2ed-45fa-b240-9878aa677d33,BelaVita Wohnen,Private,1,4599.88776,Apartment,Buddenstedt,Apartment,Celle; Buddenstedt,Lower Saxony,,2016-10-05 00:00:00
1352,4bc68a36-ff6b-4daf-bb21-76d4f4be88ca,QIA,Institutional,1,65398.40424,Office,Frankfurt am Main,Hotel; Office,Frankfurt am Main,Hesse,Katara Hospitality,2018-05-24 00:00:00
1353,e62b750e-6736-4dbf-8604-fbd8fc7e5548,ARC Global Trust II,Private,1,28666.9891,Industrial,Weilbach,Industrial,Weilbach,Bavaria,,2015-11-30 00:00:00
1354,4c48b00f-c8f6-419c-a5d2-da2b723242e8,FHJ Immobilien GmbH,Private,1,,Hotel,Hameln,Hotel,Hameln,Lower Saxony,,2012-03-17 00:00:00
1355,4c48b00f-c8f6-419c-a5d2-da2b723242e8,LPB Immobilien GmbH,Private,1,2379.941928,Retail,Bremen,Retail,Bremen,Bremen,,2013-10-15 00:00:00
1356,c1ae9e9c-011e-4053-bc50-6a67a70aae6f,Garigal,Institutional,1,264991.328554,Retail,,Retail,Bremen; Germersheim; Tonisvorst,Bremen; Rhineland-Palatinate; North Rhine-Westphalia,,2017-06-30 00:00:00
1357,4c48b00f-c8f6-419c-a5d2-da2b723242e8,Grundstucksgesellschaft am Flughafen mbH,Private,1,2999.9268,Dev Site,Schonefeld,Dev Site,Schonefeld,Brandenburg,,2010-08-18 00:00:00
1358,6e2c4030-1799-4042-b1cc-33219fe27605,City of Halle,User/Other,1,1499.9634,Dev Site,Halle (Westf.),Dev Site; Office,Halle (Saale); Halle (Westf.); Landsberg,Saxony-Anhalt; North Rhine-Westphalia,,2021-01-27 00:00:00
1359,4c48b00f-c8f6-419c-a5d2-da2b723242e8,Fenecon,Private,1,11999.7072,Dev Site,Iggensbach,Dev Site,Iggensbach,Bavaria,,2022-03-09 00:00:00
1360,e27ce0ab-e4d8-4aa2-b8d3-741c26f635e6,Sommerlad Gruppe,User/Other,1,99997.56,Dev Site,Kunzell,Dev Site,Kunzell,Hesse,,2014-02-06 00:00:00
1361,e27ce0ab-e4d8-4aa2-b8d3-741c26f635e6,Wiegand Heizung Sanitar,User/Other,1,5999.8536,Industrial,Melsungen,Industrial,Melsungen,Hesse,,2014-07-11 00:00:00
1362,2c9257d0-1a9d-4b64-bfc9-8404879a46cf,Stadtsparkasse Solingen,Institutional,1,,Apartment,Solingen,Apartment,Solingen,North Rhine-Westphalia,,2019-09-10 00:00:00
1363,bd5657ae-402e-4677-a035-dc18a547bcae,Caritas Betriebs- und Werkstatten GmbH,User/Other,1,10799.73648,Dev Site,Eschweiler,Dev Site,Eschweiler,North Rhine-Westphalia,,2016-12-31 00:00:00
1364,eaf4bf3d-c951-4ad1-b40f-9ac89e8e102a,City of Taunusstein,User/Other,1,,Dev Site,Taunusstein,Dev Site,Taunusstein,Hesse,,2020-10-05 00:00:00
1365,4c48b00f-c8f6-419c-a5d2-da2b723242e8,Peter Mohrle Stiftung,Private,1,1149.97194,Retail,Hamburg,Retail,Hamburg,Hamburg,,2012-12-01 00:00:00
1366,e27ce0ab-e4d8-4aa2-b8d3-741c26f635e6,Hämmerling Group Logistic (HG-Logistic),User/Other,1,7499.817,Industrial,Paderborn,Industrial,Paderborn,North Rhine-Westphalia,,2016-11-07 00:00:00
1367,e27ce0ab-e4d8-4aa2-b8d3-741c26f635e6,SMB International Gmbh,User/Other,1,13999.6584,Industrial,Usingen,Industrial,Usingen,Hesse,,2017-09-19 00:00:00
1368,4c48b00f-c8f6-419c-a5d2-da2b723242e8,Woge Kiel,Private,1,29999.268,Dev Site,Kiel,Dev Site,Kiel,Schleswig-Holstein,,2013-11-19 00:00:00
1369,4c48b00f-c8f6-419c-a5d2-da2b723242e8,Gemeinnutziges Wohnungsunternehmen Eckernforde,Private,1,29999.268,Dev Site,Kiel,Dev Site,Kiel,Schleswig-Holstein,,2013-11-19 00:00:00
1370,4c48b00f-c8f6-419c-a5d2-da2b723242e8,Wankendorfer Baugenossenschaft,Private,1,29999.268,Dev Site,Kiel,Dev Site,Kiel,Schleswig-Holstein,,2013-11-19 00:00:00
1371,4c48b00f-c8f6-419c-a5d2-da2b723242e8,IMPEC Real Estate GmbH,Private,1,7514.816634,Industrial,Hassloch,Industrial,Hassloch,Rhineland-Palatinate,,2016-11-23 00:00:00
1372,4c48b00f-c8f6-419c-a5d2-da2b723242e8,ProjektTeam GmbH,Private,1,10999.7316,Dev Site,Dortmund,Dev Site,Dortmund,North Rhine-Westphalia,,2013-12-07 00:00:00
1373,4c48b00f-c8f6-419c-a5d2-da2b723242e8,Jan Ruster,Private,1,4999.878,Retail,Oberursel (Taunus),Retail,Oberursel (Taunus),Hesse,,2011-11-15 00:00:00
1374,4c48b00f-c8f6-419c-a5d2-da2b723242e8,IAG Holding GmbH,Private,1,2599.93656,Office,Oberursel (Taunus),Office,Oberursel (Taunus),Hesse,,2013-12-17 00:00:00
1375,4c48b00f-c8f6-419c-a5d2-da2b723242e8,Adendorfer Straße 6 Grundstucks GmbH,Private,1,8339.796504,Apartment,Meckenheim,Apartment,Meckenheim,North Rhine-Westphalia,,2012-09-13 00:00:00
1376,e27ce0ab-e4d8-4aa2-b8d3-741c26f635e6,Frankfurt School of Finance & Management GmbH,User/Other,1,29999.268,Dev Site,Frankfurt am Main,Dev Site,Frankfurt am Main,Hesse,,2012-11-30 00:00:00
1377,4c48b00f-c8f6-419c-a5d2-da2b723242e8,Schmidt Ambiente,Private,1,11199.72672,Industrial,Neu-Isenburg,Industrial,Neu-Isenburg,Hesse,,2022-11-09 00:00:00
1378,4c48b00f-c8f6-419c-a5d2-da2b723242e8,Winfried H. Schlun,Private,1,13399.67304,Dev Site,Krefeld,Dev Site,Krefeld,North Rhine-Westphalia,,2013-10-18 00:00:00
1379,4c48b00f-c8f6-419c-a5d2-da2b723242e8,VBR Erste Beteiligungs GmbH,Private,1,4499.8902,Hotel,Russelsheim,Hotel,Russelsheim,Hesse,,2009-01-15 00:00:00
1380,2f3a7e69-de11-401c-ae06-a27102ec9f68,Dannenberg Immobilienhandlung GmbH,Private,1,5708.8607004,Dev Site,Hanover,Dev Site,Hanover,Lower Saxony,,2014-10-31 00:00:00
1381,273e223a-3442-423d-a887-7a1bcb1459bf,State of Lower Saxony,User/Other,1,10942.7329908,Office,Wilhelmshaven,Dev Site; Office; Apartment,Hanover; Norten-Hardenberg; Braunschweig,Lower Saxony; North Rhine-Westphalia; Hesse,,2024-07-08 00:00:00
1382,e27ce0ab-e4d8-4aa2-b8d3-741c26f635e6,Mando Corporation,User/Other,1,14399.64864,Dev Site,Frankfurt am Main,Dev Site,Frankfurt am Main,Hesse,,2014-12-31 00:00:00
1383,4c48b00f-c8f6-419c-a5d2-da2b723242e8,Sports Medicine Exellence Group (SME),Private,1,17999.5608,Dev Site,Bad Wiessee,Dev Site,Bad Wiessee,Bavaria,,2015-08-12 00:00:00
1384,e27ce0ab-e4d8-4aa2-b8d3-741c26f635e6,Messe Essen GmbH,User/Other,1,37999.0728,Dev Site,Essen,Dev Site,Essen,North Rhine-Westphalia,,2012-09-11 00:00:00
1385,e27ce0ab-e4d8-4aa2-b8d3-741c26f635e6,KVG Kasseler Verkehrs-Gesellschaft,User/Other,1,19999.512,Dev Site,Kassel,Dev Site,Kassel,Hesse,,2021-09-02 00:00:00
1386,4537bdab-5623-4fee-9393-61326d7f7ed0,B2B Makler Service,Private,1,,Apartment,Rheinberg,Apartment,Rheinberg,North Rhine-Westphalia,,2010-02-24 00:00:00
1387,4c48b00f-c8f6-419c-a5d2-da2b723242e8,Manstein-Rheinberg GbR,Private,1,,Apartment,Rheinberg,Apartment,Rheinberg,North Rhine-Westphalia,,2010-02-24 00:00:00
1388,e27ce0ab-e4d8-4aa2-b8d3-741c26f635e6,ACTech GmbH,User/Other,1,9014.780034,Industrial,Bobritzsch-Hilbersdorf,Industrial,Bobritzsch-Hilbersdorf,Saxony,,2022-10-12 00:00:00
1389,3d7d0738-6665-4295-9353-803659683a19,Deutsche Habitat,Private,1,199995.12,Dev Site,Bad Bramstedt,Dev Site,Blankenfelde-Mahlow; Bad Bramstedt,Brandenburg; Schleswig-Holstein,,2022-06-09 00:00:00
1390,ef3bcf9f-ab78-4ebd-a4be-f0d65436515d,Landericus,Institutional,1,1999.9512,Apartment,Osterholz-Scharmbeck,Apartment,Halle (Saale); Bremen; Dortmund,North Rhine-Westphalia; Lower Saxony; Saxony-Anhalt,,2016-10-28 00:00:00
1391,e27ce0ab-e4d8-4aa2-b8d3-741c26f635e6,Medac,User/Other,1,32499.207,Dev Site,Tornesch,Dev Site,Tornesch,Schleswig-Holstein,,2008-12-15 00:00:00
1392,e27ce0ab-e4d8-4aa2-b8d3-741c26f635e6,Holler & Kippler,User/Other,1,5909.855796,Dev Site,Gerlingen,Dev Site,Gerlingen,Baden-Wurttemberg,,2014-07-22 00:00:00
1393,e27ce0ab-e4d8-4aa2-b8d3-741c26f635e6,INPLAN GmbH,User/Other,1,18999.5364,Industrial,Mulheim an der Ruhr,Industrial,Mulheim an der Ruhr,North Rhine-Westphalia,,2016-01-11 00:00:00
1394,4c48b00f-c8f6-419c-a5d2-da2b723242e8,Jurgen Streit,Private,1,,Hotel,Bensheim,Hotel,Bensheim,Hesse,,2015-10-31 00:00:00
1395,e27ce0ab-e4d8-4aa2-b8d3-741c26f635e6,PROSOZ Herten GmbH,User/Other,1,7199.82432,Dev Site,Herten,Dev Site,Herten,North Rhine-Westphalia,,2020-12-01 00:00:00
1396,4c48b00f-c8f6-419c-a5d2-da2b723242e8,Kiesel-Ost GmbH,Private,1,7999.8048,Dev Site,Kleinmachnow,Dev Site,Kleinmachnow,Brandenburg,,2015-07-20 00:00:00
1397,abad3be0-aaf7-42e8-ab87-a88e220b0684,LebensRaume Hoyerswerda,User/Other,1,4999.8363808,Dev Site,Hoyerswerda,Dev Site,Hoyerswerda,Saxony,,2023-02-10 00:00:00
1398,4c48b00f-c8f6-419c-a5d2-da2b723242e8,F & E Immobilien-Verwaltungsgesellschaft,Private,1,11299.72428,Dev Site,Osnabruck,Dev Site,Osnabruck,Lower Saxony,,2020-07-31 00:00:00
1399,4c48b00f-c8f6-419c-a5d2-da2b723242e8,Die Mehrwertbauer,Private,1,3489.914844,Hotel,Munich,Hotel,Munich,Bavaria,,2024-02-27 00:00:00
1400,4c48b00f-c8f6-419c-a5d2-da2b723242e8,MG Projekt-Sendling GmbH,Private,1,9565.7665896,Dev Site,Munich,Dev Site,Munich,Bavaria,,2008-05-31 00:00:00
1401,3fff25ed-2cb5-4330-bf9e-21a69240eb63,Eugen Schulz Bauunternehmen GmbH,Private,1,10999.7316,Dev Site,Salzgitter,Dev Site,Salzgitter,Lower Saxony,,2012-03-06 00:00:00
1402,e27ce0ab-e4d8-4aa2-b8d3-741c26f635e6,Naturfullstoffe Giengen GmbH,User/Other,1,1399.96584,Industrial,Giengen an der Brenz,Industrial,Giengen an der Brenz,Baden-Wurttemberg,,2021-09-08 00:00:00
1403,4c48b00f-c8f6-419c-a5d2-da2b723242e8,Immobilienkontor Wuppertal GmbH,Private,1,13999.6584,Dev Site,Wuppertal,Dev Site,Wuppertal,North Rhine-Westphalia,,2016-05-04 00:00:00
1404,f9f66d35-08f8-4261-b293-93ae7f610dfe,Hudson Advisors,Institutional,1,,Office,Ratingen,Dev Site; Office; Retail,Berlin; Langen; Dusseldorf,North Rhine-Westphalia; Berlin; Lower Saxony,,2015-02-15 00:00:00
1405,3e23be8b-8722-41ff-b8e5-d218d6c5969c,City of Bergheim,User/Other,1,,Apartment,Bergheim,Dev Site; Apartment,Bergheim,North Rhine-Westphalia,,2016-10-31 00:00:00
1406,7c881ee1-3b81-470e-89e8-eb72876dab9e,Haschtmann-Gruppe,Private,1,3399.91704,Dev Site,Berlin,Apartment; Dev Site; Hotel,Potsdam; Berlin; Zingst,Brandenburg; Berlin; Mecklenburg-West Pomerania,,2016-11-30 00:00:00
1407,e27ce0ab-e4d8-4aa2-b8d3-741c26f635e6,Bucher Stahlhandel GmbH,User/Other,1,29999.268,Dev Site,Zimmern ob Rottweil,Dev Site,Zimmern ob Rottweil,Baden-Wurttemberg,,2012-02-15 00:00:00
1408,4c48b00f-c8f6-419c-a5d2-da2b723242e8,IG Metall,Private,1,,Office,Wolfsburg,Office,Wolfsburg,Lower Saxony,,2017-09-30 00:00:00
1409,e27ce0ab-e4d8-4aa2-b8d3-741c26f635e6,K+A Kuchen Aktuell GmbH,User/Other,1,20999.4876,Dev Site,Bornheim,Dev Site,Bornheim,North Rhine-Westphalia,,2013-04-26 00:00:00
1410,e27ce0ab-e4d8-4aa2-b8d3-741c26f635e6,Verlagsgruppe Rhein Main,User/Other,1,37999.0728,Dev Site,Russelsheim,Dev Site,Russelsheim,Hesse,,2008-07-15 00:00:00
1411,e27ce0ab-e4d8-4aa2-b8d3-741c26f635e6,Mainz and Medienhaus Sudhessen,User/Other,1,37999.0728,Dev Site,Russelsheim,Dev Site,Russelsheim,Hesse,,2008-07-15 00:00:00
1412,4c48b00f-c8f6-419c-a5d2-da2b723242e8,Dinkelacker und Kuffler (Family Office),Private,1,2351.9426112,Office,Stuttgart,Office,Stuttgart,Baden-Wurttemberg,,2016-04-30 00:00:00
1413,4c48b00f-c8f6-419c-a5d2-da2b723242e8,Immobiliengesellschaft Alexanderstraße GmbH & Co. KG,Private,1,3144.923262,Office,Mulheim an der Ruhr,Office,Mulheim an der Ruhr,North Rhine-Westphalia,,2018-11-28 00:00:00
1414,4c48b00f-c8f6-419c-a5d2-da2b723242e8,MonArch AG,Private,1,1799.95608,Dev Site,Berlin,Dev Site,Berlin,Berlin,,2014-04-22 00:00:00
1415,4c48b00f-c8f6-419c-a5d2-da2b723242e8,Valorum Holding,Private,1,5803.8583824,Dev Site,Dresden,Dev Site,Dresden,Saxony,,2024-01-12 00:00:00
1416,4c48b00f-c8f6-419c-a5d2-da2b723242e8,Muller Gewerbebau,Private,1,8816.7848652,Dev Site,Munich,Hotel; Dev Site; Office,Munich,Bavaria,,2008-05-28 00:00:00
1417,4c48b00f-c8f6-419c-a5d2-da2b723242e8,Immo Connect GmbH,Private,1,3999.9024,Dev Site,Witten,Dev Site,Witten,North Rhine-Westphalia,,2020-07-15 00:00:00
1418,ce6e82f0-d2ca-4c47-8221-353f3c134dac,Kreisbaugesellschaft Waiblingen mbH,Private,1,2596.9366332,Dev Site,Winnenden,Dev Site,Winnenden,Baden-Wurttemberg,,2019-10-23 00:00:00
1419,480edc90-a1cf-457a-a638-5b6e32ba6909,Projektbau Pfleiderer,Private,1,2596.9366332,Dev Site,Winnenden,Dev Site,Winnenden,Baden-Wurttemberg,,2024-02-20 00:00:00
1420,e27ce0ab-e4d8-4aa2-b8d3-741c26f635e6,va-Q-tec AG,User/Other,1,24999.39,Industrial,Wurzburg,Industrial,Wurzburg,Bavaria,,2017-05-30 00:00:00
1421,e27ce0ab-e4d8-4aa2-b8d3-741c26f635e6,LPKF Laser & Electronics AG,User/Other,1,9999.756,Industrial,Furth,Industrial,Furth,Bavaria,,2013-06-12 00:00:00
1422,f3fb89a5-fc11-4042-8538-9de0a7b21804,Rheinmetall AG,User/Other,1,17599.57056,Dev Site,Hamburg,Office; Industrial; Dev Site,Hamburg; Neuss; Dusseldorf,North Rhine-Westphalia; Hamburg,KSPG AG,2021-04-07 00:00:00
1423,d1cb524e-6379-4dcd-b096-f8e0b973760b,Akkumula Immobilien,Private,1,6449.84262,Office,Essen,Office; Industrial,Essen; Hochstadt an der Aisch,North Rhine-Westphalia; Bavaria,,2021-10-21 00:00:00
1424,24adb5fb-5a95-4838-8111-8f0549d7da8f,KVK Kommunale Versorgungskassen Kurhessen-Waldeck,Institutional,1,3499.9146,Retail,Alsfeld,Retail; Apartment,Alsfeld; Kassel,Hesse,,2021-03-04 00:00:00
1425,bd5657ae-402e-4677-a035-dc18a547bcae,Bamberger St. Joseph Stiftung,User/Other,1,3299.91948,Apartment,Erlangen,Apartment,Erlangen,Bavaria,,2011-07-07 00:00:00
1426,4c48b00f-c8f6-419c-a5d2-da2b723242e8,Zeppelin GmbH,Private,1,9999.756,Dev Site,Esslingen am Neckar,Dev Site,Esslingen am Neckar,Baden-Wurttemberg,,2015-11-30 00:00:00
1427,0f2844d0-9392-47cf-a2c3-300a3598a41f,Xinyu GmbH,Private,1,2219.945832,Hotel,Florsheim am Main,Hotel,Florsheim am Main,Hesse,,2010-02-05 00:00:00
1428,4c48b00f-c8f6-419c-a5d2-da2b723242e8,WELCOME HOTELS GmbH,Private,1,,Hotel,Euskirchen,Hotel,Euskirchen,North Rhine-Westphalia,,2018-03-10 00:00:00
1429,e27ce0ab-e4d8-4aa2-b8d3-741c26f635e6,Ocean Group,User/Other,1,4299.89508,Industrial,Sankt Augustin,Industrial,Sankt Augustin,North Rhine-Westphalia,,2017-09-25 00:00:00
1430,4c48b00f-c8f6-419c-a5d2-da2b723242e8,Leo Schonhals,Private,1,3999.9024,Retail,Remscheid,Retail,Remscheid,North Rhine-Westphalia,,2015-06-19 00:00:00
1431,e27ce0ab-e4d8-4aa2-b8d3-741c26f635e6,Wind Sportswear,User/Other,1,2999.9268,Dev Site,Jesteburg,Dev Site,Jesteburg,Lower Saxony,,2010-09-15 00:00:00
1432,e27ce0ab-e4d8-4aa2-b8d3-741c26f635e6,Gabor Shoes AG,User/Other,1,16999.5852,Industrial,Mindelheim,Industrial,Mindelheim,Bavaria,,2015-07-30 00:00:00
1433,bf938bc5-5979-4047-884d-b965c48907bd,Wohnstatte Stade eG,User/Other,1,5364.869094,Apartment,Stade,Apartment,Stade,Lower Saxony,,2024-02-26 00:00:00
1434,e27ce0ab-e4d8-4aa2-b8d3-741c26f635e6,Auwa Chemie GmbH,User/Other,1,17999.5608,Dev Site,Grebenau,Dev Site,Grebenau,Hesse,,2015-12-03 00:00:00
1435,c5f1f308-177f-4493-988d-f2e730a5d6ba,Grupo Metropolis,Private,1,4679.885808,Office,Hamburg,Office,Hamburg,Hamburg,,2011-09-09 00:00:00
1436,4c48b00f-c8f6-419c-a5d2-da2b723242e8,Gator Beteilingungs und Verwaltungs GmbH,Private,1,28199.31192,Office,Hamburg,Office,Hamburg,Hamburg,,2011-12-31 00:00:00
1437,e27ce0ab-e4d8-4aa2-b8d3-741c26f635e6,GEFO Gesellschaft fur Oeltransporte m.b.H.,User/Other,1,1979.951688,Office,Hamburg,Office,Hamburg,Hamburg,,2011-06-01 00:00:00
1438,4c48b00f-c8f6-419c-a5d2-da2b723242e8,Deutsche Realbesitz Unternehmensgruppe (Derag),Private,1,4999.878,Office,Hamburg,Office,Hamburg,Hamburg,,2024-02-15 00:00:00
1439,9207311e-2b51-4b51-b7fd-e0fd410c7eb4,Freiberger Holding,Institutional,1,99997.56,Industrial,Berlin,Office; Industrial,Berlin,Berlin,,2007-11-05 00:00:00
1440,4c48b00f-c8f6-419c-a5d2-da2b723242e8,Viessmann Family,Private,1,10999.7316,Office,Berlin,Office,Berlin,Berlin,,2018-03-08 00:00:00
1441,4c48b00f-c8f6-419c-a5d2-da2b723242e8,Atlas Holding,Private,1,249991.81904,Dev Site,Magdeburg,Dev Site,Magdeburg,Saxony-Anhalt,,2023-08-30 00:00:00
1442,4d5a7b95-340e-446d-9928-b29ce648c108,Eterra Gruppe,Private,1,299990.182848,Dev Site,Magdeburg,Dev Site,Magdeburg,Saxony-Anhalt,,2023-10-16 00:00:00
1443,1aa2db77-d7a9-4155-a2af-021fc0b63c5c,Mava,Private,1,299990.182848,Dev Site,Magdeburg,Dev Site,Magdeburg,Saxony-Anhalt,,2023-10-16 00:00:00
1444,4c48b00f-c8f6-419c-a5d2-da2b723242e8,Nobilis Vermögensverwaltung GmbH,Private,1,3945.9037176,Apartment,Berlin,Apartment,Berlin,Berlin,,2014-12-31 00:00:00
1445,48392667-64ad-4e54-aa8e-6734a31f3bff,Kroon Vastgoed BV,User/Other,1,5499.8658,Retail,Rastatt,Retail,Rastatt; Schwentinental,Baden-Wurttemberg; Schleswig-Holstein,,2018-10-08 00:00:00
1446,4c48b00f-c8f6-419c-a5d2-da2b723242e8,Citygroup,Private,1,6999.8292,Office,Hamburg,Office,Hamburg,Hamburg,,2011-12-01 00:00:00
1447,4c48b00f-c8f6-419c-a5d2-da2b723242e8,Veritas Capital GmbH,Private,1,1499.9634,Retail,Wuppertal,Retail,Wuppertal,North Rhine-Westphalia,,2014-03-28 00:00:00
1448,e27ce0ab-e4d8-4aa2-b8d3-741c26f635e6,"Rhoen-Klinikum AG, Bad Neustadt a.d.Saale",User/Other,1,51998.7312,Dev Site,Nordenham,Dev Site,Nordenham,Lower Saxony,,2011-11-30 00:00:00
1449,a83ba4e8-0333-4def-990f-5b3034f58bf8,Essex Management GmbH,Private,1,5609.816666,Office,Hamburg,Office; Apartment,Hamburg; Bonn,Hamburg; North Rhine-Westphalia,,2014-02-17 00:00:00
1450,bd368e95-0969-4921-9492-1131d9938929,Van Caem Projects,Private,1,34193.1656664,Dev Site,Berlin,Office; Dev Site,Berlin,Berlin,,2018-02-15 00:00:00
1451,20a4ba8c-ab06-4289-b05b-6a8d97c824c4,Vescore AG,Institutional,1,15339.625704,Office,Braunschweig,Office,Braunschweig,Lower Saxony,,2016-06-27 00:00:00
1452,4c48b00f-c8f6-419c-a5d2-da2b723242e8,Orcapital Real Estate GmbH,Private,1,1299.96828,Office,Bochum,Office,Bochum,North Rhine-Westphalia,,2020-10-30 00:00:00
1453,4c48b00f-c8f6-419c-a5d2-da2b723242e8,Rhenum GmbH,Private,1,5999.8536,Apartment,Speyer,Apartment,Speyer,Rhineland-Palatinate,,2024-06-05 00:00:00
1454,eaf4bf3d-c951-4ad1-b40f-9ac89e8e102a,Municipality of Lindlar,User/Other,1,37998.75649408,Dev Site,Lindlar,Dev Site,Lindlar,North Rhine-Westphalia,,2021-12-16 00:00:00
1455,1bc3dac4-357d-43c8-91c7-11929d3fdf30,KolnGrund,Private,1,6999.8292,Dev Site,Bonn,Dev Site,Lindlar; Bonn,North Rhine-Westphalia,,2021-12-16 00:00:00
1456,4c48b00f-c8f6-419c-a5d2-da2b723242e8,Diamona & Harnisch,Private,1,12699.69012,Dev Site,Berlin,Dev Site,Berlin,Berlin,,2012-11-08 00:00:00
1457,4c48b00f-c8f6-419c-a5d2-da2b723242e8,Heinz Lohmann,Private,1,4464.891054,Office,Munster,Office,Munster,North Rhine-Westphalia,,2009-02-15 00:00:00
1458,880550ba-7c95-47e9-8a1f-abb361a47eb8,Genting Hong Kong,Private,1,22999.24735168,Dev Site,Wismar,Dev Site; Hotel,Wismar,Mecklenburg-West Pomerania,,2022-10-19 00:00:00
1459,4c48b00f-c8f6-419c-a5d2-da2b723242e8,Densch & Schmidt GmbH,Private,1,8399.79504,Retail,Elmshorn,Retail,Elmshorn,Schleswig-Holstein,,2005-03-01 00:00:00
1460,85baace8-fbc6-433d-a31d-7e6f5996a0cc,NPV A/S,Private,1,20299.50468,Retail,Kiel,Retail,Kiel,Schleswig-Holstein,,2023-07-10 00:00:00
1461,4c48b00f-c8f6-419c-a5d2-da2b723242e8,Heutelbeck GmbH & Co. KG,Private,1,1854.954738,Office,Iserlohn,Office,Iserlohn,North Rhine-Westphalia,,2009-03-31 00:00:00
1462,2f2c3352-53d3-474c-b371-19fad8a3b877,Arzteversorgung Hamburg,Institutional,1,29999.268,Office,Hamburg,Office,Hamburg,Hamburg,,2016-06-30 00:00:00
1463,e27ce0ab-e4d8-4aa2-b8d3-741c26f635e6,Polytech Health & Aesthetics,User/Other,1,14999.5091424,Dev Site,Dieburg,Dev Site,Dieburg,Hesse,,2020-04-29 00:00:00
1464,abad3be0-aaf7-42e8-ab87-a88e220b0684,Gemeinnutzige Wohungsbau GmbH Hochtaunuskreis,User/Other,1,9771.7615632,Apartment,Usingen,Apartment,Usingen,Hesse,,2014-09-27 00:00:00
1465,eaf4bf3d-c951-4ad1-b40f-9ac89e8e102a,Municipality of Burgkirchen an der Alz,User/Other,1,96997.6332,Dev Site,Burgkirchen an der Alz,Dev Site,Burgkirchen an der Alz,Bavaria,,2016-03-07 00:00:00
1466,02b141c8-dedc-4ea9-b979-80780574ce76,RIVA home,Private,1,8999.7804,Dev Site,Ostrach,Dev Site,Ostrach,Baden-Wurttemberg,,2022-06-23 00:00:00
1467,4c48b00f-c8f6-419c-a5d2-da2b723242e8,Karl Heinz Andresen,Private,1,16095.6072576,Retail,Hof,Retail,Hof,Bavaria,,2012-01-10 00:00:00
1468,4c48b00f-c8f6-419c-a5d2-da2b723242e8,Beteiligungsgesellschaft Schaffer,Private,1,8264.798334,Retail,Rendsburg,Retail,Rendsburg,Schleswig-Holstein,,2016-05-03 00:00:00
1469,4c48b00f-c8f6-419c-a5d2-da2b723242e8,Hoft Bauunternehmen GmbH & Co KG,Private,1,8264.798334,Retail,Rendsburg,Retail,Rendsburg,Schleswig-Holstein,,2016-05-03 00:00:00
1470,4c48b00f-c8f6-419c-a5d2-da2b723242e8,Matthias Martensen,Private,1,8264.798334,Retail,Rendsburg,Retail,Rendsburg,Schleswig-Holstein,,2016-05-03 00:00:00
1471,4c48b00f-c8f6-419c-a5d2-da2b723242e8,SAC Norimberg SA,Private,1,13499.6706,Industrial,Hochstadt an der Aisch,Industrial,Hochstadt an der Aisch,Bavaria,,2002-09-01 00:00:00
1472,4c48b00f-c8f6-419c-a5d2-da2b723242e8,Friesenhorn-Nordsee-Kliniken GmbH,Private,1,64997.8729504,Dev Site,Varel,Dev Site,Varel,Lower Saxony,,2013-11-30 00:00:00
1473,4c48b00f-c8f6-419c-a5d2-da2b723242e8,Lothar Peters,Private,1,64997.8729504,Dev Site,Varel,Dev Site,Varel,Lower Saxony,,2013-11-30 00:00:00
1474,2bdbf86c-80c8-4007-99d5-f48142d595e2,City of Varel,User/Other,1,149995.091424,Dev Site,Varel,Dev Site,Varel,Lower Saxony,,2015-12-03 00:00:00
1475,f6c65e3c-b1a3-4c06-9ef4-44b3aa4e990d,Opus,Private,1,7999.8048,Dev Site,Bischofsheim,Dev Site,Bischofsheim,Hesse,,2022-10-27 00:00:00
1476,e27ce0ab-e4d8-4aa2-b8d3-741c26f635e6,Obst- und Gemuse-Absatzgenossenschaft Nordbaden eG,User/Other,1,13999.6584,Dev Site,Bruchsal,Dev Site,Bruchsal,Baden-Wurttemberg,,2015-11-21 00:00:00
1477,4c48b00f-c8f6-419c-a5d2-da2b723242e8,Christopher Kroschke,Private,1,,Hotel,Ahrensburg,Hotel,Ahrensburg,Schleswig-Holstein,,2015-01-31 00:00:00
1478,4c48b00f-c8f6-419c-a5d2-da2b723242e8,Unnaer Kreis- Bau- & Siedlungsgesellschaft (UKBS),Private,1,,Apartment,Selm,Apartment,Selm,North Rhine-Westphalia,,2024-04-18 00:00:00
1479,04f86d6e-73a2-45c5-8e0c-01060fa7c3eb,Augustinum,Private,1,,Seniors Housing & Care,Diessen am Ammersee,Seniors Housing & Care; Dev Site,Diessen am Ammersee; Dresden,Bavaria; Saxony,,2013-01-30 00:00:00
1480,36478b5c-e794-4c88-8a77-ab7634350820,H Gautzsch GmbH,Private,1,30998.98556096,Dev Site,Windorf,Industrial; Dev Site,Bassenheim; Ulm; Windorf,Rhineland-Palatinate; Baden-Wurttemberg; Bavaria,,2019-07-04 00:00:00
1481,b3e3c681-2209-49ac-8e8d-d6149f4594bb,Ratiodata SE,User/Other,1,29999.0182848,Dev Site,Bassenheim,Dev Site,Bassenheim,Rhineland-Palatinate,,2022-12-01 00:00:00
1482,4c48b00f-c8f6-419c-a5d2-da2b723242e8,"PSG Property Service Group Berlin GmbH, Berlin",Private,1,1299.96828,Office,Berlin,Office,Berlin,Berlin,,2011-03-17 00:00:00
1483,4c48b00f-c8f6-419c-a5d2-da2b723242e8,Hubert Hörmann,Private,1,219992.8007552,Dev Site,Bad Tolz,Dev Site,Bad Tolz,Bavaria,,2016-07-05 00:00:00
1484,e27ce0ab-e4d8-4aa2-b8d3-741c26f635e6,Norma Lebensmittelfilialbetrieb GmbH & Co. KG,User/Other,1,55998.6336,Dev Site,Dasing,Dev Site,Dasing,Bavaria,,2013-06-29 00:00:00
1485,e27ce0ab-e4d8-4aa2-b8d3-741c26f635e6,Medifa Healthcare Group GmbH,User/Other,1,27999.3168,Dev Site,Baden-Baden,Dev Site,Baden-Baden,Baden-Wurttemberg,,2021-04-23 00:00:00
1486,e27ce0ab-e4d8-4aa2-b8d3-741c26f635e6,Swiss International Partner AG,User/Other,1,1116.9727452,Industrial,Neuss,Industrial,Neuss,North Rhine-Westphalia,,2023-04-01 00:00:00
1487,e27ce0ab-e4d8-4aa2-b8d3-741c26f635e6,Autohaus Velebi and Reiner Plum Design,User/Other,1,9999.756,Dev Site,Neuss,Dev Site,Neuss,North Rhine-Westphalia,,2011-08-01 00:00:00
1488,4c48b00f-c8f6-419c-a5d2-da2b723242e8,Antony & Urban Meeting Management GmbH,Private,1,7499.817,Hotel,Berlin,Hotel,Berlin,Berlin,,2014-12-31 00:00:00
1489,09a1015a-c4db-4880-8d3a-332528b0392b,Rengo Co Ltd (JPN),User/Other,1,165995.9496,Dev Site,Weeze,Dev Site,Weeze,North Rhine-Westphalia,Tricor Packaging & Logistics,2023-04-25 00:00:00
1490,9cd91e74-29a7-4d35-8f34-97640403db61,KlokGroep,Private,1,3999.86910464,Dev Site,Duisburg,Dev Site,Duisburg,North Rhine-Westphalia,Novaform,2019-03-22 00:00:00
1491,9eec28f9-2c29-4635-9fd7-2d3a66f8f348,Burkart Group,Private,1,,Seniors Housing & Care,,Seniors Housing & Care,Hochstadt an der Aisch; Uehlfeld; Nuremberg,Bavaria; Saxony-Anhalt; Berlin,,2016-08-30 00:00:00
1492,198e546e-9da5-44e0-944f-147a7a41b81a,KS Immobilien GmbH,Private,1,,Seniors Housing & Care,,Seniors Housing & Care,Hochstadt an der Aisch; Uehlfeld; Nuremberg,Bavaria; Saxony-Anhalt; Berlin,,2016-08-30 00:00:00
1493,4c48b00f-c8f6-419c-a5d2-da2b723242e8,Schapira Family,Private,1,39999.024,Office,Bremen,Office,Bremen,Bremen,,2017-11-14 00:00:00
1494,e27ce0ab-e4d8-4aa2-b8d3-741c26f635e6,Krage Speditionsgesellschaft mbH,User/Other,1,4999.878,Dev Site,Potsdam,Dev Site,Potsdam,Brandenburg,,2015-01-20 00:00:00
1495,4c48b00f-c8f6-419c-a5d2-da2b723242e8,Luo Chen GbR,Private,1,2699.93412,Hotel,Troisdorf,Hotel,Troisdorf,North Rhine-Westphalia,,2017-08-16 00:00:00
1496,67491e73-ca88-485b-823a-373be9c35ced,Industriebau Wernigerode,Private,1,7909.74116670454,Industrial,Quedlinburg,Apartment; Retail; Industrial,Magdeburg; Golzow; Quedlinburg,Saxony-Anhalt; Brandenburg,,2018-09-26 00:00:00
1497,bd5657ae-402e-4677-a035-dc18a547bcae,Fiedberger Wohnungsbaugesellschaft mbH,User/Other,1,29999.268,Dev Site,Friedberg (Hessen),Dev Site,Friedberg (Hessen),Hesse,,2011-12-17 00:00:00
1498,8e8ada14-d766-4a92-849d-7d3e3e6dc843,Wiebe Holding GmbH & Co. KG,Private,1,10699.73892,Dev Site,Bremen,Apartment; Dev Site,Bremen; Hamburg,Bremen; Hamburg,,2017-02-09 00:00:00
1499,4c48b00f-c8f6-419c-a5d2-da2b723242e8,Reis Musikverlage Verwaltung GmbH,Private,1,2199.94632,Industrial,Erzhausen,Industrial,Erzhausen,Hesse,,2013-03-26 00:00:00
1500,e27ce0ab-e4d8-4aa2-b8d3-741c26f635e6,"Musikverlage Lienau, Zimmermann und Allegra",User/Other,1,2199.94632,Industrial,Erzhausen,Industrial,Erzhausen,Hesse,,2013-03-26 00:00:00
1501,4c48b00f-c8f6-419c-a5d2-da2b723242e8,Deka Center GmbH,Private,1,3649.91094,Retail,Weiterstadt,Retail,Weiterstadt,Hesse,,2019-09-25 00:00:00
1502,e27ce0ab-e4d8-4aa2-b8d3-741c26f635e6,Steelpaint GmbH,User/Other,1,2009.950956,Industrial,Kitzingen,Industrial,Kitzingen,Bavaria,,2014-09-22 00:00:00
1503,4c48b00f-c8f6-419c-a5d2-da2b723242e8,Projekt 95 Baumanagement GmbH,Private,1,82497.987,Industrial,Ilmenau,Industrial,Ilmenau,Thuringia,,2022-03-21 00:00:00
1504,0431024b-29f7-4683-ac6f-83ef6355d1f5,metaWERK,Private,1,10499.7438,Office,Zwickau,Industrial; Office,Meerane; Leipzig; Feuchtwangen,Saxony; Bavaria,,2021-01-28 00:00:00
1505,8363640c-3333-4f11-a24c-73a780567016,Jost Hurler,Private,1,,Hotel,Munich,Retail; Hotel,Schwabach; Munich; Gagelow,Bavaria; Mecklenburg-West Pomerania,,2016-06-01 00:00:00
1506,a5363abb-ff74-4f35-8249-722c73f46426,Pforzheimer Bau und Grund,Private,1,5149.87434,Apartment,Pforzheim,Apartment,Pforzheim,Baden-Wurttemberg,,2023-10-23 00:00:00
1507,4c48b00f-c8f6-419c-a5d2-da2b723242e8,Wilhelm Hinghaus Handels & Verwaltung GmbH & Co KG,Private,1,8699.78772,Industrial,Dissen am Teutoburger Wald,Industrial,Dissen am Teutoburger Wald,Lower Saxony,,2010-03-01 00:00:00
1508,01d9b6a3-4645-4bd6-ac34-4c7c6778041d,Yondr Group,Private,1,35998.82194176,Dev Site,Bischofsheim,Dev Site,Bischofsheim,Hesse,,2021-01-25 00:00:00
1509,4c48b00f-c8f6-419c-a5d2-da2b723242e8,IHK Wurzburg-Schweinfurt KdöR,Private,1,3249.9207,Dev Site,Wurzburg,Dev Site,Wurzburg,Bavaria,,2013-07-30 00:00:00
1510,eaf4bf3d-c951-4ad1-b40f-9ac89e8e102a,Hamburg Port Authority,User/Other,1,64998.414,Dev Site,Hamburg,Dev Site,Hamburg,Hamburg,,2013-02-14 00:00:00
1511,4c48b00f-c8f6-419c-a5d2-da2b723242e8,raab.schmale Architekten und Ingenieure GmbH,Private,1,14999.634,Dev Site,Bad Nauheim,Dev Site,Bad Nauheim,Hesse,,2014-05-23 00:00:00
1512,eaf4bf3d-c951-4ad1-b40f-9ac89e8e102a,Lower Saxony,User/Other,1,9999.756,Dev Site,Stade,Dev Site,Stade,Lower Saxony,,2012-03-01 00:00:00
1513,230d8e62-9bca-45d6-a320-901a96b29ebe,City of Stade ,User/Other,1,,Parking Facility,Stade,Dev Site; Parking Facility,Stade,Lower Saxony,,2015-02-19 00:00:00
1514,e27ce0ab-e4d8-4aa2-b8d3-741c26f635e6,Meffert AG Farbwerke,User/Other,1,27659.325096,Dev Site,Bad Kreuznach,Dev Site,Bad Kreuznach,Rhineland-Palatinate,,2021-03-17 00:00:00
1515,f0ef5012-a34b-4f16-bccc-11d47543c299,Dressler Bau GmbH,Private,1,4599.88776,Dev Site,Kelsterbach,Office; Dev Site; Seniors Housing & Care,Karlsruhe; Kelsterbach; Heppenheim (Bergstrasse),Hesse; Baden-Wurttemberg,,2022-10-25 00:00:00
1516,e27ce0ab-e4d8-4aa2-b8d3-741c26f635e6,accadis Hochschule,User/Other,1,5326.8700212,Office,Bad Homburg vor der Hohe,Office,Bad Homburg vor der Hohe,Hesse,,2021-02-26 00:00:00
1517,e27ce0ab-e4d8-4aa2-b8d3-741c26f635e6,Spezialmesserhersteller J. Schlenter,User/Other,1,2199.94632,Industrial,Aachen,Industrial,Aachen,North Rhine-Westphalia,,2016-06-27 00:00:00
1518,1ec122cc-bdcf-4234-baec-f50272542656,City of Hof,User/Other,1,79997.3820928,Dev Site,Hof,Dev Site,Hof,Bavaria,,2011-12-31 00:00:00
1519,e27ce0ab-e4d8-4aa2-b8d3-741c26f635e6,Brandschutztechnik Gorlitz GmbH,User/Other,1,25999.3656,Dev Site,Gorlitz,Dev Site,Gorlitz,Saxony,,2021-01-13 00:00:00
1520,c0a0ecab-61b5-4e1c-91d8-aa418a54af9a,Vesper Moscow,Private,1,2999.9268,Dev Site,Berlin,Dev Site,Berlin,Berlin,,2015-06-30 00:00:00
1521,bd5657ae-402e-4677-a035-dc18a547bcae,Stiftung Leif Gessner Raap,User/Other,1,7799.80968,Retail,Celle,Retail,Celle,Lower Saxony,,2013-03-30 00:00:00
1522,e27ce0ab-e4d8-4aa2-b8d3-741c26f635e6,SLK Medical GmbH,User/Other,1,3399.91704,Industrial,Waltrop,Industrial,Waltrop,North Rhine-Westphalia,,2018-11-04 00:00:00
1523,e27ce0ab-e4d8-4aa2-b8d3-741c26f635e6,ckn Computer GmbH & Co. KG,User/Other,1,4199.89752,Dev Site,Waltrop,Dev Site,Waltrop,North Rhine-Westphalia,,2018-04-28 00:00:00
1524,440e90b0-d40a-468e-8a3a-52bc3c3b41f2,Senectus GmbH,Private,1,30999.2436,Dev Site,Kummerfeld,Seniors Housing & Care; Dev Site; Apartment,Hamburg; Kummerfeld; Stade,Schleswig-Holstein; Hamburg; Lower Saxony,,2023-07-27 00:00:00
1525,4c48b00f-c8f6-419c-a5d2-da2b723242e8,Familie Kaspirovich,Private,1,,Hotel,Donaueschingen,Hotel,Donaueschingen,Baden-Wurttemberg,,2012-04-19 00:00:00
1526,e27ce0ab-e4d8-4aa2-b8d3-741c26f635e6,Arnold & Hanl Umzugslogistik GmbH,User/Other,1,11422.7212788,Industrial,Dietzenbach,Industrial,Dietzenbach,Hesse,,2015-10-01 00:00:00
1527,e27ce0ab-e4d8-4aa2-b8d3-741c26f635e6,RGS Seipp Gebaudedienste GmbH,User/Other,1,11422.7212788,Industrial,Dietzenbach,Industrial,Dietzenbach,Hesse,,2015-10-01 00:00:00
1528,4c48b00f-c8f6-419c-a5d2-da2b723242e8,IREEF PropCo SARL,Private,1,28139.313384,Industrial,Neuss,Industrial,Neuss,North Rhine-Westphalia,,2017-09-30 00:00:00
1529,c0950b1f-9d3f-4c93-ba27-c10fb3704e80,IP Exchange GmbH,Private,1,6699.83652,Dev Site,Nuremberg,Data Center; Dev Site,Nuremberg; Munich,Bavaria,,2022-11-17 00:00:00
1530,bd5657ae-402e-4677-a035-dc18a547bcae,WIBU Wirtschaftsbund Sozialer Einrichtungen eG,User/Other,1,18999.5364,Dev Site,Ahrensburg,Dev Site,Ahrensburg,Schleswig-Holstein,,2014-06-17 00:00:00
1531,e27ce0ab-e4d8-4aa2-b8d3-741c26f635e6,Geobra Brandstätter GmbH & Co. KG,User/Other,1,179994.1097088,Dev Site,Herrieden,Dev Site,Herrieden,Bavaria,,2013-02-04 00:00:00
1532,e27ce0ab-e4d8-4aa2-b8d3-741c26f635e6,Morssinkhof-Rymoplast-Group (MRG),User/Other,1,27999.3168,Dev Site,Markranstadt,Dev Site,Markranstadt,Saxony,,2019-07-19 00:00:00
1533,e27ce0ab-e4d8-4aa2-b8d3-741c26f635e6,Gebrueder Sauels,User/Other,1,24999.39,Dev Site,Nettetal,Dev Site,Nettetal,North Rhine-Westphalia,,2016-02-10 00:00:00
1534,e27ce0ab-e4d8-4aa2-b8d3-741c26f635e6,Mense GmbH,User/Other,1,32999.1948,Dev Site,Gutersloh,Dev Site,Gutersloh,North Rhine-Westphalia,,2020-03-18 00:00:00
1535,23c1cbfd-f910-43f8-a146-8a990cafc931,City of Gutersloh,User/Other,1,14999.5091424,Dev Site,Gutersloh,Dev Site,Gutersloh,North Rhine-Westphalia,,2023-08-21 00:00:00
1536,4c48b00f-c8f6-419c-a5d2-da2b723242e8,BKI Gruppe,Private,1,11995.7072976,Dev Site,Duisburg,Dev Site,Duisburg,North Rhine-Westphalia,,2023-12-05 00:00:00
1537,4c48b00f-c8f6-419c-a5d2-da2b723242e8,Jianping Xu,Private,1,28899.29484,Dev Site,Blankenburg (Harz),Dev Site,Blankenburg (Harz),Saxony-Anhalt,,2013-11-28 00:00:00
1538,e27ce0ab-e4d8-4aa2-b8d3-741c26f635e6,Dirk Hartmann & Gerald Schäfer GbR,User/Other,1,999.9756,Office,Blankenheim,Office,Blankenheim,North Rhine-Westphalia,,2014-09-30 00:00:00
1539,2d9f1aa4-b3db-4b94-9cd9-fedd3016886b,Heinz von Heiden GmbH Massivhauser,Private,1,,Apartment,Wolfsburg,Office; Apartment,Blankenheim; Wolfsburg,North Rhine-Westphalia; Lower Saxony,,2022-02-09 00:00:00
1540,e27ce0ab-e4d8-4aa2-b8d3-741c26f635e6,Autohaus Minrath,User/Other,1,39998.6910464,Dev Site,Moers,Dev Site,Moers,North Rhine-Westphalia,,2017-02-20 00:00:00
1541,4c48b00f-c8f6-419c-a5d2-da2b723242e8,Opheis GmbH & Co KG,Private,1,34899.14844,Dev Site,Essen,Industrial; Dev Site,Geldern; Essen,North Rhine-Westphalia,,2021-03-26 00:00:00
1542,4c48b00f-c8f6-419c-a5d2-da2b723242e8,Schultheiss Wohnbau AG,Private,1,6999.8292,Dev Site,Furth,Dev Site,Furth,Bavaria,,2014-07-02 00:00:00
1543,4c48b00f-c8f6-419c-a5d2-da2b723242e8,KIWI Tower GmbH,Private,1,18299.55348,Industrial,Kiel,Industrial,Kiel,Schleswig-Holstein,,2015-09-15 00:00:00
1544,e27ce0ab-e4d8-4aa2-b8d3-741c26f635e6,NewTelco GmbH,User/Other,1,1325.9676456,Industrial,Karlstein am Main,Industrial,Karlstein am Main,Bavaria,,2021-01-01 00:00:00
1545,e27ce0ab-e4d8-4aa2-b8d3-741c26f635e6,Roos Vehicle Logistics GmbH,User/Other,1,449985.274272,Dev Site,Hasloch,Dev Site,Hasloch,Bavaria,,2021-02-23 00:00:00
1546,497b2aa0-775e-49c3-8a1b-da03dbd01e68,BSB Bau,Private,1,4499.8902,Dev Site,Bremen,Apartment; Dev Site; Other General,Bremen; Hanover,Bremen; Lower Saxony,,2023-07-26 00:00:00
1547,2d8b70ca-79fb-45f6-aad0-c1e10c1624b9,City of Hofheim,User/Other,1,40998.9996,Office,Hofheim am Taunus,Dev Site; Office,Hofheim am Taunus,Hesse,,2013-10-11 00:00:00
1548,e27ce0ab-e4d8-4aa2-b8d3-741c26f635e6,Kulturzentrum Strasse E,User/Other,1,1099.96400548356,Industrial,Dresden,Industrial,Dresden,Saxony,,2007-09-15 00:00:00
1549,e9ec1783-86d0-4918-a3d6-b07116be0548,KPE,Private,1,1299.96828,Dev Site,Heilbronn,Office; Apartment; Dev Site,Bonn; Aachen; Kiel,North Rhine-Westphalia; Schleswig-Holstein; Bavaria,,2022-12-16 00:00:00
1550,4c48b00f-c8f6-419c-a5d2-da2b723242e8,Marcel Sauren,Private,1,,Apartment,Bergheim,Apartment,Bergheim,North Rhine-Westphalia,,2014-01-01 00:00:00
1551,4c48b00f-c8f6-419c-a5d2-da2b723242e8,Heitkamp-Hulscher,Private,1,33999.1704,Dev Site,Herten,Dev Site,Herten,North Rhine-Westphalia,,2014-01-19 00:00:00
1552,87bae0a6-495c-4e31-a7d1-1058640cec73,VivaPLAN,Private,1,2913.9288984,Dev Site,Wehrheim,Dev Site; Seniors Housing & Care,Wehrheim,Hesse; Bavaria,,2018-03-18 00:00:00
1553,4c48b00f-c8f6-419c-a5d2-da2b723242e8,IBG Gernrode GmbH Co. KG,Private,1,6399.84384,Hotel,Quedlinburg,Hotel,Quedlinburg,Saxony-Anhalt,,2021-07-22 00:00:00
1554,4c48b00f-c8f6-419c-a5d2-da2b723242e8,Robert Manhardt Grundbesitz GmbH,Private,1,5617.8629208,Dev Site,Bad Kissingen,Dev Site,Bad Kissingen,Bavaria,,2024-02-23 00:00:00
1555,4c48b00f-c8f6-419c-a5d2-da2b723242e8,Medical Business Management Group GmbH,Private,1,15999.6096,Dev Site,Bad Belzig,Dev Site,Bad Belzig,Brandenburg,,2023-12-01 00:00:00
1556,a0a1d417-fa49-4d9b-95c1-3a6a22d42e0b,Gobel Hotels,Private,1,,Hotel,Bad Sachsa,Hotel,Bad Sachsa,Lower Saxony,,2014-03-15 00:00:00
1557,4c48b00f-c8f6-419c-a5d2-da2b723242e8,Arealplanung,Private,1,18499.5486,Hotel,Bad Oeynhausen,Hotel,Bad Oeynhausen,North Rhine-Westphalia,,2018-01-30 00:00:00
1558,e27ce0ab-e4d8-4aa2-b8d3-741c26f635e6,IMA Materialforschung und Anwendungstechnik,User/Other,1,11999.7072,Industrial,Dresden,Industrial,Dresden,Saxony,,2009-06-15 00:00:00
1559,e5eb7793-2482-4d39-9aec-133b161b2a3a,FHW Feucht-Hygiene-Werk GmbH,User/Other,1,11999.7072,Dev Site,Ochtrup,Dev Site,Ochtrup,North Rhine-Westphalia,,2012-03-03 00:00:00
1560,4c48b00f-c8f6-419c-a5d2-da2b723242e8,Friedemann Kunz,Private,1,,Hotel,Rostock,Hotel,Rostock,Mecklenburg-West Pomerania,,2013-08-08 00:00:00
1561,e27ce0ab-e4d8-4aa2-b8d3-741c26f635e6,Stange Design GmbH,User/Other,1,4265.8959096,Dev Site,Grossbeeren,Dev Site,Grossbeeren,Brandenburg,,2018-12-21 00:00:00
1562,5030a42b-24af-4b1d-a1b0-fbb56472eaa6,Ideal Assets,Private,1,,Apartment,Aachen,Apartment,Siegen; Aachen,North Rhine-Westphalia,,2017-10-06 00:00:00
1563,f1f71d69-80f4-41bb-aa62-20c4c1a0626e,Rosbo,Private,1,29999.268,Dev Site,Coburg,Retail; Dev Site,Coburg; Grafenrheinfeld; Ebersdorf bei Coburg,Bavaria,,2023-07-12 00:00:00
1564,26b53a5d-acc0-45d0-aeaa-53eccc829a78,TREUCON Gruppe,Institutional,1,17599.57056,Dev Site,Panketal,Apartment; Retail; Hotel,Berlin; Panketal; Potsdam,Berlin; Brandenburg; Bavaria,,2022-11-29 00:00:00
1565,e27ce0ab-e4d8-4aa2-b8d3-741c26f635e6,Hermanussen Metallverarbeitung GmbH,User/Other,1,4399.89264,Industrial,Werl,Industrial,Werl,North Rhine-Westphalia,,2014-12-16 00:00:00
1566,e27ce0ab-e4d8-4aa2-b8d3-741c26f635e6,Albo GmbH,User/Other,1,14999.634,Industrial,Bruchsal,Industrial,Bruchsal,Baden-Wurttemberg,,2015-06-12 00:00:00
1567,e27ce0ab-e4d8-4aa2-b8d3-741c26f635e6,SFW Organisations- und Unternehmensberatungs-GmbH,User/Other,1,1999.9512,Industrial,Frankfurt am Main,Industrial,Frankfurt am Main,Hesse,,2009-10-15 00:00:00
1568,4c48b00f-c8f6-419c-a5d2-da2b723242e8,Shagar S.à r.l.,Private,1,17999.5608,Office,Raunheim,Office,Raunheim,Hesse,,2016-09-01 00:00:00
1569,23caa206-1997-4da0-b203-08c446c88f7e,Leyendecker Gruppe,Private,1,3599.91216,Apartment,Frankfurt am Main,Office; Apartment,Raunheim; Frankfurt am Main,Hesse,,2022-07-01 00:00:00
1570,eaf4bf3d-c951-4ad1-b40f-9ac89e8e102a,GWG Wohnungsgesellschaft Naumburg mbH,User/Other,1,11999.7072,Apartment,Naumburg (Saale),Apartment,Naumburg (Saale),Saxony-Anhalt,,2018-08-23 00:00:00
1571,4c48b00f-c8f6-419c-a5d2-da2b723242e8,Lutz Runkel,Private,1,14999.634,Office,Bonn,Office,Bonn,North Rhine-Westphalia,,2015-08-15 00:00:00
1572,346290ab-364c-4896-a223-bc3179a42d1f,Mastern Investment Management Co Ltd,Institutional,1,34419.160152,Industrial,Schonefeld,Industrial,Schonefeld,Brandenburg,,2020-04-02 00:00:00
1573,e27ce0ab-e4d8-4aa2-b8d3-741c26f635e6,HC Berlin-Pharma AG,User/Other,1,21999.2801096713,Industrial,Potsdam,Industrial,Potsdam,Brandenburg,,2008-05-15 00:00:00
1574,4c48b00f-c8f6-419c-a5d2-da2b723242e8,Hamburg Verkehrsanlagen GmbH,Private,1,7999.8048,Office,Hamburg,Office,Hamburg,Hamburg,,2019-12-20 00:00:00
1575,558b7f6b-f368-4db7-810e-e3d54b0523cd,City of Voerde,User/Other,1,,Hotel,Voerde (Niederrhein),Dev Site; Hotel,Voerde (Niederrhein),North Rhine-Westphalia,,2015-10-01 00:00:00
1576,205fa33c-917d-41b4-8319-a145b016805a,Immoestate Management,Private,1,1711.9582272,Retail,Hutschenhausen,Retail,Worms; Hutschenhausen,Rhineland-Palatinate,,2024-01-17 00:00:00
1577,4c48b00f-c8f6-419c-a5d2-da2b723242e8,Priam Asset Management,Private,1,13804.4755,Dev Site,Neunkirchen,Dev Site,Neunkirchen,Saarland,,2008-01-14 00:00:00
1578,c36351c2-ac30-4002-a569-b1ac8f4056b0,Widerker,Private,1,9917.7580008,Retail,Altenkirchen (Westerwald),Retail,Salzgitter; Zirndorf; Altenkirchen (Westerwald),Lower Saxony; Bavaria; Rhineland-Palatinate,,2020-10-01 00:00:00
1579,4c48b00f-c8f6-419c-a5d2-da2b723242e8,SacculloMassivhaus GmbH,Private,1,5899.85604,Dev Site,Burgwedel,Dev Site,Burgwedel,Lower Saxony,,2019-03-11 00:00:00
1580,4c48b00f-c8f6-419c-a5d2-da2b723242e8,Ernst Mayer,Private,1,,Hotel,Bad Hindelang,Hotel,Bad Hindelang,Bavaria,,2011-09-30 00:00:00
1581,e27ce0ab-e4d8-4aa2-b8d3-741c26f635e6,Eco Terra GmbH,User/Other,1,2761.9326072,Dev Site,Eppstein,Dev Site,Eppstein,Hesse,,2016-01-20 00:00:00
1582,3611a20d-b30a-47ea-8d2e-b0942cae576b,Baugenossenschaft Speyer eG,Institutional,1,3674.91033,Apartment,Speyer,Apartment,Speyer,Rhineland-Palatinate,,2024-01-31 00:00:00
1583,eaf4bf3d-c951-4ad1-b40f-9ac89e8e102a,City of Georgsmarienhutte,User/Other,1,2099.94876,Retail,Georgsmarienhutte,Retail,Georgsmarienhutte,Lower Saxony,,2016-03-09 00:00:00
1584,ac1e1448-8abb-49a2-9d30-db8506b1ad00,City of Kamp-Lintfort,User/Other,1,10999.7316,Retail,Kamp-Lintfort,Retail,Kamp-Lintfort,North Rhine-Westphalia,,2023-10-31 00:00:00
1585,594554a7-3a82-4e8f-a8a1-7d3b9f463c14,Kolfhaus & Beele,Private,1,3105.9242136,Dev Site,Hilden,Dev Site,Hilden,North Rhine-Westphalia,,2008-11-15 00:00:00
1586,4c48b00f-c8f6-419c-a5d2-da2b723242e8,Mohri Immobilien,Private,1,2649.93534,Office,Limburg an der  Lahn,Office,Limburg an der  Lahn,Hesse,,2013-02-04 00:00:00
1587,92eed58b-f708-47f7-8c35-d82140b04d00,Famos Immobilien,Institutional,1,4999.878,Office,Hamburg,Retail; Office,Grevenbroich; Hamburg,North Rhine-Westphalia; Hamburg,,2006-10-05 00:00:00
1588,41727cb1-28f8-4dbc-a596-5617f3012483,Kaironos Invest AG,Private,1,3079.924848,Dev Site,Frankfurt am Main,Dev Site,Frankfurt am Main,Hesse,,2013-01-30 00:00:00
1589,c471bc78-d5a1-4b77-b948-f4f1bae0bcc1,MEIAG,Private,1,2399.92146650959,Apartment,Dresden,Apartment,Dresden,Saxony,,2007-12-15 00:00:00
1590,331bf609-31d2-4c37-b8d8-62170e114168,China Shipping (Grp) Co,User/Other,1,3484.914966,Office,Hamburg,Office,Hamburg,Hamburg,,2004-03-01 00:00:00
1591,4c48b00f-c8f6-419c-a5d2-da2b723242e8,Schanzenberg GmbH & Co KG,Private,1,76997.48026432,Dev Site,Saarbrucken,Dev Site,Saarbrucken,Saarland,,2019-02-06 00:00:00
1592,daaea4df-4d65-4fcd-be29-3bc10e8bb461,City of Saarbrucken,User/Other,1,,Office,Saarbrucken,Dev Site; Office,Saarbrucken,Saarland,,2019-02-06 00:00:00
1593,a63185db-ecd0-4e19-97d0-71d89d132b0c,GAC Verwaltung und Entwicklung GmbH,Private,1,46998.8532,Dev Site,Hamburg,Dev Site; Industrial,Hamburg,Hamburg,,2020-10-05 00:00:00
1594,4c48b00f-c8f6-419c-a5d2-da2b723242e8,WMBH Immobilien OHG,Private,1,6749.8353,Retail,Achim,Retail,Achim,Lower Saxony,,2017-06-06 00:00:00
1595,54d352b7-adb4-4b62-b57b-abd8a2a63db1,Wilhelm Taubert GmbH,User/Other,1,7999.73820928,Dev Site,Wesel,Dev Site,Wesel,North Rhine-Westphalia,,2019-11-04 00:00:00
1596,e27ce0ab-e4d8-4aa2-b8d3-741c26f635e6,Star Piping Systems GmbH,User/Other,1,13499.6706,Industrial,Wesel,Industrial,Wesel,North Rhine-Westphalia,,2020-01-20 00:00:00
1597,4c48b00f-c8f6-419c-a5d2-da2b723242e8,Perfekta Dienstleistungen Betriebsverwaltungsgesel,Private,1,7499.817,Industrial,Moers,Industrial,Moers,North Rhine-Westphalia,,2010-01-18 00:00:00
1598,4c48b00f-c8f6-419c-a5d2-da2b723242e8,Project developer,Private,1,6199.84872,Dev Site,Dusseldorf,Retail; Hotel; Dev Site,Burgdorf; Pirmasens; Dusseldorf,Lower Saxony; Rhineland-Palatinate; North Rhine-Westphalia,,2013-03-06 00:00:00
1599,4c48b00f-c8f6-419c-a5d2-da2b723242e8,k+g projekt GmbH,Private,1,219992.6320488,Dev Site,Ziesar,Dev Site,Ziesar,Brandenburg,,2022-03-10 00:00:00
1600,4c48b00f-c8f6-419c-a5d2-da2b723242e8,Ch Group,Private,1,,Hotel,Dusseldorf,Hotel,Dusseldorf,North Rhine-Westphalia,,2012-10-05 00:00:00
1601,fec605f8-13a3-4425-9acd-a7e132925444,Fibona GmbH,Private,1,,Hotel,Tuttlingen,Hotel,Tuttlingen; Dresden,Baden-Wurttemberg; Saxony,,2023-12-14 00:00:00
1602,4c48b00f-c8f6-419c-a5d2-da2b723242e8,WohnGut Holding GmbH,Private,1,,Seniors Housing & Care,Bad Honnef,Seniors Housing & Care,Bad Honnef,North Rhine-Westphalia,,2016-01-28 00:00:00
1603,e27ce0ab-e4d8-4aa2-b8d3-741c26f635e6,Meinhart Kabel Deutschland,User/Other,1,69998.292,Dev Site,Hochstadt an der Aisch,Dev Site,Hochstadt an der Aisch,Bavaria,,2012-04-26 00:00:00
1604,e27ce0ab-e4d8-4aa2-b8d3-741c26f635e6,"T.ERRE SRL"" and Borghi-Gruppe",User/Other,1,6999.8292,Industrial,Ratingen,Industrial,Ratingen,North Rhine-Westphalia,,2014-12-31 00:00:00
1605,4c48b00f-c8f6-419c-a5d2-da2b723242e8,SLT Grundstücks- und Verwaltungs GmbH,Private,1,2499.939,Industrial,Recklinghausen,Industrial,Recklinghausen,North Rhine-Westphalia,,2022-01-27 00:00:00
1606,e27ce0ab-e4d8-4aa2-b8d3-741c26f635e6,Krueger Gruppe,User/Other,1,7999.8048,Office,Bergisch Gladbach,Office,Bergisch Gladbach,North Rhine-Westphalia,,2010-01-12 00:00:00
1607,4c48b00f-c8f6-419c-a5d2-da2b723242e8,Heckmann GmbH & Co. KG,Private,1,9999.756,Dev Site,Hamm,Dev Site,Hamm,North Rhine-Westphalia,,2011-06-30 00:00:00
1608,e27ce0ab-e4d8-4aa2-b8d3-741c26f635e6,Anke GmbH,User/Other,1,21999.4632,Dev Site,Essen,Dev Site,Essen,North Rhine-Westphalia,,2016-07-27 00:00:00
1609,e27ce0ab-e4d8-4aa2-b8d3-741c26f635e6,Primus International Printing GmbH,User/Other,1,45998.8776,Dev Site,Grossschirma,Dev Site,Grossschirma,Saxony,,2012-09-04 00:00:00
1610,4c48b00f-c8f6-419c-a5d2-da2b723242e8,Kurt Dohle,Private,1,319992.192,Dev Site,Pulheim,Dev Site,Pulheim,North Rhine-Westphalia,,2009-09-15 00:00:00
1611,e27ce0ab-e4d8-4aa2-b8d3-741c26f635e6,AIDA Cruises,User/Other,1,12019.706712,Office,Rostock,Office,Rostock,Mecklenburg-West Pomerania,,2010-12-01 00:00:00
1612,16ec79bf-caf8-4a0f-824e-3b9f6ab1cc1a,Hamburg Port Authority (HPA),Private,1,24999.39,Office,Hamburg,Office; Dev Site,Hamburg,Hamburg,,2023-11-01 00:00:00
1613,e27ce0ab-e4d8-4aa2-b8d3-741c26f635e6,Graphic Group Mensch & Medien GmbH,User/Other,1,2999.9268,Industrial,Bielefeld,Industrial,Bielefeld,North Rhine-Westphalia,,2018-02-01 00:00:00
1614,0b5342b3-ff70-4b13-bbff-98874d06c1bb,Enstar Capital,Private,1,2959.3295,Retail,Magdeburg,Retail,Magdeburg; Haldensleben,Saxony-Anhalt,,2017-05-23 00:00:00
1615,bd5657ae-402e-4677-a035-dc18a547bcae,Berlin Global Village gGmbH,User/Other,1,,Industrial,Berlin,Industrial,Berlin,Berlin,,2018-06-01 00:00:00
1616,4c48b00f-c8f6-419c-a5d2-da2b723242e8,Heiko Legewie,Private,1,1399.96584,Dev Site,Solingen,Dev Site,Solingen,North Rhine-Westphalia,,2015-03-31 00:00:00
1617,e27ce0ab-e4d8-4aa2-b8d3-741c26f635e6,CTDI GmbH,User/Other,1,27999.3168,Dev Site,Norten-Hardenberg,Dev Site,Norten-Hardenberg,Lower Saxony,,2014-12-31 00:00:00
1618,eaf4bf3d-c951-4ad1-b40f-9ac89e8e102a,Saarland Bau- und Boden Projektgesellschaft (SBB),User/Other,1,,Office,Kirkel,Office,Kirkel,Saarland,,2013-05-13 00:00:00
1619,e27ce0ab-e4d8-4aa2-b8d3-741c26f635e6,Sanden,User/Other,1,4399.89264,Dev Site,Bad Nauheim,Dev Site,Bad Nauheim,Hesse,,2015-10-11 00:00:00
1620,e27ce0ab-e4d8-4aa2-b8d3-741c26f635e6,Steinbach GmbH & Co,User/Other,1,6999.8292,Dev Site,Nuremberg,Dev Site,Nuremberg,Bavaria,,2010-06-15 00:00:00
1621,4c48b00f-c8f6-419c-a5d2-da2b723242e8,WIT Shopping-Center Vennehof KG,Private,1,16299.60228,Retail,Borken,Retail,Borken,North Rhine-Westphalia,,2003-06-01 00:00:00
1622,4c48b00f-c8f6-419c-a5d2-da2b723242e8,OC Health Real Estate GmbH,Private,1,,Seniors Housing & Care,Bergheim,Seniors Housing & Care,Bergheim,North Rhine-Westphalia,,2019-03-06 00:00:00
1623,4c48b00f-c8f6-419c-a5d2-da2b723242e8,TRS-Bau Bauunternehmen,Private,1,5499.8658,Dev Site,Ludenscheid,Dev Site,Ludenscheid,North Rhine-Westphalia,,2022-09-01 00:00:00
1624,a6b90b3b-849b-490b-b8e2-d232ca60386e,City of Ludenscheid,User/Other,1,11898.7096644,Retail,Ludenscheid,Dev Site; Retail,Ludenscheid,North Rhine-Westphalia,,2023-11-07 00:00:00
1625,14e7005d-e8db-4aa1-9aa8-7e548b500ef4,"Wilhelm von Opel'sche Forst- und Grundstucksverwaltung GmbH,",Private,1,271.9933632,Apartment,Dusseldorf,Apartment,Dusseldorf,North Rhine-Westphalia,,2024-02-02 00:00:00
1626,4c48b00f-c8f6-419c-a5d2-da2b723242e8,Klüh Service Management GmbH,Private,1,4203.8974224,Office,Dusseldorf,Office,Dusseldorf,North Rhine-Westphalia,,2006-03-01 00:00:00
1627,4c48b00f-c8f6-419c-a5d2-da2b723242e8,OIG-Grundbesitz GmbH,Private,1,4399.89264,Office,Erlangen,Office,Erlangen,Bavaria,,2016-03-01 00:00:00
1628,946235b5-1e74-418b-b43f-da41d53c7073,Roman Catholic Church,User/Other,1,3699.90972,Office,Berlin,Office; Apartment; Dev Site,Berlin; Bochum; Konigstein im Taunus,Berlin; North Rhine-Westphalia; Hesse,,2016-10-24 00:00:00
1629,4c48b00f-c8f6-419c-a5d2-da2b723242e8,Nata-Holding TR,Private,1,13259.676456,Retail,Soltau,Retail,Soltau,Lower Saxony,,2023-05-24 00:00:00
1630,a285ae02-0044-4b3b-a00c-0d77354a963b,Sporer Gesundheitsgruppe,Institutional,1,10449.74502,Retail,Ingolstadt,Retail,Ingolstadt,Bavaria,,2014-04-23 00:00:00
1631,9637451d-27d0-459b-ba51-9b18dd2d4ec2,Steinhoff,User/Other,1,107997.3648,Dev Site,Kamp-Lintfort,Industrial; Retail; Dev Site,Kamp-Lintfort; Zwickau; Ludinghausen,Lower Saxony; North Rhine-Westphalia; Mecklenburg-West Pomerania,,2020-06-30 00:00:00
1632,4c48b00f-c8f6-419c-a5d2-da2b723242e8,Real Estate Germany BV,Private,1,3199.92192,Industrial,Gladbeck,Industrial,Gladbeck,North Rhine-Westphalia,,2010-03-10 00:00:00
1633,39a9adad-bde0-4899-85ef-a749f37a43ed,OPATZ Group GmbH,Private,1,2499.939,Office,Bremen,Office,Bremen,Bremen,,2023-09-01 00:00:00
1634,4c48b00f-c8f6-419c-a5d2-da2b723242e8,Neufeld Immobilien Heilbronn,Private,1,15999.6096,Retail,Heilbronn,Retail,Heilbronn,Baden-Wurttemberg,,2020-07-07 00:00:00
1635,e27ce0ab-e4d8-4aa2-b8d3-741c26f635e6,Harder Online,User/Other,1,2499.939,Industrial,Oschatz,Industrial,Oschatz,Saxony,,2021-04-21 00:00:00
1636,e27ce0ab-e4d8-4aa2-b8d3-741c26f635e6,PE TEC GmbH & Co KG,User/Other,1,13699.66572,Dev Site,Allershausen,Dev Site,Allershausen,Bavaria,,2015-11-24 00:00:00
1637,c2c6c4e9-1c04-4d83-9ba1-2608258bcdad,Brune Immobilien Gruppe,Private,1,23999.4144,Apartment,Duisburg,Apartment,Duisburg,North Rhine-Westphalia,,2016-06-13 00:00:00
1638,508955cd-0517-4188-9162-b13012a80f58,Immobiliengruppe GOC,Private,1,4699.88532,Retail,Frankfurt am Main,Dev Site; Retail,Mainz; Frankfurt am Main,Rhineland-Palatinate; Hesse,,2022-01-27 00:00:00
1639,4c48b00f-c8f6-419c-a5d2-da2b723242e8,Christian Zschocke,Private,1,7499.817,Dev Site,Friedrichsdorf,Dev Site,Friedrichsdorf,Hesse,,2014-02-15 00:00:00
1640,4c48b00f-c8f6-419c-a5d2-da2b723242e8,ACALA Capital Investors GmbH,Private,1,3483.9149904,Retail,Wiesmoor,Retail,Wiesmoor,Lower Saxony,,2022-02-10 00:00:00
1641,6a43f15e-953f-4d34-96ba-d33e6c9c4fd3,Gateway Gardens,Private,1,8499.7926,Dev Site,Frankfurt am Main,Dev Site,Frankfurt am Main,Hesse,,2023-10-04 00:00:00
1642,ba51854d-43a5-440b-bf5f-3d97b11f1c72,Fraport,Private,1,5787.8587728,Dev Site,Frankfurt am Main,Dev Site; Industrial; Apartment,Frankfurt am Main; Kelsterbach; Raunheim,Hesse,,2023-04-21 00:00:00
1643,4c48b00f-c8f6-419c-a5d2-da2b723242e8,Europa-Center Logistik-Immobilien GmbH,Private,1,155996.1936,Dev Site,Bremerhaven,Dev Site; Industrial,Bremerhaven,Bremen,,2007-08-31 00:00:00
1644,4c48b00f-c8f6-419c-a5d2-da2b723242e8,"Freytag & v. d. Linde Projekt-, Management- und Ba",Private,1,21099.48516,Dev Site,Oldenburg (Oldenburg),Dev Site,Oldenburg (Oldenburg),Lower Saxony,,2013-03-21 00:00:00
1645,4c48b00f-c8f6-419c-a5d2-da2b723242e8,Kubus Immobilienvermittlungs- und Treuhand GmbH,Private,1,21099.48516,Dev Site,Oldenburg (Oldenburg),Dev Site,Oldenburg (Oldenburg),Lower Saxony,,2013-03-21 00:00:00
1646,4c48b00f-c8f6-419c-a5d2-da2b723242e8,Beverbäker Wiesen GbR,Private,1,21099.48516,Dev Site,Oldenburg (Oldenburg),Dev Site,Oldenburg (Oldenburg),Lower Saxony,,2013-03-21 00:00:00
1647,4c48b00f-c8f6-419c-a5d2-da2b723242e8,Maximilian Neubauer,Private,1,,Hotel,Utting am Ammersee,Hotel,Utting am Ammersee,Bavaria,,2014-10-31 00:00:00
1648,4c48b00f-c8f6-419c-a5d2-da2b723242e8,Peter Simmel,Private,1,9999.756,Dev Site,Dresden,Dev Site,Dresden,Saxony,,2016-08-26 00:00:00
1649,e27ce0ab-e4d8-4aa2-b8d3-741c26f635e6,Ingredients Germany GmbH,User/Other,1,8890.7830596,Dev Site,Hamburg,Dev Site,Hamburg,Hamburg,,2018-05-14 00:00:00
1650,4c48b00f-c8f6-419c-a5d2-da2b723242e8,Grundstucksgesellschaft Herzogenaurach mbH & Co. K,Private,1,7499.817,Dev Site,Herzogenaurach,Dev Site,Herzogenaurach,Bavaria,,2012-02-09 00:00:00
1651,e27ce0ab-e4d8-4aa2-b8d3-741c26f635e6,van der Ven Dental,User/Other,1,7149.82554,Dev Site,Ratingen,Dev Site,Ratingen,North Rhine-Westphalia,,2014-04-23 00:00:00
1652,e1959915-2d30-4594-a044-94614f133e3b,City of Ratingen,User/Other,1,5444.867142,Dev Site,Ratingen,Dev Site,Ratingen,North Rhine-Westphalia,,2024-04-16 00:00:00
1653,e27ce0ab-e4d8-4aa2-b8d3-741c26f635e6,Herbert Heldt,User/Other,1,3999.9024,Industrial,Hamm,Industrial,Hamm,North Rhine-Westphalia,,2008-11-15 00:00:00
1654,1c4c38e6-d637-45cd-a14a-76afca45b074,Bankimmobilien Vertriebsgesellschaft mbH,Institutional,1,2399.94144,Hotel,Bautzen,Hotel,Bautzen,Saxony,,2019-10-15 00:00:00
1655,4c48b00f-c8f6-419c-a5d2-da2b723242e8,Peter Julius,Private,1,,Hotel,Schmallenberg,Hotel,Schmallenberg,North Rhine-Westphalia,,2014-07-30 00:00:00
1656,8d1a0ac0-e25a-41c1-b1a4-63bd467b8812,Asklepios Kliniken,Private,1,,Hotel,Hamburg,Dev Site; Hotel; Apartment,Hamburg; Reinfeld (Holstein); Ahrensburg,Hamburg; Schleswig-Holstein,,2015-08-11 00:00:00
1657,4c48b00f-c8f6-419c-a5d2-da2b723242e8,Dr Broermann Hotels & Residences GmbH,Private,1,,Hotel,Hamburg,Hotel,Hamburg,Hamburg,,2014-12-10 00:00:00
1658,4c48b00f-c8f6-419c-a5d2-da2b723242e8,Internationale Investmentgesellschaft,Private,1,9099.77796,Retail,Kolbermoor,Retail,Kolbermoor,Bavaria,,2007-02-28 00:00:00
1659,4c48b00f-c8f6-419c-a5d2-da2b723242e8,Max Weishaupt GmbH,Private,1,12399.69744,Dev Site,Schkeuditz,Dev Site,Schkeuditz,Saxony,,2012-12-31 00:00:00
1660,4c48b00f-c8f6-419c-a5d2-da2b723242e8,Translog Speditions-GmbH,Private,1,27625.3259256,Industrial,Schkeuditz,Industrial,Schkeuditz,Saxony,,2012-12-31 00:00:00
1661,e27ce0ab-e4d8-4aa2-b8d3-741c26f635e6,G+L GmbH,User/Other,1,4999.878,Industrial,Niederkruchten,Industrial,Niederkruchten,North Rhine-Westphalia,,2021-06-29 00:00:00
1662,e27ce0ab-e4d8-4aa2-b8d3-741c26f635e6,Getranke Essmann GmbH,User/Other,1,14499.6462,Industrial,Potsdam,Industrial,Potsdam,Brandenburg,,2014-02-26 00:00:00
1663,4c48b00f-c8f6-419c-a5d2-da2b723242e8,Gambino Holding,Private,1,,Hotel,Bamberg,Hotel,Bamberg,Bavaria,,2023-05-15 00:00:00
1664,e27ce0ab-e4d8-4aa2-b8d3-741c26f635e6,Gerd Seitz GmbH,User/Other,1,7999.8048,Industrial,Lichtenau,Industrial,Lichtenau,Bavaria,,2021-03-22 00:00:00
1665,e27ce0ab-e4d8-4aa2-b8d3-741c26f635e6,Rohde Schutzgasofen GmbH,User/Other,1,5999.8536,Dev Site,"Hanau, Bruder-Grimm-Stadt",Dev Site,"Hanau, Bruder-Grimm-Stadt",Hesse,,2015-10-11 00:00:00
1666,4c48b00f-c8f6-419c-a5d2-da2b723242e8,GbR Hotel Bonn-Venusberg,Private,1,,Hotel,Bonn,Hotel,Bonn,North Rhine-Westphalia,,2013-04-19 00:00:00
1667,e27ce0ab-e4d8-4aa2-b8d3-741c26f635e6,IBG Technology Hansestadt Lübeck,User/Other,1,34998.8546656,Dev Site,Lubeck,Dev Site,Lubeck,Schleswig-Holstein,,2013-06-01 00:00:00
1668,e27ce0ab-e4d8-4aa2-b8d3-741c26f635e6,Heidelmann Kuhllogistik GmbH,User/Other,1,51998.7312,Dev Site,Schwalmstadt,Dev Site,Schwalmstadt,Hesse,,2019-12-01 00:00:00
1669,e27ce0ab-e4d8-4aa2-b8d3-741c26f635e6,Emtelle GmbH,User/Other,1,16999.5852,Dev Site,Erfurt,Dev Site,Erfurt,Thuringia,,2020-10-01 00:00:00
1670,8c10c3fb-4bd7-46e0-bc38-e62696871ffa,City of Erfurt,User/Other,1,21999.28007552,Dev Site,Erfurt,Dev Site; Industrial; Apartment,Erfurt,Thuringia,KoWo Erfurt,2023-04-24 00:00:00
1671,423c724f-3863-436b-af26-23d958933f0f,Baupost Group,Institutional,1,75998.1456,Retail,Leuna,Hotel; Retail,Dresden; Dusseldorf; Leuna,Saxony; North Rhine-Westphalia; Saxony-Anhalt,Baupost Capital,2017-03-31 00:00:00
1672,3d845774-7b66-4f34-982d-996c6f26a113,Bauplan Nord,Private,1,1279.968768,Dev Site,Flensburg,Apartment; Dev Site,Flensburg; Tarp,Schleswig-Holstein,,2023-01-26 00:00:00
1673,7cc15989-aebb-4dc0-b7af-87b15255688e,Frankfurter Sparkasse,Institutional,1,10099.75356,Office,Frankfurt am Main,Office; Dev Site,Frankfurt am Main,Hesse,,2024-06-20 00:00:00
1674,e27ce0ab-e4d8-4aa2-b8d3-741c26f635e6,Brevo Service,User/Other,1,5859.857016,Dev Site,Sandersdorf-Brehna,Dev Site,Sandersdorf-Brehna,Saxony-Anhalt,,2009-06-15 00:00:00
1675,5e02bd78-b05f-4d9b-86eb-0025e6ee793f,RheinHausGmbH,Private,1,822.9799188,Industrial,Troisdorf,Apartment; Industrial,Bonn; Troisdorf,North Rhine-Westphalia,,2021-03-01 00:00:00
1676,e27ce0ab-e4d8-4aa2-b8d3-741c26f635e6,Fabri Moll,User/Other,1,11999.60731392,Dev Site,Finnentrop,Dev Site,Finnentrop,North Rhine-Westphalia,,2019-04-05 00:00:00
1677,d54defb9-ba40-4f9f-9fbb-dc60d86fdfdd,Leoni AG,User/Other,1,133996.7304,Dev Site,Roth,Dev Site,Roth,Bavaria,,2015-08-06 00:00:00
1678,e27ce0ab-e4d8-4aa2-b8d3-741c26f635e6,Allgaier Werke GmbH,User/Other,1,68997.74205504,Dev Site,Oelsnitz/Vogtl.,Dev Site,Oelsnitz/Vogtl.,Saxony,,2014-11-25 00:00:00
1679,d441bdaf-af4d-434b-99be-1cb1c718f37f,Riegler GmbH & Co KG,User/Other,1,12999.575036,Industrial,Muhltal,Industrial,Muhltal,Hesse,,2007-11-15 00:00:00
1680,eaf4bf3d-c951-4ad1-b40f-9ac89e8e102a,Buchholz in der Nordheide municipality,User/Other,1,,Apartment,Buchholz in der Nordheide,Apartment,Buchholz in der Nordheide,Lower Saxony,,2015-10-15 00:00:00
1681,4c48b00f-c8f6-419c-a5d2-da2b723242e8,Grundstucksgesellschaft An der Silberprage,Private,1,13999.6584,Industrial,Bremen,Industrial,Bremen,Bremen,,2022-02-24 00:00:00
1682,6ba24ae0-13fb-4177-aad3-74b8352ee9a3,German Red Cross,User/Other,1,3065.9251896,Seniors Housing & Care,Calberlah,Seniors Housing & Care; Dev Site,Calberlah; Bad Abbach,Lower Saxony; Bavaria,,2010-12-13 00:00:00
1683,e27ce0ab-e4d8-4aa2-b8d3-741c26f635e6,GETEC-Gruppe,User/Other,1,8749.7865,Office,Magdeburg,Office,Magdeburg,Saxony-Anhalt,,2012-05-04 00:00:00
1684,e27ce0ab-e4d8-4aa2-b8d3-741c26f635e6,Truck-line GmbH,User/Other,1,3637.9112328,Industrial,Ahrensburg,Industrial,Ahrensburg,Schleswig-Holstein,,2017-04-18 00:00:00
1685,4c48b00f-c8f6-419c-a5d2-da2b723242e8,Hecker GmbH,Private,1,21999.4632,Dev Site,Wolfsburg,Dev Site,Wolfsburg,Lower Saxony,,2013-12-15 00:00:00
1686,4c48b00f-c8f6-419c-a5d2-da2b723242e8,Neukirchen-Gruppe,Private,1,4599.88776,Office,Frankfurt am Main,Office,Frankfurt am Main,Hesse,,2012-10-11 00:00:00
1687,eaf4bf3d-c951-4ad1-b40f-9ac89e8e102a,Hanseatic City of Stralsund,User/Other,1,8499.7926,Office,Stralsund,Office,Stralsund,Mecklenburg-West Pomerania,,2023-10-24 00:00:00
1688,e27ce0ab-e4d8-4aa2-b8d3-741c26f635e6,Beckmann Nutzfahrzeug- und Baumaschinenhandel GmbH,User/Other,1,7699.81212,Dev Site,Lunen,Dev Site,Lunen,North Rhine-Westphalia,,2020-08-19 00:00:00
1689,e27ce0ab-e4d8-4aa2-b8d3-741c26f635e6,Stolzenhoff Immobilien GmbH,User/Other,1,24999.39,Dev Site,Lunen,Dev Site,Lunen,North Rhine-Westphalia,,2019-09-19 00:00:00
1690,e27ce0ab-e4d8-4aa2-b8d3-741c26f635e6,Papierfabrik Adolf Jass GmbH & Co. KG,User/Other,1,59998.0365696,Dev Site,Fulda,Dev Site,Fulda,Hesse,,2016-01-07 00:00:00
1691,dcaaab6f-36f0-4a23-8ff9-e3420bc2e404,Die Bayerische,Institutional,1,,Apartment,Munich,Apartment,Munich,Bavaria,,2017-08-30 00:00:00
1692,4c48b00f-c8f6-419c-a5d2-da2b723242e8,Pure X Event GmbH,Private,1,549.98658,Other General,Dusseldorf,Other General,Dusseldorf,North Rhine-Westphalia,,2023-08-11 00:00:00
1693,f682c595-fd55-48e3-8a69-82efde9c3afb,BGAG,User/Other,1,,Apartment,Munich,Apartment; Office,Munich; Berlin; Braunschweig,Bavaria; Lower Saxony; Berlin,,2005-09-30 00:00:00
1694,75193f02-37ad-4106-bb50-78a821f28542,Anterra,Public,1,8522.7920388,Office,Neuss,Office; Retail,Kulmbach; Wiesbaden; Neuss,Bavaria; Hesse; North Rhine-Westphalia,,2014-02-06 00:00:00
1695,9acce215-0cc5-45a3-b609-1d7fa4ddea4c,Dr-Erich-Kruger-Stiftung Freiberg/Sachsen,Private,1,4849.88166,Office,Cologne,Office,Cologne,North Rhine-Westphalia,,2015-09-04 00:00:00
1696,269fc5aa-6349-4001-8792-54521667bf61,A.A.A.,Private,1,41277.9927924,Industrial,Dietzenbach,Industrial; Dev Site,Chemnitz; Dietzenbach; Frankfurt am Main,Hesse; Saxony,,2022-11-09 00:00:00
1697,e27ce0ab-e4d8-4aa2-b8d3-741c26f635e6,envia Mitteldeutsche Energie AG,User/Other,1,9699.76332,Industrial,Kolkwitz,Industrial,Kolkwitz,Brandenburg,,2020-03-27 00:00:00
1698,97cd7ba8-8b8c-4949-9724-d8a8d969149a,Bienen & Partner,Private,1,16999.5852,Dev Site,Krefeld,Dev Site,Krefeld,North Rhine-Westphalia,,2016-09-29 00:00:00
1699,4c48b00f-c8f6-419c-a5d2-da2b723242e8,Weigl Projektentwicklung GmbH,Private,1,4999.878,Dev Site,Schwarzenfeld,Dev Site,Schwarzenfeld,Bavaria,,2023-12-11 00:00:00
1700,44abcde5-5d56-4a1e-95fe-f5426df79a0c,Gewerbegrund Immobilien,Private,1,7199.82432,Dev Site,Aschheim,Office; Industrial; Dev Site,Munich; Hallbergmoos; Aschheim,Bavaria,,2015-12-31 00:00:00
1701,5c3582cf-668e-4e97-a395-7fdbcb8f31eb,Ulrich & Lakomski (GPU),Private,1,9199.77552,Retail,Berlin,Retail,Berlin,Berlin,,2009-09-15 00:00:00
1702,e27ce0ab-e4d8-4aa2-b8d3-741c26f635e6,Alfred Schuon c-logistics24 GmbH,User/Other,1,12999.6828,Industrial,Empfingen,Industrial,Empfingen,Baden-Wurttemberg,,2013-03-18 00:00:00
1703,4c48b00f-c8f6-419c-a5d2-da2b723242e8,Degener Architekten,Private,1,4999.878,Dev Site,Dortmund,Dev Site,Dortmund,North Rhine-Westphalia,,2006-06-13 00:00:00
1704,4c48b00f-c8f6-419c-a5d2-da2b723242e8,Dr. Hesse & Partner GmbH,Private,1,4999.878,Dev Site,Dortmund,Dev Site,Dortmund,North Rhine-Westphalia,,2006-06-13 00:00:00
1705,e27ce0ab-e4d8-4aa2-b8d3-741c26f635e6,Christof Schonenberger,User/Other,1,2999.9268,Retail,Alzey,Retail,Alzey,Rhineland-Palatinate,,2010-09-15 00:00:00
1706,4c48b00f-c8f6-419c-a5d2-da2b723242e8,LKC-Gruppe,Private,1,1999.93455232,Dev Site,Bochum,Dev Site,Bochum,North Rhine-Westphalia,,2023-03-29 00:00:00
1707,4c48b00f-c8f6-419c-a5d2-da2b723242e8,Hope Five GmbH,Private,1,14999.634,Industrial,Straubing,Industrial,Straubing,Bavaria,,2021-05-05 00:00:00
1708,4c48b00f-c8f6-419c-a5d2-da2b723242e8,Wagner System GmbH,Private,1,9999.756,Dev Site,Lahr/Schwarzwald,Dev Site,Lahr/Schwarzwald,Baden-Wurttemberg,,2011-04-04 00:00:00
1709,b4f98c7e-1ba0-4204-be4e-2501c488b766,HCC Health Care Company GmbH,Institutional,1,139995.5840244,Dev Site,Rinteln,Dev Site,Rinteln,Lower Saxony,,2024-05-20 00:00:00
1710,4c48b00f-c8f6-419c-a5d2-da2b723242e8,Alfons Domma,Private,1,1299.96828,Office,Hurth,Office,Hurth,North Rhine-Westphalia,,2013-11-13 00:00:00
1711,4c48b00f-c8f6-419c-a5d2-da2b723242e8,Oliver Hurler GmbH & Co. Grundstücks KG,Private,1,16999.5852,Hotel,Rottach-Egern,Hotel,Rottach-Egern,Bavaria,,2015-10-13 00:00:00
1712,4c48b00f-c8f6-419c-a5d2-da2b723242e8,Ehrmann Family,Private,1,,Hotel,Rottach-Egern,Hotel,Rottach-Egern,Bavaria,,2020-04-27 00:00:00
1713,4c48b00f-c8f6-419c-a5d2-da2b723242e8,Die Zunft AG,Private,1,,Retail,Berlin,Retail,Berlin,Berlin,,2010-08-01 00:00:00
1714,4c48b00f-c8f6-419c-a5d2-da2b723242e8,aedus Development GmbH,Private,1,964.976454,Office,Frankfurt am Main,Office,Frankfurt am Main,Hesse,,2021-06-17 00:00:00
1715,47fcb648-5de1-4be2-9727-0fabecde3876,Geodis SA,Private,1,4999.878,Industrial,Wildenfels,Industrial,Wildenfels,Saxony,trans-o-flex Express,2023-01-05 00:00:00
1716,e27ce0ab-e4d8-4aa2-b8d3-741c26f635e6,Kaas Frischdienst,User/Other,1,8199.79992,Industrial,Kempen,Industrial,Kempen,North Rhine-Westphalia,,2014-07-02 00:00:00
1717,7b4b1405-80e8-4678-b6bb-053dfcc77f00,Heritus AG,Private,1,3311.9191872,Apartment,Erfurt,Apartment,Erfurt,Thuringia,,2009-02-15 00:00:00
1718,e27ce0ab-e4d8-4aa2-b8d3-741c26f635e6,Friedrich Bahr GmbH,User/Other,1,16499.5974,Industrial,Bremen,Industrial,Bremen,Bremen,,2020-06-30 00:00:00
1719,e27ce0ab-e4d8-4aa2-b8d3-741c26f635e6,Forschungsinstitut fur Kraftfahrwesen und Fahrzeugmotoren Stuttgart,User/Other,1,3499.9146,Industrial,Filderstadt,Industrial,Filderstadt,Baden-Wurttemberg,,2024-07-25 00:00:00
1720,0fb0105d-4085-4eb3-9a26-9615e5a7fe18,asto Business Group,Private,1,3499.9146,Dev Site,Herrsching am Ammersee,Office; Dev Site; Hotel,Gilching; Herrsching am Ammersee,Bavaria,,2022-04-04 00:00:00
1721,4c48b00f-c8f6-419c-a5d2-da2b723242e8,JVW Projekt Entwicklung GmbH,Private,1,30999.2436,Dev Site,"Hanau, Bruder-Grimm-Stadt",Dev Site,"Hanau, Bruder-Grimm-Stadt",Hesse,,2021-04-06 00:00:00
1722,4c48b00f-c8f6-419c-a5d2-da2b723242e8,APS Verwaltungs GmbH & Co. KG,Private,1,2999.9268,Apartment,Aschersleben,Apartment,Aschersleben,Saxony-Anhalt,,2017-06-16 00:00:00
1723,4c48b00f-c8f6-419c-a5d2-da2b723242e8,Hayunga,Private,1,5199.87312,Industrial,Norderstedt,Industrial,Norderstedt,Schleswig-Holstein,,2011-06-01 00:00:00
1724,4c48b00f-c8f6-419c-a5d2-da2b723242e8,Schwabischen Grundbesitz,Private,1,,Apartment,Geislingen an der Steige,Apartment,Geislingen an der Steige,Baden-Wurttemberg,,2014-12-08 00:00:00
1725,5b0c3305-e27a-4815-a175-b253e77c16a4,S+T Wohnbau,Private,1,2492.9391708,Office,Munich,Office,Munich,Bavaria,,2010-09-15 00:00:00
1726,e27ce0ab-e4d8-4aa2-b8d3-741c26f635e6,WEILBURGER Coatings GmbH,User/Other,1,39999.024,Dev Site,Beselich,Dev Site,Beselich,Hesse,,2013-04-05 00:00:00
1727,e27ce0ab-e4d8-4aa2-b8d3-741c26f635e6,Eurobaustoff Handelsgesellschaft mbH,User/Other,1,2759.932656,Industrial,Bad Nauheim,Industrial,Bad Nauheim,Hesse,,2010-05-10 00:00:00
1728,4c48b00f-c8f6-419c-a5d2-da2b723242e8,halbersbacher privathotels GmbH,Private,1,,Hotel,Biedenkopf,Hotel,Biedenkopf,Hesse,,2014-01-01 00:00:00
1729,e27ce0ab-e4d8-4aa2-b8d3-741c26f635e6,AGM Anwar Graphische Maschinen,User/Other,1,8599.79016,Industrial,Wentorf bei Hamburg,Industrial,Wentorf bei Hamburg,Schleswig-Holstein,,2023-03-05 00:00:00
1730,4c48b00f-c8f6-419c-a5d2-da2b723242e8,A+H Bauträger und Verwaltungsgesellschaft mbH,Private,1,929.977308,Retail,Witten,Retail,Witten,North Rhine-Westphalia,,2021-07-14 00:00:00
1731,e27ce0ab-e4d8-4aa2-b8d3-741c26f635e6,Osartis GmbH,User/Other,1,12999.6828,Dev Site,Munster,Dev Site,Munster,Hesse,,2021-03-31 00:00:00
1732,b80e0436-6a83-4e21-b6ff-ea8a84938006,City of Schleswig,User/Other,1,7962.8057028,Retail,Schleswig,Dev Site; Retail,Schleswig,Schleswig-Holstein,,2022-10-19 00:00:00
1733,4c48b00f-c8f6-419c-a5d2-da2b723242e8,Hoffner Mobelgesellschaft GmbH & co. KG,Private,1,54998.658,Retail,Rosrath,Retail,Rosrath,North Rhine-Westphalia,,2010-03-01 00:00:00
1734,7e5a5ed5-fa92-4f7e-bd01-78f25fb7d7d8,IGB AG,Institutional,1,5698.8609444,Office,Kiel,Office,Kiel,Schleswig-Holstein,,2010-09-01 00:00:00
1735,f1ca2097-8afd-4d5f-959d-683c9db8cdc3,TLC Consulting,Private,1,8699.78772,Dev Site,Essen,Dev Site,Essen,North Rhine-Westphalia,,2014-12-31 00:00:00
1736,eaf4bf3d-c951-4ad1-b40f-9ac89e8e102a,Regionalverband Ruhr,User/Other,1,9999.756,Office,Essen,Dev Site; Office,Essen,North Rhine-Westphalia,,2015-02-17 00:00:00
1737,4c48b00f-c8f6-419c-a5d2-da2b723242e8,Jöklar und pG-Verk,Private,1,69997.6417,Dev Site,Lubeck,Dev Site,Lubeck,Schleswig-Holstein,,2008-02-15 00:00:00
1738,4c48b00f-c8f6-419c-a5d2-da2b723242e8,S W Invest Finance Trade GmbH,Private,1,10099.75356,Dev Site,Bad Honnef,Dev Site,Bad Honnef,North Rhine-Westphalia,,2017-02-08 00:00:00
1739,4c48b00f-c8f6-419c-a5d2-da2b723242e8,Projekt Baumholder GmbH,Private,1,11499.7194,Apartment,Baumholder,Apartment,Baumholder,Rhineland-Palatinate,,2023-10-04 00:00:00
1740,4c48b00f-c8f6-419c-a5d2-da2b723242e8,Forner Family,Private,1,,Hotel,Gersthofen,Hotel,Gersthofen,Bavaria,,2017-11-04 00:00:00
1741,4c48b00f-c8f6-419c-a5d2-da2b723242e8,Trinity Estates Holding GmbH,Private,1,2599.93656,Office,Dachau,Apartment; Office,Dachau,Bavaria,,2022-09-22 00:00:00
1742,4c48b00f-c8f6-419c-a5d2-da2b723242e8,Winter Hausbau GmbH,Private,1,,Apartment,Regensburg,Apartment; Retail,Regensburg; Perkam,Bavaria,,2009-07-14 00:00:00
1743,4c48b00f-c8f6-419c-a5d2-da2b723242e8,Lewo Unternehmensgruppe,Private,1,8599.79016,Apartment,Leipzig,Apartment,Leipzig,Saxony,,2018-03-22 00:00:00
1744,9d5a96f6-b06a-4fc4-a71d-645980ff8117,City of Cottbus,User/Other,1,14399.64864,Retail,Cottbus,Retail; Dev Site,Cottbus,Brandenburg,,2023-06-09 00:00:00
1745,4c48b00f-c8f6-419c-a5d2-da2b723242e8,arcona Management GmbH,Private,1,879.978528,Office,Rostock,Office,Rostock,Mecklenburg-West Pomerania,,2017-12-27 00:00:00
1746,4c48b00f-c8f6-419c-a5d2-da2b723242e8,ITC Logistic Ges. mbH,Private,1,5499.8658,Industrial,Koblenz,Industrial,Koblenz,Rhineland-Palatinate,,2011-05-19 00:00:00
1747,4c48b00f-c8f6-419c-a5d2-da2b723242e8,Self Real Estate Germany GmbH,Private,1,1244.969622,Industrial,Cologne,Industrial,Cologne,North Rhine-Westphalia,,2013-03-11 00:00:00
1748,8f63ee2a-1a7b-419c-9e3d-b3708c1384fb,CIC Riviera,User/Other,1,40998.9996,Dev Site,Elfershausen,Dev Site,Elfershausen,Bavaria,,2022-11-09 00:00:00
1749,deccde25-59f9-400c-86ba-9d5f1e7d9ab7,Schaeffler AG,User/Other,1,17999.5608,Office,Herzogenaurach,Dev Site; Office; Industrial,Elfershausen; Herzogenaurach; Wuppertal,Bavaria; North Rhine-Westphalia; Hesse,,2023-12-18 00:00:00
1750,4c48b00f-c8f6-419c-a5d2-da2b723242e8,RGG Rohrdamm Grundstuecks GmbH,Private,1,,Apartment,,Apartment,,North Rhine-Westphalia,,2011-08-12 00:00:00
1751,1c4c38e6-d637-45cd-a14a-76afca45b074,Stiftung,Institutional,1,3899.90484,Office,Stuttgart,Office,Stuttgart,Baden-Wurttemberg,,2011-12-20 00:00:00
1752,4c48b00f-c8f6-419c-a5d2-da2b723242e8,Bona Wohnungsbaugesellschaft,Private,1,4079.900448,Office,Wurzburg,Office,Wurzburg,Bavaria,,2023-12-01 00:00:00
1753,e27ce0ab-e4d8-4aa2-b8d3-741c26f635e6,Alptekin Personalservice,User/Other,1,6399.84384,Other General,Aschaffenburg,Other General,Aschaffenburg,Bavaria,,2024-06-10 00:00:00
1754,abb328ef-c1cc-4d76-92af-f2e7222f6870,Gewosie Wohnbaugenossenschaft,Private,1,3999.9024,Dev Site,Bremen,Apartment; Dev Site,Bremen,Bremen,,2020-07-13 00:00:00
1755,bf5871c4-4fb4-4f13-8b74-c0160b808102,DC Cheyne DEU Fonds,Public,1,14999.4482,Dev Site,Linden,Retail; Dev Site,Torgau; Linden,Saxony; Hesse,,2020-06-30 00:00:00
1756,314c2bc7-b38b-4535-855f-96c8b7c4c39c,Corning,User/Other,1,23999.214665,Industrial,Neustadt bei Coburg,Industrial,Neustadt bei Coburg,Bavaria,,2008-05-14 00:00:00
1757,e27ce0ab-e4d8-4aa2-b8d3-741c26f635e6,STS-Tecom GmbH,User/Other,1,3999.9024,Dev Site,Aachen,Dev Site,Aachen,North Rhine-Westphalia,,2013-10-02 00:00:00
1758,1c3c22ca-00f1-47cf-89b1-a13ab7438aea,GreenRock Management,Private,1,154995.2180244,Dev Site,Eisleben,Dev Site; Industrial,Eisleben; Muhldorf am Inn,Saxony-Anhalt; Bavaria,,2023-05-31 00:00:00
1759,e27ce0ab-e4d8-4aa2-b8d3-741c26f635e6,AGRAVIS Kornhaus Ostwestfalen GmbH,User/Other,1,39998.6910464,Dev Site,Warburg,Dev Site,Warburg,North Rhine-Westphalia,,2015-07-23 00:00:00
1760,e27ce0ab-e4d8-4aa2-b8d3-741c26f635e6,Helvetia Packaging AG,User/Other,1,67998.3408,Dev Site,Saarlouis,Dev Site,Saarlouis,Saarland,,2013-09-20 00:00:00
1761,4c48b00f-c8f6-419c-a5d2-da2b723242e8,Industriepark Saar (IPS),Private,1,29999.268,Dev Site,Nonnweiler,Dev Site,Nonnweiler,Saarland,,2016-04-12 00:00:00
1762,e27ce0ab-e4d8-4aa2-b8d3-741c26f635e6,Vetter Pharma-Fertigung GmbH,User/Other,1,44998.902,Dev Site,Ravensburg,Dev Site,Ravensburg,Baden-Wurttemberg,,2010-06-15 00:00:00
1763,4c48b00f-c8f6-419c-a5d2-da2b723242e8,Amitera GmbH,Private,1,34999.146,Dev Site,Norten-Hardenberg,Dev Site,Norten-Hardenberg,Lower Saxony,,2016-01-20 00:00:00
1764,7a52c0c2-6e40-4379-94ae-cef5870ab18b,Heisig & Heisig,Private,1,5899.85604,Hotel,Munich,Hotel,Munich,Bavaria,,2015-08-19 00:00:00
1765,0323ba13-5d78-4d7a-afd9-74e6eaf73074,S-Probis,Private,1,24999.39,Dev Site,Iserlohn,Dev Site,Iserlohn,North Rhine-Westphalia,,2011-11-15 00:00:00
1766,d56c0eb1-00af-402f-bb2e-69610ead256d,Investitionsbank Land Brandenburg,Institutional,1,19999.512,Dev Site,Potsdam,Dev Site,Potsdam,Brandenburg,,2011-08-18 00:00:00
1767,7914b8e3-d972-40b6-ad4b-5d977651adc6,Gruber Wohnbau GmbH,Private,1,1699.95852,Dev Site,Regensburg,Dev Site,Regensburg,Bavaria,,2013-02-20 00:00:00
1768,4c48b00f-c8f6-419c-a5d2-da2b723242e8,Plamquadrat Stuttgart,Private,1,1599.947641856,Dev Site,Stuttgart,Dev Site,Stuttgart,Baden-Wurttemberg,,2013-05-13 00:00:00
1769,4c48b00f-c8f6-419c-a5d2-da2b723242e8,Hopp Family Group,Private,1,51265.7490852,Dev Site,Bad Vilbel,Dev Site,Bad Vilbel,Hesse,,2016-10-17 00:00:00
1770,4c48b00f-c8f6-419c-a5d2-da2b723242e8,BKLV Management GmbH,Private,1,159996.096,Dev Site,Wittenberge,Dev Site,Wittenberge,Brandenburg,,2021-06-24 00:00:00
1771,4c48b00f-c8f6-419c-a5d2-da2b723242e8,Teamcreb Immobilienmanagement GmbH,Private,1,7499.817,Dev Site,Usedom,Dev Site,Usedom,Mecklenburg-West Pomerania,,2022-06-29 00:00:00
1772,4c48b00f-c8f6-419c-a5d2-da2b723242e8,Bert Bleicher,Private,1,13999.6584,Dev Site,Bad Tolz,Dev Site,Bad Tolz,Bavaria,,2012-02-01 00:00:00
1773,a57a7f34-b0b4-4200-8c51-abaa668267d6,Ver.di,User/Other,1,25999.3656,Office,Berlin,Office; Dev Site; Apartment,Berlin; Bad Tolz,Berlin; Bavaria,,2012-02-01 00:00:00
1774,4c48b00f-c8f6-419c-a5d2-da2b723242e8,Kompass Wohnen,Private,1,,Apartment,Solingen,Apartment,Solingen,North Rhine-Westphalia,,2011-12-15 00:00:00
1775,4c48b00f-c8f6-419c-a5d2-da2b723242e8,Schmidt-Ruthenbeck family,Private,1,6099.85116,Office,Essen,Retail; Office,Essen,North Rhine-Westphalia,,2015-03-31 00:00:00
1776,4c48b00f-c8f6-419c-a5d2-da2b723242e8,FAMA Dusseldorf Real Estate,Private,1,10751.7376512,Retail,Dusseldorf,Retail,Dusseldorf,North Rhine-Westphalia,,2018-01-05 00:00:00
1777,084f8b5b-611d-4a48-9b2f-8a40336f48f1,UWS Ulm,User/Other,1,,Hotel,Ulm,Hotel,Ulm,Baden-Wurttemberg,,2011-01-15 00:00:00
1778,4c48b00f-c8f6-419c-a5d2-da2b723242e8,Grand Central Mainz GmbH,Private,1,4772.8835388,Office,Mainz,Apartment; Office,Mainz,Rhineland-Palatinate,,2021-05-07 00:00:00
1779,4c48b00f-c8f6-419c-a5d2-da2b723242e8,Guner Ozturk,Private,1,4772.8835388,Office,Mainz,Office,Mainz,Rhineland-Palatinate,,2013-12-17 00:00:00
1780,4c48b00f-c8f6-419c-a5d2-da2b723242e8,Wolfgang Scheidweiter & Andreas Kohm & Jamal Faouz,Private,1,,Hotel,Konstanz,Hotel,Konstanz,Baden-Wurttemberg,,2011-06-15 00:00:00
1781,4c48b00f-c8f6-419c-a5d2-da2b723242e8,Ali Muktar & Amro Huda Mohamed Fati,Private,1,,Hotel,Mainz,Hotel,Mainz,Rhineland-Palatinate,,2014-12-31 00:00:00
1782,4c48b00f-c8f6-419c-a5d2-da2b723242e8,GSI Retail Property Fund,Private,1,7799.74465,Retail,Leutkirch im Allgau,Retail,Leutkirch im Allgau,Baden-Wurttemberg,,2008-08-08 00:00:00
1783,4c48b00f-c8f6-419c-a5d2-da2b723242e8,FL Group Hamburg Business Park GmbH,Private,1,3974.90301,Retail,Wilhelmshaven,Retail,Wilhelmshaven,Lower Saxony,,2011-10-01 00:00:00
1784,4c48b00f-c8f6-419c-a5d2-da2b723242e8,Star Inn Hotels Group,Private,1,,Hotel,Bremen,Hotel,Bremen,Bremen,,2010-02-23 00:00:00
1785,4c48b00f-c8f6-419c-a5d2-da2b723242e8,Wohnen und Leben GmbH,Private,1,16999.5852,Dev Site,Bischofsheim,Dev Site,Bischofsheim,Hesse,,2016-02-03 00:00:00
1786,e27ce0ab-e4d8-4aa2-b8d3-741c26f635e6,FO Hoffmann Werkzeuge,User/Other,1,2199.94632,Office,Grafelfing,Office,Grafelfing,Bavaria,,2024-06-01 00:00:00
1787,4c48b00f-c8f6-419c-a5d2-da2b723242e8,Schafer family,Private,1,3099.92436,Office,Fulda,Office,Fulda,Hesse,,2008-11-30 00:00:00
1788,4c48b00f-c8f6-419c-a5d2-da2b723242e8,Martin Krober & Alfred Konig,Private,1,1699.95852,Retail,Freyung,Retail,Freyung,Bavaria,,2009-07-15 00:00:00
1789,eaf4bf3d-c951-4ad1-b40f-9ac89e8e102a,Stadt Eislingen,User/Other,1,759.981456,Hotel,Eislingen/Fils,Hotel,Eislingen/Fils,Baden-Wurttemberg,,2022-05-30 00:00:00
1790,e27ce0ab-e4d8-4aa2-b8d3-741c26f635e6,SB Moebelkauf Robert Simon GmbH,User/Other,1,7499.817,Retail,Herne,Retail,Herne,North Rhine-Westphalia,,2014-02-28 00:00:00
1791,48c14278-63b6-4f42-930a-2a0a1d2932cf,Deichmann,User/Other,1,160996.0716,Dev Site,Soltau,Office; Dev Site,Augsburg; Soltau,Bavaria; Lower Saxony,,2023-02-17 00:00:00
1792,4c48b00f-c8f6-419c-a5d2-da2b723242e8,Ulf Kaufmann,Private,1,3594.912282,Office,Ulm,Office,Ulm,Baden-Wurttemberg,,2011-01-01 00:00:00
1793,29705626-6af3-47f3-be13-ca38384378ed,Technische Akademie Hameln,User/Other,1,10449.74502,Office,Hameln,Office,Hameln,Lower Saxony,,2011-05-13 00:00:00
1794,1c4c38e6-d637-45cd-a14a-76afca45b074,Maribondo da Floresta,Institutional,1,5499.8658,Retail,Osterholz-Scharmbeck,Retail,Osterholz-Scharmbeck,Lower Saxony,,2008-11-15 00:00:00
1795,4c48b00f-c8f6-419c-a5d2-da2b723242e8,Haas Vermögensverwaltung GmbH,Private,1,30608.2531404,Retail,Passau,Retail,Passau,Bavaria,,2016-04-19 00:00:00
1796,4c48b00f-c8f6-419c-a5d2-da2b723242e8,Gesellschaft fur Immobilien/Projektentwicklung und Unternehmensberatung GmbH,Private,1,10299.74868,Dev Site,Wirges,Dev Site,Wirges,Rhineland-Palatinate,,2018-12-31 00:00:00
1797,4c48b00f-c8f6-419c-a5d2-da2b723242e8,Curata Immobilien GmbH,Private,1,9999.756,Apartment,Ahrensburg,Apartment,Ahrensburg,Schleswig-Holstein,,2016-03-17 00:00:00
1798,215873c7-0082-42a8-b569-8bdae9aa2fbe,GWG Rhein-Erft,Private,1,2376.9420012,Dev Site,Pulheim,Dev Site,Pulheim; Hurth,North Rhine-Westphalia,,2024-06-12 00:00:00
1799,4c48b00f-c8f6-419c-a5d2-da2b723242e8,WMS Verwaltungs GmbH,Private,1,3999.9024,Retail,Herne,Retail,Herne,North Rhine-Westphalia,,2011-10-20 00:00:00
1800,496dc42f-aa18-417d-8de1-107ee369a7cb,Sparkasse Neunkirchen,Institutional,1,2299.94388,Office,Neunkirchen,Office,Neunkirchen,North Rhine-Westphalia,,2024-01-22 00:00:00
1801,eaf4bf3d-c951-4ad1-b40f-9ac89e8e102a,oleg Osnabrücker Land-Entwicklungsgesellschaft,User/Other,1,129996.828,Dev Site,Dissen am Teutoburger Wald,Dev Site,Dissen am Teutoburger Wald,Lower Saxony,,2022-09-29 00:00:00
1802,eaf4bf3d-c951-4ad1-b40f-9ac89e8e102a,Municipality of Planegg,User/Other,1,13499.6706,Dev Site,Planegg,Dev Site,Planegg,Bavaria,,2023-02-28 00:00:00
1803,4c48b00f-c8f6-419c-a5d2-da2b723242e8,KMM Immobilien Verwaltungs GmbH,Private,1,10499.7438,Retail,Tuttlingen,Retail,Tuttlingen,Baden-Wurttemberg,,2013-04-15 00:00:00
1804,0b553320-41cb-4c68-9b59-f8b7137695c4,Areal Immobilien,Private,1,6657.8375448,Dev Site,Pulheim,Retail; Office; Dev Site,Gelsenkirchen; Cologne; Pulheim,North Rhine-Westphalia,,2013-04-18 00:00:00
1805,a04c382f-d309-44c7-98bb-832fb8ff1167,FirstRetail Group,Private,1,7999.8048,Dev Site,Krefeld,Seniors Housing & Care; Apartment; Dev Site,Krefeld; Bad Eilsen; Duisburg,North Rhine-Westphalia; Lower Saxony,,2023-12-08 00:00:00
1806,4c48b00f-c8f6-419c-a5d2-da2b723242e8,Dierk Mohring,Private,1,7499.817,Dev Site,Bonen,Dev Site; Seniors Housing & Care,Bonen,North Rhine-Westphalia,,2016-12-31 00:00:00
1807,dc12ef88-45b8-4c25-8b21-9fbfaee2fb65,Rurbau GmbH,Private,1,,Hotel,Julich,Hotel,Julich,North Rhine-Westphalia,,2012-05-01 00:00:00
1808,38f8a29a-061a-4ff6-9109-f7705183bc56,raumvision,Private,1,43498.9386,Dev Site,Solingen,Apartment; Dev Site,Solingen,North Rhine-Westphalia,,2020-01-31 00:00:00
1809,4c48b00f-c8f6-419c-a5d2-da2b723242e8,Lupp Bau- und Immobilienmanagement GmbH,Private,1,23499.4266,Dev Site,Nidda,Dev Site,Nidda,Hesse,,2022-04-14 00:00:00
1810,4c48b00f-c8f6-419c-a5d2-da2b723242e8,Kaiserschild Stiftung,Private,1,4299.89508,Retail,Siegburg,Retail,Siegburg,North Rhine-Westphalia,,2019-06-14 00:00:00
1811,29705626-6af3-47f3-be13-ca38384378ed,Jacob Bohme Schule,User/Other,1,25999.14918016,Dev Site,Gorlitz,Dev Site,Gorlitz,Saxony,,2019-04-04 00:00:00
1812,4c48b00f-c8f6-419c-a5d2-da2b723242e8,SAAR Investment GmbH,Private,1,14527.5162,Industrial,Giessen,Industrial,Giessen,Hesse,,2020-08-24 00:00:00
1813,4c48b00f-c8f6-419c-a5d2-da2b723242e8,Ventafonds GmbH,Private,1,13999.6584,Dev Site,Bad Oeynhausen,Dev Site,Bad Oeynhausen,North Rhine-Westphalia,,2012-06-07 00:00:00
1814,8a71225f-3244-4324-8123-930582d6c827,City of Bad Oeynhausen,User/Other,1,7154.825418,Retail,Bad Oeynhausen,Dev Site; Retail,Bad Oeynhausen,North Rhine-Westphalia,,2024-05-14 00:00:00
1815,bd5657ae-402e-4677-a035-dc18a547bcae,Baugenossenschaft Holstein (BGH) eG,User/Other,1,11999.7072,Dev Site,Boostedt,Dev Site,Boostedt,Schleswig-Holstein,,2014-02-19 00:00:00
1816,e27ce0ab-e4d8-4aa2-b8d3-741c26f635e6,Schunk GmbH & Co KG Spann- Und Greiftechnik,User/Other,1,1699.95852,Industrial,Lauffen am Neckar,Industrial,Lauffen am Neckar,Baden-Wurttemberg,,2019-07-23 00:00:00
1817,6cd19f09-4cd8-43e2-b885-1b0a3a2fdc0a,AK Immobilien,Private,1,3359.918016,Office,Mainz,Dev Site; Apartment; Office,Leverkusen; Berlin; Mainz,North Rhine-Westphalia; Berlin; Rhineland-Palatinate,,2021-05-08 00:00:00
1818,b9c4b1b3-5ae5-4ec4-8b47-2adc34eb08cc,Deutsche Seereederei GmbH,Private,1,9499.7682,Dev Site,Mittenwald,Dev Site,Mittenwald,Bavaria,,2021-06-08 00:00:00
1819,e27ce0ab-e4d8-4aa2-b8d3-741c26f635e6,Uniplus Projektentwicklungsgesellschaft mbH,User/Other,1,24999.39,Dev Site,Neu-Ulm,Dev Site,Neu-Ulm,Bavaria,,2012-08-07 00:00:00
1820,07ebd41b-d764-49ff-84cb-9b7e8ef802fb,City Centre Holdings,Private,1,8499.72186055482,Office,Quickborn,Office,Quickborn,Schleswig-Holstein,,2007-11-14 00:00:00
1821,4c48b00f-c8f6-419c-a5d2-da2b723242e8,Thomas Sommer,Private,1,11999.7072,Industrial,Simmelsdorf,Industrial,Simmelsdorf,Bavaria,,2014-07-23 00:00:00
1822,4c48b00f-c8f6-419c-a5d2-da2b723242e8,Salco Group,Private,1,3799.90728,Dev Site,Langen (Hessen),Dev Site,Langen (Hessen),Hesse,,2019-11-14 00:00:00
1823,23a97c21-0e21-4f6c-9313-28c68c57c148,DKV Euro Service,User/Other,1,6499.8414,Dev Site,Ratingen,Dev Site,Ratingen,North Rhine-Westphalia,,2009-05-31 00:00:00
1824,e27ce0ab-e4d8-4aa2-b8d3-741c26f635e6,GEFO Gesellschaft für Oeltransporte m.b.H.,User/Other,1,2318.9434164,Office,Hamburg,Office,Hamburg,Hamburg,,2011-06-01 00:00:00
1825,4c48b00f-c8f6-419c-a5d2-da2b723242e8,f-tronic GmbH,Private,1,41998.62559872,Dev Site,Saarbrucken,Dev Site,Saarbrucken,Saarland,,2024-05-23 00:00:00
1826,e27ce0ab-e4d8-4aa2-b8d3-741c26f635e6,SLM Solutions Gmbh,User/Other,1,68998.3164,Dev Site,Lubeck,Dev Site,Lubeck,Schleswig-Holstein,,2016-01-13 00:00:00
1827,4c48b00f-c8f6-419c-a5d2-da2b723242e8,Auxenia RE,Private,1,,Seniors Housing & Care,Beuren,Seniors Housing & Care,Beuren,Baden-Wurttemberg,,2023-05-03 00:00:00
1828,4c48b00f-c8f6-419c-a5d2-da2b723242e8,Perschmann Property Management GmbH,Private,1,2299.94388,Office,Braunschweig,Office,Braunschweig,Lower Saxony,,2024-07-08 00:00:00
1829,15328936-3ed9-4e3f-be64-ed599babd1cd,Gluckstadter Heringsfischerei,Private,1,3952.9035468,Office,Cologne,Office,Cologne,North Rhine-Westphalia,,2012-01-01 00:00:00
1830,4c48b00f-c8f6-419c-a5d2-da2b723242e8,Royal Immobilien,Private,1,2434.940586,Retail,Lorrach,Retail,Lorrach,Baden-Wurttemberg,,2014-01-01 00:00:00
1831,4c48b00f-c8f6-419c-a5d2-da2b723242e8,TSW Wohnbau,Private,1,3127.9236768,Office,Essen,Office,Essen,North Rhine-Westphalia,,2023-05-10 00:00:00
1832,53d84ba1-4860-4721-8212-117171525d4e,Bauer Family Office,Institutional,1,17955.5618736,Apartment,Hamburg,Apartment,Hamburg,Hamburg,,2023-02-15 00:00:00
1833,4c48b00f-c8f6-419c-a5d2-da2b723242e8,Santiago Asset GmbH,Private,1,15443.6231664,Office,Nuremberg,Office,Nuremberg,Bavaria,,2015-09-25 00:00:00
1834,4c48b00f-c8f6-419c-a5d2-da2b723242e8,Centro Hotel Group,Private,1,,Hotel,Frankfurt am Main,Hotel,Frankfurt am Main,Hesse,,2016-01-12 00:00:00
1835,e27ce0ab-e4d8-4aa2-b8d3-741c26f635e6,telc GmbH,User/Other,1,9999.756,Office,Bad Homburg vor der Hohe,Office,Bad Homburg vor der Hohe,Hesse,,2021-02-24 00:00:00
1836,e27ce0ab-e4d8-4aa2-b8d3-741c26f635e6,Passion Mode GmbH,User/Other,1,3499.9146,Dev Site,Neuss,Dev Site,Neuss,North Rhine-Westphalia,,2015-11-11 00:00:00
1837,4c48b00f-c8f6-419c-a5d2-da2b723242e8,DEUWA REAL GmbH,Private,1,,Office,Mainz,Office,Mainz,Rhineland-Palatinate,,2018-11-27 00:00:00
1838,22ba2cba-7ffa-4384-b610-ac6d0ab9ab6d,HOPF IEG,Private,1,4199.89752,Dev Site,Essen,Apartment; Dev Site,Essen,North Rhine-Westphalia,,2016-12-16 00:00:00
1839,c74b2d5e-2276-4237-978d-a55627938690,City of Bonn,User/Other,1,3892.9050108,Office,Bonn,Dev Site; Office; Hotel,Bonn,North Rhine-Westphalia,,2019-09-06 00:00:00
1840,9a73dd03-9e6b-4c27-b782-2ce6a6c048fb,Harkai Zech,Private,1,4669.886052,Dev Site,Dresden,Apartment; Dev Site,Dresden; Hamburg,Saxony; Hamburg,,2018-03-22 00:00:00
1841,b44461c0-bb71-4495-8998-f007b6b3232f,WEP Projekt,Private,1,4669.886052,Dev Site,Dresden,Apartment; Dev Site,Dresden; Leipzig; Hamburg,Saxony; Hamburg,,2018-03-22 00:00:00
1842,4c48b00f-c8f6-419c-a5d2-da2b723242e8,Hartlaub Immobilienstiftung,Private,1,3999.9024,Office,Munich,Office,Munich,Bavaria,,2003-12-01 00:00:00
1843,e27ce0ab-e4d8-4aa2-b8d3-741c26f635e6,expert Warenvertrieb GmbH,User/Other,1,22999.4388,Dev Site,Langenhagen,Dev Site,Langenhagen,Lower Saxony,,2018-09-01 00:00:00
1844,43900671-dc60-421c-905d-6443019ff748,VSW Rechtsanwalte in Baden-Wurttemberg,Institutional,1,10299.74868,Office,Munich,Office,Munich,Bavaria,,2003-06-01 00:00:00
1845,560313e4-ca14-492f-b72f-7f37a33626c3,Angularis,Institutional,1,6518.8409364,Office,Munich,Office,Munich,Bavaria,,2021-05-31 00:00:00
1846,4c48b00f-c8f6-419c-a5d2-da2b723242e8,RET10,Private,1,7999.8048,Seniors Housing & Care,Gefrees,Seniors Housing & Care,Gefrees,Bavaria,,2023-07-07 00:00:00
1847,e27ce0ab-e4d8-4aa2-b8d3-741c26f635e6,fischerwerke GmbH & Co. KG,User/Other,1,7999.8048,Industrial,Freiburg im Breisgau,Industrial,Freiburg im Breisgau,Baden-Wurttemberg,,2015-12-14 00:00:00
1848,4c48b00f-c8f6-419c-a5d2-da2b723242e8,Hahn Pluswertfonds 154,Private,1,5079.876048,Retail,Schwerte an der Ruhr,Retail,Schwerte an der Ruhr,North Rhine-Westphalia,,2011-04-08 00:00:00
1849,4c48b00f-c8f6-419c-a5d2-da2b723242e8,Herlach Immobilien Entwicklung,Private,1,5630.8626036,Office,Wittlich,Office,Wittlich,Rhineland-Palatinate,,2023-04-29 00:00:00
1850,4fa4d360-b6c9-4614-89e7-ceb227d1d227,Liwon Real Estate GmbH,Private,1,3999.9024,Dev Site,Hilden,Dev Site; Apartment,Hilden; Berlin,North Rhine-Westphalia; Berlin,,2024-02-01 00:00:00
1851,4c48b00f-c8f6-419c-a5d2-da2b723242e8,Witt Real Estate,Private,1,3999.9024,Dev Site,Saarbrucken,Dev Site,Saarbrucken,Saarland,,2020-05-28 00:00:00
1852,9df15c2e-c971-4e06-bec0-d4c54b41989f,ABN AMRO,Institutional,1,23159.434896,Office,Berlin,Office,Frankfurt am Main; Berlin,Hesse; Berlin,,2003-09-01 00:00:00
1853,4c48b00f-c8f6-419c-a5d2-da2b723242e8,SNT,Private,1,1499.9634,Office,Frankfurt am Main,Office,Frankfurt am Main,Hesse,,2005-03-01 00:00:00
1854,4c48b00f-c8f6-419c-a5d2-da2b723242e8,Haron Holding,Private,1,4087.9002528,Office,Frankfurt am Main,Office,Frankfurt am Main,Hesse,,2014-09-18 00:00:00
1855,338d6e90-98f2-442b-89f2-c5664fb4e2b0,Recommerz,Private,1,15999.6096,Industrial,Neuenkirchen,Industrial,Neuenkirchen,Lower Saxony,,2008-08-15 00:00:00
1856,3a60d6cd-ae09-47fb-9828-c829acedd999,MM Warburg & Co,Institutional,1,2499.939,Office,Berlin,Office,Berlin,Berlin,,2006-01-01 00:00:00
1857,75eb64d3-bb5e-4f39-8288-beb4d35a8a3c,Gruppo Statuto,Private,1,14384.649006,Hotel,Berlin,Hotel,Berlin,Berlin,,2024-03-30 00:00:00
1858,4c48b00f-c8f6-419c-a5d2-da2b723242e8,Vieths Projekt GmbH,Private,1,,Apartment,Hamburg,Apartment,Hamburg,Hamburg,,2014-02-05 00:00:00
1859,e27ce0ab-e4d8-4aa2-b8d3-741c26f635e6,Delta Fleisch Handels GmbH,User/Other,1,39999.024,Dev Site,Norderstedt,Dev Site,Norderstedt,Schleswig-Holstein,,2017-05-23 00:00:00
1860,ac5ced8e-9c52-4f13-b86a-b3413fa77d61,Emscher Grundstuckgesellschaft,Private,1,3499.9146,Dev Site,Dusseldorf,Apartment; Dev Site,Dusseldorf; Ludwigshafen am Rhein; Berlin,North Rhine-Westphalia; Rhineland-Palatinate; Berlin,,2016-10-05 00:00:00
1861,4c48b00f-c8f6-419c-a5d2-da2b723242e8,Brülle & Schmeltzer,Private,1,10499.7438,Retail,Osnabruck,Retail,Osnabruck,Lower Saxony,,2011-03-01 00:00:00
1862,e27ce0ab-e4d8-4aa2-b8d3-741c26f635e6,Ampri Handelsgesellschaft mbH,User/Other,1,20999.31279936,Dev Site,Winsen (Luhe),Dev Site,Winsen (Luhe),Lower Saxony,,2015-06-12 00:00:00
1863,64d3cc7a-99f5-48f7-ba49-41acdd32bbea,B Anger GmbH,Private,1,2557.9375848,Office,Munich,Office,Munich,Bavaria,,2010-10-15 00:00:00
1864,4c48b00f-c8f6-419c-a5d2-da2b723242e8,Hartwig & Fuhrer GmbH & Co. KG,Private,1,9999.756,Industrial,Verl,Industrial,Verl,North Rhine-Westphalia,,2021-05-28 00:00:00
1865,4c48b00f-c8f6-419c-a5d2-da2b723242e8,Vesterra Wohnen GmbH,Private,1,599.98536,Retail,Frankfurt am Main,Retail,Frankfurt am Main,Hesse,,2015-03-01 00:00:00
1866,e27ce0ab-e4d8-4aa2-b8d3-741c26f635e6,Amadeus Data Processing GmbH,User/Other,1,49998.78,Data Center,Erding,Data Center,Erding,Bavaria,,2013-01-31 00:00:00
1867,4c48b00f-c8f6-419c-a5d2-da2b723242e8,7th Tec GmbH,Private,1,19999.512,Dev Site,Langenfeld (Rheinland),Dev Site,Langenfeld (Rheinland),North Rhine-Westphalia,,2022-12-31 00:00:00
1868,e27ce0ab-e4d8-4aa2-b8d3-741c26f635e6,Kobold GmbH & Co KG,User/Other,1,11499.7194,Industrial,Remscheid,Industrial,Remscheid,North Rhine-Westphalia,,2014-06-05 00:00:00
1869,e27ce0ab-e4d8-4aa2-b8d3-741c26f635e6,D & R Invest,User/Other,1,21484.983,Retail,Heidelberg,Retail,Heidelberg,Baden-Wurttemberg,,2011-07-19 00:00:00
1870,e27ce0ab-e4d8-4aa2-b8d3-741c26f635e6,Helu Kabel,User/Other,1,23999.21462784,Dev Site,Haan,Dev Site,Haan,North Rhine-Westphalia,,2023-01-11 00:00:00
1871,255fbf92-1c7e-485c-9d0d-e7e122e5e5e0,City of Haan,User/Other,1,5999.8536,Office,Haan,Dev Site; Office,Haan,North Rhine-Westphalia,,2023-01-11 00:00:00
1872,4c48b00f-c8f6-419c-a5d2-da2b723242e8,Faller Immobilien,Private,1,10999.7316,Dev Site,Bad Sackingen,Dev Site,Bad Sackingen,Baden-Wurttemberg,,2016-04-20 00:00:00
1873,4c48b00f-c8f6-419c-a5d2-da2b723242e8,Oliver Smits,Private,1,4499.8902,Office,Marl,Office,Marl,North Rhine-Westphalia,,2015-09-02 00:00:00
1874,1a824d6a-69fd-414b-b95d-039d8faf1eef,Helios Kliniken GmbH,User/Other,1,69998.292,Dev Site,Northeim,Dev Site; Seniors Housing & Care; Other General,Gifhorn; Duisburg; Idstein,Lower Saxony; North Rhine-Westphalia; Hesse,,2019-12-30 00:00:00
1875,4c48b00f-c8f6-419c-a5d2-da2b723242e8,Asset Immobilien GmbH & Co KG,Private,1,69075.3145212,Dev Site,Gifhorn,Dev Site,Gifhorn,Lower Saxony,,2019-12-31 00:00:00
1876,f85eb1f7-2846-47f3-be0c-8ecbd47a4696,GrundStein,Private,1,6399.84384,Office,Berlin,Apartment; Office,Berlin; Gottingen,Berlin; Lower Saxony,,2014-12-31 00:00:00
1877,9741e61d-eb65-4268-87c7-4dda02bd3f09,Ardstone Capital,Institutional,1,1106.9729892,Retail,Dusseldorf,Office; Retail,Dusseldorf,North Rhine-Westphalia,,2017-12-31 00:00:00
1878,585d8968-3a05-4792-b3aa-d0f3cc63c00f,Universitatsklinikum Freiburg,User/Other,1,12499.695,Office,Freiburg im Breisgau,Office,Freiburg im Breisgau,Baden-Wurttemberg,,2016-05-03 00:00:00
1879,e27ce0ab-e4d8-4aa2-b8d3-741c26f635e6,Brose Fahrzeugteile,User/Other,1,74998.17,Dev Site,Hallstadt,Dev Site,Hallstadt,Bavaria,,2012-05-15 00:00:00
1880,c446d961-14c3-49b8-af2f-bdbbf025675a,City of Bamberg,User/Other,1,,Office,Bamberg,Dev Site; Office,Bamberg; Hallstadt,Bavaria,,2021-04-07 00:00:00
1881,e30988e3-9f1b-410a-abed-313e51d45e27,Nuernberger Lebensversicherung,Institutional,1,24422.4040788,Office,Munich,Office; Retail,Berlin; Kassel; Munich,Berlin; Hesse; Bavaria,,2020-05-31 00:00:00
1882,a9b5e014-9219-42c5-84c2-85425d09f729,BARI Gruppe,Private,1,17999.5608,Dev Site,Hohe Borde,Dev Site; Office; Apartment,Berlin; Potsdam; Hohe Borde,Berlin; Brandenburg; Saxony-Anhalt,,2021-12-11 00:00:00
1883,4c48b00f-c8f6-419c-a5d2-da2b723242e8,4 Friends Investment,Private,1,8399.79504,Retail,Oranienburg,Retail,Oranienburg,Brandenburg,,2021-06-30 00:00:00
1884,4c48b00f-c8f6-419c-a5d2-da2b723242e8,Tobias Neumann,Private,1,3999.9024,Dev Site,Gutersloh,Dev Site,Gutersloh,North Rhine-Westphalia,,2016-02-04 00:00:00
1885,4c48b00f-c8f6-419c-a5d2-da2b723242e8,Trio Bau GmbH,Private,1,2999.9268,Industrial,Berlin,Industrial,Berlin,Berlin,,2020-12-01 00:00:00
1886,e27ce0ab-e4d8-4aa2-b8d3-741c26f635e6,Nordwest Handel AG,User/Other,1,24999.39,Dev Site,Dortmund,Industrial; Dev Site,Hagen; Dortmund,North Rhine-Westphalia,,2014-08-15 00:00:00
1887,e27ce0ab-e4d8-4aa2-b8d3-741c26f635e6,LSB SportService Brandenburg GmbH,User/Other,1,1250.9694756,Retail,Berlin,Retail,Berlin,Berlin,,2010-09-14 00:00:00
1888,e27ce0ab-e4d8-4aa2-b8d3-741c26f635e6,Megatec Werkzeugtechnik GmbH,User/Other,1,1848.9548844,Industrial,Ludenscheid,Industrial,Ludenscheid,North Rhine-Westphalia,,2018-01-17 00:00:00
1889,4c48b00f-c8f6-419c-a5d2-da2b723242e8,Victors Group,Private,1,17490.5732196,Hotel,Gera,Hotel,Gera,Thuringia,,2019-12-31 00:00:00
1890,9d93a088-847f-43ff-a148-26bcdba898ea,WasE Bau,Private,1,8099.80236,Retail,Offenbach am Main,Dev Site; Retail,Offenbach am Main,Hesse,,2023-03-15 00:00:00
1891,e27ce0ab-e4d8-4aa2-b8d3-741c26f635e6,GET AG,User/Other,1,2699.93412,Industrial,Leipzig,Industrial,Leipzig,Saxony,,2017-05-23 00:00:00
1892,1462a40a-9198-42b6-9ad4-fe88fb465a69,Al Sraiya Group,Private,1,,Hotel,Munich,Hotel,Munich,Bavaria,,2015-12-27 00:00:00
1893,6f285703-b1ed-4c13-853f-ca835cf63faa,AM:PM,Private,1,26999.11645632,Dev Site,Rathenow,Dev Site,Rathenow; Nauen,Brandenburg,,2023-09-01 00:00:00
1894,4c48b00f-c8f6-419c-a5d2-da2b723242e8,SNS Beteiligungs GmbH,Private,1,4299.89508,Apartment,Munich,Apartment,Munich,Bavaria,,2020-12-30 00:00:00
1895,4c48b00f-c8f6-419c-a5d2-da2b723242e8,Labor-Immobilien GbR,Private,1,5290.8708996,Office,Frankfurt am Main,Office,Frankfurt am Main,Hesse,,2011-04-01 00:00:00
1896,18f2fc15-4b39-4901-a139-3f17dcc28556,Nestlé,User/Other,1,6524.84079,Dev Site,Wiesbaden,Office; Dev Site,Frankfurt am Main; Wiesbaden; Cologne,Hesse; North Rhine-Westphalia; Baden-Wurttemberg,,2023-10-17 00:00:00
1897,e27ce0ab-e4d8-4aa2-b8d3-741c26f635e6,Durkopp Adler,User/Other,1,13999.54186624,Dev Site,Bensheim,Dev Site,Bensheim,Hesse,,2023-02-28 00:00:00
1898,4c48b00f-c8f6-419c-a5d2-da2b723242e8,Luna Immobilien Verwaltungs GmbH,Private,1,17999.5608,Retail,Hamburg,Retail,Hamburg,Hamburg,,2011-11-15 00:00:00
1899,e27ce0ab-e4d8-4aa2-b8d3-741c26f635e6,Raab Karcher Baustoffe GmbH,User/Other,1,6999.8292,Dev Site,Oberursel (Taunus),Dev Site,Oberursel (Taunus),Hesse,,2014-08-30 00:00:00
1900,4c48b00f-c8f6-419c-a5d2-da2b723242e8,Family-Office MonaLisa,Private,1,999.9756,Retail,Freiburg im Breisgau,Retail,Freiburg im Breisgau,Baden-Wurttemberg,,2012-12-12 00:00:00
1901,e27ce0ab-e4d8-4aa2-b8d3-741c26f635e6,Winterdienst Borchers GmbH & Co. KG,User/Other,1,1821.9555432,Industrial,Hamburg,Industrial,Hamburg,Hamburg,,2021-06-23 00:00:00
1902,fb060dae-15b7-40aa-95cc-9ca3b602d086,Coherent Inc,User/Other,1,31999.2192,Dev Site,Lubeck,Industrial; Dev Site,Hamburg; Lubeck,Hamburg; Schleswig-Holstein,,2020-09-30 00:00:00
1903,4b5448d2-0435-47fc-8a64-681bb9987d9e,Moll Areal,Private,1,14999.634,Industrial,Lichtenfels,Office; Industrial,Unterfohring; Lichtenfels,Bavaria,,2024-02-22 00:00:00
1904,4c48b00f-c8f6-419c-a5d2-da2b723242e8,Platin Bettinastrasse GmbH,Private,1,2215.9459296,Office,Frankfurt am Main,Office,Frankfurt am Main,Hesse,,2017-01-31 00:00:00
1905,e27ce0ab-e4d8-4aa2-b8d3-741c26f635e6,Alfred Ritter GmbH & Co. KG,User/Other,1,53998.6824,Dev Site,Dettenhausen,Dev Site,Dettenhausen,Baden-Wurttemberg,,2013-07-18 00:00:00
1906,4c48b00f-c8f6-419c-a5d2-da2b723242e8,GS Immobilien AG,Private,1,11999.7072,Dev Site,Aachen,Dev Site; Apartment,Aachen; Juchen,North Rhine-Westphalia,,2012-08-28 00:00:00
1907,f5ebfcde-e556-45da-b2a0-e803cb0bdddc,Quadflieg GmbH,Private,1,11999.7072,Dev Site,Aachen,Dev Site,Aachen,North Rhine-Westphalia,,2012-08-28 00:00:00
1908,e27ce0ab-e4d8-4aa2-b8d3-741c26f635e6,Phicomm Europe GmbH,User/Other,1,33899.17284,Dev Site,Unterhaching,Dev Site,Unterhaching,Bavaria,,2013-09-19 00:00:00
1909,bd5657ae-402e-4677-a035-dc18a547bcae,Herner Tafel,User/Other,1,1199.97072,Retail,Herne,Retail,Herne,North Rhine-Westphalia,,2018-10-05 00:00:00
1910,4c48b00f-c8f6-419c-a5d2-da2b723242e8,Mars & Franke,Private,1,16736.5916172,Dev Site,Inning am Ammersee,Dev Site,Inning am Ammersee,Bavaria,,2023-04-01 00:00:00
1911,e27ce0ab-e4d8-4aa2-b8d3-741c26f635e6,Meerbiocare GmbH,User/Other,1,2873.9298744,Industrial,Hamburg,Industrial,Hamburg,Hamburg,,2021-06-23 00:00:00
1912,e27ce0ab-e4d8-4aa2-b8d3-741c26f635e6,WIWA Kampfmittelbergung GmbH,User/Other,1,1039.974624,Industrial,Hamburg,Industrial,Hamburg,Hamburg,,2021-06-23 00:00:00
1913,685c9ef5-1212-44c9-a660-96e24f3aa1a9,WBI - Wohnungsbaugesellschaft Ingelheim,Private,1,36798.795762688,Dev Site,Ingelheim am Rhein,Dev Site,Ingelheim am Rhein,Rhineland-Palatinate,,2021-06-04 00:00:00
1914,3ce2eab3-11c7-462c-a2e7-9bbca246030c,Liebherr,User/Other,1,139996.584,Dev Site,Biberach an der Riss,Dev Site,Biberach an der Riss,Baden-Wurttemberg,,2011-12-15 00:00:00
1915,0a962bb5-d525-47a5-8444-656b0dd8d6c6,Drengenberg Family Office,Private,1,,Hotel,Bad Bramstedt,Hotel; Apartment,Bad Bramstedt; Leipzig,Schleswig-Holstein; Saxony,,2024-06-12 00:00:00
1916,4c48b00f-c8f6-419c-a5d2-da2b723242e8,CoRE Solutions,Private,1,1399.96584,Office,Warngau,Office,Warngau,Bavaria,,2023-05-17 00:00:00
1917,eaf4bf3d-c951-4ad1-b40f-9ac89e8e102a,State of Berlin,User/Other,1,3679.910208,Office,Berlin,Office,Berlin,Berlin,,2010-09-01 00:00:00
1918,4c48b00f-c8f6-419c-a5d2-da2b723242e8,ICN Immobilien Consult Nürnberg GmbH & Co. KG,Private,1,3399.88874422193,Office,Berlin,Office; Retail,Berlin; Kempten (Allgau),Berlin; Bavaria,,2010-10-30 00:00:00
1919,4c48b00f-c8f6-419c-a5d2-da2b723242e8,ProVitare Commercial,Private,1,1548.2714,Industrial,Steinfurt,Industrial,Steinfurt,North Rhine-Westphalia,,2021-04-29 00:00:00
1920,7166910c-f23f-4090-a97c-3a174963cd6f,F&S Concept,Private,1,4499.8902,Dev Site,Duren,Dev Site,Duren,North Rhine-Westphalia,,2015-03-20 00:00:00
1921,eaf4bf3d-c951-4ad1-b40f-9ac89e8e102a,Gesellschaft fur Infrastrukturvermogen des Kreises Duren,User/Other,1,4499.8902,Dev Site,Duren,Dev Site,Duren,North Rhine-Westphalia,,2015-03-20 00:00:00
1922,77793400-472d-4530-a467-cd45e85ff0fd,Suwag Energie AG,User/Other,1,10999.7316,Dev Site,Hofheim am Taunus,Office; Dev Site,Ludwigsburg; Hofheim am Taunus,Baden-Wurttemberg; Hesse,,2021-08-18 00:00:00
1923,4c48b00f-c8f6-419c-a5d2-da2b723242e8,Schlossbräu Mariakirchen GmbH & Co. KG,Private,1,,Hotel,Remscheid,Hotel,Remscheid,North Rhine-Westphalia,,2015-01-22 00:00:00
1924,e27ce0ab-e4d8-4aa2-b8d3-741c26f635e6,Baktat Kardesler,User/Other,1,6616.8385452,Retail,Ludwigshafen am Rhein,Retail,Ludwigshafen am Rhein,Rhineland-Palatinate,,2010-03-01 00:00:00
1925,4c48b00f-c8f6-419c-a5d2-da2b723242e8,Orange Hotels & Resort,Private,1,,Hotel,Bad Kissingen,Hotel,Bad Kissingen,Bavaria,,2019-04-08 00:00:00
1926,4c48b00f-c8f6-419c-a5d2-da2b723242e8,Lueders Global GmbH,Private,1,1499.9634,Office,Dusseldorf,Office,Dusseldorf,North Rhine-Westphalia,,2015-12-21 00:00:00
1927,4c48b00f-c8f6-419c-a5d2-da2b723242e8,Tubingen B 92 GmbH,Private,1,4999.878,Office,Tubingen,Office,Tubingen,Baden-Wurttemberg,,2015-07-10 00:00:00
1928,9a0ec1c5-cab7-412b-9d33-602452cb11cc,GAG Ludwigshafen,User/Other,1,2699.93412,Office,Ludwigshafen am Rhein,Dev Site; Office,Ludwigshafen am Rhein,Rhineland-Palatinate,,2018-06-24 00:00:00
1929,af3fdbae-077d-4fb3-b016-2a4dbdd1f8c8,Sto SE & Co KGaA,User/Other,1,9199.77552,Dev Site,Kriftel,Retail; Industrial; Dev Site,Berlin; Munster; Kriftel,Berlin; North Rhine-Westphalia; Hesse,,2019-09-30 00:00:00
1930,4c48b00f-c8f6-419c-a5d2-da2b723242e8,BVG GmbH,Private,1,8664.788574,Industrial,Chemnitz,Industrial,Chemnitz,Saxony,,2010-09-22 00:00:00
1931,4c48b00f-c8f6-419c-a5d2-da2b723242e8,Urba Bau GmbH,Private,1,13999.6584,Dev Site,Hattingen,Dev Site,Hattingen,North Rhine-Westphalia,,2013-03-15 00:00:00
1932,e27ce0ab-e4d8-4aa2-b8d3-741c26f635e6,Eugen Gruninger Grossmetzgerei GmbH,User/Other,1,19999.512,Dev Site,Freiburg im Breisgau,Dev Site,Freiburg im Breisgau,Baden-Wurttemberg,,2009-02-15 00:00:00
1933,4c48b00f-c8f6-419c-a5d2-da2b723242e8,Voyage (Germany) Prop Co II S.a.r.l.,Private,1,7813.8093384,Industrial,Uhingen,Industrial,Uhingen,Baden-Wurttemberg,,2023-01-11 00:00:00
1934,4c48b00f-c8f6-419c-a5d2-da2b723242e8,Wolfgang Schafer,Private,1,2899.92924,Retail,Neunkirchen,Retail,Neunkirchen,Saarland,,2012-08-19 00:00:00
1935,e27ce0ab-e4d8-4aa2-b8d3-741c26f635e6,Glas Trosch AG,User/Other,1,49998.78,Dev Site,Mengen,Dev Site,Mengen,Baden-Wurttemberg,,2012-06-19 00:00:00
1936,2ebf1717-e0e0-4401-ada3-d43005fc3103,Areal Developers,Private,1,4999.83638856166,Office,Berlin,Office,Berlin,Berlin,,2008-05-31 00:00:00
1937,4c48b00f-c8f6-419c-a5d2-da2b723242e8,Rathaus Friedrichshagen Projekt GmbH & Co. KG,Private,1,1699.95852,Office,Berlin,Office,Berlin,Berlin,,2014-01-09 00:00:00
1938,4c48b00f-c8f6-419c-a5d2-da2b723242e8,Fitness Park Verwaltungs GmbH,Private,1,6999.8292,Retail,Heidelberg,Retail,Heidelberg,Baden-Wurttemberg,,2016-09-16 00:00:00
1939,0464321b-0ea4-418e-8a18-45f5e261a52e,NurnBerger Insurance,Institutional,1,7208.8241004,Office,Berlin,Seniors Housing & Care; Office,Berlin,Berlin,,2019-05-07 00:00:00
1940,eaf4bf3d-c951-4ad1-b40f-9ac89e8e102a,Turkish Consulate,User/Other,1,2249.9451,Dev Site,Nuremberg,Dev Site,Nuremberg,Bavaria,,2013-09-06 00:00:00
1941,4c48b00f-c8f6-419c-a5d2-da2b723242e8,VR Wohnungsgenossenschaft Nurnberg eG,Private,1,4499.8902,Apartment,Stein,Apartment,Stein,Bavaria,,2020-12-16 00:00:00
1942,4c48b00f-c8f6-419c-a5d2-da2b723242e8,SELECTRIC Nachrichten-Systeme GmbH DE,Private,1,4217.8970808,Dev Site,Gartringen,Dev Site,Gartringen,Baden-Wurttemberg,,2024-07-11 00:00:00
1943,4c48b00f-c8f6-419c-a5d2-da2b723242e8,ipe Dorsten Recklinghauser Tor GmbH,Private,1,6999.77094398632,Industrial,Dorsten,Industrial; Retail,Dorsten,North Rhine-Westphalia,,2008-06-15 00:00:00
1944,1ef22cc9-7382-4ff9-b946-bd145ebd5412,RED Property Group,Private,1,15999.6096,Dev Site,Castrop-Rauxel,Dev Site,Castrop-Rauxel,North Rhine-Westphalia,,2023-10-12 00:00:00
1945,97eadbd2-f0d5-4696-8f38-a3c5d02cca7b,ConReal Immobilien,Private,1,2499.939,Office,Frankfurt am Main,Office,Frankfurt am Main,Hesse,,2011-01-01 00:00:00
1946,4c48b00f-c8f6-419c-a5d2-da2b723242e8,Villa May GmbH,Private,1,934.977186,Retail,Frankfurt am Main,Retail,Frankfurt am Main,Hesse,,2005-12-01 00:00:00
1947,4c48b00f-c8f6-419c-a5d2-da2b723242e8,Projektgesellschaft Bockenheimer Landstrasse 33-35,Private,1,5697.8609688,Office,Frankfurt am Main,Office,Frankfurt am Main,Hesse,,2006-06-01 00:00:00
1948,99e43e22-51fe-4b5e-8368-dbedb6d9cba4,China Construction Bank,Institutional,1,3999.9024,Office,Frankfurt am Main,Office,Frankfurt am Main,Hesse,,2015-07-01 00:00:00
1949,f9dc5e1f-7dca-441e-b001-e5b116afc0ee,Tschoerner Real Estate GmbH,Private,1,2699.93412,Office,Frankfurt am Main,Office,Frankfurt am Main; Dreieich,Hesse,,2005-09-01 00:00:00
1950,2b70afb0-b4dd-432f-89eb-285819c3f05c,terrana Bauprojekt,Private,1,4699.88532,Retail,Neuss,Retail; Dev Site,Neuss; Bonn,North Rhine-Westphalia,,2022-12-01 00:00:00
1951,a285ae02-0044-4b3b-a00c-0d77354a963b,Colonia Private Equity GmbH,Institutional,1,2399.94144,Apartment,Duisburg,Apartment,Duisburg,North Rhine-Westphalia,,2018-10-07 00:00:00
1952,dff0eea9-30e5-40e2-9c82-af5ab31bd71d,Diakonisches Institut für Soziale Berufe,User/Other,1,7999.8048,Dev Site,Dornstadt,Dev Site,Dornstadt,Baden-Wurttemberg,,2014-12-31 00:00:00
1953,0398cddf-1380-4423-9608-8b30b86418d0,Evangelische Heimstiftung,User/Other,1,2149.94754,Hotel,Bad Herrenalb,Dev Site; Hotel; Office,Dornstadt; Bad Herrenalb; Stuttgart,Baden-Wurttemberg,,2015-07-18 00:00:00
1954,4c48b00f-c8f6-419c-a5d2-da2b723242e8,Thomas Strungmann,Private,1,,Hotel,Bad Wiessee,Hotel,Bad Wiessee,Bavaria,,2011-11-30 00:00:00
1955,e27ce0ab-e4d8-4aa2-b8d3-741c26f635e6,Baumer Holding AG,User/Other,1,39999.024,Dev Site,Bodman-Ludwigshafen,Dev Site,Bodman-Ludwigshafen,Baden-Wurttemberg,,2015-11-07 00:00:00
1956,e27ce0ab-e4d8-4aa2-b8d3-741c26f635e6,Drekopf GmbH & Co KG,User/Other,1,18999.5364,Dev Site,Monchengladbach,Dev Site,Monchengladbach,North Rhine-Westphalia,,2012-05-09 00:00:00
1957,c3d7372a-5d71-4176-8b05-dc74c1cfda50,BGW,Private,1,8699.78772,Dev Site,Bielefeld,Dev Site; Office,Bielefeld,North Rhine-Westphalia,,2020-12-01 00:00:00
1958,e27ce0ab-e4d8-4aa2-b8d3-741c26f635e6,Woltmann Gruppe,User/Other,1,3999.9024,Dev Site,Bremerhaven,Dev Site,Bremerhaven,Bremen,,2022-06-22 00:00:00
1959,29705626-6af3-47f3-be13-ca38384378ed,RWTH Aken,User/Other,1,12169.703052,Industrial,Aachen,Industrial,Aachen,North Rhine-Westphalia,,2019-12-19 00:00:00
1960,4c48b00f-c8f6-419c-a5d2-da2b723242e8,Architekturburo 13,Private,1,4487.8904928,Dev Site,Berlin,Dev Site,Berlin,Berlin,,2012-05-15 00:00:00
1961,cb67c8ee-7020-46c3-915a-cc2b3a772738,GWG Halle-Neustadt,Private,1,44998.5274272,Dev Site,Halle (Saale),Dev Site,Halle (Saale),Saxony-Anhalt,,2019-02-14 00:00:00
1962,e27ce0ab-e4d8-4aa2-b8d3-741c26f635e6,Tetronik,User/Other,1,1259.969256,Industrial,Mettmann,Industrial,Mettmann,North Rhine-Westphalia,,2015-01-31 00:00:00
1963,e27ce0ab-e4d8-4aa2-b8d3-741c26f635e6,Apetito AG,User/Other,1,44998.902,Dev Site,Rheine,Dev Site,Rheine,North Rhine-Westphalia,,2012-04-17 00:00:00
1964,4c48b00f-c8f6-419c-a5d2-da2b723242e8,Dieter Gawron,Private,1,9999.756,Dev Site,Sankt Augustin,Dev Site,Sankt Augustin,North Rhine-Westphalia,,2012-03-07 00:00:00
1965,4c48b00f-c8f6-419c-a5d2-da2b723242e8,Schumacher & Rombach,Private,1,4249.8963,Dev Site,Hurth,Dev Site,Hurth,North Rhine-Westphalia,,2014-12-31 00:00:00
1966,4c48b00f-c8f6-419c-a5d2-da2b723242e8,Frenken Group,Private,1,,Apartment,Bonn,Apartment,Bonn,North Rhine-Westphalia,,2024-01-05 00:00:00
1967,e27ce0ab-e4d8-4aa2-b8d3-741c26f635e6,Quip AG,User/Other,1,34999.146,Industrial,Heinsberg,Industrial,Heinsberg,North Rhine-Westphalia,,2016-01-28 00:00:00
1968,602bddd7-d13c-4ee3-8a99-2a6b2473d7e3,Wilhelm Weber,Private,1,8999.7804,Industrial,Esslingen am Neckar,Industrial; Dev Site,Esslingen am Neckar,Baden-Wurttemberg,,2017-04-20 00:00:00
1969,9acce215-0cc5-45a3-b609-1d7fa4ddea4c,Claussen-Simon-Stiftung,Private,1,5903.8559424,Apartment,Hamburg,Apartment,Hamburg,Hamburg,,2014-09-22 00:00:00
1970,4c48b00f-c8f6-419c-a5d2-da2b723242e8,Niehaus & Heuer Wohnbau GmbH,Private,1,3124.92375,Dev Site,Borken,Dev Site,Borken,North Rhine-Westphalia,,2020-09-15 00:00:00
1971,70356bd2-4c36-4c0b-8e98-b1f1f1375d2e,Federated Hermes,Institutional,1,10199.75112,Office,Berlin,Office,Berlin,Berlin,Hermes Property AM,2013-12-01 00:00:00
1972,4c48b00f-c8f6-419c-a5d2-da2b723242e8,GPU Gesellschaft für Immobilien- Projektentwicklung und Unternehmensberatung mbH,Private,1,14361.6495672,Office,Berlin,Office,Berlin,Berlin,,2013-06-01 00:00:00
1973,4c48b00f-c8f6-419c-a5d2-da2b723242e8,Dannenberg Immobilienhandel GmbH,Private,1,7999.8048,Office,Hanover,Office,Hanover,Lower Saxony,,2012-09-03 00:00:00
1974,e27ce0ab-e4d8-4aa2-b8d3-741c26f635e6,SVA System Vertrieb Alexander,User/Other,1,16899.58764,Dev Site,Wiesbaden,Dev Site,Wiesbaden,Hesse,,2008-11-15 00:00:00
1975,e27ce0ab-e4d8-4aa2-b8d3-741c26f635e6,Fliesenzentrum Friedrich,User/Other,1,2499.939,Industrial,Wiesbaden,Industrial,Wiesbaden,Hesse,,2019-10-02 00:00:00
1976,e27ce0ab-e4d8-4aa2-b8d3-741c26f635e6,Miry24 Logistik GmbH,User/Other,1,4705.8851736,Industrial,Reinbek,Industrial,Reinbek,Schleswig-Holstein,,2019-11-18 00:00:00
1977,e27ce0ab-e4d8-4aa2-b8d3-741c26f635e6,Mathias Schafer,User/Other,1,18999.5364,Dev Site,Wiesbaden,Dev Site,Wiesbaden,Hesse,,2013-12-21 00:00:00
1978,4c48b00f-c8f6-419c-a5d2-da2b723242e8,ParkObjekt Grüne Immobilien GmbH,Private,1,1359.966816,Industrial,Sottrum,Industrial,Sottrum,Lower Saxony,,2023-02-28 00:00:00
1979,e27ce0ab-e4d8-4aa2-b8d3-741c26f635e6,Rema-Lipprandt Gmbh,User/Other,1,15999.6096,Dev Site,Rheinbach,Dev Site,Rheinbach,North Rhine-Westphalia,,2015-09-08 00:00:00
1980,e27ce0ab-e4d8-4aa2-b8d3-741c26f635e6,Enapter,User/Other,1,75998.1456,Dev Site,Saerbeck,Dev Site,Saerbeck,North Rhine-Westphalia,,2020-10-19 00:00:00
1981,4c48b00f-c8f6-419c-a5d2-da2b723242e8,NEUMAN & ESSER Deutschland GmbH & Co KG,Private,1,6999.8292,Industrial,ubach-Palenberg,Industrial,ubach-Palenberg,North Rhine-Westphalia,,2022-07-05 00:00:00
1982,6e75589e-0c3e-4114-b77a-b06a8f966c21,City of Winsen ,User/Other,1,35739.127944,Dev Site,Winsen (Luhe),Dev Site; Industrial,Winsen (Luhe),Lower Saxony,,2019-12-18 00:00:00
1983,e27ce0ab-e4d8-4aa2-b8d3-741c26f635e6,Artur Möller GmbH & Co. KG,User/Other,1,29999.268,Dev Site,Voerde (Niederrhein),Dev Site,Voerde (Niederrhein),North Rhine-Westphalia,,2015-03-01 00:00:00
1984,e27ce0ab-e4d8-4aa2-b8d3-741c26f635e6,Elsinghorst GmbH,User/Other,1,29999.268,Dev Site,Voerde (Niederrhein),Dev Site,Voerde (Niederrhein),North Rhine-Westphalia,,2011-07-15 00:00:00
1985,bd5657ae-402e-4677-a035-dc18a547bcae,Lebenshilfe Berlin,User/Other,1,5799.85848,Industrial,Berlin,Industrial,Berlin,Berlin,,2021-04-23 00:00:00
1986,e27ce0ab-e4d8-4aa2-b8d3-741c26f635e6,Xtrafit GmbH,User/Other,1,3599.91216,Office,Essen,Office,Essen,North Rhine-Westphalia,,2015-08-15 00:00:00
1987,e27ce0ab-e4d8-4aa2-b8d3-741c26f635e6,Baladna GmbH,User/Other,1,3799.90728,Industrial,Essen,Industrial,Essen,North Rhine-Westphalia,,2021-07-21 00:00:00
1988,4c48b00f-c8f6-419c-a5d2-da2b723242e8,Widdel,Private,1,5972.8542588,Office,Braunschweig,Office,Braunschweig,Lower Saxony,,2016-10-10 00:00:00
1989,c56e0701-77f0-49bd-897d-dc29b8c6dc79,TEDi,User/Other,1,69998.292,Industrial,Dortmund,Industrial,Dortmund,North Rhine-Westphalia,,2008-10-15 00:00:00
1990,e27ce0ab-e4d8-4aa2-b8d3-741c26f635e6,TEDi GmbH,User/Other,1,81435.335486,Industrial,Dortmund,Industrial,Dortmund,North Rhine-Westphalia,,2009-01-15 00:00:00
1991,4c48b00f-c8f6-419c-a5d2-da2b723242e8,Albatros Real Estate GmbH,Private,1,634.984506,Apartment,Hamburg,Apartment,Hamburg,Hamburg,,2022-08-26 00:00:00
1992,79a33477-0ba8-48c1-9bfc-4c44a29a2f5e,W.I.V. Exclusivbau,Private,1,11929.708908,Dev Site,Augsburg,Dev Site; Apartment,Augsburg; Regensburg,Bavaria,,2022-01-27 00:00:00
1993,e27ce0ab-e4d8-4aa2-b8d3-741c26f635e6,Novomind AG,User/Other,1,5265.8715096,Office,Hamburg,Office,Hamburg,Hamburg,,2014-11-04 00:00:00
1994,4c48b00f-c8f6-419c-a5d2-da2b723242e8,Preussenpark Living GmbH,Private,1,5759.859456,Dev Site,Berlin,Dev Site,Berlin,Berlin,,2017-04-29 00:00:00
1995,4c48b00f-c8f6-419c-a5d2-da2b723242e8,Sels GmbH,Private,1,19499.5242,Industrial,Ludwigsfelde,Industrial,Ludwigsfelde,Brandenburg,,2011-12-02 00:00:00
1996,eaf4bf3d-c951-4ad1-b40f-9ac89e8e102a,City of Bottrop,User/Other,1,14999.634,Dev Site,Bottrop,Dev Site,Bottrop,North Rhine-Westphalia,,2020-05-06 00:00:00
1997,e27ce0ab-e4d8-4aa2-b8d3-741c26f635e6,ES-Tec GmbH,User/Other,1,2399.94144,Industrial,Wolfsburg,Industrial,Wolfsburg,Lower Saxony,,2018-02-26 00:00:00
1998,4c48b00f-c8f6-419c-a5d2-da2b723242e8,pack & ride - Display- und Werbemittelservice GmbH,Private,1,4879.880928,Office,Hamburg,Office,Hamburg,Hamburg,,2014-12-31 00:00:00
1999,e27ce0ab-e4d8-4aa2-b8d3-741c26f635e6,Grimme Landmaschinenfabrik GmbH,User/Other,1,29999.268,Dev Site,Neuenkirchen-Vorden,Dev Site,Neuenkirchen-Vorden,Lower Saxony,,2011-03-15 00:00:00
2000,4c48b00f-c8f6-419c-a5d2-da2b723242e8,Kanada Bau,Private,1,329989.2011328,Dev Site,Braunschweig,Dev Site,Braunschweig,Lower Saxony,,2010-06-30 00:00:00
2001,e27ce0ab-e4d8-4aa2-b8d3-741c26f635e6,Gesellschaft für Optische Messtechnik (GOM),User/Other,1,79997.3820928,Dev Site,Braunschweig,Dev Site,Braunschweig,Lower Saxony,,2013-10-09 00:00:00
2002,4c48b00f-c8f6-419c-a5d2-da2b723242e8,Colleo Immobilien GmbH,Private,1,17674.56873,Office,Essen,Office,Essen,North Rhine-Westphalia,,2018-07-12 00:00:00
2003,4c48b00f-c8f6-419c-a5d2-da2b723242e8,Teamwork Instore Services,Private,1,13499.6706,Industrial,Hamburg,Industrial,Hamburg,Hamburg,,2021-04-16 00:00:00
2004,4c48b00f-c8f6-419c-a5d2-da2b723242e8,Harold G. Huth,Private,1,12399.69744,Dev Site,Berlin,Dev Site,Berlin,Berlin,,2009-02-23 00:00:00
2005,4c48b00f-c8f6-419c-a5d2-da2b723242e8,Groth Immobilien Verwaltungs GmbH,Private,1,6887.2344,Retail,Buchholz in der Nordheide,Retail,Buchholz in der Nordheide,Lower Saxony,,2016-12-22 00:00:00
2006,4c48b00f-c8f6-419c-a5d2-da2b723242e8,Haltermann Immobilien GmbH & Co. KG,Private,1,8605.7900136,Retail,Itzehoe,Retail,Itzehoe,Schleswig-Holstein,,2014-01-14 00:00:00
2007,4c48b00f-c8f6-419c-a5d2-da2b723242e8,Jan A De Boer B.V.,Private,1,3699.879063,Retail,Cologne,Retail,Cologne,North Rhine-Westphalia,,2008-08-13 00:00:00
2008,4c48b00f-c8f6-419c-a5d2-da2b723242e8,CE Projekt GmbH,Private,1,6036.8526972,Retail,Merseburg,Retail,Merseburg,Saxony-Anhalt,,2022-08-30 00:00:00
2009,1c4c38e6-d637-45cd-a14a-76afca45b074,Actieninvest AG,Institutional,1,11299.72428,Retail,Magdeburg,Retail,Magdeburg,Saxony-Anhalt,,2014-01-01 00:00:00
2010,4c48b00f-c8f6-419c-a5d2-da2b723242e8,Gestiun Gruppe,Private,1,11299.72428,Retail,Magdeburg,Retail,Magdeburg,Saxony-Anhalt,,2014-01-01 00:00:00
2011,4c48b00f-c8f6-419c-a5d2-da2b723242e8,Quantum Design Europe,Private,1,8499.7926,Dev Site,Pfungstadt,Dev Site,Pfungstadt,Hesse,,2022-06-29 00:00:00
2012,4c48b00f-c8f6-419c-a5d2-da2b723242e8,Skyteon,Private,1,6999.8292,Dev Site,Halle (Saale),Dev Site,Halle (Saale),Saxony-Anhalt,,2022-04-27 00:00:00
2013,e27ce0ab-e4d8-4aa2-b8d3-741c26f635e6,Dr. Ausbuettel & Co. GmbH,User/Other,1,15999.6096,Dev Site,Dortmund,Dev Site,Dortmund,North Rhine-Westphalia,,2016-04-13 00:00:00
2014,2614d156-89cd-497f-8204-1c163dbf8048,Mahle,User/Other,1,17999.5608,Dev Site,Stuttgart,Industrial; Dev Site,Stuttgart; Alzenau; Muhlacker,Baden-Wurttemberg; Bavaria,,2024-02-23 00:00:00
2015,cc428ec9-87b7-46b7-afaf-e7d39eae2be4,Fries & Co. Grundstücksverwaltung und -verwertung,Private,1,3314.919114,Office,Munich,Office; Dev Site,Munich,Bavaria,,2003-12-01 00:00:00
2016,dff0eea9-30e5-40e2-9c82-af5ab31bd71d,Evangelical Church in Rheinland,User/Other,1,504.987678,Apartment,Dusseldorf,Apartment,Dusseldorf,North Rhine-Westphalia,,2009-09-15 00:00:00
2017,f76f51e5-5c18-4e19-aca0-6af5d157a190,Koenen-Bau,Private,1,69998.292,Dev Site,Bremen,Apartment; Dev Site,Osterholz-Scharmbeck; Bremen,Lower Saxony; Bremen,,2012-01-11 00:00:00
2018,c12fc863-4e24-49e0-b378-d0b5a2a5c8e7,Bauverein Gutersloh,Private,1,5999.8536,Dev Site,Gutersloh,Dev Site,Gutersloh,North Rhine-Westphalia,,2015-01-31 00:00:00
2019,6e056ba2-70cc-4d82-b7c5-099c6b3efbc4,Zenprop Property Holdings,Private,1,43998.9264,Retail,Oberhausen,Hotel; Retail,Cologne; Dusseldorf; Frankfurt am Main,North Rhine-Westphalia; Baden-Wurttemberg; Lower Saxony,,2016-01-04 00:00:00
2020,e27ce0ab-e4d8-4aa2-b8d3-741c26f635e6,Happ Kunstoffspritzgusswerk und Formenbau GmbH,User/Other,1,20999.4876,Dev Site,Ruppichteroth,Dev Site,Ruppichteroth,North Rhine-Westphalia,,2015-06-03 00:00:00
2021,eaf4bf3d-c951-4ad1-b40f-9ac89e8e102a,Municipality of Grefrath,User/Other,1,2999.9268,Office,Grefrath,Office,Grefrath,North Rhine-Westphalia,,2013-05-01 00:00:00
2022,4c48b00f-c8f6-419c-a5d2-da2b723242e8,Witzenmann Hamburg HmbH,Private,1,2429.940708,Industrial,Stapelfeld,Industrial,Stapelfeld,Schleswig-Holstein,,2011-05-09 00:00:00
2023,e27ce0ab-e4d8-4aa2-b8d3-741c26f635e6,Boltze Gruppe,User/Other,1,9999.756,Dev Site,Stapelfeld,Dev Site,Stapelfeld,Schleswig-Holstein,,2011-02-15 00:00:00
2024,4c48b00f-c8f6-419c-a5d2-da2b723242e8,Gunter Herz,Private,1,35647.1301888,Office,Hamburg,Office,Hamburg,Hamburg,,2013-06-11 00:00:00
2025,fdd21938-5c5f-406d-9ad3-0a482870e715,SAL Heavy Lift,User/Other,1,14999.634,Office,Hamburg,Office,Hamburg,Hamburg,,2023-11-01 00:00:00
2026,c2e08fb2-7914-4dee-8366-83d4a3477ffb,"MetroInvest, S.L.",Institutional,1,5731.8601392,Office,Hamburg,Office,Hamburg,Hamburg,,2012-03-14 00:00:00
2027,40ed1433-a8fd-4459-bae9-427f86a5179f,Waterbound RE,Private,1,8999.7804,Dev Site,Hamburg,Office; Dev Site,Hamburg,Hamburg,,2015-12-18 00:00:00
2028,0893bbe7-f41a-49cc-81e7-9a1fe5a63ae6,Industrifinans Real Estate GmbH,Private,1,1999.9512,Apartment,Berlin,Apartment,Berlin,Berlin,,2011-07-04 00:00:00
2029,a79d5a4e-3268-40c9-9d16-fc66b38eb236,Mensch & Partner,Private,1,4688.84656519312,Retail,Melsungen,Retail,Melsungen,Hesse,,2008-05-15 00:00:00
2030,e27ce0ab-e4d8-4aa2-b8d3-741c26f635e6,X-Cen-Tek GmbH,User/Other,1,319.992192,Industrial,Rethwisch,Industrial,Rethwisch,Schleswig-Holstein,,2020-12-09 00:00:00
2031,4c48b00f-c8f6-419c-a5d2-da2b723242e8,Caspar & Dr. Demuth Immobilienverwaltung GmbH,Private,1,3599.91216,Industrial,Fellbach,Industrial,Fellbach,Baden-Wurttemberg,,2019-02-11 00:00:00
2032,9df34ad1-3000-4c05-8b63-574e8ee3c91a,Haffke GmbH,Private,1,519.987312,Retail,Wesel,Retail,Wesel,North Rhine-Westphalia,,2012-03-08 00:00:00
2033,e27ce0ab-e4d8-4aa2-b8d3-741c26f635e6,Trip Inn Hotels,User/Other,1,2399.94144,Hotel,Bad Soden-Salmunster,Hotel,Bad Soden-Salmunster,Hesse,,2023-08-16 00:00:00
2034,4c48b00f-c8f6-419c-a5d2-da2b723242e8,Deutsche Stiftung Denkmalschutz,Private,1,1031.9748192,Office,Berlin,Office,Berlin,Berlin,,2011-07-19 00:00:00
2035,90999c08-5ccf-48ab-8a0f-e360a3e70f98,City of Herford,User/Other,1,5299.87068,Retail,Herford,Retail; Dev Site; Apartment,Herford,North Rhine-Westphalia,,2023-05-11 00:00:00
2036,4c48b00f-c8f6-419c-a5d2-da2b723242e8,Brokelmann Grundstücksverwaltungs KG,Private,1,2099.94876,Retail,Soest,Retail,Soest,North Rhine-Westphalia,,2019-09-30 00:00:00
2037,e27ce0ab-e4d8-4aa2-b8d3-741c26f635e6,Mader GmbH & Co KG,User/Other,1,4159.898496,Industrial,Leinfelden-Echterdingen,Industrial,Leinfelden-Echterdingen,Baden-Wurttemberg,,2016-04-14 00:00:00
2038,4c48b00f-c8f6-419c-a5d2-da2b723242e8,AGX Immobilien & mehr,Private,1,,Hotel,Brakel,Hotel,Brakel,North Rhine-Westphalia,,2012-07-05 00:00:00
2039,4c48b00f-c8f6-419c-a5d2-da2b723242e8,Kling GmbH,Private,1,21999.4632,Dev Site,Karben,Dev Site,Karben,Hesse,,2012-09-11 00:00:00
2040,4c48b00f-c8f6-419c-a5d2-da2b723242e8,Kay-Hendrik Eichler,Private,1,,Hotel,Karben,Hotel,Karben,Hesse,,2016-01-07 00:00:00
2041,4c48b00f-c8f6-419c-a5d2-da2b723242e8,DORMERO Hotel AG,Private,1,3499.9146,Hotel,Windhagen,Hotel,Windhagen,Rhineland-Palatinate,,2015-03-23 00:00:00
2042,4c48b00f-c8f6-419c-a5d2-da2b723242e8,Hans-Georg Brinkmeyer,Private,1,1899.95364,Hotel,Bad Zwischenahn,Hotel,Bad Zwischenahn,Lower Saxony,,2018-11-15 00:00:00
2043,1c4c38e6-d637-45cd-a14a-76afca45b074,Pensionskasse der Mitarbeiter der Hoechst-Gruppe VVaG,Institutional,1,,Seniors Housing & Care,Kriftel,Seniors Housing & Care,Kriftel,Hesse,,2013-03-31 00:00:00
2044,4c48b00f-c8f6-419c-a5d2-da2b723242e8,Laborgh Investment GmbH,Private,1,8249.7987,Dev Site,Berlin,Apartment; Dev Site,Berlin,Berlin,,2015-09-29 00:00:00
2045,4c48b00f-c8f6-419c-a5d2-da2b723242e8,HmcS Gruppe,Private,1,1755.9571536,Office,Hanover,Office,Hanover,Lower Saxony,,2013-09-02 00:00:00
2046,e27ce0ab-e4d8-4aa2-b8d3-741c26f635e6,Ferdinand Bilstein GmbH + Co. KG,User/Other,1,196995.1932,Dev Site,Gelsenkirchen,Dev Site,Gelsenkirchen,North Rhine-Westphalia,,2017-08-19 00:00:00
2047,4c48b00f-c8f6-419c-a5d2-da2b723242e8,AC Immobilien mbH,Private,1,4999.878,Dev Site,Aachen,Dev Site,Aachen,North Rhine-Westphalia,,2014-02-14 00:00:00
2048,ffb3c8dd-00d7-4add-ab5a-3397348ab8ab,Gold Inn,Private,1,,Hotel,Dresden,Hotel,Dresden,Saxony,,2009-05-15 00:00:00
2049,abad3be0-aaf7-42e8-ab87-a88e220b0684,Baugenossenschaft Sachsenwald eG,User/Other,1,,Apartment,Glinde,Apartment,Glinde,Schleswig-Holstein,,2019-12-01 00:00:00
2050,4c48b00f-c8f6-419c-a5d2-da2b723242e8,Party Rent,Private,1,16299.60228,Industrial,Berlin,Industrial,Berlin,Berlin,,2014-03-31 00:00:00
2051,4c48b00f-c8f6-419c-a5d2-da2b723242e8,"Miele & Cie, KG",Private,1,3929.904108,Office,Hamburg,Office,Hamburg,Hamburg,,2014-06-05 00:00:00
2052,4c48b00f-c8f6-419c-a5d2-da2b723242e8,Mashali Family,Private,1,,Hotel,Neu-Isenburg,Hotel,Neu-Isenburg,Hesse,,2011-12-02 00:00:00
2053,4c48b00f-c8f6-419c-a5d2-da2b723242e8,Bug GmbH & Co. KG,Private,1,2049932.916128,Dev Site,Dranske,Dev Site,Dranske,Mecklenburg-West Pomerania,,2021-05-20 00:00:00
2054,3e836804-e046-4ea4-a22c-57041128c60b,Elite Partners Capital,Institutional,1,120564.0581652,Industrial,Ettlingen,Industrial,Bindlach; Braunschweig; Ettlingen,Bavaria; Lower Saxony; Baden-Wurttemberg,,2024-06-01 00:00:00
2055,4c48b00f-c8f6-419c-a5d2-da2b723242e8,Munchner Immobiliengruppe,Private,1,1999.93455542466,Office,Berlin,Office,Berlin,Berlin,,2008-08-07 00:00:00
2056,e27ce0ab-e4d8-4aa2-b8d3-741c26f635e6,Riese & Muller,User/Other,1,134996.706,Dev Site,Riedstadt,Dev Site,Riedstadt,Hesse,,2022-04-20 00:00:00
2057,4c48b00f-c8f6-419c-a5d2-da2b723242e8,Unternehmensgruppe Wander,Private,1,6799.7226,Office,Planegg,Office,Planegg,Bavaria,,2007-11-30 00:00:00
2058,4c48b00f-c8f6-419c-a5d2-da2b723242e8,Pletschacher Projektentwicklung GmbH & Co.KG,Private,1,24999.39,Dev Site,Munich,Dev Site,Munich,Bavaria,,2013-03-26 00:00:00
2059,e27ce0ab-e4d8-4aa2-b8d3-741c26f635e6,barth Spedition,User/Other,1,29999.268,Dev Site,Cottbus,Dev Site,Cottbus,Brandenburg,,2015-09-25 00:00:00
2060,4c48b00f-c8f6-419c-a5d2-da2b723242e8,Prospectus Objektgesellschaft mbH,Private,1,1814.955714,Office,Bremerhaven,Office,Bremerhaven,Bremen,,2022-03-21 00:00:00
2061,4c48b00f-c8f6-419c-a5d2-da2b723242e8,H.H. Holding,Private,1,11311.7239872,Retail,Bremerhaven,Retail,Bremerhaven,Bremen,,2024-03-01 00:00:00
2062,e27ce0ab-e4d8-4aa2-b8d3-741c26f635e6,Sendesaal Karree,User/Other,1,11499.7194,Industrial,Bremen,Industrial,Bremen,Bremen,,2008-12-15 00:00:00
2063,eaf4bf3d-c951-4ad1-b40f-9ac89e8e102a,County of Segeberg,User/Other,1,609.985116,Office,Bad Segeberg,Office,Bad Segeberg,Schleswig-Holstein,,2015-09-04 00:00:00
2064,4c48b00f-c8f6-419c-a5d2-da2b723242e8,ZF Freital Immobilien und Verwaltungs GmbH,Private,1,4999.878,Dev Site,Freital,Dev Site; Seniors Housing & Care,Freital,Saxony,,2022-06-08 00:00:00
2065,4c48b00f-c8f6-419c-a5d2-da2b723242e8,Hermann Krüger & Theo Bohlen,Private,1,,Hotel,Dornum,Hotel,Dornum,Lower Saxony,,2012-10-08 00:00:00
2066,4c48b00f-c8f6-419c-a5d2-da2b723242e8,Poligroh Holding GmbH Co. KG,Private,1,3699.90972,Apartment,Frankfurt am Main,Apartment,Frankfurt am Main,Hesse,,2022-06-22 00:00:00
2067,6bd4b761-373a-4881-ae4e-f27d89a6fe7e,Sagir AG,Private,1,12999.6828,Dev Site,Geldern,Dev Site,Geldern,North Rhine-Westphalia,,2012-03-06 00:00:00
2068,43d69e2a-930a-4c3a-8f1e-dfc61225b4f3,City of Geldern,User/Other,1,2871.9299232,Retail,Geldern,Dev Site; Retail,Geldern,North Rhine-Westphalia,,2015-06-24 00:00:00
2069,79c79003-05aa-46b7-b601-82a6aa83af75,EGP,Private,1,53998.23291264,Dev Site,Trier,Dev Site,Trier,Rhineland-Palatinate,,2023-02-07 00:00:00
2070,4c48b00f-c8f6-419c-a5d2-da2b723242e8,Berliner Haeuser Verwaltungs-GmbH,Private,1,6799.83408,Office,Dusseldorf,Office,Dusseldorf,North Rhine-Westphalia,,2021-10-06 00:00:00
2071,e27ce0ab-e4d8-4aa2-b8d3-741c26f635e6,Ludwig Gutmann GmbH,User/Other,1,22999.4388,Industrial,Hochstadt am Main,Industrial,Hochstadt am Main,Bavaria,,2018-02-09 00:00:00
2072,e27ce0ab-e4d8-4aa2-b8d3-741c26f635e6,ME Mobile Energy Rental Services,User/Other,1,9349.77186,Industrial,Gelsenkirchen,Industrial,Gelsenkirchen,North Rhine-Westphalia,,2024-06-07 00:00:00
2073,4c48b00f-c8f6-419c-a5d2-da2b723242e8,Ticoncept,Private,1,3247.9207488,Office,Leipzig,Office,Leipzig,Saxony,,2016-04-12 00:00:00
2074,4c48b00f-c8f6-419c-a5d2-da2b723242e8,Nikolaus Otto,Private,1,37999.0728,Dev Site,Cologne,Dev Site,Cologne,North Rhine-Westphalia,,2014-04-02 00:00:00
2075,92558d74-bbf6-4c93-b916-0b420c371e05,M. Dumberger,Private,1,15999.6096,Dev Site,Augsburg,Dev Site,Augsburg,Bavaria,,2012-02-24 00:00:00
2076,451922e4-d60a-4cab-9a44-3a755d6a92e9,Capricorn Development,Private,1,4649.88654,Dev Site,Dusseldorf,Office; Dev Site,Dusseldorf; Aachen,North Rhine-Westphalia,,2020-02-05 00:00:00
2077,e27ce0ab-e4d8-4aa2-b8d3-741c26f635e6,wfk - Cleaning Technology Institute,User/Other,1,3999.9024,Office,Krefeld,Office,Krefeld,North Rhine-Westphalia,,2012-07-12 00:00:00
2078,e27ce0ab-e4d8-4aa2-b8d3-741c26f635e6,IK Umwelt Krefel,User/Other,1,6469.842132,Dev Site,Krefeld,Dev Site,Krefeld,North Rhine-Westphalia,,2022-12-01 00:00:00
2079,e27ce0ab-e4d8-4aa2-b8d3-741c26f635e6,RCS Entsorgung GmbH,User/Other,1,9999.756,Dev Site,Werne,Dev Site,Werne,North Rhine-Westphalia,,2019-12-01 00:00:00
2080,3555db89-a3eb-45ce-a44c-2e7b2325c461,Esta-Gruppe,<unknown>,1,3229.921188,Retail,Lunen,Retail,Lunen,North Rhine-Westphalia,,2022-01-14 00:00:00
2081,4c48b00f-c8f6-419c-a5d2-da2b723242e8,Servus Hotels & Restaurants-Gruppe (SHR),Private,1,,Hotel,Bad Elster,Hotel,Bad Elster,Saxony,,2019-09-28 00:00:00
2082,e27ce0ab-e4d8-4aa2-b8d3-741c26f635e6,FeBa Fensterbau GmbH,User/Other,1,17999.5608,Dev Site,Burbach,Dev Site,Burbach,North Rhine-Westphalia,,2020-06-01 00:00:00
2083,e27ce0ab-e4d8-4aa2-b8d3-741c26f635e6,TEKO Gesellschaft fur Kaltetechnik mbH,User/Other,1,2949.92802,Industrial,Altenstadt,Industrial,Altenstadt,Hesse,,2019-10-02 00:00:00
2084,f0e6423d-1a5d-457d-8160-6e0ade4db760,Hirotani,Private,1,1475.9639856,Dev Site,Stuttgart,Hotel; Dev Site,Heidelberg; Hanover; Stuttgart,Baden-Wurttemberg; Lower Saxony,,2017-03-01 00:00:00
2085,4c48b00f-c8f6-419c-a5d2-da2b723242e8,Landloan Ltd,Private,1,1878.9541524,Retail,Menden (Sauerland),Retail,Menden (Sauerland),North Rhine-Westphalia,,2006-04-15 00:00:00
2086,4c48b00f-c8f6-419c-a5d2-da2b723242e8,HELIOS Liegenschaften GmbH,Private,1,4649.88654,Industrial,Frankfurt am Main,Industrial,Frankfurt am Main,Hesse,,2005-12-21 00:00:00
2087,4c48b00f-c8f6-419c-a5d2-da2b723242e8,WIT Shopping-Center Wetter GmbH,Private,1,8799.78528,Retail,Wetter (Ruhr),Retail,Wetter (Ruhr),North Rhine-Westphalia,,2010-06-01 00:00:00
2088,e27ce0ab-e4d8-4aa2-b8d3-741c26f635e6,Smidt Wohncenter GmbH,User/Other,1,19999.512,Dev Site,Leverkusen,Dev Site,Leverkusen,North Rhine-Westphalia,,2012-03-14 00:00:00
2089,e27ce0ab-e4d8-4aa2-b8d3-741c26f635e6,Trapezblech Gonschior oHG,User/Other,1,3429.916308,Industrial,Wiedemar,Industrial,Wiedemar,Saxony,,2014-02-24 00:00:00
2090,eaf4bf3d-c951-4ad1-b40f-9ac89e8e102a,Bad Kreuznacher Entwicklungsgesellschaft (BKEG),User/Other,1,24999.39,Dev Site,Bad Kreuznach,Apartment; Dev Site,Bad Kreuznach,Rhineland-Palatinate,,2013-06-28 00:00:00
2091,019d61f9-91b9-4515-87b3-e3fd041ef8a9,Prime Property Developers,Private,1,7225.8236856,Dev Site,Offenbach am Main,Dev Site,Offenbach am Main,Hesse,,2011-12-20 00:00:00
2092,e27ce0ab-e4d8-4aa2-b8d3-741c26f635e6,Hillbrand,User/Other,1,2499.939,Industrial,Mainz,Industrial,Mainz,Rhineland-Palatinate,,2018-09-27 00:00:00
2093,e27ce0ab-e4d8-4aa2-b8d3-741c26f635e6,Holzimport-Nord GmbH,User/Other,1,5999.8536,Office,Kaltenkirchen,Office,Kaltenkirchen,Schleswig-Holstein,,2022-01-20 00:00:00
2094,e27ce0ab-e4d8-4aa2-b8d3-741c26f635e6,Incoe International Inc,User/Other,1,9299.77308,Dev Site,Rodermark,Dev Site,Rodermark,Hesse,,2013-06-13 00:00:00
2095,4a26364a-3344-42fe-9551-7b6a3ab02017,City of Trittau,User/Other,1,59998.0365696,Dev Site,Trittau,Dev Site,Trittau,Schleswig-Holstein,,2013-10-22 00:00:00
2096,4c48b00f-c8f6-419c-a5d2-da2b723242e8,TMM Phoenix GmbH,Private,1,7399.81944,Dev Site,Dortmund,Dev Site,Dortmund,North Rhine-Westphalia,,2019-01-30 00:00:00
2097,e2afa290-83af-427e-b38b-57eb46add574,Daikin,User/Other,1,5999.8536,Dev Site,Dortmund,Dev Site,Dortmund,North Rhine-Westphalia,,2019-11-06 00:00:00
2098,cbef82a6-6b5e-4e5e-9d82-88341796c6b5,World of Walas,Private,1,55998.6336,Industrial,Dortmund,Industrial,Dortmund,North Rhine-Westphalia,,2018-08-24 00:00:00
2099,4c48b00f-c8f6-419c-a5d2-da2b723242e8,Mujdat Cakmakli,Private,1,4199.89752,Dev Site,Essen,Dev Site,Essen,North Rhine-Westphalia,,2011-01-21 00:00:00
2100,ea40c902-1e73-4266-a94a-2f001d77dc52,EWG,Private,1,6999.8292,Industrial,Essen,Dev Site; Industrial,Essen,North Rhine-Westphalia,,2014-02-27 00:00:00
2101,24336fc3-c320-4abd-9880-15e8a0186b90,Stern Enterprises,Private,1,2699.93412,Office,Chemnitz,Office,Chemnitz,Saxony,,2016-01-01 00:00:00
2102,dff0eea9-30e5-40e2-9c82-af5ab31bd71d,Das Diakonische Werk der Evangelischen Kirche in Deutschland (EKD),User/Other,1,22999.4388,Office,Berlin,Office,Berlin,Berlin,,2011-11-15 00:00:00
2103,dff0eea9-30e5-40e2-9c82-af5ab31bd71d,Evangelischen Entwicklungsdienst (EED),User/Other,1,22999.4388,Office,Berlin,Office,Berlin,Berlin,,2011-11-15 00:00:00
2104,e27ce0ab-e4d8-4aa2-b8d3-741c26f635e6,Zander Gruppe,User/Other,1,32999.1948,Industrial,Bochum,Industrial,Bochum,North Rhine-Westphalia,,2017-07-11 00:00:00
2105,e27ce0ab-e4d8-4aa2-b8d3-741c26f635e6,Johann Siebels GmbH & Co. KG,User/Other,1,14999.634,Dev Site,Wittmund,Dev Site,Wittmund,Lower Saxony,,2014-10-31 00:00:00
2106,4c48b00f-c8f6-419c-a5d2-da2b723242e8,Basic Value GmbH,Private,1,6999.8292,Industrial,Essen,Industrial,Essen,North Rhine-Westphalia,,2020-04-01 00:00:00
2107,4c48b00f-c8f6-419c-a5d2-da2b723242e8,Christian Paschertz,Private,1,2399.94144,Office,Willich,Office,Willich,North Rhine-Westphalia,,2015-09-15 00:00:00
2108,4c48b00f-c8f6-419c-a5d2-da2b723242e8,Onken,Private,1,4649.88654,Office,Dusseldorf,Office,Dusseldorf,North Rhine-Westphalia,,2011-07-01 00:00:00
2109,62643745-3229-4b33-9341-aae2182f648d,Kanada Bau Gruppe,Private,1,4999.878,Dev Site,Kassel,Retail; Dev Site,Braunschweig; Kassel,Lower Saxony; Hesse,,2018-09-10 00:00:00
2110,3814c68a-7de1-4093-92b7-1ef85a02845c,Stadium Group,Private,1,16999.5852,Retail,Oberhausen,Retail,Oberhausen,North Rhine-Westphalia,,2014-05-14 00:00:00
2111,02ed8285-b28a-4e15-a0b0-f1cdf0bc6182,EcoLoft Gruppe AG,Private,1,2999.9268,Dev Site,Oberhausen,Apartment; Dev Site,Oberhausen; Nuremberg; Furth,Bavaria; North Rhine-Westphalia,,2022-12-19 00:00:00
2112,40812a56-366d-4390-a34e-761f957c54ed,WOGE Kiel,Private,1,5313.8703384,Dev Site,Kiel,Dev Site,Kiel,Schleswig-Holstein,,2013-12-15 00:00:00
2113,e27ce0ab-e4d8-4aa2-b8d3-741c26f635e6,onOffice Software AG,User/Other,1,2384.941806,Office,Aachen,Office,Aachen,North Rhine-Westphalia,,2014-10-20 00:00:00
2114,4c48b00f-c8f6-419c-a5d2-da2b723242e8,WM Kaiserthermen KG,Private,1,6299.84628,Dev Site,Trier,Dev Site,Trier,Rhineland-Palatinate,,2013-11-03 00:00:00
2115,038772e9-e216-4a05-b4e0-31630be233f3,ZF Friedrichshafen AG,User/Other,1,32999.1948,Dev Site,Friedrichshafen,Dev Site,Friedrichshafen,Baden-Wurttemberg,,2008-08-15 00:00:00
2116,fd097eab-c3b9-4461-8446-831b3e0abf31,Argus GmbH,Private,1,3599.91216,Dev Site,Hamburg,Office; Hotel; Dev Site,Berlin; Hamburg,Berlin; Hamburg,,2019-04-09 00:00:00
2117,4c48b00f-c8f6-419c-a5d2-da2b723242e8,Terra-Contor-Verwaltungsgesellschaft mbH,Private,1,5399.86824,Hotel,Berlin,Hotel,Berlin,Berlin,,2015-05-08 00:00:00
2118,eed9b26f-9a24-44ba-a6cc-c1ddacb7bf0d,AYG Group,Private,1,6999.8292,Dev Site,Berlin,Dev Site,Berlin,Berlin,,2011-12-15 00:00:00
2119,e27ce0ab-e4d8-4aa2-b8d3-741c26f635e6,Veeser Fensterbau,User/Other,1,1599.96096,Retail,Freiburg im Breisgau,Retail,Freiburg im Breisgau,Baden-Wurttemberg,,2015-09-10 00:00:00
2120,0a7d1c1e-9695-4b4c-a174-1593a35af657,Denker & Wulf AG,Private,1,3099.92436,Dev Site,Hamburg,Dev Site,Hamburg,Hamburg,,2020-07-07 00:00:00
2121,4c48b00f-c8f6-419c-a5d2-da2b723242e8,Consist Software Solutions GmbH,Private,1,7199.82432,Office,Kiel,Office,Kiel,Schleswig-Holstein,,2016-11-21 00:00:00
2122,4c48b00f-c8f6-419c-a5d2-da2b723242e8,L Homes,Private,1,4114.899594,Dev Site,Regensburg,Apartment; Dev Site,Regensburg,Bavaria,,2017-10-18 00:00:00
2123,e27ce0ab-e4d8-4aa2-b8d3-741c26f635e6,Beyer-Mietservice KG,User/Other,1,6899.83164,Industrial,Wiesbaden,Industrial,Wiesbaden,Hesse,,2015-11-01 00:00:00
2124,e27ce0ab-e4d8-4aa2-b8d3-741c26f635e6,Scheidtweiler Gruppe Pforzheim / CUATROB GmbH,User/Other,1,,Hotel,uberlingen,Hotel,uberlingen,Baden-Wurttemberg,,2012-09-27 00:00:00
2125,96e192bf-3fd5-46c4-b888-809c14ec6f6c,Pax Bank,Institutional,1,2599.93656,Office,Cologne,Office,Cologne,North Rhine-Westphalia,,2009-12-15 00:00:00
2126,e27ce0ab-e4d8-4aa2-b8d3-741c26f635e6,SWIF GmbH,User/Other,1,10999.7316,Dev Site,Kaiserslautern,Dev Site,Kaiserslautern,Rhineland-Palatinate,,2016-08-04 00:00:00
2127,60630261-62ba-4b45-b8c8-0c4f089fe9b7,HG Immobilien Mitte,Private,1,7632.8137548,Dev Site,Berlin,Dev Site; Office,Berlin,Berlin,,2014-10-29 00:00:00
2128,e27ce0ab-e4d8-4aa2-b8d3-741c26f635e6,Cologne Bicycle Group GmbH,User/Other,1,697.9829688,Industrial,Cologne,Industrial,Cologne,North Rhine-Westphalia,,2020-01-22 00:00:00
2129,4c48b00f-c8f6-419c-a5d2-da2b723242e8,Gauselmann Gruppe,Private,1,2999.9268,Dev Site,Siegburg,Retail; Dev Site,Wuppertal; Siegburg,North Rhine-Westphalia,,2023-11-27 00:00:00
2130,1f586486-c7e6-4454-8562-1a68bb4fe05b,Stofanel Projektentwicklung,Private,1,49998.3155,Dev Site,Berlin,Dev Site,Berlin,Berlin,,2008-04-15 00:00:00
2131,4c48b00f-c8f6-419c-a5d2-da2b723242e8,OHA Projektentwicklungsgesellschaft mbH & Co. KG,Private,1,109997.316,Dev Site,Berlin,Apartment; Dev Site,Berlin,Berlin,,2013-03-01 00:00:00
2132,77900716-b499-4657-9a63-22844ed6f8ca,KEC Corporation,Private,1,,Apartment,,Dev Site; Apartment,Berlin,Berlin,,2012-01-05 00:00:00
2133,4c48b00f-c8f6-419c-a5d2-da2b723242e8,Deutsche Studenten Wohn Bond I S.A.,Private,1,3748.9085244,Apartment,Berlin,Apartment,Berlin,Berlin,,2015-03-31 00:00:00
2134,e27ce0ab-e4d8-4aa2-b8d3-741c26f635e6,scia Systems GmbH,User/Other,1,13299.67548,Dev Site,Chemnitz,Dev Site,Chemnitz,Saxony,,2019-12-31 00:00:00
2135,4c48b00f-c8f6-419c-a5d2-da2b723242e8,Cream GmbH & Co KG,Private,1,1299.96828,Dev Site,Dusseldorf,Dev Site,Dusseldorf,North Rhine-Westphalia,,2009-11-30 00:00:00
2136,4c48b00f-c8f6-419c-a5d2-da2b723242e8,Seniorenzentrum Marienstift eV,Private,1,3599.91216,Dev Site,Oer-Erkenschwick,Dev Site,Oer-Erkenschwick,North Rhine-Westphalia,,2011-09-15 00:00:00
2137,9ae4019e-b5e5-43f5-b1a6-afa2e0970b22,BAU Bautragergesellschaft mbH,Private,1,6499.8414,Dev Site,Mannheim,Office; Dev Site,Mannheim,Baden-Wurttemberg,,2016-10-07 00:00:00
2138,e27ce0ab-e4d8-4aa2-b8d3-741c26f635e6,Fachwerk-Antik GmbH,User/Other,1,9093.7781064,Dev Site,Korschenbroich,Dev Site,Korschenbroich,North Rhine-Westphalia,,2012-02-15 00:00:00
2139,4c48b00f-c8f6-419c-a5d2-da2b723242e8,Krug Immobilien,Private,1,8399.79504,Dev Site,Marburg,Dev Site,Marburg,Hesse,,2018-08-15 00:00:00
2140,4c48b00f-c8f6-419c-a5d2-da2b723242e8,Madison,Private,1,8472.7932588,Office,Cologne,Office,Cologne,North Rhine-Westphalia,,2007-05-31 00:00:00
2141,dff0eea9-30e5-40e2-9c82-af5ab31bd71d,Islamische Gemeinschaft Milli Görüs (IGMG),User/Other,1,9899.75844,Office,Cologne,Office,Cologne,North Rhine-Westphalia,,2015-12-23 00:00:00
2142,2c9257d0-1a9d-4b64-bfc9-8404879a46cf,Salzlandsparkasse,Institutional,1,2349.94266,Apartment,Magdeburg,Apartment,Magdeburg,Saxony-Anhalt,,2022-09-20 00:00:00
2143,4c48b00f-c8f6-419c-a5d2-da2b723242e8,Besser Parken GmbH & Co. KG,Private,1,1499.9634,Office,Dusseldorf,Office,Dusseldorf,North Rhine-Westphalia,,2013-12-16 00:00:00
2144,24adb5fb-5a95-4838-8111-8f0549d7da8f,"Versorgungsanstalt für Ärzte, Zahnärzte und Tierärzte",Institutional,1,6999.8292,Apartment,Tubingen,Apartment,Tubingen,Baden-Wurttemberg,,2016-09-14 00:00:00
2145,0827354f-49b6-47c3-92ce-8b7822820c43,HKPE Hofkammer des Hauses Wurttemberg GmbH,Private,1,8499.7926,Dev Site,Tubingen,Apartment; Dev Site,Tubingen; Ostfildern,Baden-Wurttemberg,,2018-08-23 00:00:00
2146,eaf4bf3d-c951-4ad1-b40f-9ac89e8e102a,Gebaude- und Grundstucksgesellschaft,User/Other,1,3854.905938,Office,Zwickau,Office; Apartment,Zwickau,Saxony,,2021-07-02 00:00:00
2147,6d8d4497-b0af-40a0-94ce-2e6034467c46,ImmVest,Private,1,33999.1704,Dev Site,Dresden,Apartment; Dev Site,Leipzig; Dresden,Saxony,,2018-12-01 00:00:00
2148,c9114fbe-f515-4f98-814b-bce3e432449e,City of Heidelberg,User/Other,1,432989.4348,Dev Site,Heidelberg,Dev Site,Heidelberg,Baden-Wurttemberg,,2021-10-20 00:00:00
2149,eaf4bf3d-c951-4ad1-b40f-9ac89e8e102a,Wohn- und Stadtbau Münster,User/Other,1,,Apartment,Munster,Apartment,Munster,North Rhine-Westphalia,,2013-07-31 00:00:00
2150,4c48b00f-c8f6-419c-a5d2-da2b723242e8,NER IndusReal Estate,Private,1,3139.923384,Industrial,Wurmberg,Industrial,Wurmberg,Baden-Wurttemberg,,2023-07-06 00:00:00
2151,e27ce0ab-e4d8-4aa2-b8d3-741c26f635e6,Hafen Duisburg Rheinhausen,User/Other,1,84997.926,Dev Site,Duisburg,Dev Site,Duisburg,North Rhine-Westphalia,,2008-10-15 00:00:00
2152,4c48b00f-c8f6-419c-a5d2-da2b723242e8,Dominus Wohnbau- Und Grundstucks GmbH,Private,1,10931.7332592,Office,Munster,Office,Munster,North Rhine-Westphalia,,2018-06-01 00:00:00
2153,4c48b00f-c8f6-419c-a5d2-da2b723242e8,Sentinel Euro Real Estate GmbH,Private,1,3814.906914,Industrial,Steisslingen,Industrial,Steisslingen,Baden-Wurttemberg,,2020-07-08 00:00:00
2154,e27ce0ab-e4d8-4aa2-b8d3-741c26f635e6,APC Analytics,User/Other,1,1549.96218,Industrial,Steinbach (Taunus),Industrial,Steinbach (Taunus),Hesse,,2016-12-05 00:00:00
2155,e27ce0ab-e4d8-4aa2-b8d3-741c26f635e6,Candella Metallverarbeitung GmbH,User/Other,1,2113.9484184,Industrial,Willich,Industrial,Willich,North Rhine-Westphalia,,2009-09-14 00:00:00
2156,904bcef5-7efb-4919-8a37-7132eee4bc2c,Baugenossenschaft Esslingen eG,Private,1,3799.90728,Apartment,Esslingen am Neckar,Apartment,Esslingen am Neckar,Baden-Wurttemberg,,2016-06-14 00:00:00
2157,4b6da505-0bff-47e7-8231-0fbb4fda0287,Lufthansa,User/Other,1,34999.146,Dev Site,Frankfurt am Main,Dev Site; Industrial,Frankfurt am Main,Hesse,,2024-06-13 00:00:00
2158,e27ce0ab-e4d8-4aa2-b8d3-741c26f635e6,Flexx Fitness GmbH,User/Other,1,7899.80724,Industrial,Hurth,Industrial,Hurth,North Rhine-Westphalia,,2018-05-04 00:00:00
2159,daf0c662-2d75-4b8e-a181-bd97f93ad8e4,Buhler Group,User/Other,1,19999.512,Dev Site,Reichshof,Industrial; Dev Site,Leingarten; Reichshof,Baden-Wurttemberg; North Rhine-Westphalia,,2022-04-04 00:00:00
2160,e27ce0ab-e4d8-4aa2-b8d3-741c26f635e6,Erich Vogler GmbH & Co. KG,User/Other,1,2499.939,Industrial,Steinbach (Taunus),Industrial,Steinbach (Taunus),Hesse,,2020-06-18 00:00:00
2161,e27ce0ab-e4d8-4aa2-b8d3-741c26f635e6,Internationale Metall IMPragnier GmbH,User/Other,1,2799.93168,Industrial,Monheim am Rhein,Industrial,Monheim am Rhein,North Rhine-Westphalia,,2009-10-22 00:00:00
2162,e27ce0ab-e4d8-4aa2-b8d3-741c26f635e6,Recaro Aircraft Seating,User/Other,1,44998.5274272,Dev Site,Schwabisch Hall,Dev Site,Schwabisch Hall,Baden-Wurttemberg,,2019-09-01 00:00:00
2163,391666a5-626a-48da-bc8d-d228fcf9442e,Gluck Auf Immobilien,Institutional,1,3699.90972,Office,Duisburg,Office,Duisburg,North Rhine-Westphalia,,2016-02-28 00:00:00
2164,4c48b00f-c8f6-419c-a5d2-da2b723242e8,Lenox Management,Private,1,3999.9024,Office,Berlin,Office,Berlin,Berlin,,2011-06-01 00:00:00
2165,4c48b00f-c8f6-419c-a5d2-da2b723242e8,Wohnungsbaugesellschaft Helmut Willich,Private,1,653.9840424,Apartment,Bremen,Apartment,Bremen,Bremen,,2015-10-22 00:00:00
2166,e27ce0ab-e4d8-4aa2-b8d3-741c26f635e6,Mobel Hoffner,User/Other,1,37999.0728,Dev Site,Lubeck,Dev Site,Lubeck,Schleswig-Holstein,,2014-08-27 00:00:00
2167,b165bd3d-d2ff-481f-875f-a92a6dbffd21,Wilhelm Schlotfeldt & Cie GmbH,Private,1,2199.94632,Apartment,Berlin,Apartment,Berlin,Berlin,,2009-11-15 00:00:00
2168,3555db89-a3eb-45ce-a44c-2e7b2325c461,Rheinisch Westfälische Elektrizitätswerke (RWE),<unknown>,1,969968.3321952,Dev Site,Lingen (Ems),Dev Site,Lingen (Ems),Lower Saxony,,2022-10-21 00:00:00
2169,1b5d044b-a140-4dd5-9803-e33778e25d43,vav Fischer-Bumiller,Private,1,2999.9268,Dev Site,Frankfurt am Main,Dev Site,Frankfurt am Main,Hesse,,2012-03-03 00:00:00
2170,eaf4bf3d-c951-4ad1-b40f-9ac89e8e102a,Stadt Konigs Wusterhausen,User/Other,1,17599.57056,Dev Site,Konigs Wusterhausen,Dev Site,Konigs Wusterhausen,Brandenburg,,2024-04-17 00:00:00
2171,e27ce0ab-e4d8-4aa2-b8d3-741c26f635e6,Franco Fresco GmbH,User/Other,1,2199.94632,Industrial,Artern/Unstrut,Industrial,Artern/Unstrut,Thuringia,,2021-01-18 00:00:00
2172,4c48b00f-c8f6-419c-a5d2-da2b723242e8,Langen German Group ARE III,Private,1,12599.69256,Retail,Langen,Retail,Langen,Lower Saxony,,2012-03-10 00:00:00
2173,2f7c3890-a60b-44c3-9487-67a6ac4f026d,Katjes International,Private,1,29999.268,Dev Site,Emmerich am Rhein,Dev Site,Emmerich am Rhein,North Rhine-Westphalia,,2023-10-11 00:00:00
2174,4c48b00f-c8f6-419c-a5d2-da2b723242e8,BDT Invest,Private,1,10999.64003776,Dev Site,Bochum,Dev Site,Bochum,North Rhine-Westphalia,,2023-12-27 00:00:00
2175,4c48b00f-c8f6-419c-a5d2-da2b723242e8,A.K.V.B. Vermogens- und Beteiligungs GmbH,Private,1,10029.755268,Other General,Halle (Saale),Other General,Halle (Saale),Saxony-Anhalt,,2023-03-14 00:00:00
2176,e27ce0ab-e4d8-4aa2-b8d3-741c26f635e6,J. Dahmen & Co.,User/Other,1,5799.85848,Industrial,Solingen,Industrial,Solingen,North Rhine-Westphalia,,2013-08-09 00:00:00
2177,13b4a82f-1355-4a7f-92dc-cf4844320cbe,Brookfield Infrastructure Partners,Public,1,249993.9,Dev Site,Hanau,Dev Site,Hanau,Hesse,,2023-08-01 00:00:00
2178,4c48b00f-c8f6-419c-a5d2-da2b723242e8,Adnan Karakaplan,Private,1,18699.54372,Office,Ludwigshafen am Rhein,Office,Ludwigshafen am Rhein,Rhineland-Palatinate,,2014-09-26 00:00:00
2179,79789e4f-f638-40c4-a32f-1c724137b670,Calibrium AG,Institutional,1,6999.8292,Retail,Calw,Office; Retail,Munich; Calw,Bavaria; Baden-Wurttemberg,Aeris Capital AG,2020-03-31 00:00:00
2180,4c48b00f-c8f6-419c-a5d2-da2b723242e8,Summit Real-Estate Black,Private,1,13999.6584,Office,Rostock,Office,Rostock,Mecklenburg-West Pomerania,,2007-12-31 00:00:00
2181,630055dc-69e1-4bcb-9c1d-3bcf026f9f87,Brucher & Brucher,Private,1,7999.8048,Office,Darmstadt,Office,Darmstadt,Hesse,,2015-07-15 00:00:00
2182,4c48b00f-c8f6-419c-a5d2-da2b723242e8,Ute Reissdorf & Heribert Landskron-Reissdorf,Private,1,,Hotel,Cologne,Hotel,Cologne,North Rhine-Westphalia,,2014-12-31 00:00:00
2183,4c48b00f-c8f6-419c-a5d2-da2b723242e8,Flossbach von Storch,Private,1,8199.79992,Office,Cologne,Office,Cologne,North Rhine-Westphalia,,2023-11-08 00:00:00
2184,eaf4bf3d-c951-4ad1-b40f-9ac89e8e102a,City of Ubersee,User/Other,1,24999.39,Dev Site,Ubersee,Dev Site,Ubersee,Bavaria,,2023-02-10 00:00:00
2185,dd3b1f86-513e-47c6-aab4-11e88b5fae1a,Frasers Hospitality Trust,Public,1,25899.36804,Hotel,Dresden,Hotel,Dresden,Saxony,,2016-05-06 00:00:00
2186,eaf4bf3d-c951-4ad1-b40f-9ac89e8e102a,Konzentration GmbH,User/Other,1,11999.7072,Dev Site,Dresden,Dev Site,Dresden,Saxony,,2015-09-24 00:00:00
2187,4c48b00f-c8f6-419c-a5d2-da2b723242e8,Ulrich Bock,Private,1,13847.6621088,Office,Berlin,Office,Berlin,Berlin,,2012-09-18 00:00:00
2188,4c48b00f-c8f6-419c-a5d2-da2b723242e8,Space Plus,Private,1,10999.7316,Industrial,Nuremberg,Industrial,Nuremberg,Bavaria,,2022-02-21 00:00:00
2189,4c48b00f-c8f6-419c-a5d2-da2b723242e8,K+S Frankfurt Rhein Main,Private,1,,Apartment,Frankfurt am Main,Apartment,Frankfurt am Main,Hesse,,2022-03-31 00:00:00
2190,72b1a5d2-1792-45be-81fd-5253c650806b,Varia-Bau,Private,1,5399.823291264,Dev Site,Mulheim an der Ruhr,Office; Dev Site,Mulheim an der Ruhr; Dusseldorf,North Rhine-Westphalia,,2022-12-31 00:00:00
2191,e27ce0ab-e4d8-4aa2-b8d3-741c26f635e6,Danhauser Unternehmensgruppe,User/Other,1,869.978772,Retail,Nabburg,Retail,Nabburg,Bavaria,,2020-12-23 00:00:00
2192,e27ce0ab-e4d8-4aa2-b8d3-741c26f635e6,WS Sondergeld GmbH,User/Other,1,1499.9634,Industrial,Dieburg,Industrial,Dieburg,Hesse,,2021-03-23 00:00:00
2193,4c48b00f-c8f6-419c-a5d2-da2b723242e8,E.L. Immobilien Holding GmbH,Private,1,,Industrial,Heilbronn,Industrial,Heilbronn,Baden-Wurttemberg,,2017-09-30 00:00:00
2194,e27ce0ab-e4d8-4aa2-b8d3-741c26f635e6,Gebr. Taskin Logistics GmbH,User/Other,1,19999.512,Dev Site,Wuppertal,Dev Site,Wuppertal,North Rhine-Westphalia,,2016-11-04 00:00:00
2195,c0c4c690-abf6-4511-839f-08d61255cbb2,SCPI EDR Europa,Private,1,2599.93656,Industrial,Rosbach vor der Hohe,Industrial,Rosbach vor der Hohe,Hesse,,2023-12-13 00:00:00
2196,0f0fa208-36cd-4c13-b280-be77cc110346,Carlyle Associates,Private,1,24999.39,Industrial,Garching bei Munchen,Industrial; Office,Garching bei Munchen; Konstanz,Bavaria; Baden-Wurttemberg,,2022-02-15 00:00:00
2197,53239d73-56a5-406e-ab6c-bb3914512aee,Flacks Group,Private,1,15999.6096,Industrial,Burglengenfeld,Industrial,Burglengenfeld,Bavaria,,2022-04-22 00:00:00
2198,ad4075f6-0d0f-4875-89e7-bba7b36fe7dc,Raben Group,User/Other,1,7999.8048,Industrial,Fellbach,Industrial,Fellbach,Baden-Wurttemberg,,2016-07-25 00:00:00
2199,4c48b00f-c8f6-419c-a5d2-da2b723242e8,Objektgesellschaft Dieselstrasse 37-41 GmbH & Co K,Private,1,13149.67914,Industrial,Frankfurt am Main,Industrial,Frankfurt am Main,Hesse,,2009-06-05 00:00:00
2200,4c48b00f-c8f6-419c-a5d2-da2b723242e8,Spalek Beschlagtechnik GmbH + Co. KG,Private,1,3049.92558,Industrial,Heiligenhaus,Industrial,Heiligenhaus,North Rhine-Westphalia,,2014-10-31 00:00:00
2201,e27ce0ab-e4d8-4aa2-b8d3-741c26f635e6,Oskar Dietrich GmbH,User/Other,1,5499.82002741782,Industrial,Bad Vilbel,Industrial,Bad Vilbel,Hesse,,2008-07-15 00:00:00
2202,e27ce0ab-e4d8-4aa2-b8d3-741c26f635e6,Schroer Container GmbH,User/Other,1,9999.756,Dev Site,Barsinghausen,Dev Site,Barsinghausen,Lower Saxony,,2012-08-15 00:00:00
2203,4c48b00f-c8f6-419c-a5d2-da2b723242e8,Kollmer Tiefbau GmbH,Private,1,3779.876182,Office,Eching,Office,Eching,Bavaria,,2008-01-15 00:00:00
2204,e27ce0ab-e4d8-4aa2-b8d3-741c26f635e6,S-Z Massivhaus GmbH,User/Other,1,6999.8292,Dev Site,Erlensee,Dev Site,Erlensee,Hesse,,2014-01-30 00:00:00
2205,e27ce0ab-e4d8-4aa2-b8d3-741c26f635e6,Dorma Deutschland GmbH,User/Other,1,12999.6828,Dev Site,Wuppertal,Dev Site,Wuppertal,North Rhine-Westphalia,,2014-10-20 00:00:00
2206,4c48b00f-c8f6-419c-a5d2-da2b723242e8,Exklusiv Wohnbau Ulm,Private,1,12999.6828,Dev Site,Illertissen,Dev Site,Illertissen,Bavaria,,2017-08-22 00:00:00
2207,e27ce0ab-e4d8-4aa2-b8d3-741c26f635e6,Parsa Haar- und Modeartikel GmbH,User/Other,1,39999.024,Dev Site,Sinsheim,Dev Site,Sinsheim,Baden-Wurttemberg,,2015-01-31 00:00:00
2208,4c48b00f-c8f6-419c-a5d2-da2b723242e8,Entwicklungsgesellschaft Ruhr-Bochum mbH,Private,1,31999.2192,Dev Site,Bochum,Dev Site,Bochum,North Rhine-Westphalia,,2010-06-10 00:00:00
2209,de698ac1-ae4c-4dd0-9a84-e76bf138bd8e,B&K Wohnbau GmbH,Private,1,6999.8292,Dev Site,Duisburg,Dev Site,Duisburg,North Rhine-Westphalia,,2019-08-06 00:00:00
2210,d7fded7a-260e-4288-83de-4e556f0356c6,MHMI,Private,1,4799.88288,Dev Site,Berlin,Apartment; Dev Site,Berlin; Peine,Berlin; Lower Saxony,,2022-12-31 00:00:00
2211,4c48b00f-c8f6-419c-a5d2-da2b723242e8,Albert Weil,Private,1,19999.512,Dev Site,Birlenbach,Dev Site,Birlenbach,Rhineland-Palatinate,,2024-02-20 00:00:00
2212,e27ce0ab-e4d8-4aa2-b8d3-741c26f635e6,Tecsafe GmbH,User/Other,1,2499.939,Industrial,Solingen,Industrial,Solingen,North Rhine-Westphalia,,2015-08-15 00:00:00
2213,e27ce0ab-e4d8-4aa2-b8d3-741c26f635e6,Eduard Kronenberg GmbH,User/Other,1,24999.39,Dev Site,Haan,Industrial; Dev Site,Solingen; Haan,North Rhine-Westphalia,,2015-08-15 00:00:00
2214,3bef41c6-d0e3-4a95-9ad1-bd726f01c392,HB Reavis,Institutional,1,2099.9116,Dev Site,Berlin,Dev Site,Berlin,Berlin,,2022-06-30 00:00:00
2215,4c48b00f-c8f6-419c-a5d2-da2b723242e8,Regiocom GmbH,Private,1,7999.8048,Office,Magdeburg,Office,Magdeburg,Saxony-Anhalt,,2008-08-31 00:00:00
2216,4c48b00f-c8f6-419c-a5d2-da2b723242e8,Otto Wulff Bauunternehmung,Private,1,2899.92924,Dev Site,Berlin,Apartment; Dev Site,Berlin,Berlin,,2013-01-07 00:00:00
2217,4f69b771-1e98-4ff9-83a0-4e16a87d44d2,ELB Real Estate,Private,1,3627.9114768,Office,Bremen,Office; Apartment,Bremen,Bremen,,2022-12-08 00:00:00
2218,4c48b00f-c8f6-419c-a5d2-da2b723242e8,Domshof 8-12 GmbH,Private,1,14014.658034,Office,Bremen,Office,Bremen,Bremen,,2013-11-19 00:00:00
2219,708c10df-c451-4083-9820-5fad2ab36425,Bayerische Landessiedlung,Private,1,3549.91338,Dev Site,Regensburg,Dev Site,Regensburg,Bavaria,,2014-01-29 00:00:00
2220,4c48b00f-c8f6-419c-a5d2-da2b723242e8,CTR-R GmbH,Private,1,2649.93534,Dev Site,Regensburg,Dev Site,Regensburg,Bavaria,,2013-03-01 00:00:00
2221,e27ce0ab-e4d8-4aa2-b8d3-741c26f635e6,Donges GmbH & Co. KG,User/Other,1,47498.841,Dev Site,Wermelskirchen,Dev Site,Wermelskirchen,North Rhine-Westphalia,,2017-11-29 00:00:00
2222,4c48b00f-c8f6-419c-a5d2-da2b723242e8,Rudolf Kraling Grundstücksgesellschaft mbH,Private,1,1523.9628144,Office,Bochum,Office,Bochum,North Rhine-Westphalia,,2019-07-03 00:00:00
2223,4c48b00f-c8f6-419c-a5d2-da2b723242e8,Real Estate Management,Private,1,2982.9272148,Office,Heikendorf,Office,Heikendorf,Schleswig-Holstein,,2008-12-15 00:00:00
2224,b65f1947-ce73-4266-996f-85842675a890,City of Olpe,User/Other,1,26999.3412,Dev Site,Olpe,Dev Site,Olpe,North Rhine-Westphalia,,2023-09-06 00:00:00
2225,4c48b00f-c8f6-419c-a5d2-da2b723242e8,Vermögensverwaltung Hellerau GmbH,Private,1,9999.756,Office,Dresden,Office,Dresden,Saxony,,2007-11-30 00:00:00
2226,4c48b00f-c8f6-419c-a5d2-da2b723242e8,Frans Migo,Private,1,11999.7072,Dev Site,Nussbaum,Dev Site,Nussbaum,Rhineland-Palatinate,,2015-03-31 00:00:00
2227,4c48b00f-c8f6-419c-a5d2-da2b723242e8,Alpha Industries GmbH und Co. KG,Private,1,2499.939,Industrial,Neu-Isenburg,Industrial,Neu-Isenburg,Hesse,,2016-10-01 00:00:00
2228,e27ce0ab-e4d8-4aa2-b8d3-741c26f635e6,Globalways AG,User/Other,1,7305.8217336,Dev Site,Leverkusen,Dev Site,Leverkusen,North Rhine-Westphalia,,2016-11-30 00:00:00
2229,afe44b2c-c07a-45bf-8ea6-3053d2548ad3,GFG Bauherren,Private,1,8099.80236,Office,Hamburg,Apartment; Office,Hamburg,Hamburg,,2021-01-27 00:00:00
2230,4c48b00f-c8f6-419c-a5d2-da2b723242e8,MAR Hotel Investment GbR,Private,1,12199.70232,Hotel,Halle (Saale),Hotel,Halle (Saale),Saxony-Anhalt,,2013-12-11 00:00:00
2231,4c48b00f-c8f6-419c-a5d2-da2b723242e8,RRB Ramsteiner Recycling Beteiligungsgesellschaft GmbH,Private,1,17999.5608,Dev Site,Castrop-Rauxel,Dev Site,Castrop-Rauxel,North Rhine-Westphalia,,2019-09-01 00:00:00
2232,e27ce0ab-e4d8-4aa2-b8d3-741c26f635e6,VGG Geratevermietung,User/Other,1,29999.268,Dev Site,Iserlohn,Dev Site,Iserlohn,North Rhine-Westphalia,,2018-08-09 00:00:00
2233,e27ce0ab-e4d8-4aa2-b8d3-741c26f635e6,Espera-Werke,User/Other,1,34999.146,Dev Site,Duisburg,Dev Site,Duisburg,North Rhine-Westphalia,,2023-09-25 00:00:00
2234,4c48b00f-c8f6-419c-a5d2-da2b723242e8,BSG Brandsanierung GmbH,Private,1,729.982188,Office,Duisburg,Office,Duisburg,North Rhine-Westphalia,,2016-11-23 00:00:00
2235,4c48b00f-c8f6-419c-a5d2-da2b723242e8,Oberle GmbH,Private,1,2549.93778,Industrial,Lahr/Schwarzwald,Industrial,Lahr/Schwarzwald,Baden-Wurttemberg,,2023-11-23 00:00:00
2236,e27ce0ab-e4d8-4aa2-b8d3-741c26f635e6,Deiters GmbH,User/Other,1,14999.634,Dev Site,Frechen,Dev Site,Frechen,North Rhine-Westphalia,,2015-01-31 00:00:00
2237,e27ce0ab-e4d8-4aa2-b8d3-741c26f635e6,Helmut Dietz Immobilien,User/Other,1,5319.870192,Office,Pullach im Isartal,Office,Pullach im Isartal,Bavaria,,2012-11-23 00:00:00
2238,4c48b00f-c8f6-419c-a5d2-da2b723242e8,Parthena Reys,Private,1,204994.998,Dev Site,Kiel,Dev Site,Kiel,Schleswig-Holstein,,2010-10-10 00:00:00
2239,e27ce0ab-e4d8-4aa2-b8d3-741c26f635e6,Equinux AG,User/Other,1,2499.939,Office,Karlsfeld,Office,Karlsfeld,Bavaria,,2014-08-10 00:00:00
2240,4c48b00f-c8f6-419c-a5d2-da2b723242e8,Projekt Gorlitz UG & Co. KG,Private,1,32999.1948,Dev Site,Gorlitz,Dev Site,Gorlitz,Saxony,,2018-08-17 00:00:00
2241,e27ce0ab-e4d8-4aa2-b8d3-741c26f635e6,Hindusthan National Glass & Industries Ltd,User/Other,1,10999.7316,Dev Site,Gardelegen,Dev Site,Gardelegen,Saxony-Anhalt,,2011-10-15 00:00:00
2242,4c48b00f-c8f6-419c-a5d2-da2b723242e8,TLC Immobilienverwaltung GmbH,Private,1,10999.7316,Retail,Nuremberg,Retail,Nuremberg,Bavaria,,2015-10-09 00:00:00
2243,4c48b00f-c8f6-419c-a5d2-da2b723242e8,Rath KG,Private,1,7266.8226852,Dev Site,Hochheim am Main,Dev Site,Hochheim am Main,Hesse,,2009-10-06 00:00:00
2244,230bbffb-918d-4aa1-bf2b-f929e642251c,Domus Vivendi,Private,1,5358.8692404,Office,Frankfurt am Main,Apartment; Office,Frankfurt am Main; Frankfurt (Oder); Heidelberg,Hesse; Brandenburg; Baden-Wurttemberg,,2017-09-05 00:00:00
2245,4c48b00f-c8f6-419c-a5d2-da2b723242e8,Leopold Immobilien,Private,1,1399.96584,Retail,Meersburg,Retail,Meersburg,Baden-Wurttemberg,,2019-09-10 00:00:00
2246,e27ce0ab-e4d8-4aa2-b8d3-741c26f635e6,Carl Johnk KG Guterfernverkehr und Lagerei,User/Other,1,2349.94266,Industrial,Hamburg,Industrial,Hamburg,Hamburg,,2023-04-18 00:00:00
2247,4c48b00f-c8f6-419c-a5d2-da2b723242e8,Rolf Bläsius,Private,1,19999.512,Dev Site,Sinzig,Dev Site,Sinzig,Rhineland-Palatinate,,2015-02-05 00:00:00
2248,4c48b00f-c8f6-419c-a5d2-da2b723242e8,COSONA Asset GmbH,Private,1,5699.86092,Apartment,Dresden,Apartment,Dresden,Saxony,,2022-03-03 00:00:00
2249,eaf4bf3d-c951-4ad1-b40f-9ac89e8e102a,Wohnungsgesellschaft Freital (WGF),User/Other,1,11964.708054,Apartment,Freital,Apartment,Freital,Saxony,,2016-11-25 00:00:00
2250,193b5ac3-9b8a-41d9-9ef8-48bd2c67d301,Mayfield Property,Private,1,14999.634,Retail,Giessen,Office; Apartment; Retail,Freital; Bonn; Elmshorn,Saxony; North Rhine-Westphalia; Schleswig-Holstein,,2020-09-30 00:00:00
2251,bd5657ae-402e-4677-a035-dc18a547bcae,Zschoner gGmbH,User/Other,1,3499.9146,Industrial,Dresden,Industrial,Dresden,Saxony,,2021-05-20 00:00:00
2252,44350ed9-0fcc-4bb6-8eba-e0a406d1fa50,Qatar National Bank,Institutional,1,31999.2192,Office,Radebeul,Office,Radebeul; Poing,Saxony; Bavaria,,2018-01-22 00:00:00
2253,4c48b00f-c8f6-419c-a5d2-da2b723242e8,Nagel Logistic,Private,1,69998.292,Dev Site,Wustermark,Dev Site; Industrial,Wustermark,Brandenburg,,2012-08-31 00:00:00
2254,4c48b00f-c8f6-419c-a5d2-da2b723242e8,Asset Manager,Private,1,2059.949736,Office,Berlin,Office,Berlin,Berlin,,2008-04-15 00:00:00
2255,4c48b00f-c8f6-419c-a5d2-da2b723242e8,Grafschaft Moers Siedlungs- & Wohnungsbau GmbH,Private,1,1751.9572512,Apartment,Neukirchen-Vluyn,Apartment,Neukirchen-Vluyn,North Rhine-Westphalia,,2021-12-31 00:00:00
2256,4c48b00f-c8f6-419c-a5d2-da2b723242e8,Dr. Haas,Private,1,10199.75112,Office,Mannheim,Office,Mannheim,Baden-Wurttemberg,,2013-05-21 00:00:00
2257,4c48b00f-c8f6-419c-a5d2-da2b723242e8,Saentis Family Office,Private,1,1725.9578856,Apartment,Wiesbaden,Apartment,Wiesbaden,Hesse,,2023-05-26 00:00:00
2258,45d7b8b0-d084-4923-975d-a052fba1a43c,Wohnvoll AG,Private,1,4499.8902,Dev Site,Mulheim an der Ruhr,Dev Site,Mulheim an der Ruhr,North Rhine-Westphalia,,2022-06-14 00:00:00
2259,4c48b00f-c8f6-419c-a5d2-da2b723242e8,Raffelberger Wohnimmobilien,Private,1,13199.67792,Dev Site,Mulheim an der Ruhr,Dev Site,Mulheim an der Ruhr,North Rhine-Westphalia,,2019-06-01 00:00:00
2260,bd5657ae-402e-4677-a035-dc18a547bcae,Hessen State Medical Association,User/Other,1,6199.84872,Apartment,Cologne,Apartment,Cologne,North Rhine-Westphalia,,2011-12-20 00:00:00
2261,4c48b00f-c8f6-419c-a5d2-da2b723242e8,Pro Vital Immobilien und Projektentwicklungs GmbH,Private,1,18999.5364,Dev Site,Frechen,Dev Site,Frechen,North Rhine-Westphalia,,2012-01-04 00:00:00
2262,4c48b00f-c8f6-419c-a5d2-da2b723242e8,Laer Bauplanung & Projektentwicklung,Private,1,11999.7072,Dev Site,Dormagen,Dev Site,Dormagen,North Rhine-Westphalia,,2019-09-18 00:00:00
2263,e27ce0ab-e4d8-4aa2-b8d3-741c26f635e6,VPS GmbH,User/Other,1,5999.8536,Industrial,Dormagen,Industrial,Dormagen,North Rhine-Westphalia,,2018-05-28 00:00:00
2264,4c48b00f-c8f6-419c-a5d2-da2b723242e8,Al-Fouzan Trading Group,Private,1,10599.74136,Office,Eschborn,Office,Eschborn,Hesse,,2015-03-05 00:00:00
2265,4c48b00f-c8f6-419c-a5d2-da2b723242e8,Frako Immobilien GmbH,Private,1,3184.922286,Office,Frankfurt am Main,Office,Frankfurt am Main,Hesse,,2014-03-01 00:00:00
2266,810db8ae-44e9-4088-b0e5-8f3d69bce59f,Deutsche Bundesbank,User/Other,1,79998.048,Dev Site,Dortmund,Office; Apartment; Dev Site,Frankfurt am Main; Dortmund; Duisburg,North Rhine-Westphalia; Hesse; Brandenburg,,2023-12-05 00:00:00
2267,1f2d7a07-7e23-433f-a00c-29267c803050,Gertler Group,Private,1,5099.832826,Office,Frankfurt am Main,Office,Eschborn; Frankfurt am Main,Hesse,,2019-07-04 00:00:00
2268,4c48b00f-c8f6-419c-a5d2-da2b723242e8,Hartmetall-Werkzeugfabrik Paul Horn GmbH,Private,1,15999.6096,Dev Site,Tubingen,Dev Site,Tubingen,Baden-Wurttemberg,,2013-09-17 00:00:00
2269,b6c50e1a-eece-4806-a31b-5d65cc223eee,Norddeutsche Vermogen,Institutional,1,2159.947296,Office,Hamburg,Office,Hamburg,Hamburg,,2008-08-15 00:00:00
2270,4c48b00f-c8f6-419c-a5d2-da2b723242e8,Frizz 23,Private,1,2399.94144,Dev Site,Berlin,Dev Site,Berlin,Berlin,,2014-06-01 00:00:00
2271,4c48b00f-c8f6-419c-a5d2-da2b723242e8,PHI Immobilien GmbH,Private,1,34999.146,Dev Site,Augsburg,Dev Site,Augsburg,Bavaria,,2020-04-01 00:00:00
2272,4c48b00f-c8f6-419c-a5d2-da2b723242e8,The FA (Football Association),Private,1,787.9807728,Hotel,Karlsruhe,Hotel,Karlsruhe,Baden-Wurttemberg,,2015-09-09 00:00:00
2273,e27ce0ab-e4d8-4aa2-b8d3-741c26f635e6,Schroder Teams Holding,User/Other,1,19999.3455232,Dev Site,Bielefeld,Dev Site,Bielefeld,North Rhine-Westphalia,,2015-06-25 00:00:00
2274,37ef46f6-e6e1-4b6f-b6a6-0437d1db978e,GAB,Private,1,219992.8007552,Dev Site,Stromberg,Dev Site; Retail,Stromberg; Gross-Zimmern,Rhineland-Palatinate; Hesse,,2021-11-17 00:00:00
2275,4c48b00f-c8f6-419c-a5d2-da2b723242e8,VGS Invest,Private,1,,Hotel,Kronshagen,Hotel,Kronshagen,Schleswig-Holstein,,2024-05-01 00:00:00
2276,4c48b00f-c8f6-419c-a5d2-da2b723242e8,Stricker Projektgesellschaft GmbH & Co. KG,Private,1,4999.878,Dev Site,Essen,Dev Site,Essen,North Rhine-Westphalia,,2014-02-27 00:00:00
2277,e27ce0ab-e4d8-4aa2-b8d3-741c26f635e6,WJM Witra,User/Other,1,6099.85116,Dev Site,Essen,Dev Site,Essen,North Rhine-Westphalia,,2015-05-22 00:00:00
2278,e27ce0ab-e4d8-4aa2-b8d3-741c26f635e6,BTS GmbH,User/Other,1,12899.68524,Dev Site,Essen,Dev Site,Essen,North Rhine-Westphalia,,2011-11-15 00:00:00
2279,4c48b00f-c8f6-419c-a5d2-da2b723242e8,Hengstenberg Gruppe,Private,1,31399.23384,Dev Site,Essen,Dev Site; Industrial,Essen,North Rhine-Westphalia,,2018-11-13 00:00:00
2280,e27ce0ab-e4d8-4aa2-b8d3-741c26f635e6,REMONDIS Recycling GmbH & Co. KG,User/Other,1,10199.75112,Industrial,Essen,Industrial,Essen,North Rhine-Westphalia,,2018-11-13 00:00:00
2281,e27ce0ab-e4d8-4aa2-b8d3-741c26f635e6,Ceralia Getreideprodukte GmbH,User/Other,1,9239.774544,Industrial,Muhldorf am Inn,Industrial,Muhldorf am Inn,Bavaria,,2020-07-01 00:00:00
2282,4c48b00f-c8f6-419c-a5d2-da2b723242e8,Grundstucksentwicklungsgesellschaft Darmstadt mbH,Private,1,32999.1948,Dev Site,Darmstadt,Dev Site,Darmstadt,Hesse,,2009-08-15 00:00:00
2283,e27ce0ab-e4d8-4aa2-b8d3-741c26f635e6,Out of the blue KG,User/Other,1,7999.8048,Dev Site,Lilienthal,Dev Site,Lilienthal,Lower Saxony,,2012-04-05 00:00:00
2284,4c48b00f-c8f6-419c-a5d2-da2b723242e8,Logistic Invest Rhein-Main GmbH & Co. KG,Private,1,11999.7072,Dev Site,Biebesheim am Rhein,Dev Site,Biebesheim am Rhein,Hesse,,2013-10-22 00:00:00
2285,4c48b00f-c8f6-419c-a5d2-da2b723242e8,Opra Living,Private,1,999.9756,Dev Site,Essen,Dev Site,Essen,North Rhine-Westphalia,,2017-06-07 00:00:00
2286,4c48b00f-c8f6-419c-a5d2-da2b723242e8,Schnittler Immobilien GmbH,Private,1,17304.577758,Dev Site,Dresden,Dev Site,Dresden,Saxony,,2021-08-29 00:00:00
2287,4c48b00f-c8f6-419c-a5d2-da2b723242e8,Mohamed Aoutouf,Private,1,,Hotel,Marl,Hotel,Marl,North Rhine-Westphalia,,2009-07-15 00:00:00
2288,4c48b00f-c8f6-419c-a5d2-da2b723242e8,DDS Lime BV,Private,1,169994.3656,Dev Site,Berlin,Dev Site,Berlin,Berlin,,2008-04-15 00:00:00
2289,4c48b00f-c8f6-419c-a5d2-da2b723242e8,ILeipzig Investments GmbH,Private,1,999.9756,Retail,Leipzig,Retail,Leipzig,Saxony,,2018-09-10 00:00:00
2290,4c48b00f-c8f6-419c-a5d2-da2b723242e8,ADAMMA Investment GmbH,Private,1,,Hotel,Munich,Hotel,Munich,Bavaria,,2016-12-31 00:00:00
2291,4c48b00f-c8f6-419c-a5d2-da2b723242e8,Tivoli Immobilien GmbH,Private,1,4449.85426,Retail,Dortmund,Retail,Dortmund,North Rhine-Westphalia,,2013-12-30 00:00:00
2292,4c48b00f-c8f6-419c-a5d2-da2b723242e8,Brüder Thomas und Henner Buhck,Private,1,,Apartment,,Apartment,,Schleswig-Holstein,,2012-10-29 00:00:00
2293,188339a6-51e9-456c-99cb-3f3feed920d5,AccoNarva GmbH,Private,1,9999.756,Dev Site,Berlin,Dev Site; Condo,Berlin,Berlin,,2013-03-26 00:00:00
2294,822c6f82-25e7-4a61-8a15-725a95e83e20,Victus Capital,Institutional,1,,Apartment,Oldenburg (Oldenburg),Apartment,Oldenburg (Oldenburg),Lower Saxony,,2013-08-12 00:00:00
2295,4c48b00f-c8f6-419c-a5d2-da2b723242e8,Victus European Student Accomodation Fund,Private,1,,Apartment,Oldenburg (Oldenburg),Apartment,Oldenburg (Oldenburg),Lower Saxony,,2013-08-12 00:00:00
2296,a8b76af3-47e9-4181-80bf-fa47b4ece386,Crosslane Group,Institutional,1,,Apartment,Oldenburg (Oldenburg),Apartment,Oldenburg (Oldenburg),Lower Saxony,,2013-08-12 00:00:00
2297,4c48b00f-c8f6-419c-a5d2-da2b723242e8,"Casa Nova Planungs- und Wohnbaugesellschaft mbH, Ulm",Private,1,9999.756,Dev Site,Elchingen,Dev Site,Elchingen,Bavaria,,2013-10-15 00:00:00
2298,4c48b00f-c8f6-419c-a5d2-da2b723242e8,Lucilius Vermogensverwaltungsgesellschaft mbH,Private,1,956.976835,Apartment,Kiel,Apartment,Kiel,Schleswig-Holstein,,2022-07-29 00:00:00
2299,4c48b00f-c8f6-419c-a5d2-da2b723242e8,PRIMEPULSE SE,Private,1,15349.62546,Retail,Augsburg,Retail,Augsburg,Bavaria,,2018-12-04 00:00:00
2300,4c48b00f-c8f6-419c-a5d2-da2b723242e8,Paasche Grundbesitz AG,Private,1,24999.1819428083,Office,Gosen-Neu Zittau,Office,Gosen-Neu Zittau,Brandenburg,,2007-07-15 00:00:00
2301,4c48b00f-c8f6-419c-a5d2-da2b723242e8,Walter Malik,Private,1,20999.4876,Industrial,Hattingen,Industrial,Hattingen,North Rhine-Westphalia,,2016-02-29 00:00:00
2302,4c48b00f-c8f6-419c-a5d2-da2b723242e8,Althoff Hotels,Private,1,1999.9512,Dev Site,Cologne,Dev Site; Hotel,Cologne,North Rhine-Westphalia,,2018-04-01 00:00:00
2303,4c48b00f-c8f6-419c-a5d2-da2b723242e8,Schroder Holding Gmbh,Private,1,6649.83774,Dev Site,Taucha,Dev Site,Taucha,Saxony,,2021-04-07 00:00:00
2304,4c48b00f-c8f6-419c-a5d2-da2b723242e8,Brander Heide GmbH & Co. KG,Private,1,18999.37824704,Dev Site,Aachen,Dev Site,Aachen,North Rhine-Westphalia,,2015-03-25 00:00:00
2305,2a8c1ef2-7c38-409f-81f5-affc3491ae31,OBI,User/Other,1,41998.9752,Dev Site,Limburg an der  Lahn,Dev Site,Aachen; Limburg an der  Lahn,North Rhine-Westphalia; Hesse,,2015-11-26 00:00:00
2306,abad3be0-aaf7-42e8-ab87-a88e220b0684,ZG Raiffeisen eG,User/Other,1,129995.7459008,Dev Site,Lahr/Schwarzwald,Dev Site,Lahr/Schwarzwald,Baden-Wurttemberg,,2014-04-09 00:00:00
2307,b25cb8af-e08f-43c7-969c-69afa686770e,Fenaco,User/Other,1,129995.7459008,Dev Site,Lahr/Schwarzwald,Dev Site,Lahr/Schwarzwald,Baden-Wurttemberg,,2014-04-09 00:00:00
2308,4c48b00f-c8f6-419c-a5d2-da2b723242e8,E&H Grundbesitz GmbH,Private,1,6499.8414,Office,Hanover,Office,Hanover,Lower Saxony,,2017-10-18 00:00:00
2309,4c48b00f-c8f6-419c-a5d2-da2b723242e8,Prince Hotels Frankfurt GmbH,Private,1,,Hotel,Dreieich,Hotel,Dreieich,Hesse,,2008-02-15 00:00:00
2310,fdf49ad2-aec1-446f-9460-318182937b5b,MHN,Private,1,2999.9268,Retail,Berlin,Retail,Berlin,Berlin,,2012-03-26 00:00:00
2311,44ad4261-804b-43ae-8721-23059f47c654,VT Ingenieurbau GmbH,Private,1,5999.8536,Dev Site,Seligenstadt,Dev Site,Seligenstadt,Hesse,,2012-05-10 00:00:00
2312,4c48b00f-c8f6-419c-a5d2-da2b723242e8,Autohaus Inoglu,Private,1,9612.7654428,Office,Russelsheim,Office,Russelsheim,Hesse,,2014-02-01 00:00:00
2313,4c48b00f-c8f6-419c-a5d2-da2b723242e8,Solarcomplex,Private,1,2999.9268,Office,Singen (Hohentwiel),Office,Singen (Hohentwiel),Baden-Wurttemberg,,2011-04-28 00:00:00
2314,eb7b8c75-3895-4779-bf7d-7f70751d9821,BRT Architekten LLP,Private,1,3339.918504,Office,Hamburg,Office,Hamburg,Hamburg,,2011-09-26 00:00:00
2315,4c48b00f-c8f6-419c-a5d2-da2b723242e8,A&H Bautrager,Private,1,14837.6379528,Retail,Hagen,Retail,Hagen,North Rhine-Westphalia,,2010-07-28 00:00:00
2316,4c48b00f-c8f6-419c-a5d2-da2b723242e8,Projektgesellschaft 48-50 mbH,Private,1,2099.94876,Office,Frankfurt am Main,Office,Frankfurt am Main,Hesse,,2015-02-02 00:00:00
2317,4c48b00f-c8f6-419c-a5d2-da2b723242e8,Margaux Steiger,Private,1,,Hotel,Bad Schandau,Hotel,Bad Schandau,Saxony,,2014-10-15 00:00:00
2318,4c48b00f-c8f6-419c-a5d2-da2b723242e8,Dr Gorlich Gmbh,Private,1,32999.1948,Dev Site,Berlin,Dev Site,Berlin,Berlin,,2001-12-31 00:00:00
2319,1a59e4f7-7358-4138-a56b-86f6fa7405f7,Bankinter,Institutional,1,17620.5700476,Retail,Hanover,Retail,Hanover,Lower Saxony,,2023-12-06 00:00:00
2320,b064ac47-b85b-4f73-83f9-1c6ef08e9ee3,Restaura,Private,1,,Apartment,,Apartment,Langenhagen,Lower Saxony,,2018-11-22 00:00:00
2321,abad3be0-aaf7-42e8-ab87-a88e220b0684,St. Bruno-Werk eG,User/Other,1,8099.80236,Dev Site,Wurzburg,Dev Site,Wurzburg,Bavaria,,2021-05-05 00:00:00
2322,abad3be0-aaf7-42e8-ab87-a88e220b0684,Kronprinz-Rupprecht-von-Bayern-Stiftung,User/Other,1,8099.80236,Dev Site,Wurzburg,Dev Site,Wurzburg,Bavaria,,2021-05-05 00:00:00
2323,6b60d78a-a156-449f-bbc3-46806c443c19,City of Langen,User/Other,1,9999.6727616,Dev Site,Langen (Hessen),Dev Site,Langen (Hessen),Hesse,,2023-07-21 00:00:00
2324,4c48b00f-c8f6-419c-a5d2-da2b723242e8,BVT EWF 6 Objekt 1 GmbH & Co. KG,Private,1,4771.8835632,Office,Langenfeld (Rheinland),Office,Langenfeld (Rheinland),North Rhine-Westphalia,,2016-07-01 00:00:00
2325,a8228c37-c1d7-4026-b6b3-495b4d592961,IBA Immobilien GmbH,Private,1,6999.8292,Dev Site,Karlsruhe,Office; Dev Site; Apartment,Freiburg im Breisgau; Karlsruhe,Baden-Wurttemberg,,2020-02-15 00:00:00
2326,e9ac593c-79f8-4d7a-b2b5-8b0187d97be6,Deutsche Immobilien und Grundbesitz AG (DIG),Private,1,,Apartment,Dorsten,Apartment,Dorsten,North Rhine-Westphalia,,2011-07-15 00:00:00
2327,4c48b00f-c8f6-419c-a5d2-da2b723242e8,Vivet Capital GmbH,Private,1,3049.92558,Industrial,Hamburg,Industrial,Hamburg; Elmenhorst,Hamburg; Schleswig-Holstein,,2022-01-20 00:00:00
2328,d2405769-7e42-4bf2-8372-b8ef21fe23c9,Amada,User/Other,1,22999.4388,Dev Site,Haan,Dev Site; Industrial,Haan,North Rhine-Westphalia,,2008-11-15 00:00:00
2329,e27ce0ab-e4d8-4aa2-b8d3-741c26f635e6,Baumer Online GmbH,User/Other,1,8539.791624,Dev Site,Greven,Dev Site,Greven,North Rhine-Westphalia,,2017-09-06 00:00:00
2330,4c48b00f-c8f6-419c-a5d2-da2b723242e8,Palais am Meer GmbH,Private,1,379990.728,Dev Site,Bad Zwischenahn,Dev Site,Bad Zwischenahn,Lower Saxony,,2012-08-15 00:00:00
2331,da638fab-67f7-474f-801c-89a5e2c6b790,Kose Group,Private,1,8799.78528,Office,Munich,Apartment; Office,Pinneberg; Munich,Schleswig-Holstein; Bavaria,,2022-10-31 00:00:00
2332,09664cc9-811f-4f92-bc0c-75172d1fd7d5,De Hunnenschans Beheer,Private,1,2199.94632,Apartment,Oberhausen,Apartment,Oberhausen,North Rhine-Westphalia,,2007-12-31 00:00:00
2333,2bc9c2e5-0cae-4812-b0b3-a89ff723b1cc,RH Immobilien Management,Private,1,3999.9024,Dev Site,Munich,Office; Dev Site,Munich; Dresden,Bavaria; Saxony,,2021-05-31 00:00:00
2334,eaf4bf3d-c951-4ad1-b40f-9ac89e8e102a,City of Netzschkau,User/Other,1,45998.8776,Dev Site,Netzschkau,Dev Site,Netzschkau,Saxony,,2016-01-25 00:00:00
2335,4c48b00f-c8f6-419c-a5d2-da2b723242e8,Tarik Wolf,Private,1,4497.8902488,Dev Site,Leipzig,Dev Site,Leipzig,Saxony,,2010-04-15 00:00:00
2336,a69c17c3-a022-4d0b-80aa-345f7e844e55,Northwest Value Partners,Institutional,1,10584.741726,Office,Berlin,Office,Berlin,Berlin,,2014-09-01 00:00:00
2337,4c48b00f-c8f6-419c-a5d2-da2b723242e8,Neuwa Bau Bautrager und Immobilien GmbH,Private,1,6999.8292,Dev Site,Grossenhain,Dev Site,Grossenhain,Saxony,,2021-05-07 00:00:00
2338,c0ab1cc2-ade8-4faf-a36f-4c42048d2397,Werretal,Private,1,,Hotel,Herford,Hotel,Herford,North Rhine-Westphalia,,2015-03-31 00:00:00
2339,7a192e72-5b49-47a8-ad17-3b035c5b2b36,KK Unternehmensgruppe,Private,1,859.979016,Dev Site,Munich,Dev Site,Munich,Bavaria,,2019-12-01 00:00:00
2340,e27ce0ab-e4d8-4aa2-b8d3-741c26f635e6,NDS Solarconcept,User/Other,1,5799.85848,Industrial,Cologne,Industrial,Cologne,North Rhine-Westphalia,,2024-02-15 00:00:00
2341,e0914bf3-2528-4dad-aeec-138ac3049267,VBV-Vorsorgekasse,Institutional,1,8399.79504,Office,Bonn,Office,Bonn,North Rhine-Westphalia,,2017-07-17 00:00:00
2342,4c48b00f-c8f6-419c-a5d2-da2b723242e8,AyCo hyp Vermogensgesellschaft,Private,1,7499.817,Apartment,Neustadt (Hessen),Apartment,Neustadt (Hessen),Hesse,,2014-08-19 00:00:00
2343,4c48b00f-c8f6-419c-a5d2-da2b723242e8,Claus Wisser Verwaltungs- und Beteiligungsgesellschaft,Private,1,7499.817,Apartment,Neustadt (Hessen),Apartment,Neustadt (Hessen),Hesse,,2014-08-19 00:00:00
2344,4c48b00f-c8f6-419c-a5d2-da2b723242e8,Veri Dietzenbach GmbH & Co. KG,Private,1,1379.966328,Industrial,Dietzenbach,Industrial,Dietzenbach,Hesse,,2022-09-01 00:00:00
2345,8f095251-05d0-4101-82f1-4f835788fa15,BioNTech SE,Public,1,9999.756,Industrial,Marburg,Industrial,Marburg,Hesse,,2020-12-31 00:00:00
2346,165a7b33-9876-4ddc-9296-89c94363c6d9,Projektentwicklungsgesellschaft,Private,1,2699.93412,Industrial,Chemnitz,Retail; Industrial,Berlin; Chemnitz,Berlin; Saxony,,2017-12-21 00:00:00
2347,4c48b00f-c8f6-419c-a5d2-da2b723242e8,Merks Grundbesitz GmbH,Private,1,2349.94266,Industrial,Nuremberg,Industrial,Nuremberg,Bavaria,,2024-06-13 00:00:00
2348,4c48b00f-c8f6-419c-a5d2-da2b723242e8,Ingrid & Willi Sondermann,Private,1,5399.86824,Industrial,Wesel,Industrial,Wesel,North Rhine-Westphalia,,2011-10-15 00:00:00
2349,4c48b00f-c8f6-419c-a5d2-da2b723242e8,Wolfgang Frey,Private,1,7499.817,Dev Site,Freiburg im Breisgau,Dev Site,Freiburg im Breisgau,Baden-Wurttemberg,,2009-04-16 00:00:00
2350,4c48b00f-c8f6-419c-a5d2-da2b723242e8,Gemeinnützige Wohnungsgenossenschaft Wuppertal-Mitte (GWM),Private,1,,Apartment,Wuppertal,Apartment,Wuppertal,North Rhine-Westphalia,,2013-07-24 00:00:00
2351,4c48b00f-c8f6-419c-a5d2-da2b723242e8,Linnemann Hotel Holding GmbH,Private,1,7499.817,Hotel,Munster,Hotel,Munster,North Rhine-Westphalia,,2015-01-27 00:00:00
2352,e27ce0ab-e4d8-4aa2-b8d3-741c26f635e6,Schulte Verpackungssysteme GmbH,User/Other,1,6999.8292,Dev Site,Hemer,Dev Site,Hemer,North Rhine-Westphalia,,2013-07-17 00:00:00
2353,4c48b00f-c8f6-419c-a5d2-da2b723242e8,O & T Bergdorf GmbH,Private,1,1833.9552504,Hotel,Todtnau,Hotel,Todtnau,Baden-Wurttemberg,,2017-02-23 00:00:00
2354,e27ce0ab-e4d8-4aa2-b8d3-741c26f635e6,Azelis,User/Other,1,1038.9746484,Office,Monchengladbach,Office,Monchengladbach,North Rhine-Westphalia,,2019-05-01 00:00:00
2355,e27ce0ab-e4d8-4aa2-b8d3-741c26f635e6,ITH GmbH & Co,User/Other,1,57998.5848,Dev Site,Meschede,Dev Site,Meschede,North Rhine-Westphalia,,2014-05-31 00:00:00
2356,4c48b00f-c8f6-419c-a5d2-da2b723242e8,BBL Immobilien GmbH,Private,1,3599.91216,Office,Hanover,Office,Hanover,Lower Saxony,,2024-07-08 00:00:00
2357,4c48b00f-c8f6-419c-a5d2-da2b723242e8,Entwicklungsgesellschaft Heidelberg EGH,Private,1,599980.2505,Dev Site,Heidelberg,Dev Site,Heidelberg,Baden-Wurttemberg,,2008-04-15 00:00:00
2358,4c48b00f-c8f6-419c-a5d2-da2b723242e8,Nanz Gruppe,Private,1,5999.8536,Dev Site,Stuttgart,Apartment; Dev Site,Frankfurt am Main; Stuttgart,Hesse; Baden-Wurttemberg,,2012-12-31 00:00:00
2359,e27ce0ab-e4d8-4aa2-b8d3-741c26f635e6,Residential Dortmund Grundstuecks GmbH,User/Other,1,,Apartment,Dortmund,Apartment,Dortmund,North Rhine-Westphalia,,2011-06-30 00:00:00
2360,eaf4bf3d-c951-4ad1-b40f-9ac89e8e102a,Municipality of Kirchheim,User/Other,1,33752.1764268,Dev Site,Kirchheim bei Munchen,Dev Site,Kirchheim bei Munchen,Bavaria,,2016-01-27 00:00:00
2361,4c48b00f-c8f6-419c-a5d2-da2b723242e8,Entwicklungsgesellschaft Schiffenberger Weg,Private,1,59998.536,Office,Giessen,Office,Giessen,Hesse,,2009-08-15 00:00:00
2362,4c48b00f-c8f6-419c-a5d2-da2b723242e8,Property Service Group,Private,1,18999.5364,Industrial,Berlin,Industrial,Berlin,Berlin,,2009-09-25 00:00:00
2363,4c48b00f-c8f6-419c-a5d2-da2b723242e8,Hillstreet Capital Holding GmbH,Private,1,2899.92924,Retail,Rodenbach,Retail,Rodenbach,Hesse,,2022-10-04 00:00:00
2364,4c48b00f-c8f6-419c-a5d2-da2b723242e8,Backerei Burkard GmbH,Private,1,8799.78528,Dev Site,Adelsdorf,Dev Site,Adelsdorf,Bavaria,,2013-08-01 00:00:00
2365,eaf4bf3d-c951-4ad1-b40f-9ac89e8e102a,Stadtwerke Dachau,User/Other,1,4899.88044,Dev Site,Dachau,Dev Site,Dachau,Bavaria,,2013-02-22 00:00:00
2366,4c48b00f-c8f6-419c-a5d2-da2b723242e8,Synergy Bauprojekt GmbH,Private,1,12399.69744,Dev Site,Munich,Dev Site,Munich,Bavaria,,2007-04-25 00:00:00
2367,e27ce0ab-e4d8-4aa2-b8d3-741c26f635e6,020-EPOS GmbH,User/Other,1,2499.939,Office,Castrop-Rauxel,Office,Castrop-Rauxel,North Rhine-Westphalia,,2019-01-30 00:00:00
2368,642b8a25-83d0-4535-97e6-ec9f56627b0e,Shinhan Financial Group,Institutional,1,151996.2912,Industrial,Monchengladbach,Industrial,Monchengladbach,North Rhine-Westphalia,,2019-09-03 00:00:00
2369,1f903631-a219-4de8-a325-3a8b3301efb0,KB Financial Group,Institutional,1,151996.2912,Industrial,Monchengladbach,Industrial,Monchengladbach,North Rhine-Westphalia,KB Securities Co Ltd,2019-09-03 00:00:00
2370,6f8ee8cc-7261-4aec-83bf-22313cb602d4,Capital & Concept,Private,1,17699.4208155083,Industrial,Weyarn,Industrial,Weyarn,Bavaria,,2008-06-15 00:00:00
2371,e27ce0ab-e4d8-4aa2-b8d3-741c26f635e6,Mainsite GmbH & Co.KG,User/Other,1,175994.24060416,Dev Site,Erlenbach am Main,Dev Site; Industrial,Erlenbach am Main,Bavaria,,2020-06-30 00:00:00
2372,4c48b00f-c8f6-419c-a5d2-da2b723242e8,Bien Ries AG,Private,1,8199.6327,Dev Site,Timmendorfer Strand,Dev Site,Timmendorfer Strand,Schleswig-Holstein,,2008-04-15 00:00:00
2373,4c48b00f-c8f6-419c-a5d2-da2b723242e8,Real Invest GmbH,Private,1,2499.939,Retail,Goldbach,Retail,Goldbach,Bavaria,,2018-11-30 00:00:00
2374,6944e006-3ae6-4701-a1cf-38983f330575,Werne Gruppe,Private,1,7499.817,Dev Site,Albbruck,Dev Site,Albbruck,Baden-Wurttemberg,,2015-11-24 00:00:00
2375,4c48b00f-c8f6-419c-a5d2-da2b723242e8,Myslik Bau GmbH,Private,1,7999.8048,Dev Site,Grabenstatt,Dev Site,Grabenstatt,Bavaria,,2019-09-26 00:00:00
2376,4c48b00f-c8f6-419c-a5d2-da2b723242e8,Mieter- und Bauverein Karlsruhe eG,Private,1,10556.7424092,Condo,Eggenstein-Leopoldshafen,Condo,Eggenstein-Leopoldshafen,Baden-Wurttemberg,,2019-12-03 00:00:00
2377,b685ecac-25b8-4d46-90d6-398d48a7d373,White Star RE,Private,1,4699.88532,Dev Site,Cologne,Office; Industrial; Dev Site,Cologne; Moosthenning,North Rhine-Westphalia; Bavaria,AIG/Lincoln,2017-12-08 00:00:00
2378,e27ce0ab-e4d8-4aa2-b8d3-741c26f635e6,Eukalin Spezial-Klebstoff Fabrik GmbH,User/Other,1,2499.939,Industrial,Eschweiler,Industrial,Eschweiler,North Rhine-Westphalia,,2016-01-28 00:00:00
2379,e27ce0ab-e4d8-4aa2-b8d3-741c26f635e6,System 180,User/Other,1,7399.81944,Industrial,Berlin,Industrial,Berlin,Berlin,,2015-03-31 00:00:00
2380,7e8f4c18-8e90-425d-9749-036d7adcb4bc,KerVita Betriebs GmbH,Private,1,3999.9024,Dev Site,Hamburg,Dev Site,Hamburg,Hamburg,,2016-01-04 00:00:00
2381,e27ce0ab-e4d8-4aa2-b8d3-741c26f635e6,FW Krummenerl Westfalische Stahlgesellschaft,User/Other,1,11999.7072,Dev Site,Plettenberg,Dev Site,Plettenberg,North Rhine-Westphalia,,2021-03-31 00:00:00
2382,e27ce0ab-e4d8-4aa2-b8d3-741c26f635e6,Jowat AG,User/Other,1,15999.6096,Dev Site,Detmold,Dev Site,Detmold,North Rhine-Westphalia,,2014-09-30 00:00:00
2383,4c48b00f-c8f6-419c-a5d2-da2b723242e8,Excelsior Immobilien GmbH,Private,1,3559.913136,Office,Hamburg,Office,Hamburg,Hamburg,,2006-12-01 00:00:00
2384,eaf4bf3d-c951-4ad1-b40f-9ac89e8e102a,Städtischen Werke Magdeburg GmbH & Co.KG,User/Other,1,5999.8536,Apartment,Magdeburg,Apartment,Magdeburg,Saxony-Anhalt,,2014-10-23 00:00:00
2385,e2ab456b-4835-4d53-87cd-6af8a93a2db1,Karl H Pepper Real Estate,Institutional,1,7699.81212,Office,Berlin,Office,Berlin,Berlin,,2004-03-01 00:00:00
2386,4c48b00f-c8f6-419c-a5d2-da2b723242e8,Sollstedter Wohnungsbaugesellschaft mbH,Private,1,4583.8881504,Apartment,Sollstedt,Apartment,Sollstedt,Thuringia,,2019-07-15 00:00:00
2387,4c48b00f-c8f6-419c-a5d2-da2b723242e8,Arthrex Medizinische Instrumente GmbH,Private,1,9484.768566,Dev Site,Munich,Dev Site,Munich,Bavaria,,2012-03-01 00:00:00
2388,4c48b00f-c8f6-419c-a5d2-da2b723242e8,Headstream Invest GmbH,Private,1,12799.68768,Office,Munich,Office,Munich,Bavaria,,2024-03-02 00:00:00
2389,eb8e4368-9dc2-44bd-8638-72bc8ab158c4,Group7,User/Other,1,101996.66216832,Dev Site,Oberding,Dev Site,Oberding,Bavaria,,2023-05-10 00:00:00
2390,e27ce0ab-e4d8-4aa2-b8d3-741c26f635e6,Hofmeister GmbH,User/Other,1,34999.146,Industrial,Sindelfingen,Industrial,Sindelfingen,Baden-Wurttemberg,,2010-01-15 00:00:00
2391,4c48b00f-c8f6-419c-a5d2-da2b723242e8,Rheinberg Immobilienprojekte GmbH,Private,1,,Apartment,Rheinberg,Apartment,Rheinberg,North Rhine-Westphalia,,2010-02-24 00:00:00
2392,4638c963-ada4-41ff-8e3e-12403000b736,W5 Group,Institutional,1,5999.8536,Hotel,Frankfurt am Main,Hotel,Frankfurt am Main,Hesse,,2022-01-13 00:00:00
2393,e27ce0ab-e4d8-4aa2-b8d3-741c26f635e6,Akasol AG,User/Other,1,19999.512,Dev Site,Darmstadt,Dev Site,Darmstadt,Hesse,,2019-03-28 00:00:00
2394,0107d9df-385c-428c-a3e1-c4515abefc2f,Lanzerath Hausbau GmbH,Private,1,10999.64003776,Dev Site,Bad Neuenahr-Ahrweiler,Apartment; Dev Site,Bonn; Bad Neuenahr-Ahrweiler,North Rhine-Westphalia; Rhineland-Palatinate,,2020-12-31 00:00:00
2395,4c48b00f-c8f6-419c-a5d2-da2b723242e8,Sagaflor AG,Private,1,6199.84872,Dev Site,Kassel,Dev Site,Kassel,Hesse,,2013-09-04 00:00:00
2396,e27ce0ab-e4d8-4aa2-b8d3-741c26f635e6,Pflanzen-Kolle Gartencenter GmbH,User/Other,1,19999.512,Retail,Hamburg,Retail,Hamburg,Hamburg,,2010-10-28 00:00:00
2397,4c48b00f-c8f6-419c-a5d2-da2b723242e8,Mayland,Private,1,12999.6828,Dev Site,Munster,Dev Site,Munster,North Rhine-Westphalia,,2024-02-16 00:00:00
2398,10900489-9528-40f5-8d94-964a0d619108,Immobel,Private,1,19999.512,Condo,Frankfurt am Main,Condo,Frankfurt am Main,Hesse,,2019-01-21 00:00:00
2399,57a2a993-42ff-4e17-9ede-c0a4de725d55,gsp Stadtebau GmbH,Private,1,76278.138768,Office,Frankfurt am Main,Condo; Office,Frankfurt am Main,Hesse,,2020-06-30 00:00:00
2400,1c4c38e6-d637-45cd-a14a-76afca45b074,Blantyre Capital,Institutional,1,4496.8902732,Hotel,Frankfurt am Main,Hotel,Frankfurt am Main,Hesse,,2021-12-01 00:00:00
2401,f4e6b995-1590-4742-880f-03cc80a62840,PRE Regionalentwicklung Gmbh,Private,1,9499.7682,Dev Site,Saarbrucken,Office; Dev Site,Kaiserslautern; Saarbrucken,Rhineland-Palatinate; Saarland,,2017-04-26 00:00:00
2402,ecf4364f-7f36-402b-a5a6-99b3985c6799,Heidelberger Volksbank,Institutional,1,8519.792112,Office,Heidelberg,Office,Heidelberg,Baden-Wurttemberg,,2020-10-01 00:00:00
2403,4c48b00f-c8f6-419c-a5d2-da2b723242e8,CapitalReal,Private,1,3174.92253,Dev Site,Oldenburg (Oldenburg),Dev Site,Oldenburg (Oldenburg),Lower Saxony,,2024-02-28 00:00:00
2404,4c48b00f-c8f6-419c-a5d2-da2b723242e8,Stein Koordination GmbH,Private,1,4710.3087,Industrial,Bad Kreuznach,Industrial,Bad Kreuznach,Rhineland-Palatinate,,2018-12-31 00:00:00
2405,4c48b00f-c8f6-419c-a5d2-da2b723242e8,Cemagg GmbH,Private,1,9999.756,Dev Site,Weil am Rhein,Dev Site,Weil am Rhein,Baden-Wurttemberg,,2014-10-24 00:00:00
2406,e27ce0ab-e4d8-4aa2-b8d3-741c26f635e6,GOB Software & Systeme GmbH & Co. KG,User/Other,1,10999.7316,Dev Site,Krefeld,Dev Site,Krefeld,North Rhine-Westphalia,,2013-11-19 00:00:00
2407,a3c39dae-6567-405a-9dff-4353f0a72d90,XCMG Group,User/Other,1,15999.6096,Dev Site,Krefeld,Dev Site,Krefeld,North Rhine-Westphalia,,2011-09-15 00:00:00
2408,4c48b00f-c8f6-419c-a5d2-da2b723242e8,Pegasus Grundstucksentwicklung und Beteiligung,Private,1,5053.8766824,Dev Site,Krefeld,Dev Site,Krefeld,North Rhine-Westphalia,,2012-08-15 00:00:00
2409,e27ce0ab-e4d8-4aa2-b8d3-741c26f635e6,ProReServ Professional Retail Service GmbH,User/Other,1,26999.3412,Dev Site,Gelsenkirchen,Dev Site,Gelsenkirchen,North Rhine-Westphalia,,2016-06-06 00:00:00
2410,4c48b00f-c8f6-419c-a5d2-da2b723242e8,Amadeus Gesellschaft für Wohnungsbau mbH,Private,1,5699.86092,Dev Site,Frankfurt am Main,Dev Site,Frankfurt am Main,Hesse,,2011-05-18 00:00:00
2411,e27ce0ab-e4d8-4aa2-b8d3-741c26f635e6,Plan Energie GmbH,User/Other,1,637.554443292,Office,Moers,Office,Moers,North Rhine-Westphalia,,2008-12-15 00:00:00
2412,e27ce0ab-e4d8-4aa2-b8d3-741c26f635e6,Plustek Technology GmbH,User/Other,1,1656.9595692,Industrial,Ahrensburg,Industrial,Ahrensburg,Schleswig-Holstein,,2015-03-25 00:00:00
2413,bd5657ae-402e-4677-a035-dc18a547bcae,BeNe Stiftung,User/Other,1,16999.5852,Other General,Hanover,Other General,Hanover,Lower Saxony,,2023-11-06 00:00:00
2414,4c48b00f-c8f6-419c-a5d2-da2b723242e8,Genesis Macellum Gmbh & Co. KG,Private,1,11149.72794,Industrial,Dresden,Industrial,Dresden,Saxony,,2018-09-03 00:00:00
2415,4c48b00f-c8f6-419c-a5d2-da2b723242e8,Gunther Karl,Private,1,349991.46,Dev Site,Baienfurt,Dev Site,Baienfurt,Baden-Wurttemberg,,2010-08-15 00:00:00
2416,e27ce0ab-e4d8-4aa2-b8d3-741c26f635e6,Herma GmbH,User/Other,1,79998.048,Dev Site,Filderstadt,Dev Site; Industrial,Filderstadt; Stuttgart,Baden-Wurttemberg,,2015-08-04 00:00:00
2417,4c48b00f-c8f6-419c-a5d2-da2b723242e8,doma GmbH Immobilien und Finanzkonzepte,Private,1,7899.80724,Dev Site,Dettingen an der Erms,Dev Site,Dettingen an der Erms,Baden-Wurttemberg,,2015-06-27 00:00:00
2418,d5fae529-3eb4-44de-8cf4-d32fd63368c9,ST Bau Holding,Private,1,46998.8532,Dev Site,Schwandorf,Dev Site; Retail,Schwandorf; Offenbach am Main,Bavaria; Hesse,,2012-05-25 00:00:00
2419,9acce215-0cc5-45a3-b609-1d7fa4ddea4c,Treuhandstelle fur Dauergrabpflege Hessen-Thuringen,Private,1,8031.8040192,Office,Kassel,Office,Kassel,Hesse,,2015-10-05 00:00:00
2420,8eed7dab-ba17-44ee-9dae-9157b1c2c22e,HAVA Kassel,Institutional,1,8031.8040192,Office,Kassel,Office,Kassel,Hesse,,2015-10-05 00:00:00
2421,4c48b00f-c8f6-419c-a5d2-da2b723242e8,Kaiserbad Bansin Hotelbetriebsgesellschaft mbH,Private,1,8799.78528,Hotel,Oberstdorf,Hotel,Oberstdorf,Bavaria,,2015-12-01 00:00:00
2422,4c48b00f-c8f6-419c-a5d2-da2b723242e8,Pflugfelder- und Dr. Vogg-Unternehmensgruppe,Private,1,8199.79992,Dev Site,Stuttgart,Dev Site,Stuttgart,Baden-Wurttemberg,,2014-10-07 00:00:00
2423,4c48b00f-c8f6-419c-a5d2-da2b723242e8,Werner Wohnbau GmbH & Co. KG,Private,1,15256.6277292,Dev Site,Neckargemund,Dev Site,Neckargemund,Baden-Wurttemberg,,2022-09-01 00:00:00
2424,4c48b00f-c8f6-419c-a5d2-da2b723242e8,OH Grundstucksgesellschaft mbH,Private,1,4359.893616,Apartment,Hamburg,Apartment,Hamburg,Hamburg,,2021-12-16 00:00:00
2425,d12c566e-d2db-4134-9512-1517ff75b835,Hans Schütt Immobilien,Private,1,,Apartment,Kiel,Apartment,Hamburg; Kiel; Bad Segeberg,Schleswig-Holstein; Hamburg,,2021-12-16 00:00:00
2426,4c48b00f-c8f6-419c-a5d2-da2b723242e8,Asgard GmbH,Private,1,7999.8048,Dev Site,Mannheim,Dev Site,Mannheim,Baden-Wurttemberg,,2020-03-04 00:00:00
2427,4c48b00f-c8f6-419c-a5d2-da2b723242e8,Dr. Hans Karl Fischer,Private,1,,Hotel,Berlin,Hotel,Berlin,Berlin,,2011-12-31 00:00:00
2428,31b1975f-7667-475c-8405-97de4497e051,Intesa Sanpaolo,Institutional,1,11355.7229136,Industrial,Berlin,Office; Industrial,Berlin,Berlin,Nextra,2011-06-01 00:00:00
2429,d8989f0a-07ae-41ab-97e8-818ca3040f0b,Artmax AB,Private,1,3839.906304,Office,Berlin,Office,Berlin,Berlin,,2021-07-12 00:00:00
2430,a15ddc8f-f5b3-45f0-92fd-f7c6dc28e47e,IHK Berlin,User/Other,1,21999.4632,Office,Berlin,Office,Berlin,Berlin,,2018-01-11 00:00:00
2431,4c48b00f-c8f6-419c-a5d2-da2b723242e8,RS-Wohnbau GmbH,Private,1,2799.93168,Dev Site,Munich,Dev Site,Munich,Bavaria,,2020-03-23 00:00:00
2432,4c48b00f-c8f6-419c-a5d2-da2b723242e8,Gehri SF Bau GmbH,Private,1,7699.81212,Dev Site,Achern,Apartment; Dev Site,Achern,Baden-Wurttemberg,,2023-11-20 00:00:00
2433,4c48b00f-c8f6-419c-a5d2-da2b723242e8,Fehrbelliner Hofe AG,Private,1,16999.5852,Office,Berlin,Apartment; Office,Berlin,Berlin,,2009-12-16 00:00:00
2434,4c48b00f-c8f6-419c-a5d2-da2b723242e8,GAD eG,Private,1,65998.3896,Dev Site,Munster,Dev Site,Munster,North Rhine-Westphalia,,2009-06-15 00:00:00
2435,a9b34b4b-492a-49f2-aae1-706dad36c4fd,mainterra,Private,1,10999.64003776,Dev Site,Offenbach am Main,Dev Site,Offenbach am Main; Frankfurt am Main,Hesse,,2020-01-01 00:00:00
2436,4c48b00f-c8f6-419c-a5d2-da2b723242e8,Select Investments Deutschland GmbH,Private,1,,Seniors Housing & Care,Stollberg/Erzgebei,Seniors Housing & Care; Office,Stollberg/Erzgebei; Frankfurt (Oder),Saxony; Brandenburg,,2020-12-09 00:00:00
2437,abad3be0-aaf7-42e8-ab87-a88e220b0684,Bauverein Gevelsberg eG,User/Other,1,3999.9024,Dev Site,Gevelsberg,Dev Site,Gevelsberg,North Rhine-Westphalia,,2020-05-29 00:00:00
2438,6891ecdc-8c63-4b65-bcf6-dd3cba32fd53,Leonwert,Private,1,,Apartment,Cottbus,Apartment; Seniors Housing & Care,Cottbus; Ketzin/Havel; Biesenthal,Brandenburg,,2022-08-17 00:00:00
2439,4c48b00f-c8f6-419c-a5d2-da2b723242e8,Hamilton Hotel Investors,Private,1,,Hotel,Bad Sobernheim,Hotel,Bad Sobernheim,Rhineland-Palatinate,,2018-07-31 00:00:00
2440,4c48b00f-c8f6-419c-a5d2-da2b723242e8,Dobler Gruppe,Private,1,,Hotel,Schwieberdingen,Hotel,Schwieberdingen,Baden-Wurttemberg,,2014-12-19 00:00:00
2441,e27ce0ab-e4d8-4aa2-b8d3-741c26f635e6,Hans Kaiser,User/Other,1,2199.94632,Industrial,Offenbach am Main,Industrial,Offenbach am Main,Hesse,,2009-08-18 00:00:00
2442,e27ce0ab-e4d8-4aa2-b8d3-741c26f635e6,Mueller die Lila Logistik AG,User/Other,1,35999.1216,Dev Site,Mundelsheim,Dev Site,Mundelsheim,Baden-Wurttemberg,,2011-12-15 00:00:00
2443,e27ce0ab-e4d8-4aa2-b8d3-741c26f635e6,JT Energy Systems,User/Other,1,41998.9752,Industrial,Freiberg,Industrial,Freiberg,Saxony,,2019-08-07 00:00:00
2444,bb06d153-f00e-43c5-9259-23e5b3c1c078,Mitsubishi Estate,Public,1,18574.54677,Office,Unterfohring,Office,Unterfohring,Bavaria,,2017-06-01 00:00:00
2445,4c48b00f-c8f6-419c-a5d2-da2b723242e8,PX Kabel GmbH,Private,1,199995.12,Dev Site,Cottbus,Dev Site,Cottbus,Brandenburg,,2012-01-26 00:00:00
2446,4c48b00f-c8f6-419c-a5d2-da2b723242e8,M. Yamak Motors & Cars,Private,1,863.9789184,Other General,Dusseldorf,Other General,Dusseldorf,North Rhine-Westphalia,,2013-05-02 00:00:00
2447,4c48b00f-c8f6-419c-a5d2-da2b723242e8,Herbrand GmbH,Private,1,32499.207,Dev Site,Krefeld,Dev Site,Krefeld,North Rhine-Westphalia,,2016-07-28 00:00:00
2448,2535730e-00a0-4f33-9ac0-926fe0bb17d6,Baugenossenschaft Besser Genossenschaftlich Wohnen von 2016 eG,User/Other,1,3999.9024,Office,Berlin,Office,Berlin,Berlin,,2022-06-07 00:00:00
2449,aa598663-33a7-4c2d-a427-d844b0e24286,Louis Scheuch GmbH,User/Other,1,30998.98556096,Dev Site,Kassel,Dev Site,Kassel,Hesse,,2021-08-23 00:00:00
2450,4c48b00f-c8f6-419c-a5d2-da2b723242e8,Heitmann Immobilien,Private,1,18399.55104,Dev Site,Kassel,Dev Site,Kassel,Hesse,,2022-11-07 00:00:00
2451,1c4c38e6-d637-45cd-a14a-76afca45b074,OBA VIER Geschlossener Immobilien- und Anlagefonds,Institutional,1,2201.9462712,Office,Filderstadt,Office,Filderstadt,Baden-Wurttemberg,,2002-12-31 00:00:00
2452,4c48b00f-c8f6-419c-a5d2-da2b723242e8,Katharina & Robert Ruthenburg,Private,1,,Hotel,Stuttgart,Hotel,Stuttgart,Baden-Wurttemberg,,2009-10-15 00:00:00
2453,4c48b00f-c8f6-419c-a5d2-da2b723242e8,Kochs Stadthotel e.V.,Private,1,9999.756,Dev Site,Olpe,Dev Site,Olpe,North Rhine-Westphalia,,2020-05-20 00:00:00
2454,e27ce0ab-e4d8-4aa2-b8d3-741c26f635e6,Kube & Kubenz Internationale Speditions- und Logistikgesellschaft mbH & Co. KG,User/Other,1,1699.95852,Industrial,Bergheim,Industrial,Bergheim,North Rhine-Westphalia,,2015-12-31 00:00:00
2455,4c48b00f-c8f6-419c-a5d2-da2b723242e8,GAUKEL Immobilienberatung GmbH,Private,1,1499.9634,Apartment,Kempten (Allgau),Apartment,Kempten (Allgau),Bavaria,,2016-05-09 00:00:00
2456,4c48b00f-c8f6-419c-a5d2-da2b723242e8,Lorenz Haid,Private,1,4530.8894436,Office,Konstanz,Office,Konstanz,Baden-Wurttemberg,,2009-12-30 00:00:00
2457,80f6d37b-180e-444e-9cfe-77f5364f4506,LAGRANDE Group,Private,1,17599.57056,Apartment,Berlin,Apartment,Berlin,Berlin,,2016-10-17 00:00:00
2458,e3772f93-08c8-4b78-b76f-4168a5bb8dd7,Universalbau Weiden,Private,1,8499.7926,Retail,Wesseling,Retail,Wesseling,North Rhine-Westphalia,,2008-12-15 00:00:00
2459,124e6f6b-69fa-4c8f-8460-29a68873873f,Haribo,User/Other,1,299990.182848,Dev Site,Grafschaft,Dev Site,Kiel; Bonn; Grafschaft,Schleswig-Holstein; North Rhine-Westphalia; Rhineland-Palatinate,,2016-09-15 00:00:00
2460,4c48b00f-c8f6-419c-a5d2-da2b723242e8,PRE GmbH,Private,1,10999.7316,Apartment,Kaiserslautern,Apartment,Kaiserslautern,Rhineland-Palatinate,,2010-05-15 00:00:00
2461,e27ce0ab-e4d8-4aa2-b8d3-741c26f635e6,ARRI Media,User/Other,1,8299.79748,Industrial,Brannenburg,Industrial,Brannenburg,Bavaria,,2020-09-09 00:00:00
2462,4c48b00f-c8f6-419c-a5d2-da2b723242e8,BoB Immobilienkonzepte GmbH,Private,1,6548.8402044,Industrial,Berlin,Industrial,Berlin,Berlin,,2018-12-01 00:00:00
2463,4c48b00f-c8f6-419c-a5d2-da2b723242e8,Objekt Gesellschaft ECE - Familie Otto,Private,1,10399.74624,Retail,Cologne,Retail,Cologne,North Rhine-Westphalia,,2011-07-15 00:00:00
2464,eaf4bf3d-c951-4ad1-b40f-9ac89e8e102a,City of Griesheim,User/Other,1,99997.56,Dev Site,Darmstadt,Dev Site,Darmstadt,Hesse,,2020-08-19 00:00:00
2465,4c48b00f-c8f6-419c-a5d2-da2b723242e8,Bildungszentrum des Hessischen Handels GmbH,Private,1,3199.92192,Office,Frankfurt am Main,Office,Frankfurt am Main,Hesse,,2011-06-22 00:00:00
2466,69814ecf-dffc-4b3c-b468-00da0577d67c,TNT Logistics,,1,59998.536,Dev Site,Langenhagen,Dev Site; Industrial,Langenhagen; Leonberg,Lower Saxony; Baden-Wurttemberg,TNT Express,2011-11-15 00:00:00
2467,4c48b00f-c8f6-419c-a5d2-da2b723242e8,energy4future,Private,1,44998.902,Dev Site,Janschwalde,Dev Site,Janschwalde,Brandenburg,,2022-03-18 00:00:00
2468,4c48b00f-c8f6-419c-a5d2-da2b723242e8,SGI Entwicklung mbH,Private,1,4419.892152,Apartment,Neustadt an der Weinstrasse,Apartment,Neustadt an der Weinstrasse,Rhineland-Palatinate,,2017-01-02 00:00:00
2469,4c48b00f-c8f6-419c-a5d2-da2b723242e8,"BDSK Handels GmbH, Würzburg",Private,1,19999.512,Dev Site,Baden-Baden,Dev Site,Baden-Baden,Baden-Wurttemberg,,2013-03-08 00:00:00
2470,e27ce0ab-e4d8-4aa2-b8d3-741c26f635e6,Hymmen GmbH,User/Other,1,49998.78,Dev Site,Halle (Westf.),Dev Site,Halle (Westf.),North Rhine-Westphalia,,2014-02-28 00:00:00
2471,e27ce0ab-e4d8-4aa2-b8d3-741c26f635e6,Hans Segmuller Polstermöbelfabrik GmbH & Co. KG,User/Other,1,4903.8803424,Retail,Nuremberg,Retail,Nuremberg,Bavaria,,2014-03-04 00:00:00
2472,4c48b00f-c8f6-419c-a5d2-da2b723242e8,Henrich Immobilien GmbH,Private,1,1499.9634,Office,Bonn,Office,Bonn,North Rhine-Westphalia,,2012-04-05 00:00:00
2473,39102ec5-548d-406a-adbf-695c7a99c29e,Hanseatisches Bau Kontor,Private,1,,Hotel,Glucksburg (Ostsee),Hotel,Glucksburg (Ostsee),Schleswig-Holstein,,2010-10-15 00:00:00
2474,4c48b00f-c8f6-419c-a5d2-da2b723242e8,Fordestrasse 48 GbR,Private,1,6999.8292,Dev Site,Flensburg,Dev Site,Flensburg,Schleswig-Holstein,,2013-12-31 00:00:00
2475,4c48b00f-c8f6-419c-a5d2-da2b723242e8,Woba Wohnungsbaugesellschaft,Private,1,19999.512,Dev Site,Flensburg,Dev Site,Flensburg,Schleswig-Holstein,,2012-10-01 00:00:00
2476,8b02d3cb-6aa1-410d-bb5f-0274f24d71c1,Protea Care GmbH,Private,1,9299.77308,Dev Site,Herne,Seniors Housing & Care; Dev Site,Herne,North Rhine-Westphalia,,2020-05-18 00:00:00
2477,e27ce0ab-e4d8-4aa2-b8d3-741c26f635e6,Jam Container Logistik GmbH,User/Other,1,8849.78406,Dev Site,Hamburg,Dev Site,Hamburg,Hamburg,,2013-11-05 00:00:00
2478,4de340bb-a05f-4e7a-ad9c-66236cb5f82a,Hamburger Volksbank,Institutional,1,4639.886784,Office,Hamburg,Office,Hamburg,Hamburg,,2020-08-13 00:00:00
2479,9acce215-0cc5-45a3-b609-1d7fa4ddea4c,Aloys & Brigitte Coppenrath Stiftung,Private,1,245993.9976,Dev Site,Osnabruck,Dev Site,Osnabruck,Lower Saxony,,2019-07-15 00:00:00
2480,e27ce0ab-e4d8-4aa2-b8d3-741c26f635e6,Sorbus GmbH,User/Other,1,124996.95,Dev Site,Fredersdorf-Vogelsdorf,Dev Site,Fredersdorf-Vogelsdorf,Brandenburg,,2018-10-23 00:00:00
2481,4c48b00f-c8f6-419c-a5d2-da2b723242e8,München 1. Projekt GmbH & Co. KG,Private,1,4129.899228,Dev Site,Munich,Dev Site,Munich,Bavaria,,2014-09-17 00:00:00
2482,eaf4bf3d-c951-4ad1-b40f-9ac89e8e102a,Stadtwerke Bad Vilbel GmbH,User/Other,1,2220.9458076,Retail,Bad Vilbel,Retail,Bad Vilbel,Hesse,,2015-03-10 00:00:00
2483,c9ce5159-c22c-474d-8277-f6868fa61a2f,Franconia 08 GmbH & Co,Private,1,849.97926,Office,Wiesbaden,Office,Wiesbaden,Hesse,,2008-08-26 00:00:00
2484,4c48b00f-c8f6-419c-a5d2-da2b723242e8,GIH GmbH,Private,1,6799.83408,Dev Site,Heusenstamm,Dev Site,Heusenstamm,Hesse,,2020-12-01 00:00:00
2485,eaf4bf3d-c951-4ad1-b40f-9ac89e8e102a,City of Grundau,User/Other,1,1039.974624,Retail,Grundau,Retail,Grundau,Hesse,,2020-03-25 00:00:00
2486,4c48b00f-c8f6-419c-a5d2-da2b723242e8,KE Tennis GmbH & Co. KG,Private,1,57998.5848,Dev Site,Hochheim am Main,Dev Site,Hochheim am Main,Hesse,,2020-03-01 00:00:00
2487,4c48b00f-c8f6-419c-a5d2-da2b723242e8,Treuhandverwaltung IGEMET GmbH,Private,1,3949.90362,Office,Hochheim am Main,Office,Hochheim am Main,Hesse,,2014-12-31 00:00:00
2488,4c48b00f-c8f6-419c-a5d2-da2b723242e8,Primus Vermogensverwaltungs GmbH,Private,1,4329.894348,Office,Eschborn,Office,Eschborn,Hesse,,2021-01-14 00:00:00
2489,4c48b00f-c8f6-419c-a5d2-da2b723242e8,Tantum Real Estate Group,Private,1,4329.894348,Office,Eschborn,Office,Eschborn,Hesse,,2021-01-14 00:00:00
2490,e27ce0ab-e4d8-4aa2-b8d3-741c26f635e6,Ziegler Gabelstapler GmbH,User/Other,1,16499.5974,Dev Site,Augsburg,Dev Site,Augsburg,Bavaria,,2015-03-01 00:00:00
2491,4c67be02-c7dc-4708-805a-b012d291a4ba,Merck,User/Other,1,37499.085,Office,Darmstadt,Office,Darmstadt,Hesse,,2012-12-31 00:00:00
2492,e27ce0ab-e4d8-4aa2-b8d3-741c26f635e6,MHK Group,User/Other,1,29999.268,Dev Site,Dreieich,Dev Site,Dreieich,Hesse,,2013-01-15 00:00:00
2493,117ddfd3-fcba-4819-b72f-d3a43307e30f,Helvetia Swiss Insurance,Institutional,1,4369.893372,Office,Berlin,Office,Berlin,Berlin,Helvetia Anlagestiftung,2021-01-15 00:00:00
2494,69477ec3-bddc-4290-86a0-00d7ab50c1e5,Netze BW GmbH,Private,1,36999.0972,Industrial,Muhlhausen,Industrial,Muhlhausen,Baden-Wurttemberg,,2024-05-27 00:00:00
2495,4bd55696-1aa3-41e5-80ca-5a394102d0c3,Titan Invest,Private,1,1209.970476,Retail,Regensburg,Retail,Regensburg,Bavaria,,2023-01-26 00:00:00
2496,4c48b00f-c8f6-419c-a5d2-da2b723242e8,LP Investment GmbH,Private,1,5299.87068,Dev Site,Bonn,Dev Site,Bonn,North Rhine-Westphalia,,2020-10-09 00:00:00
2497,bd5657ae-402e-4677-a035-dc18a547bcae,Bosch Stiftung,User/Other,1,3449.91582,Office,Berlin,Office,Berlin,Berlin,,2011-06-01 00:00:00
2498,4c48b00f-c8f6-419c-a5d2-da2b723242e8,Dafode S.A.,Private,1,1795.9561776,Office,Berlin,Office,Berlin,Berlin,,2013-12-03 00:00:00
2499,4c48b00f-c8f6-419c-a5d2-da2b723242e8,Jens Graaf,Private,1,4449.89142,Dev Site,Aachen,Dev Site,Aachen,North Rhine-Westphalia,,2016-04-01 00:00:00
2500,e27ce0ab-e4d8-4aa2-b8d3-741c26f635e6,eesy-ic GmbH,User/Other,1,3799.90728,Office,Erlangen,Office,Erlangen,Bavaria,,2016-10-13 00:00:00
2501,eaf4bf3d-c951-4ad1-b40f-9ac89e8e102a,Versorgungsanstalt des Bundes und der Länder,User/Other,1,13052.6815068,Apartment,Berlin,Apartment,Berlin,Berlin,,2011-12-01 00:00:00
2502,e27ce0ab-e4d8-4aa2-b8d3-741c26f635e6,Gefro Service GmbH,User/Other,1,13199.67792,Industrial,Memmingen,Industrial,Memmingen,Bavaria,,2023-05-04 00:00:00
2503,e27ce0ab-e4d8-4aa2-b8d3-741c26f635e6,Customcells Itzehoe GmbH,User/Other,1,10250.7498756,Dev Site,Itzehoe,Dev Site,Itzehoe,Schleswig-Holstein,,2022-07-14 00:00:00
2504,bd5657ae-402e-4677-a035-dc18a547bcae,Selbstbaugenossenschaft Berlin e.V.,User/Other,1,2799.93168,Dev Site,Berlin,Dev Site,Berlin,Berlin,,2013-04-06 00:00:00
2505,4c48b00f-c8f6-419c-a5d2-da2b723242e8,Dresdner Gewerbehofgesellschaft (DGH),Private,1,5999.80365696,Dev Site,Dresden,Dev Site,Dresden,Saxony,,2020-12-01 00:00:00
2506,e27ce0ab-e4d8-4aa2-b8d3-741c26f635e6,Forever Living Products,User/Other,1,749.9817,Retail,Munich,Retail,Munich,Bavaria,,2009-06-01 00:00:00
2507,e27ce0ab-e4d8-4aa2-b8d3-741c26f635e6,Thinkstore24.de IT-Remarketing GmbH,User/Other,1,5999.8536,Industrial,Mulheim an der Ruhr,Industrial,Mulheim an der Ruhr,North Rhine-Westphalia,,2021-10-05 00:00:00
2508,e27ce0ab-e4d8-4aa2-b8d3-741c26f635e6,Deubl Alpha GmbH,User/Other,1,,Dev Site,Munich,Dev Site,Munich,Bavaria,,2013-11-29 00:00:00
2509,4c48b00f-c8f6-419c-a5d2-da2b723242e8,Classic Bautreuhand GmbH & Co. KG,Private,1,36799.10208,Dev Site,Munich,Dev Site,Munich,Bavaria,,2017-03-06 00:00:00
2510,4c48b00f-c8f6-419c-a5d2-da2b723242e8,Mohammad Omar Bin Haider Group,Private,1,8942.707285,Hotel,Oberding,Hotel,Oberding,Bavaria,,2017-09-19 00:00:00
2511,e27ce0ab-e4d8-4aa2-b8d3-741c26f635e6,Timberjacks Holding GmbH,User/Other,1,6699.780750272,Dev Site,Siegen,Dev Site,Siegen,North Rhine-Westphalia,,2018-12-01 00:00:00
2512,4c48b00f-c8f6-419c-a5d2-da2b723242e8,Stoffel Holding Gmbh,Private,1,4499.8902,Retail,Kempten (Allgau),Retail,Kempten (Allgau),Bavaria,,2010-10-30 00:00:00
2513,d51dc232-98c3-46dc-9f73-c14990ff4889,Frank Hoffmann Immobilien GmBH,Private,1,699.98292,Office,Kaltenkirchen,Office,Kaltenkirchen,Schleswig-Holstein,,2012-03-20 00:00:00
2514,e27ce0ab-e4d8-4aa2-b8d3-741c26f635e6,Kleinlogel Rohe Usai Grundstücks GbR,User/Other,1,1999.9512,Office,Herne,Office,Herne,North Rhine-Westphalia,,2020-01-24 00:00:00
2515,4c48b00f-c8f6-419c-a5d2-da2b723242e8,Steinberg Hinkel Projektentwicklung,Private,1,2499.939,Dev Site,Wiesbaden,Dev Site,Wiesbaden,Hesse,,2023-07-06 00:00:00
2516,fb7291b7-e4c3-4602-b5e7-d7c037249d90,Raffay Unternehmensverbund,Private,1,,Office,Erfurt,Retail; Office,Hamburg; Erfurt,Hamburg; Thuringia,,2011-12-30 00:00:00
2517,4c48b00f-c8f6-419c-a5d2-da2b723242e8,GWRE Objekt Germering 1 GmbH & Co. KG,Private,1,,Office,Hamburg,Office,Hamburg,Hamburg,,2016-10-10 00:00:00
2518,4c48b00f-c8f6-419c-a5d2-da2b723242e8,Wurzburger Wohnungsbaugesellschaft (WuWoBau),Private,1,932.9772348,Apartment,Wurzburg,Apartment,Wurzburg,Bavaria,,2014-12-10 00:00:00
2519,4c48b00f-c8f6-419c-a5d2-da2b723242e8,SOS Kinderdorf,Private,1,1599.96096,Office,Bremen,Office,Bremen,Bremen,,2010-01-09 00:00:00
2520,efb916db-9bfd-4170-8f8b-ba6696e476e5,Jacob Holding GmbH,Private,1,6999.8292,Industrial,Essen,Retail; Industrial,Bottrop; Essen,North Rhine-Westphalia,,2022-03-24 00:00:00
2521,c8501a31-82dc-4bce-b21d-5aff01012f95,WuXi Biologics,User/Other,1,28598.3021844,Industrial,Wuppertal,Industrial,Wuppertal,North Rhine-Westphalia,,2021-05-07 00:00:00
2522,e27ce0ab-e4d8-4aa2-b8d3-741c26f635e6,Ardex,User/Other,1,16999.5852,Dev Site,Witten,Dev Site,Witten,North Rhine-Westphalia,,2016-11-15 00:00:00
2523,e27ce0ab-e4d8-4aa2-b8d3-741c26f635e6,GBS gemeinnützige ambulante Dienste Unna,User/Other,1,,Seniors Housing & Care,Unna,Seniors Housing & Care,Unna,North Rhine-Westphalia,,2013-05-07 00:00:00
2524,9e08eef9-2be7-4800-be72-7599504afca7,Bremer Anlagenberatungsgesellschaft mbH,Private,1,9999.756,Retail,Hamm,Retail,Hamm,North Rhine-Westphalia,,2010-03-01 00:00:00
2525,4c48b00f-c8f6-419c-a5d2-da2b723242e8,Renaissance AG,Private,1,3249.9207,Apartment,Wuppertal,Apartment,Wuppertal,North Rhine-Westphalia,,2018-05-17 00:00:00
2526,3e6b1ba7-8150-4255-bb63-a23d13c8a9f2,Studierendenwerk Dusseldorf,User/Other,1,3849.90606,Dev Site,Kamp-Lintfort,Dev Site; Apartment,Kamp-Lintfort; Krefeld,North Rhine-Westphalia,,2024-01-22 00:00:00
2527,4c48b00f-c8f6-419c-a5d2-da2b723242e8,mo.studio project GmbH,Private,1,42168.971052,Dev Site,Kamp-Lintfort,Dev Site,Kamp-Lintfort,North Rhine-Westphalia,,2021-12-31 00:00:00
2528,d55fdf16-8920-4200-a683-e49ba2c1485f,Outletcity AG,Private,1,59998.536,Dev Site,Metzingen,Dev Site; Office,Metzingen; Stuttgart; Bielefeld,Baden-Wurttemberg; North Rhine-Westphalia,Holy AG,2012-09-01 00:00:00
2529,4c48b00f-c8f6-419c-a5d2-da2b723242e8,Jenawohnen GmbH,Private,1,15499.6218,Dev Site,Jena,Dev Site,Jena,Thuringia,,2010-11-10 00:00:00
2530,4c48b00f-c8f6-419c-a5d2-da2b723242e8,Wieslaw Puzia,Private,1,,Hotel,Braunschweig,Hotel,Braunschweig,Lower Saxony,,2014-06-30 00:00:00
2531,4c48b00f-c8f6-419c-a5d2-da2b723242e8,Josef Zimmermann,Private,1,2499.939,Dev Site,Mechernich,Dev Site,Mechernich,North Rhine-Westphalia,,2015-12-03 00:00:00
2532,e27ce0ab-e4d8-4aa2-b8d3-741c26f635e6,Firma Lange GmbH,User/Other,1,24999.39,Dev Site,Quickborn,Dev Site,Quickborn,Schleswig-Holstein,,2012-08-15 00:00:00
2533,0168f0f4-a173-4911-a4c7-94543692d113,Berner Group,Private,1,1519.962912,Apartment,Berlin,Dev Site; Apartment,Berlin,Berlin,,2022-11-03 00:00:00
2534,ba63e4b4-c9b4-4025-83b9-b65a683a794b,Groupe Bertrand,User/Other,1,21299.48028,Dev Site,Monsheim,Dev Site,Monsheim; Kosching,Baden-Wurttemberg; Bavaria,,2019-10-07 00:00:00
2535,21ef5cce-ad7f-4b51-af94-f6a27fdd04e0,MAB Projektentwicklung,Private,1,79997.3820928,Dev Site,Werl,Hotel; Office; Dev Site,Berlin; Frankfurt am Main; Werl,Berlin; Hesse; North Rhine-Westphalia,,2013-03-22 00:00:00
2536,657fdc47-03b7-464b-9326-8ada7efa6bc7,TBNY Private Equity Fonds,Institutional,1,4999.83638856166,Office,Berlin,Office,Berlin,Berlin,,2007-05-15 00:00:00
2537,4c48b00f-c8f6-419c-a5d2-da2b723242e8,Hotel Tübingen Besitz GmbH,Private,1,999.9756,Dev Site,Tubingen,Dev Site,Tubingen,Baden-Wurttemberg,,2014-07-18 00:00:00
2538,4c48b00f-c8f6-419c-a5d2-da2b723242e8,Friedrichstrasse Berlin (Zurich) AG,Private,1,5630.8626036,Office,Berlin,Office,Berlin,Berlin,,2022-01-21 00:00:00
2539,4c48b00f-c8f6-419c-a5d2-da2b723242e8,Ungricht Holschbach Immobilien GmbH,Private,1,2636.9356572,Retail,Velbert,Retail,Velbert,North Rhine-Westphalia,,2022-11-01 00:00:00
2540,e27ce0ab-e4d8-4aa2-b8d3-741c26f635e6,taz Verlags u Vertriebs GmbH,User/Other,1,1359.966816,Dev Site,Berlin,Dev Site,Berlin,Berlin,,2014-12-08 00:00:00
2541,82bfca99-a67d-4fdd-aae1-66bb9e3416bf,City of Heppenheim,User/Other,1,,Apartment,Heppenheim (Bergstrasse),Apartment,Heppenheim (Bergstrasse),Hesse,,2014-06-10 00:00:00
2542,0f71678a-c7ca-484e-9631-ed0c59e0c788,City of Velbert,User/Other,1,14499.6462,Retail,Velbert,Retail; Dev Site; Office,Velbert,North Rhine-Westphalia,,2023-03-01 00:00:00
2543,483a4dbc-ae49-4fb2-bea5-4d64a322b897,BIAG Gruppe,Private,1,8699.78772,Office,Dresden,Office,Dresden,Saxony,,2007-11-30 00:00:00
2544,5cf289b2-e8c7-4fb2-8eff-fa49bc64b28c,Vontobel Group,Institutional,1,6099.85116,Office,Wuppertal,Office,Wuppertal,North Rhine-Westphalia,,2018-06-05 00:00:00
2545,e32fb958-3a12-4413-9b6e-603f38fbb20b,Hyundai Motor,User/Other,1,52998.7068,Office,Dusseldorf,Office,Dusseldorf,North Rhine-Westphalia,HMC Investment Securities,2017-11-16 00:00:00
2546,b6b7fb4a-350f-4af8-b8b1-d89147c119d3,STJO,Institutional,1,4799.842933,Office,Berlin,Apartment; Office,Berlin,Berlin,,2012-09-01 00:00:00
2547,4c48b00f-c8f6-419c-a5d2-da2b723242e8,MMZ Real Estate,Private,1,756.9815292,Dev Site,Dresden,Dev Site; Seniors Housing & Care,Dresden; Eschborn,Saxony; Hesse,,2014-12-31 00:00:00
2548,4c48b00f-c8f6-419c-a5d2-da2b723242e8,Hanseatische Grundbesitz GmbH,Private,1,3799.90728,Dev Site,Langeoog,Dev Site,Langeoog,Lower Saxony,,2012-11-07 00:00:00
2549,4c48b00f-c8f6-419c-a5d2-da2b723242e8,HPV Hollmann & Partner,Private,1,5679.861408,Office,Hamburg,Office,Hamburg,Hamburg,,2013-06-15 00:00:00
2550,cff3e7a5-92de-4c13-922a-5fe04284a299,Rialto Capital AG,Private,1,21999.4632,Dev Site,Dusseldorf,Retail; Dev Site; Office,Dusseldorf; Haan; Essen,North Rhine-Westphalia,,2024-04-18 00:00:00
2551,d8a0a501-1cce-4910-b009-f3f8b03ddab7,StoneCap Partners,Institutional,1,8499.7926,Office,Stuttgart,Office,Stuttgart,Baden-Wurttemberg,,2021-07-30 00:00:00
2552,4c48b00f-c8f6-419c-a5d2-da2b723242e8,Bernis,Private,1,8799.78528,Dev Site,Hassloch,Dev Site,Hassloch,Rhineland-Palatinate,,2019-07-31 00:00:00
2553,84b3c744-7e23-4d92-8ed6-e714e2be2975,Fineline,Private,1,1862.939493,Apartment,Berlin,Apartment,Berlin,Berlin,,2007-06-26 00:00:00
2554,e27ce0ab-e4d8-4aa2-b8d3-741c26f635e6,NetterVibration,User/Other,1,11999.7072,Dev Site,Wiesbaden,Dev Site,Wiesbaden,Hesse,,2018-06-30 00:00:00
2555,28d774ed-afb8-41f0-a00f-4d709c360c10,Targobank,Institutional,1,1603.9608624,Dev Site,Duisburg,Office; Dev Site,Dusseldorf; Duisburg,North Rhine-Westphalia,,2024-02-07 00:00:00
2556,9acce215-0cc5-45a3-b609-1d7fa4ddea4c,Horizont Jutta Speidel-Stiftung,Private,1,3142.9233108,Dev Site,Munich,Dev Site,Munich,Bavaria,,2016-09-09 00:00:00
2557,e27ce0ab-e4d8-4aa2-b8d3-741c26f635e6,IAV GmbH Ingenieurgesellschaft Auto und Verkehr,User/Other,1,6399.84384,Dev Site,Sindelfingen,Dev Site,Sindelfingen,Baden-Wurttemberg,,2013-08-23 00:00:00
2558,e27ce0ab-e4d8-4aa2-b8d3-741c26f635e6,B+S GmbH Logistik und Dienstleistungen,User/Other,1,14499.6462,Industrial,Bielefeld,Industrial,Bielefeld,North Rhine-Westphalia,,2013-03-01 00:00:00
2559,73d7eddf-4bcb-47de-8b2e-e33fbda66c4b,UPS,User/Other,1,24999.39,Industrial,Bielefeld,Industrial; Dev Site,Bielefeld; Herford,North Rhine-Westphalia,,2016-07-21 00:00:00
2560,bc150630-94b9-4999-b64c-aabd82a47701,Lindner Group KG,User/Other,1,8312.7971628,Office,Leipzig,Office,Leipzig,Saxony,,2015-07-01 00:00:00
2561,e27ce0ab-e4d8-4aa2-b8d3-741c26f635e6,Novidion GmbH,User/Other,1,1239.969744,Industrial,Cologne,Industrial,Cologne,North Rhine-Westphalia,,2013-12-02 00:00:00
2562,73745b91-aac0-4515-bd6b-7e905435cb5b,Koerfer Gruppe,Private,1,10999.7316,Office,Essen,Industrial; Office,Neuss; Essen,North Rhine-Westphalia,,2019-11-21 00:00:00
2563,4f79436e-1712-49bd-a60c-9411dfacbf7f,Reafina AG,Private,1,11999.7072,Office,Hamburg,Office,Hamburg,Hamburg,,2020-09-30 00:00:00
2564,b589d658-bcf5-4e4a-a3af-5ad38deaf2d3,IDEM Haus GmbH,Private,1,12499.695,Office,Hamburg,Office,Hamburg,Hamburg,,2009-12-15 00:00:00
2565,4c48b00f-c8f6-419c-a5d2-da2b723242e8,RMT Immobilien,Private,1,1999.9512,Dev Site,Essen,Dev Site,Essen,North Rhine-Westphalia,,2013-07-15 00:00:00
2566,4c48b00f-c8f6-419c-a5d2-da2b723242e8,BSB I BV & Co KG,Private,1,5417.8678008,Retail,Springe,Retail,Springe,Lower Saxony,,2006-05-01 00:00:00
2567,03ecd429-e875-4aa9-8566-a5b9a0b38700,GS Schenk,Private,1,13999.54186624,Dev Site,,Dev Site,,Bavaria,,2014-08-19 00:00:00
2568,e27ce0ab-e4d8-4aa2-b8d3-741c26f635e6,Hoefer & Sohn,User/Other,1,28999.2924,Dev Site,Furth,Dev Site,Furth,Bavaria,,2017-04-19 00:00:00
2569,e27ce0ab-e4d8-4aa2-b8d3-741c26f635e6,Carl Roth GmbH,User/Other,1,24999.39,Dev Site,Karlsruhe,Dev Site,Karlsruhe,Baden-Wurttemberg,,2019-01-01 00:00:00
2570,4c48b00f-c8f6-419c-a5d2-da2b723242e8,Humberg family office,Private,1,2887.9295328,Office,Hanover,Office,Hanover,Lower Saxony,,2016-01-18 00:00:00
2571,0121613e-b3f3-44f1-b639-25c3580ca840,Rahlfs Immobilien GmbH,Private,1,,Retail,,Retail; Office,Dietzenbach; Hanover; Wolfsburg,Lower Saxony; Hesse,,2020-01-13 00:00:00
2572,4c48b00f-c8f6-419c-a5d2-da2b723242e8,WU Wohnungsunternehmen,Private,1,999.9756,Dev Site,Munich,Dev Site,Munich,Bavaria,,2014-06-01 00:00:00
2573,4c48b00f-c8f6-419c-a5d2-da2b723242e8,EJL Wohnbau GmbH,Private,1,8999.7804,Dev Site,Hechingen,Dev Site,Hechingen,Baden-Wurttemberg,,2015-09-11 00:00:00
2574,e27ce0ab-e4d8-4aa2-b8d3-741c26f635e6,Hanenkamp Group,User/Other,1,159994.7641856,Dev Site,Wardenburg,Dev Site,Wardenburg,Lower Saxony,,2014-08-31 00:00:00
2575,eaf4bf3d-c951-4ad1-b40f-9ac89e8e102a,District of Ravensburg,User/Other,1,19999.512,Office,Ravensburg,Office,Ravensburg,Baden-Wurttemberg,,2012-06-25 00:00:00
2576,4c48b00f-c8f6-419c-a5d2-da2b723242e8,IW Invest Funf GmbH,Private,1,7878.8077524,Industrial,Potsdam,Industrial,Potsdam,Brandenburg,,2023-09-04 00:00:00
2577,4c48b00f-c8f6-419c-a5d2-da2b723242e8,Horst Martin,Private,1,2999.9268,Dev Site,Gotha,Dev Site,Gotha,Thuringia,,2013-09-04 00:00:00
2578,e27ce0ab-e4d8-4aa2-b8d3-741c26f635e6,Medizintechnik Weinmann,User/Other,1,3499.9146,Dev Site,Hamburg,Dev Site,Hamburg,Hamburg,,2020-06-23 00:00:00
2579,4c48b00f-c8f6-419c-a5d2-da2b723242e8,Praevius Projektentwicklung GmbH,Private,1,34999.146,Dev Site,Westerstede,Dev Site,Westerstede,Lower Saxony,,2012-07-28 00:00:00
2580,4c48b00f-c8f6-419c-a5d2-da2b723242e8,FZ Mering GmbH,Private,1,2699.93412,Retail,Mering,Retail,Mering,Bavaria,,2020-02-19 00:00:00
2581,5e1f525f-b332-45eb-a26e-d89d843db146,Jan Rickel Bautrager,Private,1,8349.79626,Dev Site,Bingen am Rhein,Dev Site,Bingen am Rhein,Rhineland-Palatinate,,2019-06-30 00:00:00
2582,4c48b00f-c8f6-419c-a5d2-da2b723242e8,Evcon GmbH,Private,1,9999.756,Dev Site,Krailling,Dev Site,Krailling,Bavaria,,2011-06-17 00:00:00
2583,eaf4bf3d-c951-4ad1-b40f-9ac89e8e102a,City of Lenggries,User/Other,1,122996.9988,Dev Site,Lenggries,Dev Site,Lenggries,Bavaria,,2016-02-14 00:00:00
2584,e27ce0ab-e4d8-4aa2-b8d3-741c26f635e6,Holzhandel Alwin Hohne GmbH,User/Other,1,14999.634,Dev Site,Nohra,Dev Site,Nohra,Thuringia,,2015-01-15 00:00:00
2585,e27ce0ab-e4d8-4aa2-b8d3-741c26f635e6,Deutsche Doka Schalungstechnik GmbH,User/Other,1,113996.26948224,Dev Site,Apolda,Dev Site,Nohra; Apolda,Thuringia,,2015-01-15 00:00:00
2586,4c48b00f-c8f6-419c-a5d2-da2b723242e8,Hans-Werner Rathjens,Private,1,7399.81944,Dev Site,Barmstedt,Dev Site,Barmstedt,Schleswig-Holstein,,2016-06-17 00:00:00
2587,63631c3e-f7b7-4769-be1c-2d9f7798f9a4,The Apartment Shop,Private,1,26999.3412,Dev Site,Neu-Isenburg,Dev Site,Neu-Isenburg,Hesse,,2012-10-30 00:00:00
2588,e5f3ee59-e0bb-45d0-bf51-4f57053bc1b7,CD Beteiligungs- und Grundbesitz GmbH,Private,1,,Apartment,Dresden,Apartment,Dresden,Saxony,,2009-01-14 00:00:00
2589,3555db89-a3eb-45ce-a44c-2e7b2325c461,entrepreneur from Krefeld,<unknown>,1,402.9901668,Apartment,Duisburg,Apartment,Duisburg,North Rhine-Westphalia,,2010-01-13 00:00:00
2590,aad75c7d-ec46-4f11-a80d-851614fc2a22,Konversionsraum Alb,User/Other,1,508781.5854264,Dev Site,Messstetten,Dev Site,Messstetten,Baden-Wurttemberg,,2023-09-15 00:00:00
2591,4c48b00f-c8f6-419c-a5d2-da2b723242e8,Nowinta Real Estate,Private,1,2699.93412,Dev Site,Nuremberg,Dev Site,Nuremberg,Bavaria,,2022-07-08 00:00:00
2592,4c48b00f-c8f6-419c-a5d2-da2b723242e8,Hazy & Associates,Private,1,19999.512,Dev Site,Essen,Dev Site,Essen,North Rhine-Westphalia,,2010-08-09 00:00:00
2593,90354006-101c-4a0c-8b26-a897e426f056,Michelin,User/Other,1,69997.7093312,Dev Site,Bad Kreuznach,Dev Site,Bad Kreuznach,Rhineland-Palatinate,,2014-12-16 00:00:00
2594,2ef72f8e-075a-4258-a02e-8bb888690e2d,Carloft,Private,1,5684.861286,Dev Site,Frankfurt am Main,Dev Site,Frankfurt am Main,Hesse,,2018-06-14 00:00:00
2595,4c48b00f-c8f6-419c-a5d2-da2b723242e8,KuW Bautraegerges.,Private,1,1999.9512,Office,Munich,Office,Munich,Bavaria,,2011-10-04 00:00:00
2596,4c48b00f-c8f6-419c-a5d2-da2b723242e8,Mann Immobilien-Verwaltung,Private,1,11463.7202784,Office,Munich,Office,Munich,Bavaria,,2022-06-30 00:00:00
2597,dfc26914-47ba-45f5-91ed-cd1827f299ae,Frey Gruppe,User/Other,1,9999.756,Retail,Weiden in der OPf.,Retail,Weiden in der OPf.,Bavaria,,2011-09-15 00:00:00
2598,4c48b00f-c8f6-419c-a5d2-da2b723242e8,Horst Wittfeld Handelsgesellschaft mbH,Private,1,34998.854294,Industrial,Krefeld,Industrial,Krefeld,North Rhine-Westphalia,,2008-07-15 00:00:00
2599,fce6827a-1fc5-4c1a-ad2e-ea3f91f9a346,Taurecon Real Estate,Private,1,84997.926,Dev Site,Berlin,Apartment; Office; Dev Site,Berlin,Berlin,,2023-08-09 00:00:00
2600,4c48b00f-c8f6-419c-a5d2-da2b723242e8,Schweizer Family-Office Dafofin-One,Private,1,5950.8547956,Office,Berlin,Office,Berlin,Berlin,,2012-08-15 00:00:00
2601,4c48b00f-c8f6-419c-a5d2-da2b723242e8,Artis Immobilien GmbH,Private,1,,Retail,Hanover,Retail,Hanover,Lower Saxony,,2017-03-31 00:00:00
2602,4c48b00f-c8f6-419c-a5d2-da2b723242e8,hquadrat Immobilien GmbH,Private,1,2223.9457344,Apartment,Gera,Apartment,Gera,Thuringia,,2022-04-28 00:00:00
2603,8a41dcb6-6f86-45b5-9a63-da16b28b3211,Groga Immobilien,Private,1,6999.8292,Retail,Uetersen,Retail,Uetersen,Schleswig-Holstein,,2009-01-15 00:00:00
2604,2c9257d0-1a9d-4b64-bfc9-8404879a46cf,Sachsische Aufbaubank (SAB),Institutional,1,6499.8414,Office,Leipzig,Office,Leipzig,Saxony,,2012-07-11 00:00:00
2605,4c48b00f-c8f6-419c-a5d2-da2b723242e8,Riva Immobilien,Private,1,59998.536,Dev Site,Backnang,Dev Site,Backnang,Baden-Wurttemberg,,2016-09-28 00:00:00
2606,eaf4bf3d-c951-4ad1-b40f-9ac89e8e102a,German Association of Cities,User/Other,1,8314.797114,Office,Cologne,Office,Cologne,North Rhine-Westphalia,,2010-01-31 00:00:00
2607,90ad1513-b652-49c7-ad0a-9790a41b3aa2,WVG Immobilienverwaltungs GmbH,Institutional,1,8314.797114,Office,Cologne,Office,Cologne,North Rhine-Westphalia,,2010-01-31 00:00:00
2608,1a0e1453-9824-4e15-b26c-e313b4f3f95f,Turris Immobilien,Private,1,,Other General,Cologne,Other General,Cologne,North Rhine-Westphalia,,2012-07-01 00:00:00
2609,4c48b00f-c8f6-419c-a5d2-da2b723242e8,Evert Hofstra,Private,1,3199.894979,Retail,Bremen,Retail,Bremen,Bremen,,2007-03-15 00:00:00
2610,e27ce0ab-e4d8-4aa2-b8d3-741c26f635e6,Dr Ing F Porsche AG,User/Other,1,259991.492205206,Industrial,Sachsenheim,Industrial,Sachsenheim,Baden-Wurttemberg,,2007-04-30 00:00:00
2611,4c48b00f-c8f6-419c-a5d2-da2b723242e8,Thomas Schmidt-Hansen,Private,1,1599.96096,Office,Hagen,Office,Hagen,North Rhine-Westphalia,,2013-08-03 00:00:00
2612,e27ce0ab-e4d8-4aa2-b8d3-741c26f635e6,Freaksound,User/Other,1,4999.878,Dev Site,Bruchkobel,Dev Site,Bruchkobel,Hesse,,2015-03-25 00:00:00
2613,5f5a8ebc-1b62-4777-bdf8-b62f1dbb217d,DP Immobilien,Private,1,,Apartment,Herne,Apartment,Herne,North Rhine-Westphalia,,2009-06-15 00:00:00
2614,4c48b00f-c8f6-419c-a5d2-da2b723242e8,BBF-Grundstücksverwaltungs-GmbH & Co.KG,Private,1,749.9817,Dev Site,Aachen,Dev Site,Aachen,North Rhine-Westphalia,,2020-12-15 00:00:00
2615,4c48b00f-c8f6-419c-a5d2-da2b723242e8,Baugesellschaft Horb GmbH,Private,1,2829.930948,Dev Site,Horb am Neckar,Dev Site,Horb am Neckar,Baden-Wurttemberg,,2024-07-01 00:00:00
2616,b33efc97-28d6-4bde-a71c-29978edd935c,AMP Immobilien,Private,1,,Condo,Dortmund,Condo,Dortmund,North Rhine-Westphalia,,2009-07-16 00:00:00
2617,83f9bdb8-7741-48c3-80fb-7adbfa60a333,MV Bautrager,Private,1,,Condo,Dortmund,Condo,Dortmund,North Rhine-Westphalia,,2009-07-16 00:00:00
2618,f3619113-12fc-448f-938f-ccdaed931777,rebo consult ingenieurgesellschaft mbh,Private,1,5799.85848,Dev Site,Chemnitz,Dev Site; Retail,Chemnitz; Arnstadt,Saxony; Thuringia,,2022-12-20 00:00:00
2619,e27ce0ab-e4d8-4aa2-b8d3-741c26f635e6,Coexal GmbH,User/Other,1,6499.8414,Industrial,Leinatal,Industrial,Leinatal,Thuringia,,2014-08-21 00:00:00
2620,e27ce0ab-e4d8-4aa2-b8d3-741c26f635e6,Alt FineCom Finishing-eCommerce-Logistics GmbH,User/Other,1,17999.5608,Industrial,Aicha vorm Wald,Industrial,Aicha vorm Wald,Bavaria,,2021-02-27 00:00:00
2621,4c48b00f-c8f6-419c-a5d2-da2b723242e8,W & B Projektentwicklungs GMBH,Private,1,8999.5946,Dev Site,Wildau,Dev Site; Industrial,Wildau,Brandenburg,,2008-12-31 00:00:00
2622,e27ce0ab-e4d8-4aa2-b8d3-741c26f635e6,Air Energy Entwicklung,User/Other,1,4999.8363808,Dev Site,Aachen,Dev Site,Aachen,North Rhine-Westphalia,,2019-12-06 00:00:00
2623,4c48b00f-c8f6-419c-a5d2-da2b723242e8,Johann Stürzer Immobilien Consulting e.K.,Private,1,2582.9369748,Industrial,Olching,Industrial,Olching,Bavaria,,2017-07-31 00:00:00
2624,4c48b00f-c8f6-419c-a5d2-da2b723242e8,Poco Mobel,Private,1,7999.8048,Retail,Halstenbek,Retail,Halstenbek,Schleswig-Holstein,,2011-05-31 00:00:00
2625,4c48b00f-c8f6-419c-a5d2-da2b723242e8,Wurzburger Grenzach Immobiliengesellschaft mbH,Private,1,7199.82432,Industrial,Grenzach-Wyhlen,Industrial,Grenzach-Wyhlen,Baden-Wurttemberg,,2021-05-26 00:00:00
2626,e27ce0ab-e4d8-4aa2-b8d3-741c26f635e6,Hager Gruppe,User/Other,1,1154.971818,Industrial,Machern,Industrial,Machern,Saxony,,2015-09-10 00:00:00
2627,e27ce0ab-e4d8-4aa2-b8d3-741c26f635e6,Arbeitsbuhnen Stabel GmbH,User/Other,1,1229.969988,Industrial,Strasslach-Dingharting,Industrial,Strasslach-Dingharting,Bavaria,,2024-07-08 00:00:00
2628,e27ce0ab-e4d8-4aa2-b8d3-741c26f635e6,Gira,User/Other,1,19999.512,Dev Site,Radevormwald auf der Hohe,Dev Site,Radevormwald auf der Hohe,North Rhine-Westphalia,,2013-07-26 00:00:00
2629,798b0e27-e6f4-4e48-9771-5b4c6a2c3e49,HERY Consulting,Private,1,2999.9268,Dev Site,Monchengladbach,Dev Site; Seniors Housing & Care,Monchengladbach,North Rhine-Westphalia,,2014-10-16 00:00:00
2630,b6029e52-acb2-45ae-94e9-006efc62a697,Stadtteilfoerderung wohn- und kultur eV,User/Other,1,2834.930826,Office,Leipzig,Office,Leipzig,Saxony,,2009-08-15 00:00:00
2631,7ba1ad37-f398-468c-bf79-ca3745462ec9,Abu Dhabi Government,Institutional,1,184195.50552,Industrial,Unna,Industrial,Unna,North Rhine-Westphalia,,2019-05-31 00:00:00
2632,4c48b00f-c8f6-419c-a5d2-da2b723242e8,Gruner Weiler,Private,1,9038.7794484,Dev Site,Munster,Dev Site,Munster,North Rhine-Westphalia,,2020-09-14 00:00:00
2633,e27ce0ab-e4d8-4aa2-b8d3-741c26f635e6,Westfalen-Blatt,User/Other,1,19999.512,Dev Site,Bielefeld,Dev Site,Bielefeld,North Rhine-Westphalia,,2012-06-15 00:00:00
2634,4c48b00f-c8f6-419c-a5d2-da2b723242e8,RT Projekt GmbH & Co. KG,Private,1,8999.7804,Office,Rosenheim,Office,Rosenheim,Bavaria,,2014-12-01 00:00:00
2635,4c48b00f-c8f6-419c-a5d2-da2b723242e8,RD Invest GmbH,Private,1,,Seniors Housing & Care,Mainhausen,Seniors Housing & Care,Mainhausen,Hesse,,2017-10-06 00:00:00
2636,d4419999-d4f1-4c5d-a69c-f2b6b4ea5d89,Hillesheim Kfz.-Reparatur GmbH,User/Other,1,2499.939,Industrial,Cologne,Industrial,Cologne,North Rhine-Westphalia,,2012-03-06 00:00:00
2637,6b9d370f-4689-489f-b956-7da56b4e9eeb,KZVK Rheinland-Westfalen,Institutional,1,4782.8832948,Apartment,Viersen,Apartment; Retail,Viersen; Bochum,North Rhine-Westphalia,,2022-09-09 00:00:00
2638,4c48b00f-c8f6-419c-a5d2-da2b723242e8,GewO GmbH,Private,1,59998.536,Dev Site,Achern,Dev Site,Achern,Baden-Wurttemberg,,2019-07-31 00:00:00
2639,4c48b00f-c8f6-419c-a5d2-da2b723242e8,Adicoo Real-estate,Private,1,23999.4144,Dev Site,Dippoldiswalde,Dev Site,Dippoldiswalde,Saxony,,2015-09-23 00:00:00
2640,4c48b00f-c8f6-419c-a5d2-da2b723242e8,Herz Immobilien Management GmbH,Private,1,809.980236,Office,Munich,Office,Munich,Bavaria,,2013-05-23 00:00:00
2641,4c48b00f-c8f6-419c-a5d2-da2b723242e8,Atomis GmbH,Private,1,,Hotel,Nuremberg,Hotel,Nuremberg,Bavaria,,2023-02-20 00:00:00
2642,4c48b00f-c8f6-419c-a5d2-da2b723242e8,Bauknecht Immobilien Holding AG,Private,1,12999.6828,Office,Bottrop,Office,Bottrop; Fellbach,North Rhine-Westphalia; Baden-Wurttemberg,,2022-12-31 00:00:00
2643,4c48b00f-c8f6-419c-a5d2-da2b723242e8,Puro Capital Partners GmbH,Private,1,7999.8048,Industrial,Sarstedt,Industrial,Sarstedt,Lower Saxony,,2016-02-01 00:00:00
2644,4c48b00f-c8f6-419c-a5d2-da2b723242e8,Elbe Haus GmbH,Private,1,39999.024,Dev Site,Lauenburg/ Elbe,Dev Site,Lauenburg/ Elbe,Schleswig-Holstein,,2016-06-07 00:00:00
2645,e27ce0ab-e4d8-4aa2-b8d3-741c26f635e6,Durrwang GmbH,User/Other,1,44798.90688,Dev Site,Dortmund,Dev Site,Dortmund,North Rhine-Westphalia,,2015-10-07 00:00:00
2646,4c48b00f-c8f6-419c-a5d2-da2b723242e8,Gunther Kruse Immobiliengruppe,Private,1,4999.878,Office,Bonn,Office,Bonn,North Rhine-Westphalia,,2019-08-01 00:00:00
2647,4c48b00f-c8f6-419c-a5d2-da2b723242e8,RBL RheinBauLand AG,Private,1,32999.1948,Dev Site,Cologne,Dev Site,Cologne,North Rhine-Westphalia,,2021-04-29 00:00:00
2648,4c48b00f-c8f6-419c-a5d2-da2b723242e8,Harmonie,Private,1,5249.8719,Dev Site,Bad Abbach,Dev Site,Bad Abbach,Bavaria,,2020-06-04 00:00:00
2649,4c48b00f-c8f6-419c-a5d2-da2b723242e8,G&G Immobilien,Private,1,2199.94632,Hotel,Munich,Hotel,Munich,Bavaria,,2024-06-11 00:00:00
2650,e32e774f-4512-4545-b3be-20b8c8482e02,Medcap Real Estate,Private,1,3999.9024,Retail,Frankfurt am Main,Retail,Frankfurt am Main,Hesse,,2021-05-06 00:00:00
2651,4c48b00f-c8f6-419c-a5d2-da2b723242e8,Rheinisch-Westfalische Verlagsgesellschaft mbH,Private,1,,Office,Essen,Office,Essen,North Rhine-Westphalia,,2013-12-20 00:00:00
2652,e27ce0ab-e4d8-4aa2-b8d3-741c26f635e6,GEBO Armaturen GmbH,User/Other,1,12739.689144,Industrial,Mettmann,Industrial,Mettmann,North Rhine-Westphalia,,2021-12-01 00:00:00
2653,e27ce0ab-e4d8-4aa2-b8d3-741c26f635e6,AvD Automobilclub von Deutschland,User/Other,1,5699.86092,Office,Frankfurt am Main,Office,Frankfurt am Main,Hesse,,2016-12-31 00:00:00
2654,26e7a135-ee1d-45b5-a690-7cb8d4756428,Kalkmann Wohnwerte,Private,1,12899.68524,Dev Site,Heidelberg,Dev Site,Heidelberg,Baden-Wurttemberg,,2023-03-01 00:00:00
2655,a283231f-81d0-421e-8054-95750a23776a,Robert Zapp Grunstucksverwaltung GmbH,User/Other,1,1999.934478,Office,Frankfurt am Main,Office,Dusseldorf; Frankfurt am Main,North Rhine-Westphalia; Hesse,,2009-01-22 00:00:00
2656,4c48b00f-c8f6-419c-a5d2-da2b723242e8,Hallmark Properties GmbH,Private,1,4334.894226,Office,Mainz,Office,Mainz,Rhineland-Palatinate,,2016-06-14 00:00:00
2657,a14c1a95-c3b8-4a55-8ac9-fda0a43260a6,SCPI Patrimmo Commerce,Private,1,10991.7317952,Retail,Bremen,Retail,Bremen,Bremen,,2017-12-31 00:00:00
2658,4c48b00f-c8f6-419c-a5d2-da2b723242e8,Andrea Jeschke & Enno Kruse,Private,1,12999.6828,Dev Site,Emden,Dev Site,Emden,Lower Saxony,,2011-10-15 00:00:00
2659,4c48b00f-c8f6-419c-a5d2-da2b723242e8,RHE Grundbesitz KG,Private,1,4999.878,Dev Site,Brandenburg an der Havel,Dev Site,Brandenburg an der Havel,Brandenburg,,2021-04-04 00:00:00
2660,4c48b00f-c8f6-419c-a5d2-da2b723242e8,Wilhelm Pickartz,Private,1,965.9764296,Office,Bonn,Office,Bonn,North Rhine-Westphalia,,2012-12-31 00:00:00
2661,4c48b00f-c8f6-419c-a5d2-da2b723242e8,Hubertus Hiller & Harald Wengust,Private,1,7459.817976,Dev Site,Berlin,Dev Site,Berlin,Berlin,,2015-11-19 00:00:00
2662,b157001f-9bd3-4d8f-ae1c-90bc0fb6b6a6,DBB GmbH,Private,1,11999.7072,Dev Site,Mainz,Apartment; Dev Site,Mainz,Rhineland-Palatinate,,2016-06-02 00:00:00
2663,e27ce0ab-e4d8-4aa2-b8d3-741c26f635e6,SSH Schwenker Spedition GmbH,User/Other,1,5699.86092,Industrial,Althengstett,Industrial,Althengstett,Baden-Wurttemberg,,2015-03-31 00:00:00
2664,e27ce0ab-e4d8-4aa2-b8d3-741c26f635e6,Reisner Cooling Solutions,User/Other,1,9999.756,Dev Site,Holzwickede,Dev Site,Holzwickede,North Rhine-Westphalia,,2019-12-01 00:00:00
2665,4c48b00f-c8f6-419c-a5d2-da2b723242e8,K1 Holding Luxembourg,Private,1,8099.80236,Office,Mannheim,Office,Mannheim,Baden-Wurttemberg,,2023-08-10 00:00:00
2666,e27ce0ab-e4d8-4aa2-b8d3-741c26f635e6,Cavotec Faldung,User/Other,1,7999.8048,Industrial,Dietzenbach,Industrial,Dietzenbach,Hesse,,2011-07-13 00:00:00
2667,e27ce0ab-e4d8-4aa2-b8d3-741c26f635e6,Vierlande GmbH,User/Other,1,14999.634,Dev Site,Beselich,Dev Site,Beselich,Hesse,,2014-09-19 00:00:00
2668,e27ce0ab-e4d8-4aa2-b8d3-741c26f635e6,Pro-micron GmbH,User/Other,1,3699.90972,Dev Site,Kaufbeuren,Dev Site,Kaufbeuren,Bavaria,,2018-08-10 00:00:00
2669,e27ce0ab-e4d8-4aa2-b8d3-741c26f635e6,Emil Loeffelhardt GmbH & Co. KG,User/Other,1,49998.78,Industrial,Schorndorf,Industrial,Schorndorf,Baden-Wurttemberg,,2015-03-25 00:00:00
2670,4c48b00f-c8f6-419c-a5d2-da2b723242e8,Kanisi Holding GmbH,Private,1,1599.96096,Dev Site,Munich,Dev Site; Office,Munich,Bavaria,,2022-04-15 00:00:00
2671,e2e0306d-169f-4831-b7d8-88eb4f976e9b,KORAMCO,Institutional,1,33999.1704,Industrial,Garbsen,Industrial,Garbsen,Lower Saxony,,2018-11-21 00:00:00
2672,4c48b00f-c8f6-419c-a5d2-da2b723242e8,Michael Dietrich,Private,1,2499.939,Retail,Bedburg,Retail,Bedburg,North Rhine-Westphalia,,2014-12-31 00:00:00
2673,bd5657ae-402e-4677-a035-dc18a547bcae,Studierendenwerk Giessen,User/Other,1,2099.94876,Apartment,Fulda,Apartment,Fulda,Hesse,,2017-10-26 00:00:00
2674,37f97ab6-406d-4eee-8b75-1a3a1caab864,Noris Network,Private,1,2999.9268,Data Center,Hof,Data Center,Hof,Bavaria,,2019-02-07 00:00:00
2675,697c1b07-92eb-4cdd-ad27-3d8bcca6fafc,Krollmann Gruppe,Private,1,3781.9077192,Office,Hagen,Office,Hagen,North Rhine-Westphalia,,2019-03-05 00:00:00
2676,6f0ab0ea-222c-44f2-acd5-84a6f9736f2f,Takenaka,Private,1,6699.83652,Office,Dusseldorf,Office,Dusseldorf,North Rhine-Westphalia,,2019-08-15 00:00:00
2677,4c48b00f-c8f6-419c-a5d2-da2b723242e8,Roland Bomhard,Private,1,1999.9512,Office,Dusseldorf,Office,Dusseldorf,North Rhine-Westphalia,,2009-09-29 00:00:00
2678,463f6584-5aaa-4c8f-9d1c-72ac78c30c0d,Habitat Wohnimmobilienfonds Nr. 1,Institutional,1,12206.60215164,Apartment,Hamburg,Apartment,Hamburg,Hamburg,,2004-09-01 00:00:00
2679,4c48b00f-c8f6-419c-a5d2-da2b723242e8,OS Group GmbH,Private,1,11035.7307216,Dev Site,Mossingen,Dev Site,Mossingen,Baden-Wurttemberg,,2014-08-06 00:00:00
2680,bd5657ae-402e-4677-a035-dc18a547bcae,Landesverein fur Innere Mission in Schleswig-Holst,User/Other,1,,Apartment,Norderstedt,Apartment,Norderstedt,Schleswig-Holstein,,2011-01-15 00:00:00
2681,bd5657ae-402e-4677-a035-dc18a547bcae,13haFreiheit e.V.,User/Other,1,,Apartment,Mannheim,Apartment,Mannheim,Baden-Wurttemberg,,2014-07-16 00:00:00
2682,e27ce0ab-e4d8-4aa2-b8d3-741c26f635e6,Heydt Gruppe,User/Other,1,13199.67792,Industrial,Dresden,Industrial,Dresden,Saxony,,2013-12-31 00:00:00
2683,befff77c-a981-4dcb-9d11-8e7bcaa97c37,HLP Hanse,Institutional,1,9999.756,Dev Site,Wedel,Dev Site,Wedel,Schleswig-Holstein,,2015-12-31 00:00:00
2684,47d397a5-f195-435b-a07e-07cd0009ce75,Morley Estates,Private,1,13049.68158,Industrial,Sehnde,Industrial,Sehnde,Lower Saxony,,2007-03-30 00:00:00
2685,e27ce0ab-e4d8-4aa2-b8d3-741c26f635e6,MIP Unternehmensgruppe,User/Other,1,10999.7316,Office,Leipzig,Office,Leipzig,Saxony,,2007-08-31 00:00:00
2686,4c48b00f-c8f6-419c-a5d2-da2b723242e8,On-Urban Land GmbH & Co. KG,Private,1,25999.3656,Dev Site,Berlin,Dev Site,Berlin,Berlin,,2008-11-11 00:00:00
2687,4c48b00f-c8f6-419c-a5d2-da2b723242e8,NM Nord Immo Management GmbH & Co KG,Private,1,1789.956324,Office,Hamburg,Office,Hamburg,Hamburg,,2011-11-07 00:00:00
2688,4c48b00f-c8f6-419c-a5d2-da2b723242e8,Gerold Bader,Private,1,19999.512,Dev Site,Wurzburg,Dev Site,Wurzburg,Bavaria,,2014-03-21 00:00:00
2689,4c48b00f-c8f6-419c-a5d2-da2b723242e8,Lumiere Holdings B.V.,Private,1,5253.8718024,Office,Berlin,Office,Berlin,Berlin,,2018-03-08 00:00:00
2690,e27ce0ab-e4d8-4aa2-b8d3-741c26f635e6,LHB Lichthaus Berlin GmbH,User/Other,1,7258.8228804,Dev Site,Berlin,Dev Site,Berlin,Berlin,,2019-01-09 00:00:00
2691,4c48b00f-c8f6-419c-a5d2-da2b723242e8,Dimidia Immobilien GmbH,Private,1,7567.8153408,Dev Site,Berlin,Dev Site,Berlin,Berlin,,2018-06-26 00:00:00
2692,4c48b00f-c8f6-419c-a5d2-da2b723242e8,Integrator Berlin GmbH,Private,1,5660.8618716,Dev Site,Berlin,Dev Site,Berlin,Berlin,,2012-05-09 00:00:00
2693,4c48b00f-c8f6-419c-a5d2-da2b723242e8,HSC GmbH,Private,1,11499.7194,Retail,Husum,Retail,Husum,Schleswig-Holstein,,2014-11-14 00:00:00
2694,02926167-292f-4b34-a1d4-574ebd1b2840,Kirsch & Drechsler,Private,1,69998.292,Dev Site,Potsdam,Dev Site,Potsdam,Brandenburg,,2012-02-15 00:00:00
2695,4c48b00f-c8f6-419c-a5d2-da2b723242e8,Neues Forum Altona Beteiligungs GmbH,Private,1,34399.16064,Office,Hamburg,Office,Hamburg,Hamburg,,2008-08-31 00:00:00
2696,e27ce0ab-e4d8-4aa2-b8d3-741c26f635e6,Eurotec GmbH,User/Other,1,11999.7072,Dev Site,Hagen,Dev Site,Hagen,North Rhine-Westphalia,,2015-11-11 00:00:00
2697,4c48b00f-c8f6-419c-a5d2-da2b723242e8,BGB-Gesellschaft Mälzerei Naefeke,Private,1,10999.7316,Retail,Hamburg,Retail,Hamburg,Hamburg,,2018-03-31 00:00:00
2698,aab9469d-4fcc-4bd3-8cbd-1417d876bb08,Nihus,Institutional,1,5499.8658,Office,Hamburg,Office,Hamburg,Hamburg,,2013-02-11 00:00:00
2699,4c48b00f-c8f6-419c-a5d2-da2b723242e8,Steen Rothenberger,Private,1,1299.96828,Hotel,Frankfurt am Main,Hotel,Frankfurt am Main,Hesse,,2012-12-05 00:00:00
2700,4c48b00f-c8f6-419c-a5d2-da2b723242e8,Hagebau Gruppe,Private,1,39999.024,Industrial,Walsrode,Industrial,Walsrode,Lower Saxony,,2022-02-17 00:00:00
2701,2c9257d0-1a9d-4b64-bfc9-8404879a46cf,Sparkasse Rotenburg-Bremervörde,Institutional,1,343.73,Industrial,Rotenburg (Wumme),Industrial,Rotenburg (Wumme),Lower Saxony,,2015-05-19 00:00:00
2702,4c48b00f-c8f6-419c-a5d2-da2b723242e8,Dutch Investment Co,Private,1,1649.95974,Retail,Osnabruck,Retail,Osnabruck,Lower Saxony,,2008-10-31 00:00:00
2703,706365bb-07a5-4a26-8e22-966a24f63b09,Do & Co,User/Other,1,5499.8658,Industrial,Dusseldorf,Industrial,Dusseldorf,North Rhine-Westphalia,,2016-01-08 00:00:00
2704,5ee10972-e0a0-4585-9d6d-48629c228156,List Group,Private,1,,Parking Facility,Erfurt,Dev Site; Parking Facility,Dresden; Erfurt,Saxony; Thuringia,,2021-10-05 00:00:00
2705,4c48b00f-c8f6-419c-a5d2-da2b723242e8,Grosser Burstah Grundstucksverwaltungs GbR,Private,1,899.97804,Office,Hamburg,Office,Hamburg,Hamburg,,2009-08-15 00:00:00
2706,a1e78ce9-930b-4bce-908a-fb0c4fd266a6,Mayfair Vermogensverwaltungs SE,Private,1,7799.80968,Dev Site,Hamburg,Dev Site,Hamburg,Hamburg,,2019-01-03 00:00:00
2707,7ea3cab2-d91b-4c37-9533-b556b1b734eb,DARAG,Institutional,1,4029.901668,Office,Hamburg,Office,Hamburg,Hamburg,,2011-12-01 00:00:00
2708,4c48b00f-c8f6-419c-a5d2-da2b723242e8,Colbert Group,Private,1,5999.80366627399,Office,Hamburg,Office,Hamburg,Hamburg,,2007-12-31 00:00:00
2709,e27ce0ab-e4d8-4aa2-b8d3-741c26f635e6,Hannover Investmentpartner,User/Other,1,3499.9146,Office,Hanover,Office,Hanover,Lower Saxony,,2011-09-29 00:00:00
2710,2b5cd6a3-0f4c-4b5e-af28-8303b19d8a73,Sparkasse Sudholstein,Institutional,1,9386.7709572,Retail,Neumunster,Retail,Neumunster,Schleswig-Holstein,,2016-07-01 00:00:00
2711,4c48b00f-c8f6-419c-a5d2-da2b723242e8,Schmeer GmbH,Private,1,9499.7682,Dev Site,Saarbrucken,Dev Site,Saarbrucken,Saarland,,2017-04-26 00:00:00
2712,e27ce0ab-e4d8-4aa2-b8d3-741c26f635e6,Conline GmbH,User/Other,1,2549.93778,Industrial,Hamburg,Industrial,Hamburg,Hamburg,,2018-05-14 00:00:00
2713,4c48b00f-c8f6-419c-a5d2-da2b723242e8,Prime Park GmbH,Private,1,3299.91948,Office,Grossostheim,Office,Grossostheim,Bavaria,,2022-06-08 00:00:00
2714,3f9c5ca9-4de3-416e-ba3d-0795c665db7e,EDG Immobilien GmbH,Private,1,2369.942172,Seniors Housing & Care,Uetersen,Seniors Housing & Care,Uetersen,Schleswig-Holstein,,2013-01-30 00:00:00
2715,4c48b00f-c8f6-419c-a5d2-da2b723242e8,Hallenwerk,Private,1,21999.4632,Dev Site,Poing,Dev Site,Poing,Bavaria,,2024-05-01 00:00:00
2716,e27ce0ab-e4d8-4aa2-b8d3-741c26f635e6,Contacto Bander,User/Other,1,19999.3455542466,Industrial,Erkrath,Industrial,Erkrath,North Rhine-Westphalia,,2007-10-15 00:00:00
2717,4c48b00f-c8f6-419c-a5d2-da2b723242e8,Alexander Flocke Wupperhof GmbH & Co. KG,Private,1,7499.817,Dev Site,Haan,Dev Site,Haan,North Rhine-Westphalia,,2022-09-14 00:00:00
2718,4c48b00f-c8f6-419c-a5d2-da2b723242e8,AliMar GbR,Private,1,4959.878976,Hotel,Berlin,Hotel,Berlin,Berlin,,2009-10-15 00:00:00
2719,bd0992e0-eda8-4c43-a1ca-c3f0e85d608b,Michels Immobilien,Private,1,8999.7804,Industrial,Paderborn,Hotel; Industrial,Berlin; Paderborn,Berlin; North Rhine-Westphalia,,2009-10-15 00:00:00
2720,27cf7fa4-556d-4366-a7f3-927d808a54fb,Windsor AG,Private,1,4699.88532,Dev Site,Berlin,Apartment; Office; Dev Site,Berlin,Berlin,,2016-06-24 00:00:00
2721,2de4988e-03cc-4c75-b26a-0f58ee0ee1d0,Wohnbau Giessen,Private,1,60688.519164,Apartment,Giessen,Apartment,Giessen,Hesse,,2009-09-03 00:00:00
2722,4c48b00f-c8f6-419c-a5d2-da2b723242e8,Grunberger Terrassen GmbH,Private,1,60688.519164,Apartment,Giessen,Apartment,Giessen,Hesse,,2009-09-03 00:00:00
2723,4c48b00f-c8f6-419c-a5d2-da2b723242e8,Mantor Grundstücksverwaltungs KG,Private,1,1093.9733064,Office,Frankfurt am Main,Office,Frankfurt am Main,Hesse,,2002-06-01 00:00:00
2724,4c48b00f-c8f6-419c-a5d2-da2b723242e8,IEV Immobilien GmbH,Private,1,4499.8902,Retail,Hoyerswerda,Retail,Hoyerswerda,Saxony,,2020-09-01 00:00:00
2725,eaba7c84-86df-4116-80d3-769059aa83f3,Kleusberg,User/Other,1,12299.69988,Dev Site,Kabelsketal,Dev Site,Kabelsketal,Saxony-Anhalt,,2015-12-02 00:00:00
2726,abad3be0-aaf7-42e8-ab87-a88e220b0684,Genossenschaft Meisterverein,User/Other,1,4199.89752,Office,Oberhaching,Office,Oberhaching,Bavaria,,2018-03-06 00:00:00
2727,e27ce0ab-e4d8-4aa2-b8d3-741c26f635e6,Guterkraftverkehr Hamburg-Holstein GmbH,User/Other,1,4599.88776,Industrial,Hamburg,Industrial,Hamburg,Hamburg,,2018-05-14 00:00:00
2728,4c48b00f-c8f6-419c-a5d2-da2b723242e8,MDU Grundbesitz GmbH,Private,1,928.9773324,Office,Frankfurt (Oder),Office,Frankfurt (Oder),Brandenburg,,2013-11-25 00:00:00
2729,d0995890-20fc-4caf-8225-0502f741c4fd,GHI Gesellschaft fur Handel und Immobilien GmbH,Private,1,15999.6096,Dev Site,Bad Vilbel,Retail; Dev Site,Bad Vilbel; Lohnberg; Langenselbold,Hesse,,2017-04-11 00:00:00
2730,4c48b00f-c8f6-419c-a5d2-da2b723242e8,Droesser Gruppe,Private,1,5999.8536,Dev Site,Cologne,Dev Site,Cologne,North Rhine-Westphalia,,2011-11-14 00:00:00
2731,4c48b00f-c8f6-419c-a5d2-da2b723242e8,Baum Holding GmbH,Private,1,8999.705151,Office,Bremen,Office,Bremen,Bremen,,2007-03-15 00:00:00
2732,0fabf3f7-2a6a-4895-a605-18c0c45fbb13,Wisa Bautrager,Private,1,5999.8536,Dev Site,Kaarst,Dev Site,Kaarst,North Rhine-Westphalia,,2008-09-15 00:00:00
2733,e27ce0ab-e4d8-4aa2-b8d3-741c26f635e6,telenetwork AG,User/Other,1,6599.83896,Dev Site,Trier,Dev Site,Trier,Rhineland-Palatinate,,2023-02-07 00:00:00
2734,4c48b00f-c8f6-419c-a5d2-da2b723242e8,Tauton Beteiligungsgesellschaft,Private,1,15759.615456,Office,Cologne,Office,Cologne,North Rhine-Westphalia,,2012-01-31 00:00:00
2735,4c48b00f-c8f6-419c-a5d2-da2b723242e8,Kapitalverwaltungsgesellschaft Scholz und Partner,Private,1,1049.97438,Industrial,Munster,Industrial,Munster,North Rhine-Westphalia,,2019-09-30 00:00:00
2736,4c48b00f-c8f6-419c-a5d2-da2b723242e8,Hildebrand & Juergens GmbH,Private,1,8999.7804,Office,Leipzig,Office,Leipzig,Saxony,,2016-01-04 00:00:00
2737,4c48b00f-c8f6-419c-a5d2-da2b723242e8,Hildebrandt & Jurgens,Private,1,7629.813828,Office,Leipzig,Office,Leipzig,Saxony,,2014-03-21 00:00:00
2738,4c48b00f-c8f6-419c-a5d2-da2b723242e8,HE2 Gutenberg 11 Immobilien GmbH & Co. KG,Private,1,6611.8386672,Industrial,Maintal,Industrial,Maintal,Hesse,,2013-09-30 00:00:00
2739,d252f7e6-01a3-4c55-b48b-ee40cae98207,NFInvest GmbH,Private,1,3499.9146,Dev Site,Berlin,Dev Site; Office,Berlin,Berlin,,2019-06-01 00:00:00
2740,e30a732f-0525-4d5b-b99f-3f284bcbc4e6,City of Laatzen,User/Other,1,7227.8236368,Office,Laatzen,Office,Laatzen,Lower Saxony,,2015-12-24 00:00:00
2741,5c50d2fd-6240-4caa-bc8c-f10a7d93a741,Kunz Immobilien,Private,1,5349.86946,Industrial,Reinbek,Industrial,Reinbek,Schleswig-Holstein,,2009-01-09 00:00:00
2742,4c48b00f-c8f6-419c-a5d2-da2b723242e8,Matthai Trimodalbau GmbH & Co. KG,Private,1,8899.78284,Industrial,Lilienthal,Industrial,Lilienthal,Lower Saxony,,2022-03-24 00:00:00
2743,e27ce0ab-e4d8-4aa2-b8d3-741c26f635e6,Overhage Rohren und Stahlhandel GmbH,User/Other,1,2499.939,Industrial,Greven,Industrial,Greven,North Rhine-Westphalia,,2009-12-15 00:00:00
2744,e27ce0ab-e4d8-4aa2-b8d3-741c26f635e6,Harema GmbH,User/Other,1,4699.88532,Industrial,Rodgau,Industrial,Rodgau,Hesse,,2015-01-01 00:00:00
2745,4c48b00f-c8f6-419c-a5d2-da2b723242e8,Frank Muller Projektentwicklung GmbH,Private,1,6203.8486224,Dev Site,Plauen,Dev Site,Plauen,Saxony,,2017-08-31 00:00:00
2746,92160d35-e58b-48db-9970-dfea49bafc23,Hypoport Invest,Institutional,1,3699.90972,Apartment,Laatzen,Apartment,Laatzen,Lower Saxony,,2016-10-04 00:00:00
2747,4c48b00f-c8f6-419c-a5d2-da2b723242e8,MAZ Consulting GmbH,Private,1,134996.706,Dev Site,Rudersdorf bei Berlin,Dev Site,Rudersdorf bei Berlin,Brandenburg,,2020-10-20 00:00:00
2748,e27ce0ab-e4d8-4aa2-b8d3-741c26f635e6,Heitec AG,User/Other,1,4099.89996,Office,Erlangen,Office,Erlangen,Bavaria,,2015-09-16 00:00:00
2749,4c48b00f-c8f6-419c-a5d2-da2b723242e8,ADAC Nordbaden,Private,1,5699.86092,Dev Site,Bruchsal,Dev Site,Bruchsal,Baden-Wurttemberg,,2013-06-27 00:00:00
2750,4c48b00f-c8f6-419c-a5d2-da2b723242e8,GbR Kocaoglu und Cetin,Private,1,4999.878,Dev Site,Oberhausen,Dev Site,Oberhausen,North Rhine-Westphalia,,2021-01-14 00:00:00
2751,4c48b00f-c8f6-419c-a5d2-da2b723242e8,Muko Gmbh,Private,1,4999.878,Dev Site,Oberhausen,Dev Site,Oberhausen,North Rhine-Westphalia,,2021-01-14 00:00:00
2752,4c48b00f-c8f6-419c-a5d2-da2b723242e8,Omuniti,Private,1,11999.60731392,Dev Site,Frankfurt am Main,Dev Site,Frankfurt am Main,Hesse,,2024-03-07 00:00:00
2753,4c48b00f-c8f6-419c-a5d2-da2b723242e8,Marco Polo Capital,Private,1,11999.60731392,Dev Site,Frankfurt am Main,Dev Site,Frankfurt am Main,Hesse,,2024-03-07 00:00:00
2754,4c48b00f-c8f6-419c-a5d2-da2b723242e8,ALP.X Group,Private,1,11999.60731392,Dev Site,Frankfurt am Main,Dev Site,Frankfurt am Main,Hesse,,2024-03-07 00:00:00
2755,3e06d37f-337d-4c54-b4da-85efadf7c847,Vision Apartments,Private,1,3590.9123796,Office,Frankfurt am Main,Office,Frankfurt am Main,Hesse,,2014-05-12 00:00:00
2756,4c48b00f-c8f6-419c-a5d2-da2b723242e8,HZS Waldhotel,Private,1,,Hotel,Stuttgart,Hotel,Stuttgart,Baden-Wurttemberg,,2007-09-15 00:00:00
2757,4c48b00f-c8f6-419c-a5d2-da2b723242e8,Arkona Hotel GmbH,Private,1,,Hotel,Teterow,Hotel,Teterow,Mecklenburg-West Pomerania,,2008-07-08 00:00:00
2758,e27ce0ab-e4d8-4aa2-b8d3-741c26f635e6,FUCHS Europoles GmbH,User/Other,1,109996.4003776,Dev Site,Neumarkt in der Oberpfalz,Dev Site,Neumarkt in der Oberpfalz,Bavaria,,2020-02-15 00:00:00
2759,e27ce0ab-e4d8-4aa2-b8d3-741c26f635e6,Techniker Krankenkasse,User/Other,1,46278.870768,Office,Hamburg,Office,Hamburg,Hamburg,,2012-09-01 00:00:00
2760,4c48b00f-c8f6-419c-a5d2-da2b723242e8,Gisinger GRuppe,Private,1,4499.8902,Dev Site,Freiburg im Breisgau,Dev Site,Freiburg im Breisgau,Baden-Wurttemberg,,2016-03-10 00:00:00
2761,844177d8-4ec3-41bc-9d1a-2c99c2336412,Van Wijnen,Private,1,17539.572024,Dev Site,Essen,Dev Site; Hotel; Apartment,Essen; Potsdam,North Rhine-Westphalia; Brandenburg,,2017-04-25 00:00:00
2762,4c48b00f-c8f6-419c-a5d2-da2b723242e8,Bremer + Schmidt GmbH & Co.oHG,Private,1,6399.84384,Dev Site,Solingen,Dev Site,Solingen,North Rhine-Westphalia,,2012-12-31 00:00:00
2763,e9cc09f1-426e-4331-9216-7f6a17897b43,Engelhardt Real Estate Group,Private,1,55998.6336,Office,Erlangen,Apartment; Office,Ingolstadt; Erlangen,Bavaria,,2021-12-01 00:00:00
2764,5a3c2b9e-a791-4319-8c32-367ea77727c3,Trillian Capital,Institutional,1,5799.85848,Office,Wolfsburg,Office,Wolfsburg,Lower Saxony,,2014-07-30 00:00:00
2765,4c48b00f-c8f6-419c-a5d2-da2b723242e8,KAP Klemme Architektur Development,Private,1,12999.57459008,Dev Site,Bingen am Rhein,Dev Site,Bingen am Rhein,Rhineland-Palatinate,,2018-04-13 00:00:00
2766,4c48b00f-c8f6-419c-a5d2-da2b723242e8,Aschenbeck & Aschenbeck Projektentwicklung GmbH,Private,1,11999.7072,Dev Site,Kuhlungsborn,Dev Site,Kuhlungsborn,Mecklenburg-West Pomerania,,2017-12-01 00:00:00
2767,a285ae02-0044-4b3b-a00c-0d77354a963b,Mecklenburgische Versicherungsgesellschaft,Institutional,1,,Apartment,Wunstorf,Apartment,Wunstorf,Lower Saxony,,2020-07-17 00:00:00
2768,e27ce0ab-e4d8-4aa2-b8d3-741c26f635e6,Familie Satilmis,User/Other,1,2999.9268,Retail,Wunstorf,Retail,Wunstorf,Lower Saxony,,2021-02-15 00:00:00
2769,50ee4489-aef8-4dfb-ad2e-d7db7bc2a6a8,Das Schierke Harzresort,Private,1,26999.11645632,Dev Site,Wernigerode,Dev Site,Wernigerode,Saxony-Anhalt,,2020-06-06 00:00:00
2770,e27ce0ab-e4d8-4aa2-b8d3-741c26f635e6,Vink Kunststoffe,User/Other,1,10999.6400548356,Retail,Kleve,Retail,Kleve,North Rhine-Westphalia,,2007-10-15 00:00:00
2771,e27ce0ab-e4d8-4aa2-b8d3-741c26f635e6,Reni Verbundelemente GmbH,User/Other,1,2510.9387316,Industrial,Ahrensfelde,Industrial,Ahrensfelde,Brandenburg,,2015-12-01 00:00:00
2772,4c48b00f-c8f6-419c-a5d2-da2b723242e8,Tel Sun Deutschland GmbH,Private,1,1741.9574952,Office,Cologne,Office,Cologne,North Rhine-Westphalia,,2019-01-16 00:00:00
2773,4c48b00f-c8f6-419c-a5d2-da2b723242e8,CTP Cargo Trans Pool,Private,1,14999.634,Dev Site,Pinneberg,Dev Site,Pinneberg,Schleswig-Holstein,,2013-11-20 00:00:00
2774,4c48b00f-c8f6-419c-a5d2-da2b723242e8,Bau Kontor Spenge GmbH,Private,1,12799.68768,Dev Site,Bielefeld,Dev Site,Bielefeld,North Rhine-Westphalia,,2019-08-22 00:00:00
2775,4c48b00f-c8f6-419c-a5d2-da2b723242e8,Ceyhan e.K.,Private,1,10090.7537796,Dev Site,Sussen,Dev Site,Sussen,Baden-Wurttemberg,,2019-03-19 00:00:00
2776,4c48b00f-c8f6-419c-a5d2-da2b723242e8,BZ Wohnbau,Private,1,12632.6917548,Dev Site,Duisburg,Dev Site,Duisburg,North Rhine-Westphalia,,2018-02-26 00:00:00
2777,4c48b00f-c8f6-419c-a5d2-da2b723242e8,Mecklenburgische Liegenschafts-GmbH,Private,1,1366.9666452,Seniors Housing & Care,Abtsgmund,Seniors Housing & Care,Abtsgmund,Baden-Wurttemberg,,2021-11-17 00:00:00
2778,4c48b00f-c8f6-419c-a5d2-da2b723242e8,Quartier Westend GmbH,Private,1,4999.836195,Office,Frankfurt am Main,Office,Frankfurt am Main,Hesse,,2013-12-16 00:00:00
2779,4c48b00f-c8f6-419c-a5d2-da2b723242e8,Weser-Wohnbau GmbH & Co KG,Private,1,5799.85848,Office,Hanover,Office,Hanover,Lower Saxony,,2011-08-24 00:00:00
2780,4c48b00f-c8f6-419c-a5d2-da2b723242e8,Michael Eckwolf,Private,1,5999.8536,Dev Site,Ahrensburg,Dev Site,Ahrensburg,Schleswig-Holstein,,2014-03-29 00:00:00
2781,4c48b00f-c8f6-419c-a5d2-da2b723242e8,Corporate Care / Schultz-Gruppe,Private,1,2319.943392,Office,Hamburg,Office,Hamburg,Hamburg,,2015-12-01 00:00:00
2782,f19f83ca-2446-4de7-a5d4-7bb270e866da,Hermann Friedrich Bruhn GmbH & Co. KG,Private,1,101996.662094,Retail,Hamburg,Retail; Office,Hamburg,Hamburg,,2008-04-07 00:00:00
2783,e27ce0ab-e4d8-4aa2-b8d3-741c26f635e6,datom,User/Other,1,1434.964986,Office,Dresden,Office,Dresden,Saxony,,2013-11-11 00:00:00
2784,4c48b00f-c8f6-419c-a5d2-da2b723242e8,Torsten Tesch,Private,1,9999.6727616,Dev Site,Bargteheide,Dev Site,Bargteheide,Schleswig-Holstein,,2015-07-16 00:00:00
2785,4c48b00f-c8f6-419c-a5d2-da2b723242e8,Michael Gresch,Private,1,9999.6727616,Dev Site,Bargteheide,Dev Site,Bargteheide,Schleswig-Holstein,,2015-07-16 00:00:00
2786,4c48b00f-c8f6-419c-a5d2-da2b723242e8,Peter Schöning,Private,1,9999.6727616,Dev Site,Bargteheide,Dev Site,Bargteheide,Schleswig-Holstein,,2015-07-16 00:00:00
2787,4c48b00f-c8f6-419c-a5d2-da2b723242e8,Staake GmbH,Private,1,57198.60432,Dev Site,Braunschweig,Dev Site,Braunschweig,Lower Saxony,,2012-09-22 00:00:00
2788,f8528a82-950d-442e-99a2-fd79a42d8499,Seifert Logistics,Private,1,3999.9024,Industrial,Lutzen,Industrial,Lutzen,Saxony-Anhalt,,2013-04-10 00:00:00
2789,4c48b00f-c8f6-419c-a5d2-da2b723242e8,SGH Seehafen Grundstücksgesellschaft Hamburg,Private,1,29999.268,Dev Site,Hamburg,Dev Site,Hamburg,Hamburg,,2015-07-16 00:00:00
2790,e27ce0ab-e4d8-4aa2-b8d3-741c26f635e6,Almi Group,User/Other,1,9999.6727616,Dev Site,Menden (Sauerland),Dev Site,Menden (Sauerland),North Rhine-Westphalia,,2023-12-11 00:00:00
2791,4c48b00f-c8f6-419c-a5d2-da2b723242e8,Yiannakis Polemitis,Private,1,,Apartment,Neuss,Apartment,Neuss,North Rhine-Westphalia,,2012-02-15 00:00:00
2792,4c48b00f-c8f6-419c-a5d2-da2b723242e8,Rubikon Beteiligungs- & Projekt GmbH,Private,1,4999.878,Retail,Frankfurt am Main,Retail,Frankfurt am Main,Hesse,,2014-04-02 00:00:00
2793,eaf4bf3d-c951-4ad1-b40f-9ac89e8e102a,Landesarztekammer Hessen,User/Other,1,5349.86946,Office,Frankfurt am Main,Office,Frankfurt am Main,Hesse,,2017-05-29 00:00:00
2794,4c48b00f-c8f6-419c-a5d2-da2b723242e8,Starling Real Estate Asset Management GmbH & Co. KG,Private,1,25251.3838512,Office,Frankfurt am Main,Office,Frankfurt am Main,Hesse,,2021-04-11 00:00:00
2795,e78aa564-7e20-44d5-bd30-7201e4715676,InterXion Holding N.V.,Public,1,14499.6462,Dev Site,Frankfurt am Main,Data Center; Dev Site,Frankfurt am Main; Dusseldorf,Hesse; North Rhine-Westphalia,,2020-03-13 00:00:00
2796,179e42be-a543-41e6-9b97-36e737ab6161,Sinpas,Public,1,291151.8957204,Industrial,Frankfurt am Main,Industrial,Frankfurt am Main,Hesse,,2020-02-14 00:00:00
2797,4c48b00f-c8f6-419c-a5d2-da2b723242e8,ENEX - Sechste Vermögensverwaltungsgesellschaft,Private,1,6799.83408,Office,Cottbus,Office,Cottbus,Brandenburg,,2015-03-02 00:00:00
2798,e27ce0ab-e4d8-4aa2-b8d3-741c26f635e6,MBFZ toolcraft GmbH,User/Other,1,26999.3412,Dev Site,Georgensgmund,Dev Site,Georgensgmund,Bavaria,,2016-02-10 00:00:00
2799,e27ce0ab-e4d8-4aa2-b8d3-741c26f635e6,STEINCO Paul vom Stein GmbH,User/Other,1,7999.8048,Industrial,Wermelskirchen,Industrial,Wermelskirchen,North Rhine-Westphalia,,2016-08-19 00:00:00
2800,4c48b00f-c8f6-419c-a5d2-da2b723242e8,NewCo GmbH,Private,1,19999.512,Office,Stuttgart,Office,Stuttgart,Baden-Wurttemberg,,2022-11-21 00:00:00
2801,393c17d4-5143-494c-a982-2bf975db56ef,Althoff & Investoren,Private,1,,Hotel,Celle,Hotel,Celle,Lower Saxony,,2005-06-30 00:00:00
2802,e27ce0ab-e4d8-4aa2-b8d3-741c26f635e6,Logiflex GmbH,User/Other,1,21999.4632,Dev Site,Monchengladbach,Dev Site,Monchengladbach,North Rhine-Westphalia,,2020-03-01 00:00:00
2803,e27ce0ab-e4d8-4aa2-b8d3-741c26f635e6,Axdia International GmbH,User/Other,1,5999.8536,Industrial,Willich,Industrial,Willich,North Rhine-Westphalia,,2021-04-14 00:00:00
2804,e27ce0ab-e4d8-4aa2-b8d3-741c26f635e6,Whealthfields Group Inc,User/Other,1,5199.87312,Industrial,Willich,Industrial,Willich,North Rhine-Westphalia,,2018-07-11 00:00:00
2805,4c48b00f-c8f6-419c-a5d2-da2b723242e8,FMP Matratzen Manufaktur,Private,1,5369.868972,Industrial,Rosrath,Industrial,Rosrath,North Rhine-Westphalia,,2014-10-13 00:00:00
2806,e27ce0ab-e4d8-4aa2-b8d3-741c26f635e6,Onway Logistics,User/Other,1,1049.97438,Industrial,Willich,Industrial,Willich,North Rhine-Westphalia,,2021-07-13 00:00:00
2807,e27ce0ab-e4d8-4aa2-b8d3-741c26f635e6,blau direkt GmbH & Co. KG,User/Other,1,3999.9024,Office,Lubeck,Office,Lubeck,Schleswig-Holstein,,2015-11-09 00:00:00
2808,4c48b00f-c8f6-419c-a5d2-da2b723242e8,Gutperle,Private,1,40261.0176072,Industrial,Aschaffenburg,Industrial,Minden; Offenbach an der Queich; Aschaffenburg,North Rhine-Westphalia; Rhineland-Palatinate; Bavaria,,2012-12-15 00:00:00
2809,4c48b00f-c8f6-419c-a5d2-da2b723242e8,Bialke und Buchholz GbR,Private,1,3870.9055476,Office,Bonn,Office,Bonn,North Rhine-Westphalia,,2013-02-15 00:00:00
2810,3d9a58a4-bf7e-4b6f-9051-dc2c50a9d851,Jaber International Group,Private,1,13727.6650368,Office,Dortmund,Industrial; Office,Unna; Dortmund,North Rhine-Westphalia,,2021-06-15 00:00:00
2811,e27ce0ab-e4d8-4aa2-b8d3-741c26f635e6,Schunke Bauzentrum Baumaschinen,User/Other,1,2999.9268,Industrial,Freiburg im Breisgau,Industrial,Freiburg im Breisgau,Baden-Wurttemberg,,2020-09-24 00:00:00
2812,e27ce0ab-e4d8-4aa2-b8d3-741c26f635e6,Chee Siang,User/Other,1,4999.878,Dev Site,Kaiserslautern,Dev Site,Kaiserslautern,Rhineland-Palatinate,,2015-10-07 00:00:00
2813,4c48b00f-c8f6-419c-a5d2-da2b723242e8,metaWERK AG,Private,1,369990.972,Dev Site,Leipzig,Dev Site,Leipzig,Saxony,,2013-06-12 00:00:00
2814,4c48b00f-c8f6-419c-a5d2-da2b723242e8,Pronesta GmbH,Private,1,3999.9024,Office,Haar,Office,Haar,Bavaria,,2016-01-01 00:00:00
2815,4c48b00f-c8f6-419c-a5d2-da2b723242e8,Weber-Consulting Beratungs GmbH,Private,1,14999.634,Dev Site,Remscheid,Dev Site,Remscheid,North Rhine-Westphalia,,2013-10-30 00:00:00
2816,4c48b00f-c8f6-419c-a5d2-da2b723242e8,Classen GmbH,Private,1,,Industrial,Rellingen,Industrial,Rellingen,Schleswig-Holstein,,2013-09-04 00:00:00
2817,e27ce0ab-e4d8-4aa2-b8d3-741c26f635e6,Papier- und Kartonfabrik Varel GmbH,User/Other,1,54998.658,Dev Site,Varel,Dev Site,Varel,Lower Saxony,,2015-12-03 00:00:00
2818,4504a375-95ce-43c8-910d-e74b78c9f160,Hoffmann SE,User/Other,1,7699.81212,Dev Site,Munich,Dev Site,Munich,Bavaria,,2020-04-30 00:00:00
2819,d9973bb5-67c8-474a-925d-e7adde32ace8,Adler Immobilien,Private,1,23999.4144,Dev Site,Mannheim,Dev Site,Mannheim,Baden-Wurttemberg,,2022-09-30 00:00:00
2820,d2a064be-6fde-4aee-9d9e-aeaa6f40340d,BNS Real Estate,Private,1,3399.91704,Dev Site,Dusseldorf,Dev Site; Hotel,Dusseldorf,North Rhine-Westphalia,,2022-07-15 00:00:00
2821,eaf4bf3d-c951-4ad1-b40f-9ac89e8e102a,Bundesverband der Deutschen Gießerei-Industrie (BDG),User/Other,1,4559.888736,Office,Dusseldorf,Office,Dusseldorf,North Rhine-Westphalia,,2011-12-05 00:00:00
2822,4c48b00f-c8f6-419c-a5d2-da2b723242e8,Michels Hotels GmbH,Private,1,,Hotel,Magdeburg,Hotel,Magdeburg,Saxony-Anhalt,,2018-07-10 00:00:00
2823,0cbafb29-bb28-40f8-ac37-9996d7f69a70,Rüstig Immobilien,Private,1,25799.37048,Industrial,Nuremberg,Dev Site; Industrial,Nuremberg,Bavaria,,2020-01-07 00:00:00
2824,701fb033-ced8-41a5-9b00-ce53d6ca3d99,Falkowski Gruppe,Private,1,6999.8292,Dev Site,Berlin,Apartment; Dev Site,Berlin,Berlin,,2023-03-22 00:00:00
2825,e27ce0ab-e4d8-4aa2-b8d3-741c26f635e6,Meyer Menu,User/Other,1,3521.9140632,Dev Site,Unna,Dev Site,Unna,North Rhine-Westphalia,,2021-12-01 00:00:00
2826,e27ce0ab-e4d8-4aa2-b8d3-741c26f635e6,Keller & Kalmbach Widex,User/Other,1,3999.9024,Industrial,Neuss,Industrial,Neuss,North Rhine-Westphalia,,2012-04-02 00:00:00
2827,71d63b34-68c2-40de-b24c-a48da12ca7a2,KAMCO Investment,Institutional,1,55998.6336,Office,Frankfurt am Main,Industrial; Office,Werl; Frankfurt am Main,North Rhine-Westphalia; Hesse,,2021-12-31 00:00:00
2828,e27ce0ab-e4d8-4aa2-b8d3-741c26f635e6,Porta Gruppe,User/Other,1,21999.4632,Retail,Cologne,Retail,Cologne,North Rhine-Westphalia,,2009-03-31 00:00:00
2829,e27ce0ab-e4d8-4aa2-b8d3-741c26f635e6,Shalimar Foods,User/Other,1,1999.9512,Industrial,Cologne,Industrial,Cologne,North Rhine-Westphalia,,2010-05-15 00:00:00
2830,4c48b00f-c8f6-419c-a5d2-da2b723242e8,Ambient Bau GmbH & Co. KG,Private,1,19999.3455232,Dev Site,Lemgo,Dev Site,Lemgo,North Rhine-Westphalia,,2014-12-31 00:00:00
2831,eaf4bf3d-c951-4ad1-b40f-9ac89e8e102a,City of Lemgo,User/Other,1,,Hotel,Lemgo,Dev Site; Hotel,Lemgo,North Rhine-Westphalia,,2015-11-16 00:00:00
2832,e27ce0ab-e4d8-4aa2-b8d3-741c26f635e6,T&T Patrimoine und Ditschun-Och GbR,User/Other,1,2899.92924,Dev Site,Barsbuttel,Dev Site,Barsbuttel,Schleswig-Holstein,,2010-08-11 00:00:00
2833,e27ce0ab-e4d8-4aa2-b8d3-741c26f635e6,Fa. Print-O-Tec,User/Other,1,1999.9512,Industrial,Hamburg,Industrial,Hamburg,Hamburg,,2015-01-05 00:00:00
2834,598cb9f9-58b6-488f-a771-725631c0a448,Deutsche Wildtier Stiftung,User/Other,1,3999.9024,Office,Hamburg,Office; Apartment; Industrial,Hamburg; Wiesbaden,Hamburg; Hesse,,2024-07-15 00:00:00
2835,4c48b00f-c8f6-419c-a5d2-da2b723242e8,Mehdi Khan,Private,1,2787.9319728,Retail,Hamburg,Retail,Hamburg,Hamburg,,2017-03-09 00:00:00
2836,4c48b00f-c8f6-419c-a5d2-da2b723242e8,Aletto Hotels,Private,1,11808.7118604,Office,Berlin,Office,Berlin,Berlin,,2011-06-01 00:00:00
2837,4c48b00f-c8f6-419c-a5d2-da2b723242e8,3-i Invest GmbH,Private,1,,Industrial,Ratingen,Industrial,Ratingen,North Rhine-Westphalia,,2021-02-04 00:00:00
2838,4c48b00f-c8f6-419c-a5d2-da2b723242e8,Sideka Industriebau GmbH,Private,1,6099.85116,Dev Site,Herne,Dev Site,Herne,North Rhine-Westphalia,,2020-08-07 00:00:00
2839,e27ce0ab-e4d8-4aa2-b8d3-741c26f635e6,Minol Messtechnik GmbH & Co. KG,User/Other,1,3765.9081096,Office,Mannheim,Office,Mannheim,Baden-Wurttemberg,,2013-06-17 00:00:00
2840,e27ce0ab-e4d8-4aa2-b8d3-741c26f635e6,Kruse Spedition GmbH,User/Other,1,54998.658,Dev Site,Osterheide,Dev Site,Osterheide,Lower Saxony,,2014-09-30 00:00:00
2841,e27ce0ab-e4d8-4aa2-b8d3-741c26f635e6,Alfred Schuon GmbH,User/Other,1,39999.024,Industrial,Sulz am Neckar,Industrial,Sulz am Neckar,Baden-Wurttemberg,,2017-01-09 00:00:00
2842,4c48b00f-c8f6-419c-a5d2-da2b723242e8,Holy Fashion Group,Private,1,999.9756,Office,Hamburg,Office,Hamburg,Hamburg,,2016-08-18 00:00:00
2843,4c48b00f-c8f6-419c-a5d2-da2b723242e8,Nordik Care,Private,1,3599.91216,Dev Site,Northeim,Dev Site,Northeim,Lower Saxony,,2023-12-01 00:00:00
2844,8b59fd2b-2d23-43e3-89c5-7ea0486f4b8c,ASB Arbeiter Samariter Bund,User/Other,1,5828.8577724,Seniors Housing & Care,Traunstein,Seniors Housing & Care,Traunstein; Pirmasens,Bavaria; Rhineland-Palatinate,,2020-04-30 00:00:00
2845,4c48b00f-c8f6-419c-a5d2-da2b723242e8,Berateq,Private,1,5499.8658,Retail,Waldsolms,Retail,Waldsolms,Hesse,,2019-12-10 00:00:00
2846,4c48b00f-c8f6-419c-a5d2-da2b723242e8,PASS GmbH & Co. KG,Private,1,4864.881294,Industrial,Schwelm,Industrial,Schwelm,North Rhine-Westphalia,,2016-09-08 00:00:00
2847,e27ce0ab-e4d8-4aa2-b8d3-741c26f635e6,Knipex,User/Other,1,29999.268,Dev Site,Wuppertal,Dev Site,Wuppertal,North Rhine-Westphalia,,2016-12-06 00:00:00
2848,4c48b00f-c8f6-419c-a5d2-da2b723242e8,Bickhardt Bau AG,Private,1,,Hotel,Kirchheim,Hotel,Kirchheim,Hesse,,2015-10-20 00:00:00
2849,4c48b00f-c8f6-419c-a5d2-da2b723242e8,Via Invest GmbH,Private,1,2749.9329,Office,Hamburg,Office,Hamburg,Hamburg,,2021-09-20 00:00:00
2850,eaf4bf3d-c951-4ad1-b40f-9ac89e8e102a,Landratsamt Alb-Donau-Kreis,User/Other,1,5999.8536,Office,Ulm,Office,Ulm,Baden-Wurttemberg,,2015-12-09 00:00:00
2851,eaf4bf3d-c951-4ad1-b40f-9ac89e8e102a,Land Baden Wurtemberg,User/Other,1,23277.4320168,Office,Stuttgart,Office,Stuttgart,Baden-Wurttemberg,,2012-12-01 00:00:00
2852,1c4c38e6-d637-45cd-a14a-76afca45b074,Tucher Stiftung,Institutional,1,6407.790506,Retail,Nuremberg,Retail,Nuremberg,Bavaria,,2012-02-07 00:00:00
2853,4c48b00f-c8f6-419c-a5d2-da2b723242e8,Baderhof GmbH,Private,1,3199.92192,Dev Site,Gauting,Dev Site,Gauting,Bavaria,,2012-04-05 00:00:00
2854,4c48b00f-c8f6-419c-a5d2-da2b723242e8,Batzoni Verwaltungsgesellschaft mbH,Private,1,7342.8208308,Industrial,Ebersbach an der Fils,Industrial,Ebersbach an der Fils,Baden-Wurttemberg,,2020-10-02 00:00:00
2855,ccdf5a40-0019-4558-8768-9972a5fd62b9,Real2,Private,1,4400.8926156,Retail,Baesweiler,Retail,Baesweiler,North Rhine-Westphalia,,2011-09-13 00:00:00
2856,bd5657ae-402e-4677-a035-dc18a547bcae,"GE-MI-BAU Mittelbadische Baugenossenschaft eG, Lahr",User/Other,1,29999.268,Dev Site,Offenburg,Dev Site,Offenburg,Baden-Wurttemberg,,2013-08-06 00:00:00
2857,4c48b00f-c8f6-419c-a5d2-da2b723242e8,Hurrle Immobilien,Private,1,29999.268,Dev Site,Offenburg,Dev Site,Offenburg,Baden-Wurttemberg,,2013-08-06 00:00:00
2858,4c48b00f-c8f6-419c-a5d2-da2b723242e8,"Breisgau Grund und Boden GmbH & Co. OHG, Gutach im Breisgau",Private,1,29999.268,Dev Site,Offenburg,Dev Site,Offenburg,Baden-Wurttemberg,,2013-08-06 00:00:00
2859,e27ce0ab-e4d8-4aa2-b8d3-741c26f635e6,Rittal,User/Other,1,55998.6336,Dev Site,Dietzholztal,Dev Site,Dietzholztal,Hesse,,2016-08-19 00:00:00
2860,4c48b00f-c8f6-419c-a5d2-da2b723242e8,Corest GmbH Real Estate,Private,1,3599.91216,Retail,Heiligenhaus,Retail,Heiligenhaus,North Rhine-Westphalia,,2014-05-31 00:00:00
2861,eaf4bf3d-c951-4ad1-b40f-9ac89e8e102a,City of Eschborn,User/Other,1,14999.634,Office,Eschborn,Office,Eschborn,Hesse,,2022-02-04 00:00:00
2862,4c48b00f-c8f6-419c-a5d2-da2b723242e8,Lothar Becker,Private,1,,Hotel,Oestrich-Winkel,Hotel,Oestrich-Winkel,Hesse,,2016-10-11 00:00:00
2863,4c48b00f-c8f6-419c-a5d2-da2b723242e8,Sonne Gmbh Salamita,Private,1,1362.9667428,Dev Site,Burgrieden,Dev Site,Burgrieden,Baden-Wurttemberg,,2020-09-04 00:00:00
2864,bbdc7581-7fc8-41d4-9aae-5fca34c5b020,Gruezi Real Estate AG,Private,1,4094.866002232,Office,Timmendorfer Strand,Office,Timmendorfer Strand,Schleswig-Holstein,,2007-10-31 00:00:00
2865,4c48b00f-c8f6-419c-a5d2-da2b723242e8,Gustav Selter GmbH,Private,1,2999.9268,Office,Altena,Office,Altena,North Rhine-Westphalia,,2012-06-04 00:00:00
2866,4c48b00f-c8f6-419c-a5d2-da2b723242e8,Priedemann Holding,Private,1,1499.9634,Office,Grossbeeren,Office,Grossbeeren,Brandenburg,,2016-10-17 00:00:00
2867,abad3be0-aaf7-42e8-ab87-a88e220b0684,Reale Werte eG,User/Other,1,3999.9024,Dev Site,Holzwickede,Dev Site,Holzwickede,North Rhine-Westphalia,,2019-03-27 00:00:00
2868,9189464a-d68d-4082-be22-5eeec91cc5f5,Gemeinnutziges Wohnungsunternehmen Eschborn GmbH,User/Other,1,,Seniors Housing & Care,Eschborn,Seniors Housing & Care,Eschborn,Hesse,,2014-12-31 00:00:00
2869,4c48b00f-c8f6-419c-a5d2-da2b723242e8,Curapractic Gemeinschaftspraxis,Private,1,759.981456,Office,Kerpen,Office,Kerpen,North Rhine-Westphalia,,2014-06-30 00:00:00
2870,dfc26914-47ba-45f5-91ed-cd1827f299ae,Jakob Jost GmbH,User/Other,1,799.98048,Retail,Grunstadt,Retail,Grunstadt,Rhineland-Palatinate,,2015-03-31 00:00:00
2871,4c48b00f-c8f6-419c-a5d2-da2b723242e8,Arco Bujis,Private,1,2014.950834,Hotel,Bedburg,Hotel,Bedburg,North Rhine-Westphalia,,2017-05-16 00:00:00
2872,4c48b00f-c8f6-419c-a5d2-da2b723242e8,Kasch GmbH,Private,1,1749.9573,Retail,Niebull,Retail,Niebull,Schleswig-Holstein,,2014-03-21 00:00:00
2873,4c48b00f-c8f6-419c-a5d2-da2b723242e8,Tucher Stiftung City Immobilien,Private,1,3099.92436,Office,Nuremberg,Office,Nuremberg,Bavaria,,2012-11-29 00:00:00
2874,e27ce0ab-e4d8-4aa2-b8d3-741c26f635e6,KAUB GmbH & Co.KG,User/Other,1,17599.57056,Industrial,Werdohl,Industrial,Werdohl,North Rhine-Westphalia,,2012-10-10 00:00:00
2875,f1fe5eab-2b7b-4ac5-a516-ba412d59dd7f,Activ Bilanz GmbH,Private,1,624.98475,Apartment,Leinfelden-Echterdingen,Apartment,Leinfelden-Echterdingen; Stuttgart,Baden-Wurttemberg,,2023-05-11 00:00:00
2876,4c48b00f-c8f6-419c-a5d2-da2b723242e8,GemWo AHW GmbH & Co. KG,Private,1,9499.7682,Apartment,Bestensee,Apartment,Bestensee,Brandenburg,,2020-06-01 00:00:00
2877,eaf4bf3d-c951-4ad1-b40f-9ac89e8e102a,Municipality of Hollenstedt,User/Other,1,24999.39,Dev Site,Hollenstedt,Dev Site,Hollenstedt,Lower Saxony,,2015-04-30 00:00:00
2878,b73d7f1b-5469-4880-abb2-76bf14ac966e,Secon Projekt One,Private,1,11999.7072,Dev Site,Porta Westfalica,Dev Site,Porta Westfalica,North Rhine-Westphalia,,2022-09-05 00:00:00
2879,24adb5fb-5a95-4838-8111-8f0549d7da8f,Versorgungskasse der Rechtsanwälte Hessen,Institutional,1,5978.8541124,Office,Berlin,Office,Berlin,Berlin,,2002-03-01 00:00:00
2880,e27ce0ab-e4d8-4aa2-b8d3-741c26f635e6,Deutscher Stadtetag,User/Other,1,2499.939,Office,Berlin,Office,Berlin,Berlin,,2011-08-29 00:00:00
2881,4c48b00f-c8f6-419c-a5d2-da2b723242e8,Mannheim Taylor Hotel- und Büroentwicklungsgesellschaft,Private,1,29999.0182848,Dev Site,Mannheim,Dev Site,Mannheim,Baden-Wurttemberg,,2016-05-25 00:00:00
2882,e27ce0ab-e4d8-4aa2-b8d3-741c26f635e6,Witron Logistik + Informatik GmbH,User/Other,1,11499.7194,Apartment,Potsdam,Apartment,Potsdam,Brandenburg,,2018-07-27 00:00:00
2883,abad3be0-aaf7-42e8-ab87-a88e220b0684,Einer fur Alle eG,User/Other,1,7999.8048,Dev Site,Berlin,Dev Site,Berlin,Berlin,,2023-09-01 00:00:00
2884,f25ad5f2-de13-459d-94f3-9ae59b530806,Wolfram Richter,Private,1,51998.7312,Office,Mainz,Office; Dev Site,Mainz,Rhineland-Palatinate,,2015-10-01 00:00:00
2885,4c48b00f-c8f6-419c-a5d2-da2b723242e8,Westo-Bau GmbH & Co. KG,Private,1,2449.94022,Dev Site,Esslingen am Neckar,Dev Site,Esslingen am Neckar,Baden-Wurttemberg,,2019-08-01 00:00:00
2886,4c48b00f-c8f6-419c-a5d2-da2b723242e8,Konigstein Capital,Private,1,22981.4392392,Office,Esslingen am Neckar,Office,Esslingen am Neckar,Baden-Wurttemberg,,2013-09-17 00:00:00
2887,e27ce0ab-e4d8-4aa2-b8d3-741c26f635e6,Star GbR,User/Other,1,18316.5530652,Industrial,Bremen,Industrial,Bremen,Bremen,,2021-11-22 00:00:00
2888,4c48b00f-c8f6-419c-a5d2-da2b723242e8,Sprengnetter GmbH,Private,1,8599.79016,Office,Bad Neuenahr-Ahrweiler,Office,Bad Neuenahr-Ahrweiler,Rhineland-Palatinate,,2015-07-15 00:00:00
2889,e27ce0ab-e4d8-4aa2-b8d3-741c26f635e6,HBi Robotics GmbH,User/Other,1,3999.9024,Industrial,Gosheim,Industrial,Gosheim,Baden-Wurttemberg,,2017-03-27 00:00:00
2890,7587f42e-83f8-4cb1-9f7c-a978557e0237,IGP Ingenieur GmbH,Private,1,9399.77064,Dev Site,Berlin,Dev Site,Berlin,Berlin,,2020-05-13 00:00:00
2891,4c48b00f-c8f6-419c-a5d2-da2b723242e8,Christine Wargny,Private,1,,Hotel,Potsdam,Hotel,Potsdam,Brandenburg,,2011-01-15 00:00:00
2892,f7de2482-658d-4906-8b6c-4812bd3e09bf,50Hertz,User/Other,1,8144.801262,Dev Site,Berlin,Dev Site,Berlin,Berlin,,2012-07-12 00:00:00
2893,4b69bc63-9123-4043-b6d3-faa1ca330041,ABDA,User/Other,1,6699.83652,Office,Berlin,Office,Berlin,Berlin,,2017-03-21 00:00:00
2894,4c48b00f-c8f6-419c-a5d2-da2b723242e8,Cato Invest GmbH,Private,1,,Apartment,Mechernich,Apartment,Mechernich,North Rhine-Westphalia,,2014-01-01 00:00:00
2895,4c48b00f-c8f6-419c-a5d2-da2b723242e8,HEIM & HAUS Holding GmbH,Private,1,36999.0972,Dev Site,Voerde (Niederrhein),Dev Site,Voerde (Niederrhein),North Rhine-Westphalia,,2019-10-30 00:00:00
2896,4c48b00f-c8f6-419c-a5d2-da2b723242e8,Sentinel Euro Real Estate II GmbH,Private,1,1863.9545184,Industrial,Goppingen,Industrial,Goppingen,Baden-Wurttemberg,,2022-07-21 00:00:00
2897,e27ce0ab-e4d8-4aa2-b8d3-741c26f635e6,Dold Logistik Gruppe,User/Other,1,5149.87434,Industrial,Talheim,Industrial,Talheim,Baden-Wurttemberg,,2014-04-02 00:00:00
2898,f12b2187-9145-48c0-afdb-3bab25eb82d8,Casada GmbH,Private,1,42895.2744,Dev Site,Berlin,Office; Apartment; Dev Site,Berlin,Berlin,,2019-03-13 00:00:00
2899,e27ce0ab-e4d8-4aa2-b8d3-741c26f635e6,Roman & Marc Ruckerl GbR,User/Other,1,6199.84872,Industrial,Pfullendorf,Industrial,Pfullendorf,Baden-Wurttemberg,,2010-11-04 00:00:00
2900,e27ce0ab-e4d8-4aa2-b8d3-741c26f635e6,Sonnenhotels GmbH,User/Other,1,12999.6828,Dev Site,Bad Kissingen,Dev Site,Bad Kissingen,Bavaria,,2018-11-07 00:00:00
2901,4c48b00f-c8f6-419c-a5d2-da2b723242e8,CCO Entwicklungsgesellschaft,Private,1,7849.80846,Retail,Oldenburg (Oldenburg),Retail,Oldenburg (Oldenburg),Lower Saxony,,2019-08-22 00:00:00
2902,1521d3db-a531-42b8-b8b4-1ad5c6c95c65,Grimmert GmbH,Private,1,5299.87068,Dev Site,Velbert,Dev Site,Velbert,North Rhine-Westphalia,,2023-03-01 00:00:00
2903,d16b3b25-d954-44c2-80ba-0bdd5a4e8410,Rheinhessen Sparkasse,Institutional,1,6129.850428,Dev Site,Mainz,Dev Site,Mainz,Rhineland-Palatinate,,2024-02-16 00:00:00
2904,710663c8-1fe9-4bea-8332-e982e4d38eb1,Grasruck,Private,1,3599.91216,Dev Site,Nuremberg,Dev Site,Nuremberg,Bavaria,,2015-09-24 00:00:00
2905,e27ce0ab-e4d8-4aa2-b8d3-741c26f635e6,Sanitätshauses Weinmann,User/Other,1,109997.316,Dev Site,Goppingen,Dev Site,Goppingen,Baden-Wurttemberg,,2015-03-04 00:00:00
2906,e27ce0ab-e4d8-4aa2-b8d3-741c26f635e6,Ipsen Contract Logistics,User/Other,1,14999.634,Dev Site,Bremen,Dev Site,Bremen,Bremen,,2011-12-15 00:00:00
2907,bd5657ae-402e-4677-a035-dc18a547bcae,VRD Stiftung fur Erneuerbare Energien,User/Other,1,5019.877512,Office,Heidelberg,Office,Heidelberg,Baden-Wurttemberg,,2023-01-10 00:00:00
2908,561c6888-71d2-4f49-b9a1-33cfe9ce514a,Stiller & Hohla,Institutional,1,,Condo,Dusseldorf,Condo,Dusseldorf,North Rhine-Westphalia,,2007-04-15 00:00:00
2909,8141d510-896d-49a6-879d-38b0b0475a2e,Pearl Of Kuwait Real Estate Co.,Private,1,,Hotel,Dusseldorf,Condo; Hotel,Dusseldorf,North Rhine-Westphalia,,2007-04-15 00:00:00
2910,e27ce0ab-e4d8-4aa2-b8d3-741c26f635e6,Landefeld Druckluft und Hydraulik GmbH,User/Other,1,7099.82676,Industrial,Kassel,Industrial,Kassel,Hesse,,2023-08-21 00:00:00
2911,e27ce0ab-e4d8-4aa2-b8d3-741c26f635e6,Elmos Semiconductor SE,User/Other,1,1299.96828,Office,Dortmund,Office,Dortmund,North Rhine-Westphalia,,2022-01-12 00:00:00
2912,e27ce0ab-e4d8-4aa2-b8d3-741c26f635e6,Brita GmbH,User/Other,1,13999.6584,Industrial,Taunusstein,Industrial,Taunusstein,Hesse,,2008-05-31 00:00:00
2913,4c48b00f-c8f6-419c-a5d2-da2b723242e8,Camperland J. Bong Vertriebs GmbH,Private,1,2499.939,Retail,Kerpen,Retail,Kerpen,North Rhine-Westphalia,,2014-03-11 00:00:00
2914,4c48b00f-c8f6-419c-a5d2-da2b723242e8,Unit Gesellschaft für Projektentwicklung mbH,Private,1,7999.8048,Dev Site,Darmstadt,Dev Site; Hotel; Office,Darmstadt,Hesse,,2018-11-21 00:00:00
2915,e27ce0ab-e4d8-4aa2-b8d3-741c26f635e6,Gerodur MPM Kunststoffverarbeitung GmbH & Co. KG,User/Other,1,47998.8288,Dev Site,Neustadt in Sachsen,Dev Site,Neustadt in Sachsen,Saxony,,2019-06-07 00:00:00
2916,e27ce0ab-e4d8-4aa2-b8d3-741c26f635e6,Noweda eG Apothekergenossenschaft,User/Other,1,29999.268,Dev Site,Peine,Dev Site,Peine,Lower Saxony,,2010-10-27 00:00:00
2917,e27ce0ab-e4d8-4aa2-b8d3-741c26f635e6,Schluckspecht Getranke GmbH,User/Other,1,11999.7072,Dev Site,Frankfurt am Main,Dev Site,Frankfurt am Main,Hesse,,2016-02-18 00:00:00
2918,80456d5c-3a8a-4810-aa1d-8b54339006ab,Lume Development,Private,1,5699.86092,Dev Site,Potsdam,Dev Site,Potsdam,Brandenburg,,2015-01-31 00:00:00
2919,e27ce0ab-e4d8-4aa2-b8d3-741c26f635e6,Noweda eG,User/Other,1,27099.33876,Dev Site,Essen,Dev Site,Essen,North Rhine-Westphalia,,2013-12-31 00:00:00
2920,e27ce0ab-e4d8-4aa2-b8d3-741c26f635e6,H.V.D. Nagel & Zn.,User/Other,1,3999.9024,Industrial,Hamm,Industrial,Hamm,North Rhine-Westphalia,,2024-02-20 00:00:00
2921,8e82d73e-8540-42b6-9774-08b99059b7d7,Quattrohaus,Private,1,35999.1216,Dev Site,Cottbus,Apartment; Seniors Housing & Care; Dev Site,Cottbus; Berlin; Magdeburg,Brandenburg; Berlin; Saxony-Anhalt,,2020-02-21 00:00:00
2922,e27ce0ab-e4d8-4aa2-b8d3-741c26f635e6,Oelschlaeger Immobilien,User/Other,1,2999.9268,Office,Dusseldorf,Office,Dusseldorf,North Rhine-Westphalia,,2002-09-01 00:00:00
2923,4c48b00f-c8f6-419c-a5d2-da2b723242e8,IIG-Projektgesellschaft mbH,Private,1,2216.9459052,Dev Site,Dresden,Dev Site,Dresden,Saxony,,2018-07-10 00:00:00
2924,e27ce0ab-e4d8-4aa2-b8d3-741c26f635e6,Coroplast Group,User/Other,1,8299.79748,Industrial,Wuppertal,Industrial,Wuppertal,North Rhine-Westphalia,,2024-06-03 00:00:00
2925,d8c8ea1c-6edb-45ed-b82e-54bee84fec7b,W-Tec GmbH,Private,1,3449.91582,Office,Wuppertal,Office,Wuppertal,North Rhine-Westphalia,,2009-09-01 00:00:00
2926,4c48b00f-c8f6-419c-a5d2-da2b723242e8,Göbels Landhotel KG,Private,1,,Hotel,Rotenburg an der Fulda,Hotel,Rotenburg an der Fulda,Hesse,,2009-01-31 00:00:00
2927,e27ce0ab-e4d8-4aa2-b8d3-741c26f635e6,Xeptum Consulting,User/Other,1,22999.24735168,Dev Site,Neckarsulm,Dev Site,Neckarsulm,Baden-Wurttemberg,,2020-03-01 00:00:00
2928,4c48b00f-c8f6-419c-a5d2-da2b723242e8,Horst Wortmann,Private,1,3999.9024,Dev Site,Detmold,Dev Site,Detmold,North Rhine-Westphalia,,2013-06-20 00:00:00
2929,4c48b00f-c8f6-419c-a5d2-da2b723242e8,Georg Engelhardt GmbH & Co. Liegenschaften und Bauträger KG,Private,1,9999.756,Apartment,Munich,Apartment,Munich,Bavaria,,2010-12-31 00:00:00
2930,2e7bb062-afe6-4efd-bf95-fe559373b6f9,IZ Immobilien Zentrum AG,Private,1,26999.3412,Dev Site,Munich,Dev Site,Munich,Bavaria,,2010-11-25 00:00:00
2931,eaf4bf3d-c951-4ad1-b40f-9ac89e8e102a,Gemeinde Altenstadt,User/Other,1,22333.4550504,Dev Site,Altenstadt,Dev Site,Altenstadt,Hesse,,2022-03-23 00:00:00
2932,e27ce0ab-e4d8-4aa2-b8d3-741c26f635e6,Dennert Poraver GmbH,User/Other,1,42998.9508,Dev Site,Schlusselfeld,Dev Site,Schlusselfeld,Bavaria,,2015-08-21 00:00:00
2933,640f042b-618d-4c73-9bb4-9facd63513ce,Jan-Reiners-Center GbR,Private,1,6299.84628,Retail,Bremen,Retail,Bremen,Bremen,,2012-03-02 00:00:00
2934,4c48b00f-c8f6-419c-a5d2-da2b723242e8,Fussballverein Borussia Monchengladbach,Private,1,54998.658,Dev Site,Monchengladbach,Dev Site,Monchengladbach,North Rhine-Westphalia,,2012-02-03 00:00:00
2935,4c48b00f-c8f6-419c-a5d2-da2b723242e8,Manfred und Renate Haag,Private,1,,Hotel,Buhl,Hotel,Buhl,Baden-Wurttemberg,,2013-06-01 00:00:00
2936,4c48b00f-c8f6-419c-a5d2-da2b723242e8,Gentes Gruppe,Private,1,29999.268,Dev Site,Essen,Dev Site,Essen,North Rhine-Westphalia,,2016-01-14 00:00:00
2937,d6c65591-3440-4719-b991-be5a957e0e7c,Bayernhaus Wohn- und Gewerbebau GmbH,<unknown>,1,3602.9120868,Dev Site,Leipzig,Dev Site,Leipzig,Saxony,,2021-10-21 00:00:00
2938,e2fd4c18-0acf-4d49-9c1f-6d4c04190945,Pegasus Courtyard,Private,1,,Office,Dresden,Office,Dresden,Saxony,,2011-04-06 00:00:00
2939,4c48b00f-c8f6-419c-a5d2-da2b723242e8,A.Yoleri & Partner,Private,1,1999.9512,Dev Site,Berlin,Dev Site,Berlin,Berlin,,2022-04-25 00:00:00
2940,6bbd968f-0b06-4f5f-95e5-0c0fac0010e7,EBR Projektentwicklung,Private,1,9999.756,Office,Gottingen,Office,Gottingen,Lower Saxony,,2018-09-01 00:00:00
2941,e27ce0ab-e4d8-4aa2-b8d3-741c26f635e6,AIDA Engineering,User/Other,1,29999.268,Dev Site,Weingarten,Dev Site,Weingarten,Baden-Wurttemberg,,2020-04-01 00:00:00
2942,e27ce0ab-e4d8-4aa2-b8d3-741c26f635e6,Vinyltech,User/Other,1,1029.974868,Industrial,Bremen,Industrial,Bremen,Bremen,,2015-01-12 00:00:00
2943,4c48b00f-c8f6-419c-a5d2-da2b723242e8,Offenbacher Baugenossenschaft,Private,1,5713.8605784,Office,Offenbach am Main,Office,Offenbach am Main,Hesse,,2005-06-01 00:00:00
2944,4c48b00f-c8f6-419c-a5d2-da2b723242e8,W&N Immobilien-Gruppe,Private,1,1399.96584,Hotel,Kuhlungsborn,Hotel,Kuhlungsborn,Mecklenburg-West Pomerania,,2019-07-12 00:00:00
2945,e27ce0ab-e4d8-4aa2-b8d3-741c26f635e6,Blechcon GmbH & Co. KG,User/Other,1,14999.634,Dev Site,Solingen,Dev Site,Solingen,North Rhine-Westphalia,,2019-11-04 00:00:00
2946,e27ce0ab-e4d8-4aa2-b8d3-741c26f635e6,Härterei Kämper GmbH,User/Other,1,8999.7804,Industrial,Halver,Industrial,Halver,North Rhine-Westphalia,,2016-08-02 00:00:00
2947,4c48b00f-c8f6-419c-a5d2-da2b723242e8,Andritschke-Urban Family,Private,1,1149.97194,Apartment,Hanover,Apartment,Hanover,Lower Saxony,,2019-03-19 00:00:00
2948,4c48b00f-c8f6-419c-a5d2-da2b723242e8,CMS Habitare,Private,1,3999.9024,Office,Hanover,Office,Hanover,Lower Saxony,,2023-05-19 00:00:00
2949,4c48b00f-c8f6-419c-a5d2-da2b723242e8,A Munich Real Estate Association,Private,1,2299.94388,Office,Munich,Office,Munich,Bavaria,,2013-02-04 00:00:00
2950,e27ce0ab-e4d8-4aa2-b8d3-741c26f635e6,TER HELL PLASTIC GMBH,User/Other,1,3189.922164,Office,Herten,Office,Herten,North Rhine-Westphalia,,2017-02-06 00:00:00
2951,4c48b00f-c8f6-419c-a5d2-da2b723242e8,Hubner Vermogensverwaltung GmbH,Private,1,649.98414,Dev Site,Munich,Dev Site,Munich,Bavaria,,2020-12-23 00:00:00
2952,750fc567-4f59-4845-8c59-60b647f07588,Great Berlin Wheel GmbH,Private,1,12999.6828,Office,Berlin,Dev Site; Office,Berlin,Berlin,,2015-06-02 00:00:00
2953,4c48b00f-c8f6-419c-a5d2-da2b723242e8,Peiker Holding GmbH,Private,1,,Apartment,Karben,Apartment,Karben,Hesse,,2016-12-09 00:00:00
2954,4c48b00f-c8f6-419c-a5d2-da2b723242e8,ErSa Grundstücks GmbH & Co. KG,Private,1,16086.6074772,Dev Site,Offenbach am Main,Dev Site,Offenbach am Main,Hesse,,2015-10-15 00:00:00
2955,e27ce0ab-e4d8-4aa2-b8d3-741c26f635e6,Autohaus Kunzmann,User/Other,1,29999.0182848,Dev Site,Buttelborn,Dev Site,Buttelborn,Hesse,,2021-01-22 00:00:00
2956,e27ce0ab-e4d8-4aa2-b8d3-741c26f635e6,Costenoble GmbH & Co. KG,User/Other,1,3999.9024,Dev Site,Hofheim am Taunus,Dev Site,Hofheim am Taunus,Hesse,,2021-12-08 00:00:00
2957,4c48b00f-c8f6-419c-a5d2-da2b723242e8,OS Immobilien GmbH & Co. KG,Private,1,815.9800896,Office,Wolfsburg,Office,Wolfsburg,Lower Saxony,,2021-08-03 00:00:00
2958,e27ce0ab-e4d8-4aa2-b8d3-741c26f635e6,Murtfeldt Kunststoffe GmbH,User/Other,1,,Industrial,Dortmund,Industrial,Dortmund,North Rhine-Westphalia,,2014-04-30 00:00:00
2959,4c48b00f-c8f6-419c-a5d2-da2b723242e8,HP Campus Verwaltungs GmbH,Private,1,11999.7072,Office,Bad Homburg vor der Hohe,Office,Bad Homburg vor der Hohe,Hesse,,2019-06-30 00:00:00
2960,4c48b00f-c8f6-419c-a5d2-da2b723242e8,EsCP Projekt AG,Private,1,,Office,Herrenberg,Office,Herrenberg,Baden-Wurttemberg,,2017-09-30 00:00:00
2961,b853e99d-8f13-4683-9eb7-2dacb8353552,Beiersdorf,User/Other,1,119997.072,Dev Site,Hamburg,Industrial; Dev Site,Hamburg,Hamburg,,2017-06-29 00:00:00
2962,e27ce0ab-e4d8-4aa2-b8d3-741c26f635e6,Bergzeit Alpin,User/Other,1,13999.54186624,Dev Site,Otterfing,Dev Site,Otterfing,Bavaria,,2016-03-01 00:00:00
2963,4c48b00f-c8f6-419c-a5d2-da2b723242e8,Projekt Bruhlstraße GmbH,Private,1,2999.9268,Office,Hanover,Office,Hanover,Lower Saxony,,2018-07-17 00:00:00
2964,4c48b00f-c8f6-419c-a5d2-da2b723242e8,HannoverReal GmbH & Co. KG,Private,1,10199.75112,Retail,Northeim,Retail,Northeim,Lower Saxony,,2022-03-25 00:00:00
2965,24adb5fb-5a95-4838-8111-8f0549d7da8f,Baden-Württembergische Versorgungsanstalt,Institutional,1,20199.50712,Industrial,Dornstadt,Industrial,Dornstadt,Baden-Wurttemberg,,2013-11-18 00:00:00
2966,a4238401-1295-405a-9851-2abd04698d6f,City of Espelkamp,User/Other,1,9999.756,Industrial,Espelkamp,Industrial,Espelkamp,North Rhine-Westphalia,,2010-12-15 00:00:00
2967,e27ce0ab-e4d8-4aa2-b8d3-741c26f635e6,Eggers Schuh- und Sport GmbH,User/Other,1,1999.9512,Retail,Bad Oldesloe,Retail,Bad Oldesloe,Schleswig-Holstein,,2012-01-04 00:00:00
2968,4c48b00f-c8f6-419c-a5d2-da2b723242e8,Tara GmbH,Private,1,4599.88776,Dev Site,Darmstadt,Dev Site,Darmstadt,Hesse,,2019-06-12 00:00:00
2969,4c48b00f-c8f6-419c-a5d2-da2b723242e8,Michaela & Michael Hagen,Private,1,,Hotel,Meerbusch,Hotel,Meerbusch,North Rhine-Westphalia,,2009-08-15 00:00:00
2970,4c48b00f-c8f6-419c-a5d2-da2b723242e8,Janssen Grundstücksgesellschaft mbH,Private,1,7999.8048,Dev Site,Korschenbroich,Dev Site,Korschenbroich,North Rhine-Westphalia,,2012-03-13 00:00:00
2971,4c48b00f-c8f6-419c-a5d2-da2b723242e8,TreuBau Freiburg AG,Private,1,,Office,Freiburg im Breisgau,Office,Freiburg im Breisgau,Baden-Wurttemberg,,2013-06-06 00:00:00
2972,4c48b00f-c8f6-419c-a5d2-da2b723242e8,Containerwerk Pro GmbH,Private,1,899.97804,Dev Site,Monchengladbach,Dev Site,Monchengladbach,North Rhine-Westphalia,,2020-12-22 00:00:00
2973,e27ce0ab-e4d8-4aa2-b8d3-741c26f635e6,Senvita Social Estate,User/Other,1,5999.8536,Dev Site,Kemnath,Dev Site; Seniors Housing & Care,Kemnath,Bavaria,,2019-03-31 00:00:00
2974,6e4169f7-c689-4a53-977b-dde6b6741a48,Seyband Gruppe,Private,1,8999.7804,Industrial,Bad Gronenbach,Industrial; Retail,Bad Gronenbach; Kempten (Allgau),Bavaria,,2023-10-06 00:00:00
2975,c7062843-b68a-4728-8078-dfb9d4eeb176,IGM,User/Other,1,69997.7093312,Dev Site,Medard,Dev Site,Medard,Rhineland-Palatinate,,2022-09-01 00:00:00
2976,4ab5c0e6-f1f9-4e41-8c6a-480a7a9dc052,Sigma Holding GmbH,Private,1,9499.7682,Industrial,Ebersdorf bei Coburg,Industrial,Ebersdorf bei Coburg,Bavaria,,2024-07-01 00:00:00
2977,0dfdf45c-0a94-4d1f-aabd-610c82db2b2a,S.K.E.T. Gesellschaft fur Immobilienmanagement,Private,1,22539.450024,Dev Site,Karlsruhe,Dev Site,Karlsruhe,Baden-Wurttemberg,,2017-04-20 00:00:00
2978,1655761b-6fd8-4ae5-9462-c445ae721107,Soloplan GmbH,Private,1,5749.8597,Office,Kempten (Allgau),Office,Kempten (Allgau),Bavaria,,2015-08-19 00:00:00
2979,e27ce0ab-e4d8-4aa2-b8d3-741c26f635e6,Nova Umwelttechnik,User/Other,1,1999.9512,Industrial,Grossostheim,Industrial,Grossostheim,Bavaria,,2020-07-01 00:00:00
2980,e27ce0ab-e4d8-4aa2-b8d3-741c26f635e6,Borschweid + Wenig GmbH,User/Other,1,21799.46808,Dev Site,Gersthofen,Dev Site,Gersthofen,Bavaria,,2012-06-21 00:00:00
2981,e7cd1555-05b1-466f-9f45-8d40b3bd17e1,Linimed GmbH,Private,1,,Seniors Housing & Care,Erfurt,Seniors Housing & Care,Erfurt,Thuringia,,2012-08-15 00:00:00
2982,4c48b00f-c8f6-419c-a5d2-da2b723242e8,Erhard & Stern,Private,1,,Hotel,Heidelberg,Hotel,Heidelberg,Baden-Wurttemberg,,2019-07-10 00:00:00
2983,2a7c7d3e-b739-4d17-9c5b-c4176a75247d,planquadr.at,Private,1,7599.81456,Dev Site,Tegernsee,Dev Site; Hotel,Tegernsee,Bavaria,,2022-11-04 00:00:00
2984,3260d8e5-622c-466f-bcb0-053bbb65e2a0,City of Worms,User/Other,1,89997.0548544,Dev Site,Worms,Dev Site,Worms,Rhineland-Palatinate,,2015-02-28 00:00:00
2985,4c48b00f-c8f6-419c-a5d2-da2b723242e8,Implementum GmbH,Private,1,10714.738554,Retail,Gladbeck,Retail,Gladbeck,North Rhine-Westphalia,,2016-03-11 00:00:00
2986,45433272-9309-43f0-b583-49f3cc14f721,TD Retail Sarl-,Private,1,23228.4332124,Retail,Krefeld,Retail,Krefeld,North Rhine-Westphalia,,2014-06-30 00:00:00
2987,d70729ce-3c27-4b2d-817d-c66360dc3e11,SAFE-BOX Self Storage GmbH,Private,1,24199.40952,Self Storage,Duisburg,Self Storage,Duisburg,North Rhine-Westphalia,,2014-09-30 00:00:00
2988,4c48b00f-c8f6-419c-a5d2-da2b723242e8,Hesselmann Family,Private,1,2486.9393172,Retail,Bochum,Retail,Bochum,North Rhine-Westphalia,,2013-03-04 00:00:00
2989,4c48b00f-c8f6-419c-a5d2-da2b723242e8,SPF Holding (Germany),Private,1,4911.8801472,Retail,Gelsenkirchen,Retail,Gelsenkirchen,North Rhine-Westphalia,,2022-02-01 00:00:00
2990,4c48b00f-c8f6-419c-a5d2-da2b723242e8,City of Andernach,Private,1,5499.8658,Retail,Andernach,Retail,Andernach,Rhineland-Palatinate,,2021-11-19 00:00:00
2991,4c48b00f-c8f6-419c-a5d2-da2b723242e8,Pinchas Schapira,Private,1,999.9756,Retail,Krefeld,Retail,Krefeld,North Rhine-Westphalia,,2015-09-29 00:00:00
2992,4c48b00f-c8f6-419c-a5d2-da2b723242e8,Samuel Schapira,Private,1,999.9756,Retail,Krefeld,Retail,Krefeld,North Rhine-Westphalia,,2015-09-29 00:00:00
2993,4c48b00f-c8f6-419c-a5d2-da2b723242e8,Gastro-Konzept Trosch GmbH,Private,1,,Hotel,Bexbach,Hotel,Bexbach,Saarland,,2024-03-19 00:00:00
2994,d05c6b7b-487c-4a51-9c69-ede4167f0523,ACHAT Hotels,Private,1,,Hotel,Reilingen,Hotel,Reilingen,Baden-Wurttemberg,,2011-01-15 00:00:00
2995,4c48b00f-c8f6-419c-a5d2-da2b723242e8,b2 Immobilien Invest GmbH,Private,1,1085.9735016,Retail,Grebenstein,Retail,Grebenstein,Hesse,,2020-12-15 00:00:00
2996,4c48b00f-c8f6-419c-a5d2-da2b723242e8,Schultheiss Projektentwicklung GmbH,Private,1,7399.81944,Dev Site,Nuremberg,Dev Site,Nuremberg,Bavaria,,2013-09-19 00:00:00
2997,f444d93f-18e1-448d-b20e-a0fbf0fa27dd,TGW Logistics Group,User/Other,1,17199.58032,Industrial,Rohrdorf,Industrial,Stephanskirchen; Rohrdorf,Bavaria,,2023-06-14 00:00:00
2998,4c48b00f-c8f6-419c-a5d2-da2b723242e8,ZEVENS Grundbesitz GmbH & Co.KG,Private,1,9999.756,Retail,Wesel,Retail,Wesel,North Rhine-Westphalia,,2024-05-11 00:00:00
2999,9fb084fd-768b-4fcd-a8bb-1bb39b729065,BOAG Beteiligungs AG,Private,1,1992.9513708,Dev Site,Hamburg,Dev Site; Apartment,Hamburg; Berlin,Hamburg; Berlin,,2021-01-28 00:00:00
3000,4c48b00f-c8f6-419c-a5d2-da2b723242e8,MBM Hochbau GmbH,Private,1,10999.7316,Dev Site,Gelsenkirchen,Dev Site,Gelsenkirchen,North Rhine-Westphalia,,2014-11-18 00:00:00
3001,1414c689-8049-4119-91d4-aa4e27c2089f,WertSecur,Institutional,1,20599.49736,Retail,Tonisvorst,Retail,Tonisvorst,North Rhine-Westphalia,,2015-09-30 00:00:00
3002,c6f93b53-f9d2-4cfd-a4de-c1e518ef1971,Immobilis GmbH,Institutional,1,5199.87312,Office,Munich,Office; Apartment,Munich,Bavaria,,2020-12-31 00:00:00
3003,eaf4bf3d-c951-4ad1-b40f-9ac89e8e102a,Stadtwerke Göppingen,User/Other,1,6999.8292,Dev Site,Goppingen,Dev Site,Goppingen,Baden-Wurttemberg,,2015-11-10 00:00:00
3004,eaf4bf3d-c951-4ad1-b40f-9ac89e8e102a,Landkreis Nordhausen,User/Other,1,12473.6956344,Other General,Nordhausen,Other General,Nordhausen,Thuringia,,2020-05-31 00:00:00
3005,4c48b00f-c8f6-419c-a5d2-da2b723242e8,Dirk Germandi,Private,1,349991.46,Dev Site,Berlin,Dev Site; Office,Berlin,Berlin,,2015-12-10 00:00:00
3006,e27ce0ab-e4d8-4aa2-b8d3-741c26f635e6,Fungeling Immobiliengruppe,User/Other,1,6999.8292,Retail,Cologne,Retail,Cologne,North Rhine-Westphalia,,2014-07-03 00:00:00
3007,36dfefdb-aae8-4319-91a3-b235422a5774,Helvetic Investment,Institutional,1,,Hotel,Monchengladbach,Hotel,Monchengladbach,North Rhine-Westphalia,,2020-03-24 00:00:00
3008,4c48b00f-c8f6-419c-a5d2-da2b723242e8,Jeff Wang,Private,1,,Hotel,Bad Neustadt an der Saale,Hotel,Bad Neustadt an der Saale,Bavaria,,2016-08-05 00:00:00
3009,e27ce0ab-e4d8-4aa2-b8d3-741c26f635e6,Birkart Systemverkehre GmbH,User/Other,1,7111.8264672,Industrial,Wuppertal,Industrial,Wuppertal,North Rhine-Westphalia,,2021-01-12 00:00:00
3010,1a638561-a91e-4fb5-b067-7dd84ef89dfd,Prime Value Invest GmbH,Private,1,10999.7316,Office,Kassel,Office,Kassel,Hesse,,2017-10-05 00:00:00
3011,4c48b00f-c8f6-419c-a5d2-da2b723242e8,ACO Group,Private,1,2599.93656,Office,Budelsdorf,Office,Budelsdorf,Schleswig-Holstein,,2013-03-31 00:00:00
3012,4c48b00f-c8f6-419c-a5d2-da2b723242e8,Vermogensverwaltungsges Andresen mbH,Private,1,6999.8292,Retail,Flensburg,Retail,Flensburg,Schleswig-Holstein,,2012-04-02 00:00:00
3013,22a833fb-3872-4a10-9643-5223e537b54c,steg Hamburg,User/Other,1,3599.91216,Dev Site,Hamburg,Industrial; Dev Site,Hamburg,Hamburg,,2019-04-09 00:00:00
3014,acff5df8-aea1-4084-974d-63cea353e64d,Adlershorst,User/Other,1,5499.8658,Apartment,Hamburg,Apartment,Barmstedt; Hamburg,Schleswig-Holstein; Hamburg,,2021-06-14 00:00:00
3015,4c48b00f-c8f6-419c-a5d2-da2b723242e8,W Jacobsen GmbH,Private,1,1499.9634,Retail,Kiel,Retail,Kiel,Schleswig-Holstein,,2016-06-03 00:00:00
3016,4c48b00f-c8f6-419c-a5d2-da2b723242e8,Kappel Grundstücks & Verwaltungs GmbH,Private,1,69998.292,Dev Site,Herne,Dev Site,Herne,North Rhine-Westphalia,,2012-11-12 00:00:00
3017,01670e44-6dc5-4fd3-bb65-f316da1c7f9e,City of Raesfeld,User/Other,1,,Apartment,Raesfeld,Apartment,Raesfeld,North Rhine-Westphalia,,2008-10-15 00:00:00
3018,e27ce0ab-e4d8-4aa2-b8d3-741c26f635e6,Anssems.com Deutschland GmbH,User/Other,1,109997.316,Dev Site,Bad Bentheim,Dev Site,Bad Bentheim,Lower Saxony,,2013-12-31 00:00:00
3019,e27ce0ab-e4d8-4aa2-b8d3-741c26f635e6,Jewagas BV,User/Other,1,23999.4144,Dev Site,Weeze,Dev Site,Weeze,North Rhine-Westphalia,,2020-05-25 00:00:00
3020,e27ce0ab-e4d8-4aa2-b8d3-741c26f635e6,Drogerie Muller,User/Other,1,3319.918992,Retail,Siegburg,Retail,Siegburg,North Rhine-Westphalia,,2012-10-22 00:00:00
3021,4c48b00f-c8f6-419c-a5d2-da2b723242e8,Mustafa Erdem ( ER-Bau GmbH),Private,1,15399.62424,Office,Mainz,Office,Mainz,Rhineland-Palatinate,,2012-12-31 00:00:00
3022,eaf4bf3d-c951-4ad1-b40f-9ac89e8e102a,City of Halberstadt,User/Other,1,,Office,Halberstadt,Office,Halberstadt,Saxony-Anhalt,,2019-05-04 00:00:00
3023,4c48b00f-c8f6-419c-a5d2-da2b723242e8,Charter House Real Estate GmbH,Private,1,1839.955104,Retail,Moers,Retail,Moers,North Rhine-Westphalia,,2013-01-13 00:00:00
3024,4c48b00f-c8f6-419c-a5d2-da2b723242e8,Greif-Hollander,Private,1,5699.86092,Dev Site,Sprockhovel,Dev Site,Sprockhovel,North Rhine-Westphalia,,2020-09-07 00:00:00
3025,e27ce0ab-e4d8-4aa2-b8d3-741c26f635e6,Pflanzen Mauk - Gartencenter GmbH,User/Other,1,14999.634,Dev Site,Oberursel (Taunus),Dev Site,Oberursel (Taunus),Hesse,,2011-11-28 00:00:00
3026,772e7e91-bbb0-4df1-9020-20dd5a772b47,Gerhardi Kunststofftechnik,User/Other,1,59998.0365696,Dev Site,Altena,Dev Site,Altena,North Rhine-Westphalia,,2018-06-30 00:00:00
3027,4c48b00f-c8f6-419c-a5d2-da2b723242e8,Privathotels Dr. Lohbeck GmbH,Private,1,,Hotel,Schneverdingen,Hotel,Schneverdingen,Lower Saxony,,2014-06-19 00:00:00
3028,e27ce0ab-e4d8-4aa2-b8d3-741c26f635e6,Recylex SA,User/Other,1,13794.663402,Industrial,Osterwieck,Industrial,Osterwieck,Saxony-Anhalt,,2014-06-01 00:00:00
3029,4c48b00f-c8f6-419c-a5d2-da2b723242e8,Dreier Immobilien,Private,1,5539.864824,Office,Dortmund,Office,Dortmund,North Rhine-Westphalia,,2014-07-31 00:00:00
3030,4c48b00f-c8f6-419c-a5d2-da2b723242e8,Hugo Boss,Private,1,57998.5848,Dev Site,Filderstadt,Dev Site,Filderstadt,Baden-Wurttemberg,,2012-01-24 00:00:00
3031,3a40550a-c1b9-454d-b2c1-f79355b30d2f,Toka Immobilien,Private,1,12149.70354,Dev Site,Grenzach-Wyhlen,Dev Site,Grenzach-Wyhlen,Baden-Wurttemberg,,2015-11-11 00:00:00
3032,e27ce0ab-e4d8-4aa2-b8d3-741c26f635e6,leverdy GmbH & Co. KG,User/Other,1,26499.3534,Dev Site,Leverkusen,Dev Site,Leverkusen,North Rhine-Westphalia,,2012-09-24 00:00:00
3033,4c48b00f-c8f6-419c-a5d2-da2b723242e8,AK Verwaltungs GmbH,Private,1,2399.94144,Office,Munich,Office,Munich,Bavaria,,2020-03-23 00:00:00
3034,4c48b00f-c8f6-419c-a5d2-da2b723242e8,Ralf Turowski,Private,1,19999.512,Office,Gelsenkirchen,Office,Gelsenkirchen,North Rhine-Westphalia,,2012-12-01 00:00:00
3035,225b5311-f24f-4af2-b318-26ce7d53e4de,Zufall Logistics Group,User/Other,1,35999.1216,Industrial,Kandel,Industrial,Kandel,Rhineland-Palatinate,,2009-04-15 00:00:00
3036,fd5a8686-1996-4d85-bd33-25c6810f05b1,SWG Eisenach,User/Other,1,2999.9268,Dev Site,Eisenach,Dev Site,Eisenach,Thuringia,,2015-07-15 00:00:00
3037,4c48b00f-c8f6-419c-a5d2-da2b723242e8,Matovi Immobilienverwaltungsgesellschaft,Private,1,4999.878,Dev Site,Eutin,Dev Site,Eutin,Schleswig-Holstein,,2017-08-21 00:00:00
3038,4c48b00f-c8f6-419c-a5d2-da2b723242e8,Rainer Staiger Immobilien GmbH,Private,1,3399.91704,Apartment,Giengen an der Brenz,Apartment,Giengen an der Brenz,Baden-Wurttemberg,,2010-10-14 00:00:00
3039,e27ce0ab-e4d8-4aa2-b8d3-741c26f635e6,Systra,User/Other,1,,Industrial,Hamburg,Industrial,Hamburg,Hamburg,,2012-10-10 00:00:00
3040,cd8fabe1-7707-45b9-b22b-332f88a457d5,Bauverein der Elbgemeinden,User/Other,1,10209.750876,Dev Site,Hamburg,Dev Site,Hamburg,Hamburg,,2013-09-16 00:00:00
3041,4c48b00f-c8f6-419c-a5d2-da2b723242e8,Hurrle Fonds GmbH & Co. KG DE,Private,1,2549.93778,Office,Offenburg,Office,Offenburg,Baden-Wurttemberg,,2024-01-01 00:00:00
3042,e27ce0ab-e4d8-4aa2-b8d3-741c26f635e6,Werner Tholl,User/Other,1,2499.939,Office,Ratingen,Office,Ratingen,North Rhine-Westphalia,,2019-06-27 00:00:00
3043,4c48b00f-c8f6-419c-a5d2-da2b723242e8,L+L Immobilien GmbH,Private,1,2699.93412,Apartment,Dortmund,Apartment,Dortmund,North Rhine-Westphalia,,2022-12-22 00:00:00
3044,4c48b00f-c8f6-419c-a5d2-da2b723242e8,Bucyrus,Private,1,699.98292,Industrial,Lunen,Industrial,Lunen,North Rhine-Westphalia,,2011-05-11 00:00:00
3045,eaf4e932-5bf0-49cf-b6a7-c9fff5d43e97,Inmuebles Baviera,Private,1,12699.69012,Office,Munich,Office,Munich,Bavaria,,2008-11-30 00:00:00
3046,2564caa3-a6c2-40e7-ae75-4af4d88b4223,Implenia,Private,1,13999.6584,Dev Site,Darmstadt,Dev Site,Darmstadt,Hesse,,2021-06-04 00:00:00
3047,4c48b00f-c8f6-419c-a5d2-da2b723242e8,Westphal Immobilien GmbH,Private,1,14999.634,Dev Site,Neu-Isenburg,Dev Site,Neu-Isenburg,Hesse,,2014-07-31 00:00:00
3048,4c48b00f-c8f6-419c-a5d2-da2b723242e8,FICON Beteiligungsgesellschaft,Private,1,3999.9024,Apartment,Bayreuth,Apartment,Bayreuth,Bavaria,,2020-04-17 00:00:00
3049,e27ce0ab-e4d8-4aa2-b8d3-741c26f635e6,Crossmedia GmbH,User/Other,1,1599.96096,Office,Dusseldorf,Office,Dusseldorf,North Rhine-Westphalia,,2018-10-10 00:00:00
3050,e27ce0ab-e4d8-4aa2-b8d3-741c26f635e6,L Wackler Wwe Nachf GmbH,User/Other,1,32999.1948,Dev Site,Klipphausen,Dev Site,Klipphausen,Saxony,,2015-09-28 00:00:00
3051,4c48b00f-c8f6-419c-a5d2-da2b723242e8,Hans Jorg Olbrich,Private,1,,Apartment,Neukirchen-Vluyn,Apartment,Neukirchen-Vluyn,North Rhine-Westphalia,,2014-12-31 00:00:00
3052,42731878-ff85-45b7-aff9-ee98cda0ef7d,Eurofund Investments,Private,1,75067.1683164,Retail,Mulheim an der Ruhr,Retail,Mulheim an der Ruhr,North Rhine-Westphalia,,2023-04-01 00:00:00
3053,4c48b00f-c8f6-419c-a5d2-da2b723242e8,project Unternehmensgruppe,Private,1,3099.89856090823,Apartment,Nuremberg,Apartment,Nuremberg,Bavaria,,2007-07-15 00:00:00
3054,0626e6ca-3bea-43fd-9837-0b94b8292885,Senator Senioren,Private,1,,Seniors Housing & Care,Hagen,Seniors Housing & Care,Hagen,North Rhine-Westphalia,,2012-11-08 00:00:00
3055,4c48b00f-c8f6-419c-a5d2-da2b723242e8,Arthur R. Wiener,Private,1,1799.95608,Office,Frankfurt am Main,Office,Frankfurt am Main,Hesse,,2009-06-15 00:00:00
3056,4c48b00f-c8f6-419c-a5d2-da2b723242e8,Hildebrand & Jürgens GmbH,Private,1,37999.0728,Apartment,Leipzig,Apartment,Leipzig,Saxony,,2013-04-10 00:00:00
3057,e27ce0ab-e4d8-4aa2-b8d3-741c26f635e6,KGNW Krankenhausgesellschaft Nordrhein-Westfalen e. V.,User/Other,1,1669.959252,Office,Dusseldorf,Office,Dusseldorf,North Rhine-Westphalia,,2011-02-22 00:00:00
3058,4c48b00f-c8f6-419c-a5d2-da2b723242e8,Peter Ahrens Bauunternehmen GmbH,Private,1,3351.9182112,Office,Hamburg,Office,Hamburg,Hamburg,,2016-12-29 00:00:00
3059,4c48b00f-c8f6-419c-a5d2-da2b723242e8,Helmut Karl Eberle,Private,1,3799.90728,Dev Site,Lorrach,Dev Site,Lorrach,Baden-Wurttemberg,,2014-04-07 00:00:00
3060,e27659dc-c496-4529-99d7-6c19626a4bd7,City of Lorrach,User/Other,1,16792.5902508,Dev Site,Lorrach,Dev Site,Lorrach,Baden-Wurttemberg,,2015-01-31 00:00:00
3061,e27ce0ab-e4d8-4aa2-b8d3-741c26f635e6,Danfoss Silicon Power GmbH,User/Other,1,33999.1704,Industrial,Flensburg,Industrial,Flensburg,Schleswig-Holstein,,2010-11-05 00:00:00
3062,e27ce0ab-e4d8-4aa2-b8d3-741c26f635e6,Integration Matters,User/Other,1,2499.939,Office,Hattingen,Office,Hattingen,North Rhine-Westphalia,,2015-09-07 00:00:00
3063,4c48b00f-c8f6-419c-a5d2-da2b723242e8,SRM Holding,Private,1,3379.917528,Apartment,Halle (Saale),Apartment,Halle (Saale),Saxony-Anhalt,,2023-04-27 00:00:00
3064,30ce8c2b-a777-43d4-9fd6-38cf682842b8,Stiftung Mercator GmbH,User/Other,1,6199.84872,Office,Essen,Office,Essen,North Rhine-Westphalia,,2014-07-21 00:00:00
3065,e27ce0ab-e4d8-4aa2-b8d3-741c26f635e6,Trivari Mediengruppe,User/Other,1,399.99024,Office,Essen,Office,Essen,North Rhine-Westphalia,,2015-12-20 00:00:00
3066,4c48b00f-c8f6-419c-a5d2-da2b723242e8,Peter Jansch,Private,1,3999.9024,Office,Essen,Office,Essen,North Rhine-Westphalia,,2016-07-24 00:00:00
3067,ac9fc831-757b-444c-8ca9-43ad6b88849d,Goldmann Group,Private,1,25013.3896584,Industrial,Erfurt,Industrial,Erfurt,Thuringia,,2020-12-31 00:00:00
3068,4c48b00f-c8f6-419c-a5d2-da2b723242e8,Schwabische Grundbesitz,Private,1,5831.8576992,Apartment,Heidenheim an der Brenz,Apartment,Heidenheim an der Brenz,Baden-Wurttemberg,,2022-11-28 00:00:00
3069,4c48b00f-c8f6-419c-a5d2-da2b723242e8,RESTONA GmbH,Private,1,1956.9522492,Industrial,Essen,Industrial,Essen,North Rhine-Westphalia,,2020-06-04 00:00:00
3070,4c48b00f-c8f6-419c-a5d2-da2b723242e8,FRANK Beteiligungsgesellschaft mbH,Private,1,5999.8536,Dev Site,Hamburg,Dev Site,Hamburg,Hamburg,,2013-08-06 00:00:00
3071,4ddd256b-370f-4679-be9a-53c69ae4650a,Toni AG,User/Other,1,10249.7499,Retail,Heidelberg,Retail,Heidelberg,Baden-Wurttemberg,,2010-02-12 00:00:00
3072,4c48b00f-c8f6-419c-a5d2-da2b723242e8,Bernshausen Bau,Private,1,5999.8536,Dev Site,Bad Laasphe,Dev Site,Bad Laasphe,North Rhine-Westphalia,,2024-05-29 00:00:00
3073,4c48b00f-c8f6-419c-a5d2-da2b723242e8,Sieginvest GmbH & Co. KG,Private,1,5999.8536,Dev Site,Bad Laasphe,Dev Site,Bad Laasphe,North Rhine-Westphalia,,2024-05-29 00:00:00
3074,4c48b00f-c8f6-419c-a5d2-da2b723242e8,Rudiger Lang,Private,1,79997.3820928,Dev Site,Gschwend,Dev Site,Gschwend,Baden-Wurttemberg,,2013-07-02 00:00:00
3075,4c48b00f-c8f6-419c-a5d2-da2b723242e8,Atlantic Gruppe,Private,1,16499.5974,Hotel,Bremen,Hotel,Bremen,Bremen,,2013-03-01 00:00:00
3076,4c48b00f-c8f6-419c-a5d2-da2b723242e8,IB Wohnungs- und Gewerbebau GmbH,Private,1,18499.5486,Dev Site,Gelsenkirchen,Dev Site,Gelsenkirchen,North Rhine-Westphalia,,2018-12-01 00:00:00
3077,e27ce0ab-e4d8-4aa2-b8d3-741c26f635e6,CLN Group,User/Other,1,22799.44368,Industrial,Achim,Industrial,Achim,Lower Saxony,,2019-05-13 00:00:00
3078,4c48b00f-c8f6-419c-a5d2-da2b723242e8,Hartmann GmbH,Private,1,4999.878,Dev Site,Lunen,Dev Site,Lunen,North Rhine-Westphalia,,2011-08-15 00:00:00
3079,4c48b00f-c8f6-419c-a5d2-da2b723242e8,Bernd-Gunther Peitzker,Private,1,9999.756,Retail,Schortens,Retail,Schortens,Lower Saxony,,2015-04-30 00:00:00
3080,2c9257d0-1a9d-4b64-bfc9-8404879a46cf,Volksbank Rhein-Lahn-Limburg eG,Institutional,1,1399.96584,Retail,Weilrod,Retail,Weilrod,Hesse,,2020-12-31 00:00:00
3081,4c48b00f-c8f6-419c-a5d2-da2b723242e8,VGP Industriebau GmbH,Private,1,9999.756,Dev Site,Tiefenbach,Dev Site,Tiefenbach,Rhineland-Palatinate,,2024-06-04 00:00:00
3082,e27ce0ab-e4d8-4aa2-b8d3-741c26f635e6,Bisontec GmbH,User/Other,1,29999.268,Dev Site,Herford,Dev Site,Herford,North Rhine-Westphalia,,2023-05-11 00:00:00
3083,4c48b00f-c8f6-419c-a5d2-da2b723242e8,KS-Logistic & Services GmbH & Co. KG,Private,1,14099.5386157439,Industrial,Schwerte an der Ruhr,Industrial,Schwerte an der Ruhr,North Rhine-Westphalia,,2008-08-13 00:00:00
3084,4c48b00f-c8f6-419c-a5d2-da2b723242e8,Lietmeyer-Unternehmensgruppe,Private,1,,Apartment,Bad Oldesloe,Apartment,Bad Oldesloe,Schleswig-Holstein,,2022-10-24 00:00:00
3085,e27ce0ab-e4d8-4aa2-b8d3-741c26f635e6,Meta & Peter Beeken,User/Other,1,11199.72672,Dev Site,Schortens,Dev Site,Schortens,Lower Saxony,,2015-08-15 00:00:00
3086,e27ce0ab-e4d8-4aa2-b8d3-741c26f635e6,Backerei & Konditorei Staib GmbH,User/Other,1,17999.5608,Dev Site,Ulm,Dev Site,Ulm,Baden-Wurttemberg,,2010-08-15 00:00:00
3087,4c48b00f-c8f6-419c-a5d2-da2b723242e8,Erich Doetsch Objektmanagement,Private,1,,Retail,Cremlingen,Retail,Cremlingen,Lower Saxony,,2011-12-23 00:00:00
3088,4c48b00f-c8f6-419c-a5d2-da2b723242e8,Ballwanz Projektentwicklung GmbH & Co. KG,Private,1,6223.8481344,Office,Mainz,Apartment; Office,Mainz,Rhineland-Palatinate,,2018-06-04 00:00:00
3089,e27ce0ab-e4d8-4aa2-b8d3-741c26f635e6,Barth Logistik-Systeme GmbH + Co.KG,User/Other,1,49998.363808,Dev Site,Hechingen,Dev Site,Hechingen,Baden-Wurttemberg,,2015-07-03 00:00:00
3090,4c48b00f-c8f6-419c-a5d2-da2b723242e8,Ewimed GmbH,Private,1,4999.878,Office,Hechingen,Office,Hechingen,Baden-Wurttemberg,,2022-12-01 00:00:00
3091,a0161b52-8e29-4264-a54d-8fe546e6c37b,Rhomberg Bau,Private,1,11499.7194,Dev Site,Kempten (Allgau),Dev Site,Kempten (Allgau),Bavaria,,2021-03-16 00:00:00
3092,e27ce0ab-e4d8-4aa2-b8d3-741c26f635e6,Kunstler Bahntechnik GmbH,User/Other,1,9999.756,Industrial,Hamm,Industrial,Hamm,North Rhine-Westphalia,,2017-07-13 00:00:00
3093,e27ce0ab-e4d8-4aa2-b8d3-741c26f635e6,Oker-Chemie GmbH,User/Other,1,8499.7926,Industrial,Goslar,Industrial,Goslar,Lower Saxony,,2017-05-08 00:00:00
3094,4c48b00f-c8f6-419c-a5d2-da2b723242e8,Care Invest Deutschland I,Private,1,6999.8292,Seniors Housing & Care,Bergisch Gladbach,Seniors Housing & Care,Bergisch Gladbach,North Rhine-Westphalia,,2021-08-26 00:00:00
3095,e27ce0ab-e4d8-4aa2-b8d3-741c26f635e6,Otto Horntrich Kunststoffververarbeitung GmbH,User/Other,1,5199.87312,Industrial,Beilngries,Industrial,Beilngries,Bavaria,,2021-10-07 00:00:00
3096,4c48b00f-c8f6-419c-a5d2-da2b723242e8,Ulrich Heuer,Private,1,29999.268,Dev Site,Efringen-Kirchen,Dev Site,Efringen-Kirchen,Baden-Wurttemberg,,2014-11-30 00:00:00
3097,e27ce0ab-e4d8-4aa2-b8d3-741c26f635e6,Conen Produkte GmbH,User/Other,1,15999.6096,Retail,Morbach,Retail,Morbach,Rhineland-Palatinate,,2011-12-20 00:00:00
3098,4c48b00f-c8f6-419c-a5d2-da2b723242e8,Entwicklungsgesellschaft Petrisberg (EGP),Private,1,19999.512,Industrial,Trier,Industrial,Trier,Rhineland-Palatinate,,2010-10-24 00:00:00
3099,e27ce0ab-e4d8-4aa2-b8d3-741c26f635e6,Braun Gruppe,User/Other,1,7999.8048,Industrial,Karlsbad,Industrial,Karlsbad,Baden-Wurttemberg,,2016-10-19 00:00:00
3100,4c48b00f-c8f6-419c-a5d2-da2b723242e8,JEB Investment Advisory GmbH,Private,1,6999.8292,Office,Frankfurt (Oder),Office,Frankfurt (Oder),Brandenburg,,2022-05-10 00:00:00
3101,4c48b00f-c8f6-419c-a5d2-da2b723242e8,KDO Service GmbH,Private,1,4429.891908,Office,Oldenburg (Oldenburg),Office,Oldenburg (Oldenburg),Lower Saxony,,2020-05-26 00:00:00
3102,4c48b00f-c8f6-419c-a5d2-da2b723242e8,Lange Objektgesellschaft,Private,1,5415.8678496,Office,Essen,Office,Essen,North Rhine-Westphalia,,2018-12-31 00:00:00
3103,4c48b00f-c8f6-419c-a5d2-da2b723242e8,Gbt Wohnungsbau- und Treuhand AG,Private,1,14999.634,Apartment,Trier,Apartment,Trier,Rhineland-Palatinate,,2010-11-09 00:00:00
3104,e27ce0ab-e4d8-4aa2-b8d3-741c26f635e6,E&B Communication,User/Other,1,3999.9024,Office,Berlin,Office,Berlin,Berlin,,2009-06-01 00:00:00
3105,e27ce0ab-e4d8-4aa2-b8d3-741c26f635e6,Zimmerei Schwenk,User/Other,1,1499.9634,Industrial,Gingen an der Fils,Industrial,Gingen an der Fils,Baden-Wurttemberg,,2021-11-05 00:00:00
3106,4c48b00f-c8f6-419c-a5d2-da2b723242e8,Tessner Gruppe,Private,1,26999.3412,Retail,Wentorf bei Hamburg,Retail,Wentorf bei Hamburg,Schleswig-Holstein,,2014-02-20 00:00:00
3107,4c48b00f-c8f6-419c-a5d2-da2b723242e8,Boris Kuzenko,Private,1,,Office,Dusseldorf,Office,Dusseldorf,North Rhine-Westphalia,,2013-04-05 00:00:00
3108,4c48b00f-c8f6-419c-a5d2-da2b723242e8,Panace,Private,1,,Hotel,Wermelskirchen,Hotel,Wermelskirchen,North Rhine-Westphalia,,2024-06-20 00:00:00
3109,2c9257d0-1a9d-4b64-bfc9-8404879a46cf,VR-Bank Erlangen-Höchstadt-Herzogenaurach,Institutional,1,,Apartment,Baiersdorf,Apartment,Baiersdorf,Bavaria,,2021-10-25 00:00:00
3110,4c48b00f-c8f6-419c-a5d2-da2b723242e8,K.W. Projektsteuerung GmbH,Private,1,85997.9016,Dev Site,"Hanau, Bruder-Grimm-Stadt",Dev Site,"Hanau, Bruder-Grimm-Stadt",Hesse,,2015-06-01 00:00:00
3111,e27ce0ab-e4d8-4aa2-b8d3-741c26f635e6,HR-Structures GmbH,User/Other,1,19999.512,Industrial,Grebenhain,Industrial,Grebenhain,Hesse,,2021-01-25 00:00:00
3112,4c48b00f-c8f6-419c-a5d2-da2b723242e8,Noll Baugesellschaft mbH,Private,1,34999.146,Dev Site,Limburg an der  Lahn,Dev Site,Limburg an der  Lahn,Hesse,,2014-12-31 00:00:00
3113,4c48b00f-c8f6-419c-a5d2-da2b723242e8,RHH2 Immobilien GmbH,Private,1,6199.84872,Retail,Homburg,Retail,Homburg,Saarland,,2012-11-26 00:00:00
3114,4c48b00f-c8f6-419c-a5d2-da2b723242e8,Rochner & Stahl GbR,Private,1,8299.79748,Dev Site,"Hanau, Bruder-Grimm-Stadt",Dev Site,"Hanau, Bruder-Grimm-Stadt",Hesse,,2014-06-25 00:00:00
3115,4c48b00f-c8f6-419c-a5d2-da2b723242e8,Kalkan & Iber Immobilien GmbH,Private,1,12999.6828,Office,"Hanau, Bruder-Grimm-Stadt",Office,"Hanau, Bruder-Grimm-Stadt",Hesse,,2014-08-06 00:00:00
3116,4c48b00f-c8f6-419c-a5d2-da2b723242e8,Ma Tinghui,Private,1,129996.828,Industrial,Waldeck,Industrial,Waldeck,Hesse,,2013-12-15 00:00:00
3117,136898fc-8d2c-4aad-972a-a279d12a1839,KWAP,Institutional,1,128511.864234,Industrial,Erfurt,Industrial,Erfurt,Thuringia,,2017-04-30 00:00:00
3118,eaf4bf3d-c951-4ad1-b40f-9ac89e8e102a,City of Emsdetten,User/Other,1,8999.7804,Dev Site,Emsdetten,Dev Site,Emsdetten,North Rhine-Westphalia,,2015-10-15 00:00:00
3119,e27ce0ab-e4d8-4aa2-b8d3-741c26f635e6,LSD GmbH & Co. KG,User/Other,1,4749.8841,Office,Dusseldorf,Office,Dusseldorf,North Rhine-Westphalia,,2017-03-29 00:00:00
3120,e7e49c32-14b7-4c5b-bd53-98d0afcf5bfb,MeGeCon,Private,1,26999.3412,Dev Site,Olpe,Retail; Dev Site,Olpe; Muhldorf am Inn,North Rhine-Westphalia; Bavaria,,2015-07-01 00:00:00
3121,eaf4bf3d-c951-4ad1-b40f-9ac89e8e102a,Deutsche Gesellschaft für Internationale Zusammenarbeit (GIZ),User/Other,1,,Hotel,Bonn,Hotel,Bonn,North Rhine-Westphalia,,2013-11-22 00:00:00
3122,e27ce0ab-e4d8-4aa2-b8d3-741c26f635e6,DEG Alles fur das Dach eG,User/Other,1,1199.97072,Industrial,Asslar,Industrial,Asslar,Hesse,,2024-05-28 00:00:00
3123,e27ce0ab-e4d8-4aa2-b8d3-741c26f635e6,VM Trading GmbH,User/Other,1,2999.9268,Industrial,Wornitz,Industrial,Wornitz,Bavaria,,2015-12-22 00:00:00
3124,733a2065-ed10-482a-8d28-36e18769091b,B+W Projektentwicklung,Private,1,23999.4144,Dev Site,Ladenburg,Dev Site,Ladenburg,Baden-Wurttemberg,,2016-01-04 00:00:00
3125,e27ce0ab-e4d8-4aa2-b8d3-741c26f635e6,senne products GmbH,User/Other,1,16999.44369472,Dev Site,"Hovelhof, Sennegemeinde",Dev Site,"Hovelhof, Sennegemeinde",North Rhine-Westphalia,,2019-11-06 00:00:00
3126,e27ce0ab-e4d8-4aa2-b8d3-741c26f635e6,Paul Hildebrandt,User/Other,1,25499.16554208,Dev Site,Bergkamen,Dev Site,Bergkamen,North Rhine-Westphalia,,2018-12-14 00:00:00
3127,e27ce0ab-e4d8-4aa2-b8d3-741c26f635e6,Heinrich Mahlmann GmbH Neumobellogistik,User/Other,1,19999.512,Industrial,Steinheim,Industrial,Steinheim,North Rhine-Westphalia,,2009-11-15 00:00:00
3128,e27ce0ab-e4d8-4aa2-b8d3-741c26f635e6,Winkels Getränke Logistik GmbH,User/Other,1,9999.756,Industrial,Ostringen,Industrial,Ostringen,Baden-Wurttemberg,,2014-11-30 00:00:00
3129,4c48b00f-c8f6-419c-a5d2-da2b723242e8,Capitalcon,Private,1,2599.93656,Office,Pulheim,Office,Pulheim,North Rhine-Westphalia,,2012-02-06 00:00:00
3130,e27ce0ab-e4d8-4aa2-b8d3-741c26f635e6,Pumas Betonfoerderung,User/Other,1,2599.93656,Industrial,Florsheim am Main,Industrial,Florsheim am Main,Hesse,,2014-10-29 00:00:00
3131,e27ce0ab-e4d8-4aa2-b8d3-741c26f635e6,Hetzner Online AG,User/Other,1,1649.95974,Office,Gunzenhausen,Office,Gunzenhausen,Bavaria,,2013-10-15 00:00:00
3132,2cae2d11-bd00-45b1-a7ee-2666dcd33249,MCC Projekt,Private,1,6999.8292,Dev Site,St. Wendel,Retail; Dev Site,Kusel; St. Wendel,Rhineland-Palatinate; Saarland,,2024-01-12 00:00:00
3133,e27ce0ab-e4d8-4aa2-b8d3-741c26f635e6,Fritz Schopp KG,User/Other,1,11999.60731392,Dev Site,Olfen,Dev Site,Olfen,North Rhine-Westphalia,,2019-12-16 00:00:00
3134,29705626-6af3-47f3-be13-ca38384378ed,Ruhr University,User/Other,1,11999.7072,Industrial,Bochum,Industrial,Bochum,North Rhine-Westphalia,,2015-10-09 00:00:00
3135,e27ce0ab-e4d8-4aa2-b8d3-741c26f635e6,Knoll Holding GmbH & Co KG,User/Other,1,9999.756,Industrial,Schleiz,Industrial,Schleiz,Thuringia,,2014-03-31 00:00:00
3136,e27ce0ab-e4d8-4aa2-b8d3-741c26f635e6,ASI high pressure forming GmbH,User/Other,1,2799.93168,Industrial,Langenfeld (Rheinland),Industrial,Langenfeld (Rheinland),North Rhine-Westphalia,,2014-05-30 00:00:00
3137,e27ce0ab-e4d8-4aa2-b8d3-741c26f635e6,PE Automotive GmbH,User/Other,1,25999.3656,Industrial,Wuppertal,Industrial,Wuppertal,North Rhine-Westphalia,,2011-08-15 00:00:00
3138,4c48b00f-c8f6-419c-a5d2-da2b723242e8,Lack GmbH,Private,1,8499.7926,Industrial,Bitburg,Industrial,Bitburg,Rhineland-Palatinate,,2022-09-12 00:00:00
3139,4c48b00f-c8f6-419c-a5d2-da2b723242e8,Business Park Oldenburg GmbH,Private,1,10699.73892,Dev Site,Oldenburg (Oldenburg),Dev Site,Oldenburg (Oldenburg),Lower Saxony,,2011-08-18 00:00:00
3140,e27ce0ab-e4d8-4aa2-b8d3-741c26f635e6,Smart-Store,User/Other,1,3499.9146,Industrial,Osterholz-Scharmbeck,Industrial,Osterholz-Scharmbeck,Lower Saxony,,2015-09-24 00:00:00
3141,e27ce0ab-e4d8-4aa2-b8d3-741c26f635e6,CHRITTO international AG,User/Other,1,3859.905816,Industrial,Burscheid,Industrial,Burscheid,North Rhine-Westphalia,,2017-10-17 00:00:00
3142,4c48b00f-c8f6-419c-a5d2-da2b723242e8,Lixfeld family,Private,1,29999.268,Industrial,Betzdorf,Industrial,Betzdorf,Rhineland-Palatinate,,2019-12-31 00:00:00
3143,4c48b00f-c8f6-419c-a5d2-da2b723242e8,Trabus Immobilienverwaltung GmbH + Co. KG,Private,1,9399.77064,Industrial,Huckeswagen,Industrial,Huckeswagen,North Rhine-Westphalia,,2012-04-12 00:00:00
3144,e27ce0ab-e4d8-4aa2-b8d3-741c26f635e6,Bohnenkamp AG,User/Other,1,,Industrial,Rottenburg an der Laaber,Industrial,Rottenburg an der Laaber,Bavaria,,2024-07-24 00:00:00
3145,4c48b00f-c8f6-419c-a5d2-da2b723242e8,team baucenter GmbH & Co. KG,Private,1,19999.512,Retail,Fehmarn,Retail,Fehmarn,Schleswig-Holstein,,2013-11-27 00:00:00
3146,4c48b00f-c8f6-419c-a5d2-da2b723242e8,Altincik Holding GmbH,Private,1,19999.512,Dev Site,Auerbach in der OPf.,Dev Site,Auerbach in der OPf.,Bavaria,,2018-01-18 00:00:00
3147,e27ce0ab-e4d8-4aa2-b8d3-741c26f635e6,24-Autobahn-Raststatten GmbH,User/Other,1,9999.756,Dev Site,Kabelsketal,Dev Site,Kabelsketal,Saxony-Anhalt,,2012-04-16 00:00:00
3148,4c48b00f-c8f6-419c-a5d2-da2b723242e8,Pierburg GmbH,Private,1,69998.292,Dev Site,Neuss,Dev Site,Neuss,North Rhine-Westphalia,,2012-07-19 00:00:00
3149,4c48b00f-c8f6-419c-a5d2-da2b723242e8,Gutperle Grundbesitz GmbH,Private,1,105997.4136,Dev Site,Ramstein-Miesenbach,Dev Site; Industrial,Ramstein-Miesenbach; Aschaffenburg,Rhineland-Palatinate; Bavaria,,2020-10-13 00:00:00
3150,4fa59f91-991b-4098-b3d5-2418d655e150,pekutherm GmbH,Private,1,20999.4876,Dev Site,Geisenheim,Dev Site,Geisenheim,Hesse,,2012-03-06 00:00:00
3151,4c48b00f-c8f6-419c-a5d2-da2b723242e8,THW OV,Private,1,4229.896788,Dev Site,Gottingen,Dev Site,Gottingen,Lower Saxony,,2022-07-17 00:00:00
3152,4c48b00f-c8f6-419c-a5d2-da2b723242e8,Trend Immobilien GmbH,Private,1,5234.872266,Dev Site,Pornbach,Dev Site,Pornbach,Bavaria,,2019-12-19 00:00:00
3153,e27ce0ab-e4d8-4aa2-b8d3-741c26f635e6,Autogalerie Fugel,User/Other,1,2109.948516,Industrial,Burkhardtsdorf,Industrial,Burkhardtsdorf,Saxony,,2023-06-21 00:00:00
3154,a1262a77-2633-4f65-9a30-a95fa94a491e,Gerlando Giarrizzo Architekt,Private,1,8999.7804,Dev Site,Saarbrucken,Dev Site,Saarbrucken,Saarland,,2009-09-15 00:00:00
3155,397d4407-fb9e-41c2-9b93-ee52efe26e8a,Gesellschaft fur Innovation und Unternehmensforderung (GIU),User/Other,1,13999.6584,Industrial,Saarbrucken,Dev Site; Industrial,Saarbrucken,Saarland,,2020-05-22 00:00:00
3156,e27ce0ab-e4d8-4aa2-b8d3-741c26f635e6,Wilkes GmbH,User/Other,1,5499.8658,Industrial,Stuttgart,Industrial,Stuttgart,Baden-Wurttemberg,,2015-03-19 00:00:00
3157,bd5657ae-402e-4677-a035-dc18a547bcae,Humboldt-Institut e.V.,User/Other,1,3499.9146,Office,Berlin,Office,Berlin,Berlin,,2013-09-18 00:00:00
3158,4c48b00f-c8f6-419c-a5d2-da2b723242e8,Hannover Treuhand,Private,1,3669.910452,Office,Berlin,Office,Berlin,Berlin,,2007-11-30 00:00:00
3159,4c48b00f-c8f6-419c-a5d2-da2b723242e8,Arthur Suesskind - Terra Contor,Private,1,3199.92192,Dev Site,Berlin,Dev Site,Berlin,Berlin,,2010-12-01 00:00:00
3160,4c48b00f-c8f6-419c-a5d2-da2b723242e8,Ariel Schiff,Private,1,3199.92192,Dev Site,Berlin,Dev Site,Berlin,Berlin,,2010-12-01 00:00:00
3161,101fc5b3-d29b-4c53-82c0-3aefb0c5b51c,Mainzer Volksbank,Institutional,1,7899.80724,Office,Mainz,Office,Mainz,Rhineland-Palatinate,,2023-07-28 00:00:00
3162,eaf4bf3d-c951-4ad1-b40f-9ac89e8e102a,Gesundheitsamt Landkreis Mainz-Bingen,User/Other,1,4099.89996,Office,Mainz,Office,Mainz,Rhineland-Palatinate,,2022-12-31 00:00:00
3163,4c48b00f-c8f6-419c-a5d2-da2b723242e8,Comoodum GmbH,Private,1,15999.6096,Dev Site,Hamburg,Apartment; Dev Site,Hamburg,Hamburg,,2020-05-22 00:00:00
3164,4e1de1e4-abaa-46c0-8095-4972bcf01347,OBO Bettermann,User/Other,1,60998.00384576,Dev Site,Menden (Sauerland),Industrial; Dev Site,Hamburg; Menden (Sauerland),Hamburg; North Rhine-Westphalia,,2022-06-28 00:00:00
3165,4c48b00f-c8f6-419c-a5d2-da2b723242e8,Sahin Karaaslan,Private,1,2499.939,Retail,Mannheim,Retail,Mannheim,Baden-Wurttemberg,,2020-11-16 00:00:00
3166,f7a1f322-6b1d-4471-b91e-dc986fd45052,Falkensteiner Michaeler Tourism Group,Private,1,16999.5852,Dev Site,Gromitz,Dev Site,Gromitz,Schleswig-Holstein,,2024-01-09 00:00:00
3167,97ee1c6f-3d8f-4c26-90d4-27b79309e8e7,VIDOBE Stahlbau & Schweisstechnik GmbH,Private,1,11699.71452,Dev Site,Hamburg,Dev Site,Hamburg,Hamburg,,2007-11-15 00:00:00
3168,4c48b00f-c8f6-419c-a5d2-da2b723242e8,NDW Immobilien- und Grundstücksverwaltung,Private,1,3186.9222372,Retail,Lunen,Retail,Lunen,North Rhine-Westphalia,,2013-09-10 00:00:00
3169,4c48b00f-c8f6-419c-a5d2-da2b723242e8,SVG Wohnen eG,Private,1,901.9779912,Dev Site,Nurtingen,Dev Site,Nurtingen,Baden-Wurttemberg,,2021-01-27 00:00:00
3170,e27ce0ab-e4d8-4aa2-b8d3-741c26f635e6,UNITI,User/Other,1,2599.91492205206,Office,Berlin,Office,Berlin,Berlin,,2008-04-15 00:00:00
3171,eaf4bf3d-c951-4ad1-b40f-9ac89e8e102a,Landkreis Darmstadt-Dieburg,User/Other,1,10499.7438,Office,Darmstadt,Office,Darmstadt,Hesse,,2003-12-31 00:00:00
3172,4c48b00f-c8f6-419c-a5d2-da2b723242e8,JMD Immobiliengesellschaft,Private,1,6664.837374,Dev Site,Steinfurt,Dev Site,Steinfurt,North Rhine-Westphalia,,2009-10-15 00:00:00
3173,4c48b00f-c8f6-419c-a5d2-da2b723242e8,Jahnpark Gerolzhofen GmbH,Private,1,6499.8414,Dev Site,Gerolzhofen,Dev Site,Gerolzhofen,Bavaria,,2015-12-09 00:00:00
3174,f75ac5a5-772c-4d15-939b-c199d1c67b85,Bau- und WohnungsVerein Stuttgart,Private,1,3149.92314,Apartment,Stuttgart,Apartment,Stuttgart,Baden-Wurttemberg,,2009-07-31 00:00:00
3175,5d3e12af-723e-444c-b788-d3c69c46fc6e,Immo-Pro-Invest GmbH,Private,1,24999.39,Dev Site,Baienfurt,Apartment; Dev Site,Lahr/Schwarzwald; Baienfurt,Baden-Wurttemberg,,2022-04-12 00:00:00
3176,46a2a2d1-4102-4431-b483-3cc6f8f2d421,WBG Bayreuth,Private,1,10299.74868,Dev Site,Bayreuth,Dev Site,Bayreuth,Bavaria,,2011-05-16 00:00:00
3177,7ea4b5a6-93f0-439b-98ce-c3a6c8f9552d,DREGES,Private,1,,Apartment,Heidelberg,Apartment,Heidelberg,Baden-Wurttemberg,,2007-11-15 00:00:00
3178,4c48b00f-c8f6-419c-a5d2-da2b723242e8,Schwabische Grundbesitz GmbH,Private,1,,Apartment,Heidelberg,Apartment,Heidelberg,Baden-Wurttemberg,,2020-08-05 00:00:00
3179,4c48b00f-c8f6-419c-a5d2-da2b723242e8,Wohnungsverein Hamburg von 1902,Private,1,9999.756,Dev Site,Hamburg,Dev Site,Hamburg,Hamburg,,2014-01-27 00:00:00
3180,e27ce0ab-e4d8-4aa2-b8d3-741c26f635e6,WMK Trading GmbH,User/Other,1,25399.38024,Dev Site,Greven,Dev Site,Greven,North Rhine-Westphalia,,2021-01-31 00:00:00
3181,e27ce0ab-e4d8-4aa2-b8d3-741c26f635e6,VOL-Stahl GmbH,User/Other,1,7273.8225144,Dev Site,"Hanau, Bruder-Grimm-Stadt",Dev Site,"Hanau, Bruder-Grimm-Stadt",Hesse,,2016-03-01 00:00:00
3182,e27ce0ab-e4d8-4aa2-b8d3-741c26f635e6,Kleinewefers Beteiligung,User/Other,1,10299.74868,Industrial,Grefrath,Industrial,Grefrath,North Rhine-Westphalia,,2016-05-31 00:00:00
3183,4c48b00f-c8f6-419c-a5d2-da2b723242e8,Stoelting Service Group GmbH,Private,1,7999.8048,Dev Site,Gelsenkirchen,Dev Site,Gelsenkirchen,North Rhine-Westphalia,,2016-03-01 00:00:00
3184,4c48b00f-c8f6-419c-a5d2-da2b723242e8,Project BISPING gmbh,Private,1,6999.8292,Dev Site,Speyer,Dev Site,Speyer,Rhineland-Palatinate,,2018-12-01 00:00:00
3185,4c48b00f-c8f6-419c-a5d2-da2b723242e8,Ralf Noreikat,Private,1,5199.87312,Dev Site,Bottrop,Dev Site,Bottrop,North Rhine-Westphalia,,2016-04-07 00:00:00
3186,4c48b00f-c8f6-419c-a5d2-da2b723242e8,Joachim Jakaytis,Private,1,5199.87312,Dev Site,Bottrop,Dev Site,Bottrop,North Rhine-Westphalia,,2016-04-07 00:00:00
3187,4c48b00f-c8f6-419c-a5d2-da2b723242e8,Nesseler Projektidee GmbH,Private,1,3549.91338,Dev Site,Aachen,Dev Site,Aachen,North Rhine-Westphalia,,2011-06-27 00:00:00
3188,4c48b00f-c8f6-419c-a5d2-da2b723242e8,Moosmayr Holding GmbH,Private,1,3052.9255068,Industrial,Augsburg,Industrial,Augsburg,Bavaria,,2022-12-21 00:00:00
3189,e27ce0ab-e4d8-4aa2-b8d3-741c26f635e6,CWB-Riku Enterprise,User/Other,1,3799.90728,Industrial,Leverkusen,Industrial,Leverkusen,North Rhine-Westphalia,,2009-01-15 00:00:00
3190,e27ce0ab-e4d8-4aa2-b8d3-741c26f635e6,Frischezentrum Frankfurt am Main Grossmarkt,User/Other,1,22999.4388,Industrial,Frankfurt am Main,Industrial,Frankfurt am Main,Hesse,,2022-03-30 00:00:00
3191,4c48b00f-c8f6-419c-a5d2-da2b723242e8,HG Grundbesitz GmbH,Private,1,5999.8536,Office,Munster,Office,Munster,North Rhine-Westphalia,,2016-08-08 00:00:00
3192,c039e837-a8a7-423f-b185-5de2d05d9593,Ewald Hohr Wohnungsbau GmbH,Private,1,32999.1948,Dev Site,Bonn,Dev Site,Bonn; Cologne,North Rhine-Westphalia,,2020-07-08 00:00:00
3193,6bccd4cc-810b-4fb4-86ca-60dfad54c640,REN Capital Invest,Private,1,1299.96828,Office,Dusseldorf,Office,Dusseldorf,North Rhine-Westphalia,,2016-04-15 00:00:00
3194,4c48b00f-c8f6-419c-a5d2-da2b723242e8,Kimmerle-Unternehmensgruppe,Private,1,1799.95608,Dev Site,Dresden,Dev Site,Dresden,Saxony,,2013-02-04 00:00:00
3195,29705626-6af3-47f3-be13-ca38384378ed,FOM Hochschule,User/Other,1,7999.8048,Dev Site,Dusseldorf,Dev Site,Dusseldorf,North Rhine-Westphalia,,2012-05-02 00:00:00
3196,e27ce0ab-e4d8-4aa2-b8d3-741c26f635e6,Duyes Grup,User/Other,1,15999.6096,Dev Site,Aachen,Dev Site,Aachen,North Rhine-Westphalia,,2016-08-04 00:00:00
3197,8e94eef5-7b24-43ba-9674-08e483aa00ce,City of Magdeburg,User/Other,1,9999.756,Office,Magdeburg,Dev Site; Office,Magdeburg,Saxony-Anhalt,,2019-11-30 00:00:00
3198,4c48b00f-c8f6-419c-a5d2-da2b723242e8,Winkler GbR,Private,1,436.9893372,Retail,Hamburg,Retail,Hamburg,Hamburg,,2016-02-01 00:00:00
3199,4c48b00f-c8f6-419c-a5d2-da2b723242e8,HPV Marzipanfabrik Gesellschaft GbR,Private,1,15179.629608,Dev Site,Hamburg,Dev Site,Hamburg,Hamburg,,2013-05-27 00:00:00
3200,4c48b00f-c8f6-419c-a5d2-da2b723242e8,Luhrs Immobilienverwaltungsgesellschaft mbH,Private,1,8670.7884276,Retail,Cuxhaven,Retail,Cuxhaven,Lower Saxony,,2013-03-18 00:00:00
3201,4c48b00f-c8f6-419c-a5d2-da2b723242e8,Krieger & Schramm GmbH,Private,1,760.9814316,Dev Site,Munich,Dev Site,Munich,Bavaria,,2019-08-07 00:00:00
3202,4c48b00f-c8f6-419c-a5d2-da2b723242e8,Pocciana,Private,1,3280.9199436,Retail,Freiburg im Breisgau,Retail,Freiburg im Breisgau,Baden-Wurttemberg,,2014-03-01 00:00:00
3203,4c48b00f-c8f6-419c-a5d2-da2b723242e8,EMIL′s GmbH,Private,1,,Apartment,Leverkusen,Apartment,Leverkusen,North Rhine-Westphalia,,2022-09-26 00:00:00
3204,cbd668e9-9803-4b19-90d9-a1b4ae4008de,SCOR Group,Institutional,1,6499.8414,Office,Cologne,Office,Cologne,North Rhine-Westphalia,,2009-10-28 00:00:00
3205,b3c27344-c1aa-41d4-b9b0-bd9df06e9764,Bauwerk Hamburg,Private,1,5135.8746816,Apartment,,Office; Apartment,Berlin,Berlin; Schleswig-Holstein,,2011-01-06 00:00:00
3206,2d9dc673-4d12-4fa8-a535-8e9811af5f42,Plus Bau,Private,1,11499.7194,Apartment,Augsburg,Industrial; Apartment,Hamburg; Augsburg,Hamburg; Bavaria,,2012-02-08 00:00:00
3207,c7e967ff-218d-40fb-b478-8b917cc5f32a,New Century Real Estate,Private,1,,Hotel,Offenbach am Main,Hotel,Offenbach am Main,Hesse,,2013-04-04 00:00:00
3208,4c48b00f-c8f6-419c-a5d2-da2b723242e8,Manfred Hillenbrand & Alexander Gurgiel,Private,1,11999.7072,Office,Offenbach am Main,Office,Offenbach am Main,Hesse,,2015-05-04 00:00:00
3209,4c48b00f-c8f6-419c-a5d2-da2b723242e8,Autohaus Schmitz GmbH,Private,1,10999.7316,Dev Site,Cologne,Dev Site,Cologne,North Rhine-Westphalia,,2013-08-29 00:00:00
3210,4c48b00f-c8f6-419c-a5d2-da2b723242e8,ICN Immobilien Consult Nuremberg GmbH & Co. KG,Private,1,1699.94437211096,Office,Nuremberg,Office,Nuremberg,Bavaria,,2008-08-21 00:00:00
3211,4c48b00f-c8f6-419c-a5d2-da2b723242e8,Kruck und Partner,Private,1,9375.7712256,Retail,Heilbronn,Retail,Heilbronn,Baden-Wurttemberg,,2012-07-16 00:00:00
3212,e6e1bb84-3cf5-4684-be38-cc7b71ba5959,Fubon Financial,Institutional,1,58998.068959,Office,Frankfurt am Main,Office,Frankfurt am Main,Hesse,,2018-12-24 00:00:00
3213,4c48b00f-c8f6-419c-a5d2-da2b723242e8,IFA Gesellschaft für Immobilien mbH & Co. KG,Private,1,,Hotel,Trier,Hotel,Trier,Rhineland-Palatinate,,2018-04-01 00:00:00
3214,88cc59b6-c817-48a0-bba1-166e0b951386,Scholler SI GmbH,Private,1,15999.6096,Industrial,Pfullingen,Industrial,Pfullingen,Baden-Wurttemberg,,2014-11-19 00:00:00
3215,94dfdca1-c0a7-4898-abab-82cb54e07815,City of Waldbrol,User/Other,1,,Apartment,Waldbrol,Apartment,Waldbrol,North Rhine-Westphalia,,2014-05-03 00:00:00
3216,4c48b00f-c8f6-419c-a5d2-da2b723242e8,Cairos Immobilien GmbH,Private,1,4699.88532,Office,Frankfurt am Main,Office,Frankfurt am Main,Hesse,,2016-12-31 00:00:00
3217,4c48b00f-c8f6-419c-a5d2-da2b723242e8,Suma Gesellschaft für Haus- und Grundbesitz mbH,Private,1,2296.9439532,Office,Frankfurt am Main,Office,Frankfurt am Main,Hesse,,2006-03-01 00:00:00
3218,3ea3c74b-c0f6-48cd-adde-4e65883bedea,Genokap,Private,1,3199.92192,Office,Offenbach am Main,Office,Offenbach am Main,Hesse,,2016-10-04 00:00:00
3219,4c48b00f-c8f6-419c-a5d2-da2b723242e8,Wulff,Private,1,5999.8536,Office,Dusseldorf,Office,Dusseldorf,North Rhine-Westphalia,,2011-06-01 00:00:00
3220,e27ce0ab-e4d8-4aa2-b8d3-741c26f635e6,Dahlmann self GmbH & Co. KG,User/Other,1,6299.84628,Retail,Kleve,Retail,Kleve,North Rhine-Westphalia,,2014-05-09 00:00:00
3221,e27ce0ab-e4d8-4aa2-b8d3-741c26f635e6,Hailo-Werk Rudolf Loh,User/Other,1,2399.94144,Industrial,Haiger,Industrial,Haiger,Hesse,,2023-09-26 00:00:00
3222,0f1e302f-1e0f-434d-946b-c8d8b2e77225,State of Schleswig-Holstein,User/Other,1,17383.5758304,Dev Site,Lubeck,Office; Dev Site,Elmshorn; Lubeck; Rendsburg,Schleswig-Holstein,,2015-11-19 00:00:00
3223,4c48b00f-c8f6-419c-a5d2-da2b723242e8,Bollmann Liegenschaften GmbH,Private,1,8799.78528,Apartment,Wuppertal,Office; Apartment,Dortmund; Wuppertal,North Rhine-Westphalia,,2019-04-01 00:00:00
3224,430fb15b-b183-4b54-9c30-fbf9bec8c750,Kubus Immobilien,Private,1,7769.810412,Seniors Housing & Care,Oldenburg (Oldenburg),Seniors Housing & Care,Oldenburg (Oldenburg),Lower Saxony,,2024-05-14 00:00:00
3225,4c48b00f-c8f6-419c-a5d2-da2b723242e8,Fachpartner Gewerbe Immobilien GmbH,Private,1,9999.756,Office,Goppingen,Office,Goppingen,Baden-Wurttemberg,,2019-05-14 00:00:00
3226,b391b326-aa8b-41da-b758-fad198b9ad8b,City of Goppingen,User/Other,1,19999.512,Industrial,Goppingen,Office; Industrial,Goppingen,Baden-Wurttemberg,,2019-05-14 00:00:00
3227,dff0eea9-30e5-40e2-9c82-af5ab31bd71d,Erzdiozese Munchen und Freising,User/Other,1,21799.46808,Office,Munich,Office,Munich,Bavaria,,2006-06-30 00:00:00
3228,4c48b00f-c8f6-419c-a5d2-da2b723242e8,Crown Gabelstapler Group,Private,1,23599.42416,Industrial,Feldkirchen,Industrial,Feldkirchen,Bavaria,,2013-05-22 00:00:00
3229,e27ce0ab-e4d8-4aa2-b8d3-741c26f635e6,Schmoll Maschinen GmbH,User/Other,1,59998.536,Dev Site,Rodermark,Dev Site,Rodermark,Hesse,,2024-03-27 00:00:00
3230,e27ce0ab-e4d8-4aa2-b8d3-741c26f635e6,Cook Medical,User/Other,1,29999.268,Dev Site,Aachen,Dev Site,Aachen,North Rhine-Westphalia,,2010-10-19 00:00:00
3231,4c48b00f-c8f6-419c-a5d2-da2b723242e8,Schernthaner GmbH,Private,1,12699.69012,Dev Site,Olching,Dev Site,Olching,Bavaria,,2013-06-20 00:00:00
3232,50bbb205-1ea7-41a6-be18-85e2fbefa401,Schermbecker Boden GmbH,Private,1,49998.78,Dev Site,Schermbeck,Dev Site,Schermbeck,North Rhine-Westphalia,,2009-08-15 00:00:00
3233,f0106fcf-7854-4c6f-95a4-9f40c9c186cb,One Group AG,Institutional,1,8899.78284,Hotel,Hamburg,Hotel,Hamburg,Hamburg,,2022-07-15 00:00:00
3234,4c48b00f-c8f6-419c-a5d2-da2b723242e8,Kurt Laursen-Holding,Private,1,5999.8536,Retail,Rheinfelden (Baden),Retail,Rheinfelden (Baden),Baden-Wurttemberg,,2015-10-19 00:00:00
3235,4c48b00f-c8f6-419c-a5d2-da2b723242e8,Reinhold Wuerth,Private,1,,Hotel,Zweiflingen,Hotel,Zweiflingen,Baden-Wurttemberg,,2005-06-15 00:00:00
3236,4c48b00f-c8f6-419c-a5d2-da2b723242e8,Hotel Bayerischer Hof Gebrueder Volkhardt,Private,1,1849.95486,Office,Munich,Office,Munich,Bavaria,,2023-07-23 00:00:00
3237,3af4b1c8-9e23-416d-beb9-6ac19c5dcad3,Amira Verwaltungs,Private,1,4833.8820504,Office,Munich,Office,Munich,Bavaria,,2016-11-05 00:00:00
3238,4c48b00f-c8f6-419c-a5d2-da2b723242e8,GWS Wohnungsgenossenschaft Geldern e.G.,Private,1,1619.960472,Apartment,Geldern,Apartment,Geldern,North Rhine-Westphalia,,2022-12-02 00:00:00
3239,eaf4bf3d-c951-4ad1-b40f-9ac89e8e102a,Municipality of Recklinghausen,User/Other,1,6999.77093312,Dev Site,Marl,Dev Site,Marl,North Rhine-Westphalia,,2023-11-09 00:00:00
3240,4c48b00f-c8f6-419c-a5d2-da2b723242e8,Patron Dieter II Sarl,Private,1,9064.778814,Retail,Volklingen,Retail,Volklingen,Saarland,,2011-05-15 00:00:00
3241,4c48b00f-c8f6-419c-a5d2-da2b723242e8,Senioren-Wohnen Mühlhausen GmbH & Co. KG,Private,1,,Hotel,Muhlhausen/Thuringen,Hotel,Muhlhausen/Thuringen,Thuringia,,2016-06-16 00:00:00
3242,4c48b00f-c8f6-419c-a5d2-da2b723242e8,Güray Celik,Private,1,1655.9595936,Office,Rosrath,Office,Rosrath,North Rhine-Westphalia,,2017-05-29 00:00:00
3243,e27ce0ab-e4d8-4aa2-b8d3-741c26f635e6,A.-W. Heil & Sohn GmbH & Co.KG,User/Other,1,71998.2432,Dev Site,Sarstedt,Dev Site,Sarstedt,Lower Saxony,,2012-10-25 00:00:00
3244,e27ce0ab-e4d8-4aa2-b8d3-741c26f635e6,Heise Media Group,User/Other,1,12238.7013684,Office,Hanover,Office,Hanover,Lower Saxony,,2011-03-30 00:00:00
3245,e4db6bd4-8604-4951-95a0-76ccd1a2e81c,City of Recklinghausen,User/Other,1,14999.634,Other General,Recklinghausen,Dev Site; Other General,Recklinghausen,North Rhine-Westphalia,,2023-10-19 00:00:00
3246,4c48b00f-c8f6-419c-a5d2-da2b723242e8,Inka Beteiligungs- und Verwaltungsgesellschaft,Private,1,,Hotel,Munich,Hotel,Munich,Bavaria,,2021-10-27 00:00:00
3247,4c48b00f-c8f6-419c-a5d2-da2b723242e8,Projektbau Laatzen GmbH,Private,1,,Hotel,Laatzen,Hotel,Laatzen,Lower Saxony,,2017-06-19 00:00:00
3248,e27ce0ab-e4d8-4aa2-b8d3-741c26f635e6,Augsburger Mobelspedition Carl Domberger GmbH,User/Other,1,8562.7910628,Dev Site,Augsburg,Dev Site,Augsburg,Bavaria,,2019-01-28 00:00:00
3249,e27ce0ab-e4d8-4aa2-b8d3-741c26f635e6,HAMA Trucks,User/Other,1,28499.3046,Dev Site,Gersthofen,Dev Site,Gersthofen,Bavaria,,2017-08-17 00:00:00
3250,e27ce0ab-e4d8-4aa2-b8d3-741c26f635e6,Ratz Aqua & Polymer Technik,User/Other,1,5706.8607492,Dev Site,Remscheid,Dev Site,Remscheid,North Rhine-Westphalia,,2018-04-04 00:00:00
3251,8ecdc22f-0615-4cfe-ae12-1aed3a0b9857,Ruddat Grundbesitz GmbH,Private,1,599.98536,Retail,Hanover,Retail,Hanover,Lower Saxony,,2013-05-13 00:00:00
3252,e27ce0ab-e4d8-4aa2-b8d3-741c26f635e6,Leihhaus Hannovera,User/Other,1,1699.95852,Retail,Hanover,Retail,Hanover,Lower Saxony,,2008-12-11 00:00:00
3253,cac8dc66-8ba5-42aa-aca9-49258b3dd581,City of Tauberbischofsheim,User/Other,1,722982.3588,Dev Site,Tauberbischofsheim,Dev Site,Tauberbischofsheim,Baden-Wurttemberg,,2012-05-25 00:00:00
3254,4c48b00f-c8f6-419c-a5d2-da2b723242e8,Ganter Real Estate GmbH,Private,1,41498.9874,Dev Site,Tauberbischofsheim,Dev Site,Tauberbischofsheim,Baden-Wurttemberg,,2012-05-25 00:00:00
3255,e27ce0ab-e4d8-4aa2-b8d3-741c26f635e6,Inast Abfallbeseitigungs GmbH,User/Other,1,259993.656,Dev Site,Mosbach,Dev Site,Mosbach,Baden-Wurttemberg,,2015-02-17 00:00:00
3256,4c48b00f-c8f6-419c-a5d2-da2b723242e8,Kurhessen Immobiliengruppe,Private,1,19999.512,Dev Site,Bad Zwesten,Dev Site,Bad Zwesten,Hesse,,2021-06-18 00:00:00
3257,4c48b00f-c8f6-419c-a5d2-da2b723242e8,Immobilien Beratung Hoffmeister,Private,1,39999.024,Dev Site,Mulheim an der Ruhr,Dev Site,Mulheim an der Ruhr,North Rhine-Westphalia,,2011-06-30 00:00:00
3258,e27ce0ab-e4d8-4aa2-b8d3-741c26f635e6,Muehlheimer Wohnungsbay,User/Other,1,39999.024,Dev Site,Mulheim an der Ruhr,Dev Site,Mulheim an der Ruhr,North Rhine-Westphalia,,2011-06-30 00:00:00
3259,e27ce0ab-e4d8-4aa2-b8d3-741c26f635e6,Kaluza + Schmid GmbH,User/Other,1,9999.756,Industrial,Muhlenbecker Land,Industrial,Muhlenbecker Land,Brandenburg,,2019-03-28 00:00:00
3260,8f733309-ab3e-4605-986f-96d86818bfea,Harnisch & Partner,Private,1,999.9756,Dev Site,Berlin,Dev Site,Berlin,Berlin,,2010-04-15 00:00:00
3261,42b412c2-e73d-4dda-a7c8-023dc9ddf109,Lechner Group GmbH,Private,1,8499.7926,Dev Site,Offenbach am Main,Dev Site; Apartment,Offenbach am Main,Hesse,,2016-03-31 00:00:00
3262,e27ce0ab-e4d8-4aa2-b8d3-741c26f635e6,Otto-Fuchs-Unternehmensgruppe,User/Other,1,71878.246128,Dev Site,Meinerzhagen,Dev Site,Meinerzhagen,North Rhine-Westphalia,,2016-05-24 00:00:00
3263,8e30832a-03f7-4695-a9c5-ba4091775619,Ramsbury Invest AB,Private,1,2999.9268,Retail,Munich,Retail,Munich,Bavaria,,2011-08-19 00:00:00
3264,4c48b00f-c8f6-419c-a5d2-da2b723242e8,GS Immobilien,Private,1,1626.9603012,Apartment,Aachen,Apartment,Aachen,North Rhine-Westphalia,,2009-07-23 00:00:00
3265,4c48b00f-c8f6-419c-a5d2-da2b723242e8,MTG-Gruppe,Private,1,2999.9268,Retail,Weilburg,Retail,Weilburg,Hesse,,2019-09-18 00:00:00
3266,4c48b00f-c8f6-419c-a5d2-da2b723242e8,Klaus Nickel & Jan Pritzkow,Private,1,4499.8902,Industrial,Konigswinter,Industrial,Konigswinter,North Rhine-Westphalia,,2016-10-28 00:00:00
3267,e27ce0ab-e4d8-4aa2-b8d3-741c26f635e6,Presswerk Kongen GmbH,User/Other,1,14999.634,Industrial,Stuttgart,Industrial,Stuttgart,Baden-Wurttemberg,,2012-10-01 00:00:00
3268,4c48b00f-c8f6-419c-a5d2-da2b723242e8,Goldstein Gruppe,Private,1,111997.2672,Dev Site,Krefeld,Dev Site,Krefeld,North Rhine-Westphalia,,2022-08-26 00:00:00
3269,40534fd8-8c1f-4329-9565-b52a9af103eb,Schulz Group,Institutional,1,19999.512,Retail,Lindau (Bodensee),Retail,Lindau (Bodensee),Bavaria,,2024-03-31 00:00:00
3270,6865b244-8a0d-4a36-89d5-b564a53896d0,WaVE Real Estate,Private,1,9468.7689564,Retail,Essen,Retail,Essen,North Rhine-Westphalia,,2022-10-01 00:00:00
3271,23b2835b-287a-4d16-893a-e8c17933c7d5,Florana Grundstucksverwaltungs & Immobilienverwertungs KG,Private,1,9531.7674192,Dev Site,Dresden,Retail; Dev Site,Dresden; Wittlich,Saxony; Rhineland-Palatinate,,2009-11-15 00:00:00
3272,ffecae91-40a1-43c6-8444-1c899f804e11,CloudHQ,Private,1,49998.78,Dev Site,Offenbach am Main,Dev Site,Offenbach am Main,Hesse,,2023-06-07 00:00:00
3273,e27ce0ab-e4d8-4aa2-b8d3-741c26f635e6,BioSpring Gesellschaft fur Biotechnologie mbH,User/Other,1,9744.762222,Dev Site,Offenbach am Main,Dev Site,Offenbach am Main,Hesse,,2022-01-25 00:00:00
3274,4c48b00f-c8f6-419c-a5d2-da2b723242e8,Lukas Bauprojekt GmbH,Private,1,31999.2192,Retail,Schenefeld,Retail,Schenefeld,Schleswig-Holstein,,2016-01-12 00:00:00
3275,4c48b00f-c8f6-419c-a5d2-da2b723242e8,ATLANTIC Hotels Management GmbH,Private,1,,Hotel,Kiel,Hotel,Kiel,Schleswig-Holstein,,2018-02-21 00:00:00
3276,a986fa31-d338-4e75-ac2f-2a239f9068d7,PERI,User/Other,1,134996.706,Dev Site,Gunzburg,Dev Site,Gunzburg,Bavaria,,2016-01-25 00:00:00
3277,e27ce0ab-e4d8-4aa2-b8d3-741c26f635e6,Goll & Schracke Massing,User/Other,1,3999.9024,Dev Site,Remscheid,Dev Site,Remscheid,North Rhine-Westphalia,,2019-01-09 00:00:00
3278,4c48b00f-c8f6-419c-a5d2-da2b723242e8,Gunter Sullau,Private,1,15999.6096,Dev Site,Trittau,Dev Site,Trittau,Schleswig-Holstein,,2013-05-15 00:00:00
3279,4c48b00f-c8f6-419c-a5d2-da2b723242e8,Josef Kastenberger Wohnbaugesellschaft mbH,Private,1,5299.87068,Dev Site,Munich,Dev Site,Munich,Bavaria,,2004-07-13 00:00:00
3280,8156c164-5d50-450e-b7f0-2b018d3964de,Schrobenhauser Wohnbau,Private,1,5599.86336,Dev Site,Unterhaching,Dev Site,Unterhaching,Bavaria,,2012-03-01 00:00:00
3281,e27ce0ab-e4d8-4aa2-b8d3-741c26f635e6,Barfuesser Brauhaus,User/Other,1,2199.94632,Dev Site,Giengen an der Brenz,Dev Site,Giengen an der Brenz,Baden-Wurttemberg,,2022-03-01 00:00:00
3282,80774100-8665-4378-884b-9c14dd6460f2,BBH Immobilien,Private,1,15114.631194,Dev Site,Hanover,Apartment; Dev Site,Hanover,Lower Saxony,,2018-12-17 00:00:00
3283,4c48b00f-c8f6-419c-a5d2-da2b723242e8,FLC Verwaltungs-Gesellschaft mbH,Private,1,2616.9361452,Office,Frankfurt am Main,Office,Frankfurt am Main,Hesse,,2023-08-17 00:00:00
3284,4c48b00f-c8f6-419c-a5d2-da2b723242e8,Frank Schnabel,Private,1,2279.944368,Hotel,Florsheim am Main,Hotel,Florsheim am Main,Hesse,,2008-12-15 00:00:00
3285,e27ce0ab-e4d8-4aa2-b8d3-741c26f635e6,TTM GmbH Internatioale Spedition GmbH,User/Other,1,3486.8157,Dev Site,Landsberg,Dev Site,Landsberg,Saxony-Anhalt,,2008-05-29 00:00:00
3286,279b7240-ddc0-4086-9da2-7930ff5739e9,GeWoGe 1897,Private,1,12499.695,Dev Site,Monchengladbach,Dev Site,Monchengladbach,North Rhine-Westphalia,,2012-08-15 00:00:00
3287,4c48b00f-c8f6-419c-a5d2-da2b723242e8,Dragon Bauprojekt GmbH,Private,1,3844.906182,Dev Site,Dusseldorf,Dev Site; Office,Dusseldorf,North Rhine-Westphalia,,2019-06-30 00:00:00
3288,85fd5f00-a6dc-433e-9789-0d29a2a61e97,Derichs & Konertz,Private,1,32699.20212,Dev Site,Aachen,Office; Hotel; Dev Site,Aachen; Dusseldorf; Monchengladbach,North Rhine-Westphalia,,2017-08-14 00:00:00
3289,4c48b00f-c8f6-419c-a5d2-da2b723242e8,SNEL Beratungsgesellschaft mbH,Private,1,121502.035278,Dev Site,St. Ingbert,Dev Site,St. Ingbert,Saarland,,2020-11-26 00:00:00
3290,e27ce0ab-e4d8-4aa2-b8d3-741c26f635e6,Kettler Alu-Rad,User/Other,1,28599.30216,Industrial,St. Ingbert,Industrial,St. Ingbert,Saarland,,2021-05-17 00:00:00
3291,1263ab6c-d391-4986-94a7-c90ba4999ac0,City of Lengerich,User/Other,1,14999.634,Dev Site,Lengerich,Dev Site,Lengerich,North Rhine-Westphalia,,2015-07-15 00:00:00
3292,2d9c3ce0-70f2-4d03-b5a8-d00debc90613,Caritas Corporation,User/Other,1,2999.9268,Dev Site,Mainhausen,Dev Site,Mainhausen,Hesse,,2016-12-20 00:00:00
3293,d95c1a67-9845-4c1f-858c-3f6d8ecbc312,GWG Schwerte,User/Other,1,4699.88532,Dev Site,Schwerte an der Ruhr,Dev Site,Schwerte an der Ruhr,North Rhine-Westphalia,,2018-07-20 00:00:00
3294,4c48b00f-c8f6-419c-a5d2-da2b723242e8,asuco Fonds GmbH,Private,1,10099.75356,Retail,Saarlouis,Retail,Saarlouis,Saarland,,2018-02-15 00:00:00
3295,bd5657ae-402e-4677-a035-dc18a547bcae,Nehemia Freundeskreis,User/Other,1,14999.634,Other General,Bergkamen,Other General,Bergkamen,North Rhine-Westphalia,,2023-10-19 00:00:00
3296,4c48b00f-c8f6-419c-a5d2-da2b723242e8,Imago K27 GmbH,Private,1,,Apartment,Regensburg,Apartment,Regensburg,Bavaria,,2012-12-10 00:00:00
3297,4c48b00f-c8f6-419c-a5d2-da2b723242e8,Fam Mann,Private,1,16899.58764,Office,Berlin,Office,Berlin,Berlin,,2009-02-25 00:00:00
3298,eaf4bf3d-c951-4ad1-b40f-9ac89e8e102a,Republic of Azerbaijan,User/Other,1,22999.4388,Dev Site,Berlin,Dev Site,Berlin,Berlin,,2012-06-01 00:00:00
3299,bd5657ae-402e-4677-a035-dc18a547bcae,Konrad-Adenauer-Stiftung e.V.,User/Other,1,3613.9118184,Office,Berlin,Office,Berlin,Berlin,,2004-09-01 00:00:00
3300,a285ae02-0044-4b3b-a00c-0d77354a963b,Gesamtverband der Versicherungswirtschaft (GDW),Institutional,1,2519.938512,Office,Berlin,Office,Berlin,Berlin,,2015-05-06 00:00:00
3301,4c48b00f-c8f6-419c-a5d2-da2b723242e8,Weidmuller Interface GmbH & Co. KG,Private,1,12999.6828,Dev Site,Detmold,Dev Site,Detmold,North Rhine-Westphalia,,2012-07-19 00:00:00
3302,e27ce0ab-e4d8-4aa2-b8d3-741c26f635e6,LEIMBACH Maschinenbau GmbH,User/Other,1,19999.512,Dev Site,Castrop-Rauxel,Dev Site,Castrop-Rauxel,North Rhine-Westphalia,,2012-09-11 00:00:00
3303,4c48b00f-c8f6-419c-a5d2-da2b723242e8,Guediri Holding GmbH,Private,1,65998.3896,Dev Site,Wandlitz,Dev Site,Wandlitz,Brandenburg,,2022-11-14 00:00:00
3304,e27ce0ab-e4d8-4aa2-b8d3-741c26f635e6,Staehlin,User/Other,1,829.979748,Office,Kempten (Allgau),Office,Kempten (Allgau),Bavaria,,2008-10-15 00:00:00
3305,4c48b00f-c8f6-419c-a5d2-da2b723242e8,Wilko Schwitters,Private,1,599.98536,Retail,Hamburg,Retail,Hamburg,Hamburg,,2014-01-03 00:00:00
3306,4c48b00f-c8f6-419c-a5d2-da2b723242e8,Biederitzer Immobilien Projektentwicklungsgesellschaft,Private,1,24999.181904,Dev Site,Magdeburg,Dev Site,Magdeburg,Saxony-Anhalt,,2022-09-01 00:00:00
3307,e27ce0ab-e4d8-4aa2-b8d3-741c26f635e6,homeform GmbH,User/Other,1,999.9756,Industrial,Bremen,Industrial,Bremen,Bremen,,2021-04-26 00:00:00
3308,ae714d93-5b66-46fc-9266-0e4b218fa418,Knorr-Bremse,User/Other,1,2499.939,Office,Berlin,Office; Dev Site,Berlin; Munich,Berlin; Bavaria,,2014-02-26 00:00:00
3309,e64f3957-79f3-42d2-916a-790ecab3752b,Hocherl Group,Private,1,3762.9081828,Hotel,Berlin,Hotel,Berlin,Berlin,,2010-07-15 00:00:00
3310,4c48b00f-c8f6-419c-a5d2-da2b723242e8,S & B Grundstucks GmbH & Co KG,Private,1,1463.9642784,Apartment,Berlin,Apartment,Berlin,Berlin,,2021-06-03 00:00:00
3311,4c48b00f-c8f6-419c-a5d2-da2b723242e8,Paribus Real Estate,Private,1,14999.634,Industrial,Kiel,Industrial,Kiel,Schleswig-Holstein,,2008-08-19 00:00:00
3312,4c48b00f-c8f6-419c-a5d2-da2b723242e8,Dr. Hübotter Grundstücks GmbH,Private,1,1212.9704028,Retail,Bremen,Retail,Bremen,Bremen,,2017-04-27 00:00:00
3313,e27ce0ab-e4d8-4aa2-b8d3-741c26f635e6,Assan Aluminyum,User/Other,1,799973.820928,Dev Site,Andernach,Dev Site,Andernach,Rhineland-Palatinate,,2019-03-08 00:00:00
3314,4c48b00f-c8f6-419c-a5d2-da2b723242e8,Kenan Dema / Naser Dervishi,Private,1,4799.88288,Office,Siegen,Office,Siegen,North Rhine-Westphalia,,2017-02-07 00:00:00
3315,4c48b00f-c8f6-419c-a5d2-da2b723242e8,Hama Holding GmbH,Private,1,28499.3046,Dev Site,Gersthofen,Dev Site,Gersthofen,Bavaria,,2017-08-17 00:00:00
3316,deef4b9d-9341-4e52-9a50-ab608c536e6c,City of Bad Abbach,User/Other,1,8849.78406,Dev Site,Bad Abbach,Dev Site,Bad Abbach,Bavaria,,2009-07-15 00:00:00
3317,e27ce0ab-e4d8-4aa2-b8d3-741c26f635e6,Bauherr GmbH,User/Other,1,6249.8475,Retail,Bochum,Retail,Bochum,North Rhine-Westphalia,,2014-11-21 00:00:00
3318,4c48b00f-c8f6-419c-a5d2-da2b723242e8,Tracol,Private,1,13999.6584,Dev Site,Trier,Dev Site,Trier,Rhineland-Palatinate,,2011-06-10 00:00:00
3319,4c48b00f-c8f6-419c-a5d2-da2b723242e8,Murray Spellman,Private,1,25699.15925,Retail,Hamburg,Retail,Hamburg,Hamburg,,2008-06-30 00:00:00
3320,4c48b00f-c8f6-419c-a5d2-da2b723242e8,Daled Hotel Grundstücks GmbH,Private,1,,Hotel,Poppenhausen (Wasserkuppe),Hotel,Poppenhausen (Wasserkuppe),Hesse,,2016-06-07 00:00:00
3321,4c48b00f-c8f6-419c-a5d2-da2b723242e8,Otto Quast Bau AG,Private,1,11999.7072,Retail,Siegen,Retail,Siegen,North Rhine-Westphalia,,2013-05-07 00:00:00
3322,1c4c38e6-d637-45cd-a14a-76afca45b074,S-Siegerlandfonds 1,Institutional,1,11999.7072,Retail,Siegen,Retail,Siegen,North Rhine-Westphalia,,2013-05-07 00:00:00
3323,4c48b00f-c8f6-419c-a5d2-da2b723242e8,Bernd Pieroth,Private,1,29999.268,Dev Site,Bergheim,Dev Site,Bergheim,North Rhine-Westphalia,,2015-04-28 00:00:00
3324,e27ce0ab-e4d8-4aa2-b8d3-741c26f635e6,Aachener Siedlungs- und Wohnungsgesellschaften mbH,User/Other,1,11999.7072,Dev Site,Wesseling,Dev Site,Wesseling,North Rhine-Westphalia,,2012-01-06 00:00:00
3325,4c48b00f-c8f6-419c-a5d2-da2b723242e8,Cityvision Bauinvest AG,Private,1,11999.7072,Retail,Remscheid,Retail,Remscheid,North Rhine-Westphalia,,2014-04-09 00:00:00
3326,4c48b00f-c8f6-419c-a5d2-da2b723242e8,Brunsch & Meyer Grund und Boden AG,Private,1,14999.634,Office,Kassel,Office,Kassel,Hesse,,2013-07-16 00:00:00
3327,4c48b00f-c8f6-419c-a5d2-da2b723242e8,MQ Projektentwicklungsgesellschaft,Private,1,14999.634,Dev Site,Kassel,Dev Site,Kassel,Hesse,,2016-07-05 00:00:00
3328,7f84ee04-f477-426a-9ade-f6181086ac80,Studierendenwerk Oberfranken,User/Other,1,3899.90484,Hotel,Bayreuth,Hotel,Bayreuth,Bavaria,,2010-06-01 00:00:00
3329,62b8259f-84d0-43dc-9fe8-6a0a886421ba,Luehrsen Investment,Private,1,7199.82432,Seniors Housing & Care,Velbert,Seniors Housing & Care; Apartment,Velbert; Bremen,North Rhine-Westphalia; Bremen,,2020-08-17 00:00:00
3330,4c48b00f-c8f6-419c-a5d2-da2b723242e8,Firma Holz GmbH,Private,1,9999.756,Dev Site,Emsdetten,Dev Site,Emsdetten,North Rhine-Westphalia,,2015-02-15 00:00:00
3331,e27ce0ab-e4d8-4aa2-b8d3-741c26f635e6,Tamasu Butterfly Europa GmbH,User/Other,1,11999.7072,Dev Site,Krefeld,Dev Site,Krefeld,North Rhine-Westphalia,,2015-07-07 00:00:00
3332,039e7d38-435c-4b4b-abe7-7a4112f1357c,Dorlan Hotels LLP,Private,1,,Hotel,Duisburg,Hotel,Duisburg,North Rhine-Westphalia,,2013-01-30 00:00:00
3333,9fedb459-908f-43a7-b1fa-3eaf770e2c91,Packhof GmbH,Private,1,,Hotel,Duisburg,Hotel,Duisburg,North Rhine-Westphalia,,2013-01-30 00:00:00
3334,d752f896-16cd-4f0e-aed0-367f0a73cd35,CHS Wohnbau GmbH,Private,1,3158.9229204,Apartment,Alfeld (Leine),Apartment,Alfeld (Leine),Lower Saxony,,2023-11-01 00:00:00
3335,d4d45cc8-75bd-4b5f-be84-b7625176b1ce,Dresden Haus,Private,1,7749.8109,Office,Dresden,Office,Dresden,Saxony,,2015-02-18 00:00:00
3336,219fde68-b312-4752-b9b3-5a5e9b1ed6f0,City of Wolfratshausen,User/Other,1,2999.9268,Dev Site,Wolfratshausen,Dev Site,Wolfratshausen,Bavaria,,2015-04-10 00:00:00
3337,4c48b00f-c8f6-419c-a5d2-da2b723242e8,Peschel Holding AG,Private,1,8899.78284,Office,Augsburg,Office,Augsburg,Bavaria,,2013-02-14 00:00:00
3338,4c48b00f-c8f6-419c-a5d2-da2b723242e8,Betus Real Estate GmbH,Private,1,2599.93656,Office,Nuremberg,Office,Nuremberg,Bavaria,,2023-12-01 00:00:00
3339,fb297ef5-97d7-4231-92f3-541aff20a2c9,SCPI Coeur de Regions,Private,1,3249.9207,Office,Duisburg,Office,Duisburg,North Rhine-Westphalia,,2024-04-23 00:00:00
3340,028ac604-96f0-4adb-a05a-de54e2b79354,Wohnstift Beethoven,Private,1,2449.94022,Dev Site,Bornheim,Dev Site,Bornheim,North Rhine-Westphalia,,2015-10-12 00:00:00
3341,e7018e13-e562-450c-8b1d-8953db0c0ab0,Küspert & Küspert Immobilien,Private,1,1599.96096,Office,Nuremberg,Office,Nuremberg,Bavaria,,2020-04-22 00:00:00
3342,4c48b00f-c8f6-419c-a5d2-da2b723242e8,Wolfgang Scheidt Weilter,Private,1,,Hotel,Heidelberg,Hotel,Heidelberg,Baden-Wurttemberg,,2013-02-14 00:00:00
3343,1774e25a-b620-4370-826c-e99f0ce994e5,Kunne,Private,1,3379.917528,Office,Dresden,Office; Condo,Dresden; Halle (Saale),Saxony; Saxony-Anhalt,,2023-03-17 00:00:00
3344,4c48b00f-c8f6-419c-a5d2-da2b723242e8,Dr. Christoph Dross,Private,1,16999.5852,Office,Dresden,Dev Site; Office,Dresden,Saxony,,2017-12-31 00:00:00
3345,4c48b00f-c8f6-419c-a5d2-da2b723242e8,SB-Warenhaus,Private,1,5999.8536,Retail,Buxtehude,Retail,Buxtehude,Lower Saxony,,2009-12-28 00:00:00
3346,4c48b00f-c8f6-419c-a5d2-da2b723242e8,Immovelia,Private,1,4799.88288,Office,Bad Vilbel,Office,Bad Vilbel,Hesse,,2023-04-01 00:00:00
3347,4c48b00f-c8f6-419c-a5d2-da2b723242e8,Andresen Beteiligungsgesellschaft mbH,Private,1,1999.9512,Office,Dusseldorf,Apartment; Office,Dusseldorf,North Rhine-Westphalia,,2018-10-09 00:00:00
3348,4c48b00f-c8f6-419c-a5d2-da2b723242e8,renaissance Immobilien und Beteiligungen,Private,1,10499.7438,Office,Krefeld,Office,Krefeld,North Rhine-Westphalia,,2022-12-22 00:00:00
3349,7ec0dec1-4ef9-487c-aa68-f2d88a7cb93f,City of Langenhagen,User/Other,1,1755.0668,Industrial,Langenhagen,Industrial,Langenhagen,Lower Saxony,,2014-06-01 00:00:00
3350,4c48b00f-c8f6-419c-a5d2-da2b723242e8,KGS Wohnbau,Private,1,3689.909964,Apartment,Dachau,Apartment,Dachau,Bavaria,,2016-02-24 00:00:00
3351,4c48b00f-c8f6-419c-a5d2-da2b723242e8,Stoll Investment GbR,Private,1,6849.83286,Office,Reutlingen,Office,Reutlingen,Baden-Wurttemberg,,2018-01-01 00:00:00
3352,4c48b00f-c8f6-419c-a5d2-da2b723242e8,S+K Immobilien GmbH & Co KG,Private,1,12346.6987332,Dev Site,Tubingen,Dev Site,Tubingen,Baden-Wurttemberg,,2016-07-18 00:00:00
3353,02aeeb14-3dc8-43a3-b533-a574d2dfd9f8,Talos Grundbesitz GmbH,Private,1,,Apartment,Cologne,Apartment,Cologne,North Rhine-Westphalia,,2009-12-04 00:00:00
3354,d6914c4b-389d-4238-bb77-653d045350d6,Fellbacher Bank,Institutional,1,12699.69012,Office,Freiburg im Breisgau,Office,Freiburg im Breisgau,Baden-Wurttemberg,,2015-07-31 00:00:00
3355,e27ce0ab-e4d8-4aa2-b8d3-741c26f635e6,Karl Dungs GmbH & Co. KG,User/Other,1,20999.4876,Industrial,Urbach,Industrial,Urbach,Baden-Wurttemberg,,2023-10-11 00:00:00
3356,30e1c2a7-9319-4100-905f-b801ce65b460,Melexis,User/Other,1,9999.756,Industrial,Erfurt,Industrial,Erfurt,Thuringia,,2007-08-31 00:00:00
3357,de41d64e-1f09-4603-8283-dede69f40a47,Jenoptik AG,User/Other,1,23999.4144,Dev Site,Dresden,Office; Industrial; Dev Site,Bad Hersfeld; Dreieich; Ludwigsburg,Hesse; Baden-Wurttemberg; Saxony,,2021-06-06 00:00:00
3358,e27ce0ab-e4d8-4aa2-b8d3-741c26f635e6,Wagner Unternehmensbeteiligung GmbH,User/Other,1,2499.939,Office,Wiesbaden,Office,Wiesbaden,Hesse,,2012-10-18 00:00:00
3359,9130a4ba-e2a1-4c9f-86ff-ee362a41566d,Goldoct,Private,1,4159.898496,Dev Site,Bonn,Dev Site,Bonn,North Rhine-Westphalia,,2022-03-02 00:00:00
3360,1ff4a37a-7fb8-490f-8da5-f30f3800db01,Lagerhaus Harburg Spedition,Private,1,2999.90183313699,Industrial,Hamburg,Industrial,Hamburg,Hamburg,,2007-11-15 00:00:00
3361,27b3a8e7-133c-408d-a65f-bbbf47743f5c,Tippin Corporation,Private,1,12549.69378,Industrial,Berlin,Dev Site; Industrial; Office,Berlin,Berlin,,2015-04-01 00:00:00
3362,9f0abe81-2d04-491a-b6e1-af5f5df50530,Greenfield Partners,Institutional,1,12549.69378,Industrial,Berlin,Dev Site; Industrial; Office,Berlin,Berlin,,2015-04-01 00:00:00
3363,f2656991-ccfd-4fc1-b9aa-11476a75046a,Jale Group,Private,1,,Hotel,Hoppegarten,Hotel,Hoppegarten,Brandenburg,,2007-01-29 00:00:00
3364,e27ce0ab-e4d8-4aa2-b8d3-741c26f635e6,Mobel Letz GmbH,User/Other,1,21999.4632,Industrial,Zahna-Elster,Industrial,Zahna-Elster,Saxony-Anhalt,,2016-08-22 00:00:00
3365,4c48b00f-c8f6-419c-a5d2-da2b723242e8,Telamon GmbH,Private,1,2599.93656,Dev Site,Berlin,Dev Site,Berlin,Berlin,,2008-10-31 00:00:00
3366,e27ce0ab-e4d8-4aa2-b8d3-741c26f635e6,Trans-Bavaria GmbH,User/Other,1,4129.899228,Industrial,Dusseldorf,Industrial,Dusseldorf,North Rhine-Westphalia,,2006-12-01 00:00:00
3367,4c48b00f-c8f6-419c-a5d2-da2b723242e8,Stonehedge Beteiligungsgesellschaft,Private,1,18564.547014,Dev Site,Wandlitz,Dev Site,Wandlitz,Brandenburg,,2018-11-30 00:00:00
3368,e27ce0ab-e4d8-4aa2-b8d3-741c26f635e6,City Best Hotel Group,User/Other,1,18999.5364,Office,Hagen,Office,Hagen,North Rhine-Westphalia,,2024-07-01 00:00:00
3369,4c48b00f-c8f6-419c-a5d2-da2b723242e8,RI Assets GmbH,Private,1,23375.4296256,Industrial,Ahrensburg,Industrial,Ahrensburg,Schleswig-Holstein,,2019-04-01 00:00:00
3370,56fd9ba2-382c-4566-82a7-8f66e73d0092,Hoepkens Park mbH,Private,1,10699.73892,Dev Site,Bremen,Dev Site,Bremen,Bremen,,2010-03-01 00:00:00
3371,4c48b00f-c8f6-419c-a5d2-da2b723242e8,Stone Innvestments GmbH,Private,1,5699.86092,Retail,Magdeburg,Retail,Magdeburg,Saxony-Anhalt,,2022-06-17 00:00:00
3372,e27ce0ab-e4d8-4aa2-b8d3-741c26f635e6,Digibook Technology,User/Other,1,56998.6092,Dev Site,Leipzig,Dev Site,Leipzig,Saxony,,2023-03-19 00:00:00
3373,e27ce0ab-e4d8-4aa2-b8d3-741c26f635e6,Bruno Bader GmbH,User/Other,1,119997.072,Dev Site,Ostringen,Dev Site,Ostringen,Baden-Wurttemberg,,2015-12-08 00:00:00
3374,4c48b00f-c8f6-419c-a5d2-da2b723242e8,VEHBL Baugemeinschaft GbR,Private,1,,Other General,Garmisch-Partenkirchen,Other General,Garmisch-Partenkirchen,Bavaria,,2012-11-26 00:00:00
3375,8b8f9c9d-844a-443f-9986-227d29a32586,GOLD.STEIN,Private,1,10999.7316,Dev Site,Berlin,Hotel; Apartment; Dev Site,Berlin; Frankfurt am Main,Berlin; Hesse,,2016-07-28 00:00:00
3376,4c48b00f-c8f6-419c-a5d2-da2b723242e8,CPM AG,Private,1,4299.89508,Apartment,Cologne,Apartment,Cologne,North Rhine-Westphalia,,2008-08-15 00:00:00
3377,94e60aca-60cc-43af-bc6b-6a4ceff20832,Bauverein Rheinhausen,Private,1,4999.878,Dev Site,Duisburg,Dev Site,Duisburg,North Rhine-Westphalia,,2009-11-15 00:00:00
3378,e27ce0ab-e4d8-4aa2-b8d3-741c26f635e6,Tierklinik am Bakelberg,User/Other,1,3999.9024,Dev Site,Monchengladbach,Dev Site,Monchengladbach,North Rhine-Westphalia,,2008-11-15 00:00:00
3379,4c48b00f-c8f6-419c-a5d2-da2b723242e8,SADAF Immobilien AG,Private,1,10299.74868,Dev Site,Aachen,Dev Site,Aachen,North Rhine-Westphalia,,2011-10-15 00:00:00
3380,e27ce0ab-e4d8-4aa2-b8d3-741c26f635e6,INTECH Verwaltungsgesellschaft mbH,User/Other,1,10545.7426776,Industrial,Kempen,Industrial,Kempen,North Rhine-Westphalia,,2023-02-02 00:00:00
3381,4c48b00f-c8f6-419c-a5d2-da2b723242e8,Wilhelm Gienger GmbH & Co. KG,Private,1,59998.536,Dev Site,Kornwestheim,Dev Site,Kornwestheim,Baden-Wurttemberg,,2013-08-09 00:00:00
3382,bd5657ae-402e-4677-a035-dc18a547bcae,Katholisches Familien- und Altenpflegewerk eV,User/Other,1,2547.9378288,Apartment,Munich,Apartment,Munich,Bavaria,,2020-09-11 00:00:00
3383,4c48b00f-c8f6-419c-a5d2-da2b723242e8,PEG Einkaufs- und Betriebsgenossenschaft eG,Private,1,2699.93412,Office,Munich,Office,Munich,Bavaria,,2001-06-01 00:00:00
3384,4c48b00f-c8f6-419c-a5d2-da2b723242e8,K40 GmbH,Private,1,899.97804,Office,Nuremberg,Office,Nuremberg,Bavaria,,2019-11-18 00:00:00
3385,4c48b00f-c8f6-419c-a5d2-da2b723242e8,Grundstücksgemeinschaft Riedel Wackenhut,Private,1,1195.9708176,Office,Wiesbaden,Office,Wiesbaden,Hesse,,2015-04-22 00:00:00
3386,4c48b00f-c8f6-419c-a5d2-da2b723242e8,Werner Kiefer,Private,1,,Apartment,Uetersen,Apartment,Uetersen,Schleswig-Holstein,,2009-09-15 00:00:00
3387,4c48b00f-c8f6-419c-a5d2-da2b723242e8,Westfalia BPE GmbH,Private,1,1424.96523,Dev Site,Erkrath,Dev Site,Erkrath,North Rhine-Westphalia,,2021-01-29 00:00:00
3388,4c48b00f-c8f6-419c-a5d2-da2b723242e8,Gabriele Krosche,Private,1,1999.9512,Dev Site,Dortmund,Dev Site,Dortmund,North Rhine-Westphalia,,2016-03-22 00:00:00
3389,4c48b00f-c8f6-419c-a5d2-da2b723242e8,TRE Traction Real Estate UG,Private,1,3699.90972,Office,Krefeld,Office,Krefeld,North Rhine-Westphalia,,2016-06-15 00:00:00
3390,4c48b00f-c8f6-419c-a5d2-da2b723242e8,Miller Wohnbau GmbH,Private,1,2819.931192,Dev Site,Lorsch,Dev Site,Lorsch,Hesse,,2014-12-15 00:00:00
3391,eaf4bf3d-c951-4ad1-b40f-9ac89e8e102a,"Organization for Investment, Economic and Technical Assistance of Iran",User/Other,1,999.9756,Office,Berlin,Office,Berlin,Berlin,,2015-07-22 00:00:00
3392,29c8438d-6035-466d-95b5-b59b9dad5eac,S-Bauland GmbH,Private,1,7299.82188,Dev Site,Netphen,Dev Site,Netphen,North Rhine-Westphalia,,2014-01-15 00:00:00
3393,054fea5a-8cb5-416d-97b4-a28119a52839,APS Augusta Property Services,Institutional,1,2995.9268976,Office,Munich,Retail; Office,Munich,Mecklenburg-West Pomerania; Bavaria,,2014-12-08 00:00:00
3394,e27ce0ab-e4d8-4aa2-b8d3-741c26f635e6,Alho Fagsi,User/Other,1,29999.0183313699,Industrial,Morsbach,Industrial,Morsbach,North Rhine-Westphalia,,2008-03-15 00:00:00
3395,4700f851-3fa9-4369-a4bc-4a6257a3a590,Hanseatische Real Estate Finanz Holding AG,Private,1,69998.292,Dev Site,Kaltenkirchen,Dev Site; Office; Seniors Housing & Care,Hamburg; Kaltenkirchen,Hamburg; Schleswig-Holstein,,2021-09-06 00:00:00
3396,a0d8c26d-0054-492a-a174-347e3076f428,City of Kaltenkirchen,User/Other,1,3799.90728,Hotel,Kaltenkirchen,Dev Site; Hotel,Kaltenkirchen,Schleswig-Holstein,,2024-06-12 00:00:00
3397,4c48b00f-c8f6-419c-a5d2-da2b723242e8,Lincoln Fünfte Deutsche Grundstücksgesellschaft,Private,1,,Office,Ingolstadt,Office,Ingolstadt,Bavaria,,2007-02-15 00:00:00
3398,e27ce0ab-e4d8-4aa2-b8d3-741c26f635e6,Frieling Gruppe,User/Other,1,8019.804312,Retail,Haltern am See,Retail,Haltern am See,North Rhine-Westphalia,,2014-10-15 00:00:00
3399,d4dc1814-5590-4f32-a4c4-fa10091d0cf5,Schafer Verwaltung GmbH,Institutional,1,18099.55836,Retail,Duisburg,Retail,Duisburg,North Rhine-Westphalia,,2024-07-19 00:00:00
3400,9acce215-0cc5-45a3-b609-1d7fa4ddea4c,Friedemann-Kunz-Familienstiftung,Private,1,,Hotel,Heringsdorf,Hotel,Heringsdorf,Mecklenburg-West Pomerania,,2020-12-05 00:00:00
3401,e27ce0ab-e4d8-4aa2-b8d3-741c26f635e6,Cella GmbH,User/Other,1,24999.39,Dev Site,Altenberge,Dev Site,Altenberge,North Rhine-Westphalia,,2023-01-23 00:00:00
3402,38007c6b-e2b1-4ae8-9eaa-68515b17b002,Mannheimer Parkhausbetriebe GmbH,Private,1,,Parking Facility,Mannheim,Parking Facility,Mannheim,Baden-Wurttemberg,,2024-07-22 00:00:00
3403,4c48b00f-c8f6-419c-a5d2-da2b723242e8,WVA & GIG Immobiliengruppe,Private,1,2649.93534,Dev Site,Coesfeld,Dev Site,Coesfeld,North Rhine-Westphalia,,2012-11-30 00:00:00
3404,eed3e67a-e585-4468-8427-332a41abb4a8,Augustus Capital,Institutional,1,10912.7337228,Office,Berlin,Office,Berlin,Berlin,,2016-04-19 00:00:00
3405,4c48b00f-c8f6-419c-a5d2-da2b723242e8,MWCM Holding GmbH,Private,1,17599.57056,Office,Bremen,Office,Bremen,Bremen,,2020-12-31 00:00:00
3406,8124a726-f499-4752-9d10-9dc064580e4c,Panthier Real Estate,Institutional,1,3299.91948,Office,Berlin,Office,Berlin,Berlin,,2022-12-22 00:00:00
3407,4c48b00f-c8f6-419c-a5d2-da2b723242e8,Saksa,Private,1,2799.93168,Retail,Berlin,Retail,Berlin,Berlin,,2014-06-24 00:00:00
3408,4c48b00f-c8f6-419c-a5d2-da2b723242e8,Thomas Bscher & Detlef Maruhn,Private,1,27999.3168,Office,Berlin,Office,Berlin,Berlin,,2010-07-13 00:00:00
3409,4c48b00f-c8f6-419c-a5d2-da2b723242e8,Böhne,Private,1,2124.94815,Retail,Berlin,Retail,Berlin,Berlin,,2003-12-01 00:00:00
3410,4c48b00f-c8f6-419c-a5d2-da2b723242e8,Dr. Bscher,Private,1,5346.8695332,Office,Berlin,Office,Berlin,Berlin,,2005-09-01 00:00:00
3411,4c48b00f-c8f6-419c-a5d2-da2b723242e8,Burg & Geisendorfer families,Private,1,5499.8658,Office,Fulda,Office,Fulda,Hesse,,2014-03-31 00:00:00
3412,4c48b00f-c8f6-419c-a5d2-da2b723242e8,Realique Unternehmensgruppe,Private,1,5399.86824,Dev Site,Bad Harzburg,Dev Site,Bad Harzburg,Lower Saxony,,2024-04-04 00:00:00
3413,4c48b00f-c8f6-419c-a5d2-da2b723242e8,Chengdu Xiangyan Investment,Private,1,,Hotel,Bad Kreuznach,Hotel,Bad Kreuznach,Rhineland-Palatinate,,2016-10-24 00:00:00
3414,4c48b00f-c8f6-419c-a5d2-da2b723242e8,Anton Schick GmbH+Co.KG,Private,1,,Hotel,Bad Kissingen,Hotel,Bad Kissingen,Bavaria,,2020-08-03 00:00:00
3415,4c48b00f-c8f6-419c-a5d2-da2b723242e8,KEG Konversions,Private,1,8918.7823764,Industrial,Frankfurt am Main,Industrial,Frankfurt am Main,Hesse,,2008-03-15 00:00:00
3416,4c48b00f-c8f6-419c-a5d2-da2b723242e8,SHR Beteiligung,Private,1,7099.82676,Dev Site,Bayreuth,Dev Site,Bayreuth,Bavaria,,2023-10-02 00:00:00
3417,17d5f531-dae0-4cb2-b30a-48cba2187a90,City of Bayreuth,User/Other,1,12789.687924,Office,Bayreuth,Dev Site; Office,Bayreuth,Bavaria,,2023-10-02 00:00:00
3418,4c48b00f-c8f6-419c-a5d2-da2b723242e8,Charlie Chua,Private,1,,Hotel,Nidda,Hotel,Nidda,Hesse,,2014-02-26 00:00:00
3419,3555db89-a3eb-45ce-a44c-2e7b2325c461,Viewegpark Braunschweig Sarl,<unknown>,1,22999.4388,Apartment,Braunschweig,Apartment,Braunschweig,Lower Saxony,,2013-01-29 00:00:00
3420,4c48b00f-c8f6-419c-a5d2-da2b723242e8,Asco Holding,Private,1,5669.861652,Office,Bonn,Office,Bonn,North Rhine-Westphalia,,2005-12-01 00:00:00
3421,84046a91-0a0b-4011-9174-af750d114f4a,Rezidor Hotel Group,Public,1,3999.9024,Dev Site,Erfurt,Dev Site,Erfurt,Thuringia,,2016-11-18 00:00:00
3422,798a1820-706b-424d-ada8-192c9d6acdde,European Aerosols,User/Other,1,28294.309602,Industrial,Hassmersheim,Industrial,Hassmersheim,Baden-Wurttemberg,Motip Dupli,2017-12-21 00:00:00
3423,e27ce0ab-e4d8-4aa2-b8d3-741c26f635e6,IServ GmbH,User/Other,1,5059.876536,Office,Braunschweig,Office,Braunschweig,Lower Saxony,,2021-06-29 00:00:00
3424,eaf4bf3d-c951-4ad1-b40f-9ac89e8e102a,LK Mansfeld-Südharz,User/Other,1,,Industrial,Sangerhausen,Industrial,Sangerhausen,Saxony-Anhalt,,2014-12-31 00:00:00
3425,8a9b5a2b-6e20-4136-8b68-77f3876b26aa,Tesla Motors Inc,User/Other,1,2999901.82848,Dev Site,Grunheide (Mark),Dev Site,Grunheide (Mark),Brandenburg,,2020-01-08 00:00:00
3426,e27ce0ab-e4d8-4aa2-b8d3-741c26f635e6,ZEW Zentrum für Europäische Wirtschaftsforschung,User/Other,1,5799.85848,Office,Mannheim,Office,Mannheim,Baden-Wurttemberg,,2016-10-05 00:00:00
3427,80a25036-0f43-4e4c-bcb2-bcd262b950ff,CDW Commercial Development Wustermark,Private,1,174995.73,Dev Site,Berlin,Dev Site,Berlin,Berlin,,2023-07-07 00:00:00
3428,c635bb63-2ba5-413f-ba77-f303b7954bc1,Option Projektentwicklung,Private,1,1899.95364,Apartment,Munich,Apartment,Munich,Bavaria,,2009-06-15 00:00:00
3429,4c48b00f-c8f6-419c-a5d2-da2b723242e8,Dr. Ritter Finanz GmbH,Private,1,11999.7072,Dev Site,Erkner,Dev Site; Retail,Erkner,Brandenburg,,2020-01-09 00:00:00
3430,4c48b00f-c8f6-419c-a5d2-da2b723242e8,OC Süddeutschland Vermogensverwaltung GmbH,Private,1,25255.3837536,Industrial,Bietigheim-Bissingen,Industrial,Bietigheim-Bissingen,Baden-Wurttemberg,,2022-09-30 00:00:00
3431,e27ce0ab-e4d8-4aa2-b8d3-741c26f635e6,Automobil-Verkaufs-Gesellschaft Joseph Brass GmbH,User/Other,1,6999.8292,Dev Site,"Hanau, Bruder-Grimm-Stadt",Dev Site,"Hanau, Bruder-Grimm-Stadt",Hesse,,2011-07-29 00:00:00
3432,0f4c96d7-b759-46bb-81e6-f3724de887c0,Technische Universitat Darmstadt,User/Other,1,599.98536,Dev Site,Darmstadt,Dev Site,Darmstadt,Hesse,,2021-01-01 00:00:00
3433,963df5fb-530f-47bc-a494-1e0e0dcf65c0,Meta Hotel GmbH & Co. KG,Private,1,,Hotel,Berlin,Hotel; Office,Berlin; Munich,Berlin; Bavaria,,2018-05-31 00:00:00
3434,4c48b00f-c8f6-419c-a5d2-da2b723242e8,PABR Verwaltung GmbH,Private,1,8399.79504,Industrial,Berlin,Industrial,Berlin,Berlin,,2012-03-15 00:00:00
3435,f84d434b-5708-4e8a-beaa-2604a0c6da01,Cavere Immobilienkontor,Private,1,8499.7926,Apartment,Berlin,Apartment,Berlin,Berlin,,2009-11-04 00:00:00
3436,4c48b00f-c8f6-419c-a5d2-da2b723242e8,Essener Menden Buchstaben GmbH & Co KG,Private,1,26799.34608,Industrial,Essen,Industrial,Essen,North Rhine-Westphalia,,2011-05-26 00:00:00
3437,4c48b00f-c8f6-419c-a5d2-da2b723242e8,Vollmergruppe,Private,1,26799.34608,Industrial,Essen,Industrial,Essen,North Rhine-Westphalia,,2011-05-26 00:00:00
3438,e27ce0ab-e4d8-4aa2-b8d3-741c26f635e6,Vilgertshofer GmbH,User/Other,1,8559.791136,Dev Site,Germering,Dev Site,Germering,Bavaria,,2013-01-30 00:00:00
3439,189859e6-8ebb-4e61-b669-48b6093da4a5,RMI Immobilien GmbH,Private,1,,Retail,,Retail,Straubing,Bavaria,,2020-01-24 00:00:00
3440,0772585b-5091-4fb7-b541-a61c6d671c56,DV Immobilien,Private,1,169994.4369472,Dev Site,Unterschleissheim,Dev Site,Unterschleissheim,Bavaria,,2014-10-21 00:00:00
3441,e27ce0ab-e4d8-4aa2-b8d3-741c26f635e6,Mailhammer-Hogl,User/Other,1,4599.88776,Industrial,Essenbach,Industrial,Essenbach,Bavaria,,2019-10-16 00:00:00
3442,e27ce0ab-e4d8-4aa2-b8d3-741c26f635e6,Weber,User/Other,1,3443.9159664,Industrial,Haan,Industrial,Haan,North Rhine-Westphalia,,2008-11-15 00:00:00
3443,ea07f226-823c-4009-9cf2-427b27346d1b,Vinci Immobilier,Private,1,61998.4872,Dev Site,Gremersdorf,Dev Site; Industrial,Gremersdorf,Schleswig-Holstein,,2023-10-11 00:00:00
3444,9b1fd83d-65cc-4041-81ad-95485d9c400b,SEW Eurodrive,User/Other,1,13999.54186624,Dev Site,Haan,Dev Site,Haan,North Rhine-Westphalia,,2021-05-14 00:00:00
3445,e27ce0ab-e4d8-4aa2-b8d3-741c26f635e6,Cryovac Gmbh & Co KG,User/Other,1,3372.9176988,Industrial,Troisdorf,Industrial,Troisdorf,North Rhine-Westphalia,,2020-09-25 00:00:00
3446,2b1b6c69-5040-4270-bb56-a5073c437946,Arzteversorgung Berlin,Institutional,1,10499.7438,Retail,Hamburg,Retail,Hamburg; Herford,Hamburg; North Rhine-Westphalia,,2022-02-25 00:00:00
3447,eaf4bf3d-c951-4ad1-b40f-9ac89e8e102a,Stadt Greifswald,User/Other,1,3599.91216,Office,Greifswald,Office,Greifswald,Mecklenburg-West Pomerania,,2024-01-23 00:00:00
3448,4c48b00f-c8f6-419c-a5d2-da2b723242e8,GBN Wohnungsunternehmen,Private,1,,Apartment,,Apartment,,Lower Saxony,,2014-04-17 00:00:00
3449,4c48b00f-c8f6-419c-a5d2-da2b723242e8,First Hotel Rostock Inv. & Projekt GmbH,Private,1,,Hotel,Rostock,Hotel,Rostock,Mecklenburg-West Pomerania,,2014-03-19 00:00:00
3450,4c48b00f-c8f6-419c-a5d2-da2b723242e8,Newton Projektentwicklungsgesellschaft mbH,Private,1,11199.633492992,Dev Site,Furstenwalde/Spree,Dev Site,Furstenwalde/Spree,Brandenburg,,2019-08-12 00:00:00
3451,eaf4bf3d-c951-4ad1-b40f-9ac89e8e102a,City of Delmenhorst,User/Other,1,11717.7140808,Retail,Delmenhorst,Retail,Delmenhorst,Lower Saxony,,2020-12-14 00:00:00
3452,4c48b00f-c8f6-419c-a5d2-da2b723242e8,Glockle & Riedel,Private,1,2062.9496628,Dev Site,Schweinfurt,Dev Site,Schweinfurt,Bavaria,,2015-03-31 00:00:00
3453,e27ce0ab-e4d8-4aa2-b8d3-741c26f635e6,Molkerei Ammerland eG,User/Other,1,41998.9752,Industrial,Westerstede,Industrial,Westerstede,Lower Saxony,,2023-12-04 00:00:00
3454,4c48b00f-c8f6-419c-a5d2-da2b723242e8,Bless Gebaudedienste GmbH & Co. KG,Private,1,7499.817,Dev Site,Mulheim an der Ruhr,Dev Site,Mulheim an der Ruhr,North Rhine-Westphalia,,2014-01-30 00:00:00
3455,4c48b00f-c8f6-419c-a5d2-da2b723242e8,Scheven Unternehmensgruppe,Private,1,14599.64376,Dev Site,Bad Wildungen,Dev Site,Bad Wildungen,Hesse,,2023-12-21 00:00:00
3456,e27ce0ab-e4d8-4aa2-b8d3-741c26f635e6,BSZ Keramikbedarf GmbH,User/Other,1,1899.95364,Industrial,Essen,Industrial,Essen,North Rhine-Westphalia,,2011-01-25 00:00:00
3457,e27ce0ab-e4d8-4aa2-b8d3-741c26f635e6,Mobelhaus Kathe Meyerhoff GmbH,User/Other,1,5499.8658,Retail,Bremerhaven,Retail,Bremerhaven,Bremen,,2017-08-27 00:00:00
3458,4c48b00f-c8f6-419c-a5d2-da2b723242e8,Firmengruppe Krekel,Private,1,29999.268,Dev Site,Westerburg,Dev Site,Westerburg,Rhineland-Palatinate,,2012-02-15 00:00:00
3459,4073cc97-68fb-45b7-bc80-b03cdc9f619b,Nordex SE,User/Other,1,7999.8048,Dev Site,Hamburg,Dev Site; Office,Hamburg,Hamburg,,2017-05-31 00:00:00
3460,e27ce0ab-e4d8-4aa2-b8d3-741c26f635e6,Will-Pemco,User/Other,1,9999.756,Industrial,Wedel,Industrial,Wedel,Schleswig-Holstein,,2015-08-15 00:00:00
3461,e27ce0ab-e4d8-4aa2-b8d3-741c26f635e6,Jacobs Gruppe,User/Other,1,3499.9146,Office,Bremen,Office,Bremen,Bremen,,2018-03-14 00:00:00
3462,4c48b00f-c8f6-419c-a5d2-da2b723242e8,Obo Bettermann GmbH & Co KG,Private,1,11999.7072,Industrial,Iserlohn,Industrial,Iserlohn,North Rhine-Westphalia,,2016-06-17 00:00:00
3463,4d6576cd-b192-4306-8e99-cafec156ec85,Cebel Immobilien,Private,1,2259.944856,Office,Wiesbaden,Office,Wiesbaden,Hesse,,2011-02-07 00:00:00
3464,eaf4bf3d-c951-4ad1-b40f-9ac89e8e102a,Wirtschaftsförderungsgesellschaft für die Stadt Wo,User/Other,1,14999.634,Dev Site,Worms,Dev Site,Worms,Rhineland-Palatinate,,2010-08-15 00:00:00
3465,3b12db40-47ae-4f4a-9612-df3e223ab05c,NIMAK Capital,Institutional,1,2668.9348764,Retail,"Hanau, Bruder-Grimm-Stadt",Retail,"Hanau, Bruder-Grimm-Stadt",Hesse,,2018-06-11 00:00:00
3466,eaf4bf3d-c951-4ad1-b40f-9ac89e8e102a,City of Oststeinbek,User/Other,1,,Industrial,Oststeinbek,Industrial,Oststeinbek,Schleswig-Holstein,,2015-10-16 00:00:00
3467,f45ffde5-1bd9-411d-beed-522eee109ddc,NTT Data,User/Other,1,24999.181904,Dev Site,Berlin,Dev Site,Berlin,Berlin,,2019-04-17 00:00:00
3468,e27ce0ab-e4d8-4aa2-b8d3-741c26f635e6,Grand Tabak Incorporation,User/Other,1,20885.4903816,Industrial,Buchholz in der Nordheide,Industrial,Buchholz in der Nordheide,Lower Saxony,,2015-08-25 00:00:00
3469,e27ce0ab-e4d8-4aa2-b8d3-741c26f635e6,Kampmann & Co,User/Other,1,6999.8292,Industrial,Essen,Industrial,Essen,North Rhine-Westphalia,,2019-02-05 00:00:00
3470,4c48b00f-c8f6-419c-a5d2-da2b723242e8,Tiedemann Gruppe,Private,1,2499.939,Apartment,Berlin,Apartment,Berlin,Berlin,,2019-05-20 00:00:00
3471,4f28ea37-0857-4d14-babc-804acbcc2920,Tectaplan,Private,1,1599.96096,Office,Geretsried,Office; Retail,Geretsried; Munich,Bavaria,,2019-12-30 00:00:00
3472,4c48b00f-c8f6-419c-a5d2-da2b723242e8,Schreiber und Lutzenberger GbR,Private,1,,Hotel,Freudenstadt,Hotel,Freudenstadt,Baden-Wurttemberg,,2021-12-16 00:00:00
3473,0ce1d5c9-83e3-45d0-b1d6-20b6cc35baad,Primo Holding GmbH,Private,1,3559.913136,Office,Offenburg,Office; Apartment,Karlsruhe; Stuttgart; Offenburg,Baden-Wurttemberg,,2018-02-01 00:00:00
3474,4c48b00f-c8f6-419c-a5d2-da2b723242e8,Petsas Group SA,Private,1,2709.933876,Dev Site,Albstadt,Dev Site,Albstadt,Baden-Wurttemberg,,2016-03-24 00:00:00
3475,4c48b00f-c8f6-419c-a5d2-da2b723242e8,Simchen Immobilien,Private,1,1399.96584,Office,Hanover,Office,Hanover,Lower Saxony,,2016-12-31 00:00:00
3476,4c48b00f-c8f6-419c-a5d2-da2b723242e8,World Invest,Private,1,,Hotel,Hanover,Hotel,Hanover,Lower Saxony,,2009-05-31 00:00:00
3477,4c48b00f-c8f6-419c-a5d2-da2b723242e8,Cux Gruppe,Private,1,4583.8881504,Seniors Housing & Care,Weyhe,Seniors Housing & Care,Weyhe,Lower Saxony,,2004-12-01 00:00:00
3478,4c48b00f-c8f6-419c-a5d2-da2b723242e8,Bauatelier nord,Private,1,69998.292,Dev Site,Bremen,Dev Site,Bremen,Bremen,,2012-01-11 00:00:00
3479,7443cd3b-f425-4054-ba55-2249ae81578e,Deloitte,User/Other,1,10649.74014,Industrial,Wolfsburg,Industrial,Wolfsburg,Lower Saxony,,2019-06-03 00:00:00
3480,4346192d-5c3b-489d-8ca9-9d1d53231538,Kasai,User/Other,1,10649.74014,Industrial,Wolfsburg,Industrial,Wolfsburg,Lower Saxony,,2019-06-03 00:00:00
3481,e27ce0ab-e4d8-4aa2-b8d3-741c26f635e6,Acsys Lasertechnik GmbH,User/Other,1,4499.8902,Dev Site,Kornwestheim,Dev Site,Kornwestheim,Baden-Wurttemberg,,2013-08-09 00:00:00
3482,e27ce0ab-e4d8-4aa2-b8d3-741c26f635e6,Rvikon GmbH,User/Other,1,25999.3656,Dev Site,Giessen,Dev Site,Giessen,Hesse,,2012-06-28 00:00:00
3483,e27ce0ab-e4d8-4aa2-b8d3-741c26f635e6,BOB Automotive Group GmbH,User/Other,1,3699.90972,Retail,Wuppertal,Retail,Wuppertal,North Rhine-Westphalia,,2020-03-31 00:00:00
3484,e27ce0ab-e4d8-4aa2-b8d3-741c26f635e6,Hees Burowelt GmbH,User/Other,1,9199.77552,Dev Site,Siegen,Dev Site,Siegen,North Rhine-Westphalia,,2011-01-15 00:00:00
3485,e27ce0ab-e4d8-4aa2-b8d3-741c26f635e6,Echopark Productionsgesellschaft mbH,User/Other,1,2149.94754,Industrial,Essen,Industrial,Essen,North Rhine-Westphalia,,2024-03-27 00:00:00
3486,4c48b00f-c8f6-419c-a5d2-da2b723242e8,IFW Immobilien,Private,1,4549.88898,Retail,Gotha,Retail,Gotha,Thuringia,,2017-05-29 00:00:00
3487,4c48b00f-c8f6-419c-a5d2-da2b723242e8,Ruhrkontorhaus GmbH,Private,1,1922.9530788,Office,Mulheim an der Ruhr,Office,Mulheim an der Ruhr,North Rhine-Westphalia,,2017-06-09 00:00:00
3488,4c48b00f-c8f6-419c-a5d2-da2b723242e8,Biesindra GmbH,Private,1,1749.9573,Office,Mulheim an der Ruhr,Office,Mulheim an der Ruhr,North Rhine-Westphalia,,2015-10-13 00:00:00
3489,4c48b00f-c8f6-419c-a5d2-da2b723242e8,Alexander Gurgiel Liegenschaftsverwaltungen,Private,1,17049.58398,Office,Leinfelden-Echterdingen,Office,Leinfelden-Echterdingen,Baden-Wurttemberg,,2009-02-10 00:00:00
3490,4c48b00f-c8f6-419c-a5d2-da2b723242e8,Speeter Gruppe,Private,1,,Hotel,Leinsweiler,Hotel,Leinsweiler,Rhineland-Palatinate,,2022-08-04 00:00:00
3491,4c48b00f-c8f6-419c-a5d2-da2b723242e8,Infernose,Private,1,1274.96889,Dev Site,Berlin,Dev Site,Berlin,Berlin,,2011-06-01 00:00:00
3492,4c48b00f-c8f6-419c-a5d2-da2b723242e8,Samuel Singer,Private,1,16999.5852,Apartment,Frankfurt am Main,Apartment,Frankfurt am Main,Hesse,,2018-05-17 00:00:00
3493,4c48b00f-c8f6-419c-a5d2-da2b723242e8,El Lago Verwaltungs GmbH & Co KG,Private,1,1505.9632536,Retail,Halle (Saale),Retail,Halle (Saale),Saxony-Anhalt,,2022-07-04 00:00:00
3494,1c4c38e6-d637-45cd-a14a-76afca45b074,RE fund,Institutional,1,766.9812852,Apartment,Erfurt,Apartment,Erfurt,Thuringia,,2012-05-11 00:00:00
3495,4c48b00f-c8f6-419c-a5d2-da2b723242e8,AK Bauträger KG,Private,1,,Hotel,Erlensee,Hotel; Seniors Housing & Care,Erlensee,Hesse,,2016-02-26 00:00:00
3496,4c48b00f-c8f6-419c-a5d2-da2b723242e8,Seniorenwohnen Magdeburg KG,Private,1,22649.44734,Seniors Housing & Care,Magdeburg,Seniors Housing & Care,Magdeburg,Saxony-Anhalt,,2011-06-29 00:00:00
3497,4c48b00f-c8f6-419c-a5d2-da2b723242e8,Immobilienbetreuungs- und Verwaltungsgesellschaft,Private,1,,Apartment,Leipzig,Apartment,Leipzig,Saxony,,2012-01-10 00:00:00
3498,40a04270-5843-48b6-abe8-314881f3cf98,Aurum AG,Private,1,29690.2755396,Hotel,Neuenhaus,Hotel,Neuenhaus,Lower Saxony,,2009-07-15 00:00:00
3499,e27ce0ab-e4d8-4aa2-b8d3-741c26f635e6,MAT Holdings Inc,User/Other,1,20999.4876,Industrial,Altenburg,Industrial,Altenburg,Thuringia,,2016-01-11 00:00:00
3500,4c48b00f-c8f6-419c-a5d2-da2b723242e8,Johannes Kulkens,Private,1,4808.8826604,Retail,Osnabruck,Retail,Osnabruck,Lower Saxony,,2014-02-28 00:00:00
3501,4c48b00f-c8f6-419c-a5d2-da2b723242e8,Roth Group,Private,1,29999.268,Dev Site,Berlin,Dev Site,Berlin,Berlin,,2009-03-22 00:00:00
3502,1f86f216-4c4a-4516-8a8d-242e6833d383,Select Group,Private,1,11922.7090788,Hotel,Frankfurt am Main,Hotel,Frankfurt am Main,Hesse,,2018-09-27 00:00:00
3503,1e118df7-757e-4e7b-a2b5-158299799bb1,Suddeutsche Immobilienwerte,Private,1,2599.93656,Apartment,Leonberg,Apartment,Leonberg,Baden-Wurttemberg,,2015-06-24 00:00:00
3504,f8f32e29-ccb1-414e-bd4e-98092e716431,Klaus Gruppe,Private,1,79997.3820928,Dev Site,Munich,Dev Site; Apartment,Munich; Augsburg,Bavaria,,2020-06-18 00:00:00
3505,bd5657ae-402e-4677-a035-dc18a547bcae,Margarete Ammon Foundation,User/Other,1,4099.89996,Retail,Munich,Retail,Munich,Bavaria,,2009-04-14 00:00:00
3506,4c48b00f-c8f6-419c-a5d2-da2b723242e8,Thanik GmbH & Co,Private,1,4099.89996,Retail,Munich,Retail,Munich,Bavaria,,2009-04-14 00:00:00
3507,eaf4bf3d-c951-4ad1-b40f-9ac89e8e102a,Stadtentwicklungsgesellschaft Amberg mbH,User/Other,1,99996.5600244,Dev Site,Amberg,Dev Site,Amberg,Bavaria,,2024-01-31 00:00:00
3508,4c48b00f-c8f6-419c-a5d2-da2b723242e8,Berg Immobilien,Private,1,,Office,Dusseldorf,Office,Dusseldorf,North Rhine-Westphalia,,2013-03-26 00:00:00
3509,4c48b00f-c8f6-419c-a5d2-da2b723242e8,Becks Immobiliengesellschaft,Private,1,2699.93412,Apartment,Munich,Apartment,Munich,Bavaria,,2011-08-01 00:00:00
3510,4c48b00f-c8f6-419c-a5d2-da2b723242e8,ASG Berlin,Private,1,8499.7926,Retail,Dresden,Retail,Dresden,Saxony,,2017-05-09 00:00:00
3511,4c48b00f-c8f6-419c-a5d2-da2b723242e8,Objecktgesellschaft Pantera,Private,1,,Apartment,Ludwigshafen am Rhein,Apartment,Ludwigshafen am Rhein,Rhineland-Palatinate,,2011-08-23 00:00:00
3512,4c48b00f-c8f6-419c-a5d2-da2b723242e8,GW Real GmbH & Co. KG,Private,1,12699.69012,Office,Jena,Office,Jena,Thuringia,,2010-12-12 00:00:00
3513,336b5acc-50c4-4886-9c3e-0e03c9a719bf,GWG Ingolstadt,Private,1,4795.8829776,Dev Site,Ingolstadt,Dev Site,Ingolstadt,Bavaria,,2024-06-25 00:00:00
3514,4c48b00f-c8f6-419c-a5d2-da2b723242e8,Andreas Bobon,Private,1,7499.817,Retail,Waltrop,Retail,Waltrop,North Rhine-Westphalia,,2014-03-25 00:00:00
3515,e27ce0ab-e4d8-4aa2-b8d3-741c26f635e6,Duwensee Spedition & Lagerhaus GmbH,User/Other,1,17599.57056,Industrial,Heusenstamm,Industrial,Heusenstamm,Hesse,,2014-07-01 00:00:00
3516,4c48b00f-c8f6-419c-a5d2-da2b723242e8,Projektgesellschaft Globus,Private,1,31999.2192,Dev Site,Kulmbach,Dev Site,Kulmbach,Bavaria,,2012-04-19 00:00:00
3517,4c48b00f-c8f6-419c-a5d2-da2b723242e8,Leuttner & Eisele Bauplanungsgesellschaft mbH,Private,1,7799.744754048,Dev Site,Teltow,Dev Site,Teltow,Brandenburg,,2020-03-04 00:00:00
3518,4c48b00f-c8f6-419c-a5d2-da2b723242e8,Landesboden Karlsfeld GmbH,Private,1,10699.73892,Industrial,Karlsfeld,Industrial,Karlsfeld,Bavaria,,2016-12-13 00:00:00
3519,4c48b00f-c8f6-419c-a5d2-da2b723242e8,Samuel & Ercan Gergin,Private,1,12939.684264,Office,Giessen,Office,Giessen,Hesse,,2015-03-31 00:00:00
3520,4c48b00f-c8f6-419c-a5d2-da2b723242e8,Pegasus Development GmbH,Private,1,1349.96706,Industrial,Rodgau,Industrial,Rodgau; Frankfurt am Main,Hesse,,2013-12-19 00:00:00
3521,e27ce0ab-e4d8-4aa2-b8d3-741c26f635e6,Cinar Transporte,User/Other,1,1849.95486,Industrial,Maintal,Industrial,Maintal,Hesse,,2014-12-31 00:00:00
3522,e27ce0ab-e4d8-4aa2-b8d3-741c26f635e6,Kukko,User/Other,1,34999.146,Dev Site,Hilden,Dev Site,Hilden,North Rhine-Westphalia,,2011-01-15 00:00:00
3523,4c48b00f-c8f6-419c-a5d2-da2b723242e8,Consta,Private,1,,Seniors Housing & Care,Bonn,Seniors Housing & Care,Bonn,North Rhine-Westphalia,,2012-12-01 00:00:00
3524,4c48b00f-c8f6-419c-a5d2-da2b723242e8,CoRE Solutions GmbH,Private,1,6099.85116,Retail,Schwabmunchen,Retail,Schwabmunchen,Bavaria,,2020-02-13 00:00:00
3525,4c48b00f-c8f6-419c-a5d2-da2b723242e8,Pepperl & Fuchs,Private,1,11999.5214,Dev Site,Mannheim,Dev Site,Mannheim,Baden-Wurttemberg,,2008-07-15 00:00:00
3526,e27ce0ab-e4d8-4aa2-b8d3-741c26f635e6,Engineering Dobersek,User/Other,1,19999.512,Industrial,Monchengladbach,Industrial,Monchengladbach,North Rhine-Westphalia,,2008-08-15 00:00:00
3527,e27ce0ab-e4d8-4aa2-b8d3-741c26f635e6,Cool Cat Fashion,User/Other,1,1099.96400548356,Retail,Essen,Retail,Essen,North Rhine-Westphalia,,2007-03-15 00:00:00
3528,b7d5b309-497d-41dc-b8e6-bb15eb9a2ef7,LF Opportunite Immo SCPI,Private,1,24999.39,Industrial,Nuremberg,Industrial,Nuremberg,Bavaria,,2022-06-21 00:00:00
3529,9f6c1f5f-e3e6-411d-8ba4-60a1ad7224b1,Security Capital,Private,1,42435.9645372,Dev Site,Hallbergmoos,Dev Site,Hallbergmoos,Bavaria,,2001-03-01 00:00:00
3530,39f24229-30f3-47e7-982d-957f36786961,Cayros Capital Partners GmbH,Private,1,6977.8297368,Office,Essen,Apartment; Office,Essen; Berlin,North Rhine-Westphalia; Berlin,,2022-11-24 00:00:00
3531,de2a4bdc-ca49-4899-ab50-69e2942bd6f2,Aurum Ventures,Institutional,1,4729.884588,Office,Essen,Office,Essen,North Rhine-Westphalia,,2016-06-28 00:00:00
3532,f3ff3dd5-d3da-4c7a-9dd0-fc08ec65e740,German Petrol Holding AG,Institutional,1,4729.884588,Office,Essen,Office,Essen,North Rhine-Westphalia,,2016-06-28 00:00:00
3533,cc936d75-b046-4f86-9850-af3002080f93,Otto Heil,Private,1,3899.90484,Dev Site,Leipzig,Apartment; Dev Site,Leipzig,Saxony,,2017-02-08 00:00:00
3534,6ab69945-10da-4e3a-a14b-daf30bc49879,VSP Development,Private,1,19999.512,Dev Site,Eberswalde,Retail; Dev Site,Sibbesse; Eberswalde,Lower Saxony; Brandenburg,,2016-11-24 00:00:00
3535,e27ce0ab-e4d8-4aa2-b8d3-741c26f635e6,Sovamax Trading GmbH,User/Other,1,3189.922164,Industrial,Dortmund,Industrial,Dortmund,North Rhine-Westphalia,,2020-11-23 00:00:00
3536,4c48b00f-c8f6-419c-a5d2-da2b723242e8,Annette & Franz-Bernhard Tenberge,Private,1,1999.9512,Office,Ludinghausen,Office,Ludinghausen,North Rhine-Westphalia,,2009-11-15 00:00:00
3537,76678673-45be-47b8-aaeb-96254aca7093,Wohnbau Layher,Private,1,21999.4632,Dev Site,Leonberg,Dev Site,Leonberg,Baden-Wurttemberg,,2012-06-30 00:00:00
3538,4c48b00f-c8f6-419c-a5d2-da2b723242e8,Erkin Koksal,Private,1,1679.959008,Dev Site,Frankfurt am Main,Dev Site,Frankfurt am Main,Hesse,,2010-06-15 00:00:00
3539,4c48b00f-c8f6-419c-a5d2-da2b723242e8,Schramm & Wicht GbR,Private,1,,Hotel,Ilmenau,Hotel,Ilmenau,Thuringia,,2015-06-10 00:00:00
3540,17aa045d-56d2-4567-a34e-65cd89a13925,Trias Bremen GmbH,Private,1,15999.4764433973,Office,Bremen,Office,Bremen,Bremen,,2007-08-15 00:00:00
3541,eaf4bf3d-c951-4ad1-b40f-9ac89e8e102a,City of Leonberg,User/Other,1,15499.6218,Dev Site,Leonberg,Dev Site,Leonberg,Baden-Wurttemberg,,2024-03-24 00:00:00
3542,e27ce0ab-e4d8-4aa2-b8d3-741c26f635e6,SAXONIA Galvanik GmbH,User/Other,1,2679.934608,Industrial,Nossen,Industrial,Nossen,Saxony,,2013-10-02 00:00:00
3543,bd5657ae-402e-4677-a035-dc18a547bcae,Medico International e.V.,User/Other,1,4149.89874,Office,Frankfurt am Main,Office,Frankfurt am Main,Hesse,,2016-06-14 00:00:00
3544,4c48b00f-c8f6-419c-a5d2-da2b723242e8,Frabag,Private,1,1999.9512,Office,Munich,Office,Munich,Bavaria,,2001-06-01 00:00:00
3545,98abf365-c9e9-41ef-8e04-306235e46964,Relax Group,Private,1,14999.634,Dev Site,Neuenstein,Dev Site,Neuenstein,Hesse,,2009-08-15 00:00:00
3546,abad3be0-aaf7-42e8-ab87-a88e220b0684,Siedlungswerk Fulda eG,User/Other,1,3299.91948,Dev Site,Fulda,Dev Site,Fulda,Hesse,,2013-04-23 00:00:00
3547,4c48b00f-c8f6-419c-a5d2-da2b723242e8,Unitas,Private,1,4699.88532,Office,Munich,Office,Munich,Bavaria,,2001-06-01 00:00:00
3548,4c48b00f-c8f6-419c-a5d2-da2b723242e8,Friedrich Ganz Versicherungsmakler GmbH,Private,1,4299.89508,Dev Site,Kuppenheim,Dev Site,Kuppenheim,Baden-Wurttemberg,,2019-05-08 00:00:00
3549,e27ce0ab-e4d8-4aa2-b8d3-741c26f635e6,Tramaco GmbH,User/Other,1,6816.8336652,Industrial,Tornesch,Industrial,Tornesch,Schleswig-Holstein,,2016-10-20 00:00:00
3550,e27ce0ab-e4d8-4aa2-b8d3-741c26f635e6,I/O Consult,User/Other,1,1199.97072,Dev Site,Recklinghausen,Dev Site,Recklinghausen,North Rhine-Westphalia,,2009-07-07 00:00:00
3551,e27ce0ab-e4d8-4aa2-b8d3-741c26f635e6,Riff Systemhaus,User/Other,1,2799.93168,Dev Site,Herten,Dev Site,Herten,North Rhine-Westphalia,,2010-06-14 00:00:00
3552,e27ce0ab-e4d8-4aa2-b8d3-741c26f635e6,Zeller Kalte- und Klimatechnik,User/Other,1,3499.9146,Dev Site,Recklinghausen,Dev Site,Recklinghausen,North Rhine-Westphalia,,2009-07-07 00:00:00
3553,e27ce0ab-e4d8-4aa2-b8d3-741c26f635e6,Herbert Kammerer & Sohne GmbH,User/Other,1,3022.9262388,Industrial,"Hanau, Bruder-Grimm-Stadt",Industrial,"Hanau, Bruder-Grimm-Stadt",Hesse,,2011-01-15 00:00:00
3554,4c48b00f-c8f6-419c-a5d2-da2b723242e8,Böhnisch GmbH,Private,1,2599.93656,Dev Site,Recklinghausen,Dev Site,Recklinghausen,North Rhine-Westphalia,,2009-03-25 00:00:00
3555,4c48b00f-c8f6-419c-a5d2-da2b723242e8,Doser+Partner Baugesellschaft mbH,Private,1,6499.8414,Industrial,Singen (Hohentwiel),Industrial,Singen (Hohentwiel),Baden-Wurttemberg,,2024-05-28 00:00:00
3556,e27ce0ab-e4d8-4aa2-b8d3-741c26f635e6,Audiovox Audio Produkte GmbH,User/Other,1,15355.6253136,Industrial,Pulheim,Industrial,Pulheim,North Rhine-Westphalia,,2012-12-01 00:00:00
3557,4c48b00f-c8f6-419c-a5d2-da2b723242e8,RA Lill,Private,1,,Apartment,Cottbus,Apartment,Cottbus,Brandenburg,,2013-12-16 00:00:00
3558,e27ce0ab-e4d8-4aa2-b8d3-741c26f635e6,coffee Fellows,User/Other,1,,Hotel,Puchheim,Hotel,Puchheim,Bavaria,,2022-03-30 00:00:00
3559,a285ae02-0044-4b3b-a00c-0d77354a963b,VPV Lebensversicherungs AG,Institutional,1,4999.878,Office,Bielefeld,Office,Bielefeld,North Rhine-Westphalia,,2005-03-01 00:00:00
3560,4c48b00f-c8f6-419c-a5d2-da2b723242e8,Marissa Ferienpark,Private,1,249993.9,Dev Site,Rees,Dev Site,Rees,North Rhine-Westphalia,,2022-11-30 00:00:00
3561,4c48b00f-c8f6-419c-a5d2-da2b723242e8,Noori,Private,1,,Hotel,Elmshorn,Hotel,Elmshorn,Schleswig-Holstein,,2011-07-20 00:00:00
3562,4c48b00f-c8f6-419c-a5d2-da2b723242e8,Schaible Immobilien GmbH Co. KG,Private,1,,Apartment,Budingen,Apartment,Budingen,Hesse,,2011-04-04 00:00:00
3563,4c48b00f-c8f6-419c-a5d2-da2b723242e8,Kinderhauserziehung e.V.,Private,1,599.98536,Hotel,Heppenheim (Bergstrasse),Hotel,Heppenheim (Bergstrasse),Hesse,,2023-03-28 00:00:00
3564,e27ce0ab-e4d8-4aa2-b8d3-741c26f635e6,Biegeform Solutions GmbH,User/Other,1,3199.92192,Industrial,Ludenscheid,Industrial,Ludenscheid,North Rhine-Westphalia,,2017-06-20 00:00:00
3565,4c48b00f-c8f6-419c-a5d2-da2b723242e8,Nergiz Projektentwicklung GmbH,Private,1,81997.9992,Industrial,Gronau (Westf.),Industrial,Gronau (Westf.),North Rhine-Westphalia,,2014-02-28 00:00:00
3566,e27ce0ab-e4d8-4aa2-b8d3-741c26f635e6,Bentley InnoMed GmbH,User/Other,1,9399.77064,Industrial,Hechingen,Industrial,Hechingen,Baden-Wurttemberg,,2023-11-23 00:00:00
3567,4c48b00f-c8f6-419c-a5d2-da2b723242e8,VIVET Immobilien AG,Private,1,12999.6828,Office,Plauen,Office,Plauen,Saxony,,2016-05-25 00:00:00
3568,e27ce0ab-e4d8-4aa2-b8d3-741c26f635e6,Mobel Braum GmbH,User/Other,1,4999.878,Retail,Bad Homburg vor der Hohe,Retail,Bad Homburg vor der Hohe,Hesse,,2009-08-15 00:00:00
3569,4c48b00f-c8f6-419c-a5d2-da2b723242e8,Monet Objektgesellschaft mbH,Private,1,5999.8536,Retail,Russelsheim,Retail,Russelsheim,Hesse,,2015-11-12 00:00:00
3570,e27ce0ab-e4d8-4aa2-b8d3-741c26f635e6,Autotransporte Thomas Radlauer,User/Other,1,7499.817,Dev Site,Egestorf,Dev Site,Egestorf,Lower Saxony,,2011-03-15 00:00:00
3571,5b65f384-c8da-4cc2-9e30-fc819fe46584,Flow,Private,1,4999.878,Seniors Housing & Care,Magdeburg,Seniors Housing & Care,Magdeburg,Saxony-Anhalt,,2023-11-15 00:00:00
3572,9acce215-0cc5-45a3-b609-1d7fa4ddea4c,Gisela-Hagemann-Stiftung,Private,1,4349.89386,Dev Site,Kiel,Apartment; Dev Site,Kiel,Schleswig-Holstein,,2016-03-14 00:00:00
3573,4c48b00f-c8f6-419c-a5d2-da2b723242e8,Jacaranda Hotels,Private,1,,Hotel,Ludersburg,Hotel,Ludersburg,Lower Saxony,,2017-02-13 00:00:00
3574,4c48b00f-c8f6-419c-a5d2-da2b723242e8,Dominus Wohnbau- und Grundstücks-GmbH,Private,1,4299.89508,Office,Munster,Office,Munster,North Rhine-Westphalia,,2013-10-24 00:00:00
3575,f8c77d2a-e418-44ac-8b5b-d6c04127a228,KP International A/S,Institutional,1,11499.6236936918,Office,Dusseldorf,Office,Dusseldorf,North Rhine-Westphalia,,2007-04-20 00:00:00
3576,e27ce0ab-e4d8-4aa2-b8d3-741c26f635e6,DPD GeoPost (Deutschland) GmbH,User/Other,1,,Industrial,Neufahrn bei Freising,Industrial,Neufahrn bei Freising,Bavaria,,2016-10-10 00:00:00
3577,4c48b00f-c8f6-419c-a5d2-da2b723242e8,Oberhauser Immobilien GmbH,Private,1,4499.8902,Dev Site,Landshut,Office; Dev Site,Landshut,Bavaria,,2024-01-29 00:00:00
3578,2edac800-ba75-49c2-90b3-7f7afc66b115,CAPRENDIS Real Estate GmbH,Institutional,1,9029.779668,Hotel,Landshut,Hotel,Landshut,Bavaria,,2024-06-27 00:00:00
3579,29705626-6af3-47f3-be13-ca38384378ed,ZGS Bildungs-GmbH,User/Other,1,4324.89447,Dev Site,Gelsenkirchen,Dev Site,Gelsenkirchen,North Rhine-Westphalia,,2023-03-07 00:00:00
3580,e27ce0ab-e4d8-4aa2-b8d3-741c26f635e6,Holmer Maschinenbau GmbH,User/Other,1,139996.584,Dev Site,Schierling,Dev Site,Schierling,Bavaria,,2017-07-28 00:00:00
3581,4c48b00f-c8f6-419c-a5d2-da2b723242e8,CR Development GmbH,Private,1,144996.462,Dev Site,Delmenhorst,Dev Site,Delmenhorst,Lower Saxony,,2020-12-09 00:00:00
3582,e27ce0ab-e4d8-4aa2-b8d3-741c26f635e6,Hoffner Möbelgesellschaft GmbH & Co. KG,User/Other,1,22999.4388,Dev Site,Munich,Dev Site,Munich,Bavaria,,2016-06-19 00:00:00
3583,e27ce0ab-e4d8-4aa2-b8d3-741c26f635e6,Krohne Messtechnik,User/Other,1,9799.76088,Dev Site,Duisburg,Dev Site,Duisburg,North Rhine-Westphalia,,2024-07-25 00:00:00
3584,4c48b00f-c8f6-419c-a5d2-da2b723242e8,WFG Dahme Spreewald Wirtschaftsförderungsgesellschaft & Projektentwicklung,Private,1,8999.7804,Dev Site,Wildau,Dev Site,Wildau,Brandenburg,,2016-03-01 00:00:00
3585,4c48b00f-c8f6-419c-a5d2-da2b723242e8,EgeTrans,Private,1,6199.84872,Dev Site,Marbach am Neckar,Dev Site,Marbach am Neckar,Baden-Wurttemberg,,2013-07-01 00:00:00
3586,4c48b00f-c8f6-419c-a5d2-da2b723242e8,Terraplan Immobilien- u Treuhandgesellschaft,Private,1,50998.7556,Dev Site,Heppenheim (Bergstrasse),Dev Site,Heppenheim (Bergstrasse),Hesse,,2014-05-13 00:00:00
3587,064de6ef-88a2-4250-bd27-d713f4221eac,Pacific Eagle AM,Private,1,27999.3168,Office,Munich,Office,Munich,Bavaria,,2019-09-01 00:00:00
3588,4c48b00f-c8f6-419c-a5d2-da2b723242e8,JKV Grundstucksverwertungsgesellschaft,Private,1,5759.859456,Retail,Ingolstadt,Retail,Ingolstadt,Bavaria,,2020-06-30 00:00:00
3589,4c48b00f-c8f6-419c-a5d2-da2b723242e8,Bill-Veranstaltungslogistik GmbH,Private,1,10999.7316,Industrial,Nidda,Industrial,Nidda,Hesse,,2016-02-02 00:00:00
3590,07a5cdb1-1d6f-4aa1-bced-e5da55629c14,STM Immobilien Verwaltung,Private,1,5529.865068,Office,Hallbergmoos,Office,Hallbergmoos,Bavaria,,2015-12-31 00:00:00
3591,08bd022a-ad94-429c-a580-06b035ed162c,Gemunden Bau,Private,1,4805.8827336,Retail,Mainz,Retail,Mainz,Rhineland-Palatinate,,2015-09-24 00:00:00
3592,eaf4bf3d-c951-4ad1-b40f-9ac89e8e102a,City of Olching,User/Other,1,49998.78,Dev Site,Olching,Dev Site,Olching,Bavaria,,2016-01-15 00:00:00
3593,4c48b00f-c8f6-419c-a5d2-da2b723242e8,BLLW,Private,1,999.9756,Office,Munich,Office,Munich,Bavaria,,2017-01-11 00:00:00
3594,4c48b00f-c8f6-419c-a5d2-da2b723242e8,Colemus Projektentwicklung GmbH,Private,1,5199.87312,Dev Site,Wuppertal,Dev Site,Wuppertal,North Rhine-Westphalia,,2015-11-03 00:00:00
3595,4c48b00f-c8f6-419c-a5d2-da2b723242e8,Salvis AG,Private,1,7349.82066,Dev Site,Munich,Dev Site,Munich,Bavaria,,2013-09-15 00:00:00
3596,10bb69db-141a-40ba-adb3-9687f6fe3fb7,RAG Immobilienverwertung,Private,1,30169.263852,Office,Munich,Office,Munich; Cologne,Bavaria; North Rhine-Westphalia,,2020-01-10 00:00:00
3597,4c48b00f-c8f6-419c-a5d2-da2b723242e8,PG Luisenhof GmbH und Co. KG,Private,1,15999.6096,Dev Site,Offenbach am Main,Dev Site,Offenbach am Main,Hesse,,2011-04-23 00:00:00
3598,e27ce0ab-e4d8-4aa2-b8d3-741c26f635e6,Magdeburg Box GmbH,User/Other,1,6499.8414,Office,Magdeburg,Office,Magdeburg,Saxony-Anhalt,,2021-08-18 00:00:00
3599,4c48b00f-c8f6-419c-a5d2-da2b723242e8,Targon Immobilien GmbH,Private,1,8376.7956012,Office,Erfurt,Office,Erfurt,Thuringia,,2015-02-15 00:00:00
3600,4c48b00f-c8f6-419c-a5d2-da2b723242e8,Herbert Heldt KG,Private,1,94996.8912352,Dev Site,Bergkamen,Dev Site,Bergkamen,North Rhine-Westphalia,,2013-12-05 00:00:00
3601,4c48b00f-c8f6-419c-a5d2-da2b723242e8,Hafen Hamm GmbH,Private,1,39999.024,Dev Site,Hamm,Dev Site,Hamm,North Rhine-Westphalia,,2014-08-31 00:00:00
3602,4c48b00f-c8f6-419c-a5d2-da2b723242e8,Luxembourg Investment Group (LIG) S.A.,Private,1,10899.73404,Retail,Monchengladbach,Retail,Monchengladbach,North Rhine-Westphalia,,2017-09-05 00:00:00
3603,4c48b00f-c8f6-419c-a5d2-da2b723242e8,PMI Immobilien,Private,1,4375.8932256,Apartment,Hamburg,Apartment,Hamburg,Hamburg,,2024-05-17 00:00:00
3604,e27ce0ab-e4d8-4aa2-b8d3-741c26f635e6,L'Osteria,User/Other,1,3999.9024,Dev Site,Hurth,Dev Site,Hurth,North Rhine-Westphalia,,2013-07-04 00:00:00
3605,115fe44e-fdcc-48db-be0e-e31a24e36a48,Dahmit Parkstadt Schwabing,Private,1,6139.850184,Apartment,Munich,Hotel; Apartment,Munich,Bavaria,,2016-07-05 00:00:00
3606,6333b594-e5c2-477d-937a-68e3008c4935,Abaton Real Estate,Private,1,20399.50224,Office,Frankfurt am Main,Office,Frankfurt am Main,Hesse,,2024-04-18 00:00:00
3607,8c638c1a-baaf-41e7-84d4-729cf8f76a1f,BBT Group,User/Other,1,539.986824,Apartment,Stuttgart,Apartment,Stuttgart,Baden-Wurttemberg,,2009-04-17 00:00:00
3608,e27ce0ab-e4d8-4aa2-b8d3-741c26f635e6,IT-Informatik GmbH,User/Other,1,,Office,Ulm,Office,Ulm,Baden-Wurttemberg,,2013-06-29 00:00:00
3609,e27ce0ab-e4d8-4aa2-b8d3-741c26f635e6,Hidd Koeln Chorweiler,User/Other,1,22416.4530252,Retail,Cologne,Retail,Cologne,North Rhine-Westphalia,,2010-10-12 00:00:00
3610,4c48b00f-c8f6-419c-a5d2-da2b723242e8,Satellite Office,Private,1,1999.9512,Office,Frankfurt am Main,Office,Frankfurt am Main,Hesse,,2023-04-01 00:00:00
3611,25c61072-dcb4-447b-9b47-cf58f594e004,Deutsche Denk Mal AG,Private,1,9399.77064,Dev Site,Oppenheim,Dev Site,Oppenheim,Rhineland-Palatinate,,2012-07-15 00:00:00
3612,4c48b00f-c8f6-419c-a5d2-da2b723242e8,ESWE Versorgung,Private,1,7999.73822169865,Office,Wiesbaden,Office,Wiesbaden,Hesse,,2008-01-15 00:00:00
3613,4c48b00f-c8f6-419c-a5d2-da2b723242e8,BS Logistikzentrum,Private,1,44998.5274272,Dev Site,Worms,Dev Site,Worms,Rhineland-Palatinate,,2022-01-06 00:00:00
3614,4c48b00f-c8f6-419c-a5d2-da2b723242e8,KM-Wohnbau GmbH,Private,1,1299.96828,Office,Munich,Office,Munich,Bavaria,,2018-07-31 00:00:00
3615,4c48b00f-c8f6-419c-a5d2-da2b723242e8,Saud Al Rashed Group,Private,1,14700.6412956,Retail,Berlin,Retail,Berlin,Berlin,,2023-10-10 00:00:00
3616,4c48b00f-c8f6-419c-a5d2-da2b723242e8,GWI Bauunternehmung GmbH,Private,1,11499.7194,Dev Site,Dusseldorf,Apartment; Dev Site,Dusseldorf,North Rhine-Westphalia,,2016-04-25 00:00:00
3617,4c48b00f-c8f6-419c-a5d2-da2b723242e8,IFG Ingolstadt GmbH,Private,1,0.929,Dev Site,Ingolstadt,Dev Site,Ingolstadt,Bavaria,,2007-10-15 00:00:00
3618,4c48b00f-c8f6-419c-a5d2-da2b723242e8,Darco Kosic,Private,1,,Hotel,Leverkusen,Hotel,Leverkusen,North Rhine-Westphalia,,2012-09-05 00:00:00
3619,e27ce0ab-e4d8-4aa2-b8d3-741c26f635e6,CP.max Rotortechnik GmbH & Co. KG,User/Other,1,2437.9405128,Industrial,Dresden,Industrial,Dresden,Saxony,,2010-10-27 00:00:00
3620,4c48b00f-c8f6-419c-a5d2-da2b723242e8,Lehrter Wohnungsbau GmbH,Private,1,6799.83408,Dev Site,Lehrte,Dev Site,Lehrte,Lower Saxony,,2014-12-31 00:00:00
3621,e27ce0ab-e4d8-4aa2-b8d3-741c26f635e6,Dornseifer group,User/Other,1,4799.88288,Retail,Kreuztal,Retail,Kreuztal,North Rhine-Westphalia,,2014-03-31 00:00:00
3622,4c48b00f-c8f6-419c-a5d2-da2b723242e8,E. Krieg GmbH,Private,1,9999.756,Dev Site,Rutesheim,Dev Site,Rutesheim,Baden-Wurttemberg,,2016-08-09 00:00:00
3623,36c891a4-55ad-43ba-96ca-c0cae140eaed,DRLK Pensions,Institutional,1,3349.91826,Office,Bamberg,Office,Bamberg,Bavaria,,2014-07-07 00:00:00
3624,e27ce0ab-e4d8-4aa2-b8d3-741c26f635e6,Karanfil Engineering,User/Other,1,3249.9207,Dev Site,Sindelfingen,Dev Site,Sindelfingen,Baden-Wurttemberg,,2017-02-13 00:00:00
3625,4c48b00f-c8f6-419c-a5d2-da2b723242e8,GbR Tierparkbrucke,Private,1,4199.89752,Dev Site,Munich,Dev Site,Munich,Bavaria,,2008-12-19 00:00:00
3626,4c48b00f-c8f6-419c-a5d2-da2b723242e8,AWI ZULU GmbH,Private,1,1215.9703296,Apartment,Hamburg,Apartment,Hamburg,Hamburg,,2019-01-28 00:00:00
3627,4c48b00f-c8f6-419c-a5d2-da2b723242e8,Kuffler+Henkel+Keck DE,Private,1,5299.87068,Office,"Hanau, Bruder-Grimm-Stadt",Office,"Hanau, Bruder-Grimm-Stadt",Hesse,,2021-11-29 00:00:00
3628,e27ce0ab-e4d8-4aa2-b8d3-741c26f635e6,iwg-plan,User/Other,1,2714.933754,Industrial,Dresden,Industrial,Dresden,Saxony,,2014-03-12 00:00:00
3629,4c48b00f-c8f6-419c-a5d2-da2b723242e8,J. E. Schmitt GbR,Private,1,2999.9268,Apartment,Dortmund,Apartment,Dortmund,North Rhine-Westphalia,,2016-10-31 00:00:00
3630,e27ce0ab-e4d8-4aa2-b8d3-741c26f635e6,Hess Natur-Textilien GmbH,User/Other,1,11199.72672,Industrial,Butzbach,Industrial,Butzbach,Hesse,,2015-06-15 00:00:00
3631,ee1ce888-58a3-4d8f-adf2-22839ecc3ed3,Gebr. Heinemann KG,Private,1,52998.7068,Dev Site,Erlensee,Dev Site; Apartment,Erlensee,Hesse; Schleswig-Holstein,,2013-12-31 00:00:00
3632,e27ce0ab-e4d8-4aa2-b8d3-741c26f635e6,Orthomol pharmazeutische Vertriebs GmbH,User/Other,1,42998.9508,Dev Site,Leverkusen,Dev Site,Leverkusen,North Rhine-Westphalia,,2024-02-07 00:00:00
3633,e27ce0ab-e4d8-4aa2-b8d3-741c26f635e6,RVM Gruppe,User/Other,1,3229.921188,Dev Site,Reutlingen,Dev Site,Reutlingen,Baden-Wurttemberg,,2023-11-20 00:00:00
3634,4c48b00f-c8f6-419c-a5d2-da2b723242e8,van Elst-Gruppe,Private,1,,Seniors Housing & Care,Gummersbach,Seniors Housing & Care,Gummersbach,North Rhine-Westphalia,,2013-09-24 00:00:00
3635,4c48b00f-c8f6-419c-a5d2-da2b723242e8,BiPRO e.V.,Private,1,2299.94388,Office,Meerbusch,Office,Meerbusch,North Rhine-Westphalia,,2021-12-23 00:00:00
3636,e27ce0ab-e4d8-4aa2-b8d3-741c26f635e6,Wohnungs- und Baugenossenschaft Mieterschutz,User/Other,1,,Apartment,Cologne,Apartment,Cologne,North Rhine-Westphalia,,2012-06-29 00:00:00
3637,4c48b00f-c8f6-419c-a5d2-da2b723242e8,Ilse Rech Bau GmbH,Private,1,879.978528,Office,Herne,Office,Herne,North Rhine-Westphalia,,2015-02-15 00:00:00
3638,e27ce0ab-e4d8-4aa2-b8d3-741c26f635e6,VDA,User/Other,1,3799.90728,Office,Berlin,Office,Berlin,Berlin,,2009-03-01 00:00:00
3639,e27ce0ab-e4d8-4aa2-b8d3-741c26f635e6,Escha Bauelemente GmbH,User/Other,1,21999.4632,Dev Site,Halver,Dev Site,Halver,North Rhine-Westphalia,,2015-07-16 00:00:00
3640,4c48b00f-c8f6-419c-a5d2-da2b723242e8,Toskanaworld GmbH,Private,1,,Hotel,Bad Schandau,Hotel,Bad Schandau,Saxony,,2014-10-04 00:00:00
3641,4c48b00f-c8f6-419c-a5d2-da2b723242e8,Steffens Familien KG,Private,1,,Hotel,Minden,Hotel,Minden,North Rhine-Westphalia,,2013-07-17 00:00:00
3642,4c48b00f-c8f6-419c-a5d2-da2b723242e8,Zentsch Event & Catering GmbH,Private,1,,Hotel,Zwonitz,Hotel,Zwonitz,Saxony,,2017-10-21 00:00:00
3643,4c48b00f-c8f6-419c-a5d2-da2b723242e8,Elgeti Brothers GmbH,Private,1,,Hotel,Gustrow,Hotel,Gustrow,Mecklenburg-West Pomerania,,2016-05-10 00:00:00
3644,4c48b00f-c8f6-419c-a5d2-da2b723242e8,Kaiser Bau Grupper,Private,1,4299.89508,Office,Cologne,Office,Cologne,North Rhine-Westphalia,,2013-05-06 00:00:00
3645,4c48b00f-c8f6-419c-a5d2-da2b723242e8,Muller/Kienemund,Private,1,1399.96584,Retail,Aurich,Retail,Aurich,Lower Saxony,,2012-11-13 00:00:00
3646,4c48b00f-c8f6-419c-a5d2-da2b723242e8,Verwaltungsgemeinschaft Markt Kasendorf DE,Private,1,1799.95608,Hotel,Kasendorf,Hotel,Kasendorf,Bavaria,,2023-02-06 00:00:00
3647,4c48b00f-c8f6-419c-a5d2-da2b723242e8,Dr Lohbeck GmbH & Co KG,Private,1,,Hotel,Ilsenburg (Harz),Hotel,Ilsenburg (Harz),Saxony-Anhalt,,2010-03-30 00:00:00
3648,bb036fc3-5c6a-4dbb-8bd5-2cc117f6916a,P+S Planung und Schlusselfertigbau,Private,1,1540.9623996,Dev Site,Belm,Dev Site,Belm,Lower Saxony,,2013-12-31 00:00:00
3649,4c48b00f-c8f6-419c-a5d2-da2b723242e8,Qvadrat GmbH,Private,1,899.97804,Dev Site,Krefeld,Dev Site,Krefeld,North Rhine-Westphalia,,2019-10-25 00:00:00
3650,c4cfe251-695e-4015-8564-387aa3e1494b,Van Der Valk,User/Other,1,,Hotel,Hildesheim,Hotel,Hildesheim,Lower Saxony,,2006-10-19 00:00:00
3651,4c48b00f-c8f6-419c-a5d2-da2b723242e8,Huss Immobilien,Private,1,3299.91948,Retail,Oberhausen,Retail,Oberhausen,North Rhine-Westphalia,,2023-06-01 00:00:00
3652,4c48b00f-c8f6-419c-a5d2-da2b723242e8,Matzen Kaufhaeuser,Private,1,2899.92924,Retail,Bad Schwartau,Retail,Bad Schwartau,Schleswig-Holstein,,2012-01-31 00:00:00
3653,942baa2f-8e98-44da-a500-9892d1ff6f27,Arcus Infrastructure Partners,Private,1,5399.86824,Data Center,Kirchheim bei Munchen,Data Center,Kirchheim bei Munchen,Bavaria,Portus Data Centers,2023-06-30 00:00:00
3654,4c48b00f-c8f6-419c-a5d2-da2b723242e8,Areal Group,Private,1,9109.777716,Office,Neu-Isenburg,Office,Neu-Isenburg,Hesse,,2022-07-28 00:00:00
3655,4c48b00f-c8f6-419c-a5d2-da2b723242e8,Bernhard Hemmerle,Private,1,16899.58764,Industrial,Munich,Industrial,Munich,Bavaria,,2012-06-29 00:00:00
3656,e27ce0ab-e4d8-4aa2-b8d3-741c26f635e6,Andre Batz,User/Other,1,7999.8048,Retail,Fulda,Retail,Fulda,Hesse,,2009-05-15 00:00:00
3657,4c48b00f-c8f6-419c-a5d2-da2b723242e8,Wohnbau Mohr GmbH,Private,1,7999.8048,Dev Site,Montabaur,Dev Site,Montabaur,Rhineland-Palatinate,,2021-04-27 00:00:00
3658,4c48b00f-c8f6-419c-a5d2-da2b723242e8,Hurricane Group,Private,1,4999.878,Office,Berlin,Office,Berlin,Berlin,,2007-05-31 00:00:00
3659,4c48b00f-c8f6-419c-a5d2-da2b723242e8,CBC,Private,1,,Apartment,Osnabruck,Apartment,Osnabruck,Lower Saxony,,2013-12-31 00:00:00
3660,e27ce0ab-e4d8-4aa2-b8d3-741c26f635e6,Drutec GmbH & Co. KG,User/Other,1,6999.8292,Industrial,Seevetal,Industrial,Seevetal,Lower Saxony,,2012-08-06 00:00:00
3661,4c48b00f-c8f6-419c-a5d2-da2b723242e8,RA Kuhl und Hillebrand,Private,1,,Apartment,Dresden,Apartment,Dresden,Saxony,,2014-10-24 00:00:00
3662,e27ce0ab-e4d8-4aa2-b8d3-741c26f635e6,Convar,User/Other,1,5999.8536,Dev Site,Pirmasens,Dev Site,Pirmasens,Rhineland-Palatinate,,2015-09-30 00:00:00
3663,e5de3932-231c-4aa5-9779-5762bc747da4,Van Gogh Waalre,Private,1,0.929,Dev Site,Unna,Dev Site,Unna,North Rhine-Westphalia,,2007-10-15 00:00:00
3664,2b3b1f96-7a22-419d-b07d-672ad4456ea1,Jokel Bau GmbH&Co. KG,Private,1,9323.7724944,Dev Site,Eltville am Rhein,Dev Site,Eltville am Rhein,Hesse,,2013-05-08 00:00:00
3665,4c48b00f-c8f6-419c-a5d2-da2b723242e8,Pirtek Schläuche & Armaturen,Private,1,3999.9024,Dev Site,Cologne,Dev Site,Cologne,North Rhine-Westphalia,,2013-04-08 00:00:00
3666,4c48b00f-c8f6-419c-a5d2-da2b723242e8,Airtec Ingenieurgesellschaft mbH,Private,1,8999.7804,Dev Site,Cologne,Dev Site,Cologne,North Rhine-Westphalia,,2013-04-08 00:00:00
3667,4c48b00f-c8f6-419c-a5d2-da2b723242e8,Rimowa Kofferfabrik GmbH,Private,1,2899.92924,Industrial,Cologne,Industrial,Cologne,North Rhine-Westphalia,,2011-11-24 00:00:00
3668,4c48b00f-c8f6-419c-a5d2-da2b723242e8,Artemed Gruppe,Private,1,,Seniors Housing & Care,Elmshorn,Seniors Housing & Care,Elmshorn,Schleswig-Holstein,,2013-08-23 00:00:00
3669,e27ce0ab-e4d8-4aa2-b8d3-741c26f635e6,Wohnbau Stadt Coburg GmbH,User/Other,1,2999.9268,Office,Coburg,Office,Coburg,Bavaria,,2016-04-11 00:00:00
3670,2c9257d0-1a9d-4b64-bfc9-8404879a46cf,VR-Bank Altenburger Land eG,Institutional,1,12299.69988,Industrial,Chemnitz,Industrial,Chemnitz,Saxony,,2019-04-17 00:00:00
3671,4c48b00f-c8f6-419c-a5d2-da2b723242e8,Inside Global Business GmbH,Private,1,8999.7804,Dev Site,Berlin,Dev Site,Berlin,Berlin,,2013-12-31 00:00:00
3672,4c48b00f-c8f6-419c-a5d2-da2b723242e8,Indukal GmbH,Private,1,8999.7804,Dev Site,Berlin,Dev Site,Berlin,Berlin,,2013-12-31 00:00:00
3673,bd5657ae-402e-4677-a035-dc18a547bcae,Hochschul-Sozialwerks Wuppertal,User/Other,1,4499.8902,Dev Site,Wuppertal,Dev Site,Wuppertal,North Rhine-Westphalia,,2018-01-01 00:00:00
3674,4c48b00f-c8f6-419c-a5d2-da2b723242e8,Promatik GmbH,Private,1,999.9756,Industrial,Hamburg,Industrial,Hamburg,Hamburg,,2013-08-14 00:00:00
3675,ef6c1301-cfb7-4154-b808-1f7c92ac1304,Ingersoll-Rand,User/Other,1,4899.83966079042,Industrial,Oberhausen,Industrial,Oberhausen,North Rhine-Westphalia,,2008-04-15 00:00:00
3676,4c48b00f-c8f6-419c-a5d2-da2b723242e8,Arge Campus Dieburg,Private,1,104996.5639968,Dev Site,Dieburg,Dev Site,Dieburg,Hesse,,2011-12-22 00:00:00
3677,e27ce0ab-e4d8-4aa2-b8d3-741c26f635e6,Autokranverleih Prangl GmbH,User/Other,1,2499.939,Industrial,Erkrath,Industrial,Erkrath,North Rhine-Westphalia,,2023-07-03 00:00:00
3678,e27ce0ab-e4d8-4aa2-b8d3-741c26f635e6,Bedo Innenausbausysteme und Baustoffe GmbH & Co KG,User/Other,1,5674.86153,Industrial,Cologne,Industrial,Cologne,North Rhine-Westphalia,,2010-11-15 00:00:00
3679,4c48b00f-c8f6-419c-a5d2-da2b723242e8,Adrecon GmbH,Private,1,3084.924726,Office,Gartringen,Office,Gartringen,Baden-Wurttemberg,,2020-08-05 00:00:00
3680,b5a8d9f5-e3c2-40d0-82fb-44fbfae0878b,City of Reutlingen,User/Other,1,62998.4628,Dev Site,Reutlingen,Dev Site,Reutlingen,Baden-Wurttemberg,,2020-01-30 00:00:00
3681,4c48b00f-c8f6-419c-a5d2-da2b723242e8,Rheinquartier GmbH,Private,1,139995.4186624,Dev Site,Lahnstein,Dev Site,Lahnstein,Rhineland-Palatinate,,2015-06-10 00:00:00
3682,4c48b00f-c8f6-419c-a5d2-da2b723242e8,Swiss Investor group,Private,1,24999.39,Office,Konstanz,Office,Konstanz,Baden-Wurttemberg,,2012-02-06 00:00:00
3683,e27ce0ab-e4d8-4aa2-b8d3-741c26f635e6,Craemer GmbH,User/Other,1,31999.2192,Dev Site,Rheda-Wiedenbruck,Dev Site,Rheda-Wiedenbruck,North Rhine-Westphalia,,2021-03-16 00:00:00
3684,4c48b00f-c8f6-419c-a5d2-da2b723242e8,Ashkenaz Group,Private,1,13499.6706,Retail,Bayreuth,Retail,Bayreuth,Bavaria,,2012-10-24 00:00:00
3685,4c48b00f-c8f6-419c-a5d2-da2b723242e8,Spiramax GmbH & Co. KG,Private,1,2367.9422208,Retail,Speyer,Retail,Speyer,Rhineland-Palatinate,,2022-08-18 00:00:00
3686,4c48b00f-c8f6-419c-a5d2-da2b723242e8,Arndt Gabriel,Private,1,2999.9268,Office,Essen,Office,Essen,North Rhine-Westphalia,,2016-07-19 00:00:00
3687,4c48b00f-c8f6-419c-a5d2-da2b723242e8,EDS Verwaltung GmbH,Private,1,789.980724,Dev Site,Stuttgart,Dev Site,Stuttgart,Baden-Wurttemberg,,2017-03-01 00:00:00
3688,bc60a825-63a0-4bc8-b6af-fc7841fc319c,Realkontor,Institutional,1,,Retail,Mossingen,Retail,Mossingen,Baden-Wurttemberg,,2015-12-31 00:00:00
3689,e27ce0ab-e4d8-4aa2-b8d3-741c26f635e6,Taxis,User/Other,1,54998.658,Dev Site,Cleebronn,Dev Site,Cleebronn,Baden-Wurttemberg,,2015-03-31 00:00:00
3690,4c48b00f-c8f6-419c-a5d2-da2b723242e8,Jochen & Klaus Darmstädter Beteiligungs GmbH,Private,1,2999.9268,Industrial,Moglingen,Industrial,Moglingen,Baden-Wurttemberg,,2016-01-15 00:00:00
3691,4c48b00f-c8f6-419c-a5d2-da2b723242e8,Stephan van der Kooi,Private,1,21999.4632,Industrial,Tonisvorst,Industrial,Tonisvorst,North Rhine-Westphalia,,2012-11-30 00:00:00
3692,eaf4bf3d-c951-4ad1-b40f-9ac89e8e102a,State of Mecklemnurg-Vorpammern,User/Other,1,6194.2004,Industrial,Schwerin,Industrial,Schwerin,Mecklenburg-West Pomerania,,2019-11-28 00:00:00
3693,e27ce0ab-e4d8-4aa2-b8d3-741c26f635e6,Knutzen Wohnen GmbH,User/Other,1,7499.817,Retail,Kappeln,Retail,Kappeln,Schleswig-Holstein,,2011-10-31 00:00:00
3694,29705626-6af3-47f3-be13-ca38384378ed,Oxford University Pension Fund,User/Other,1,1234.959647,Office,Berlin,Office,Berlin,Berlin,,2008-07-31 00:00:00
3695,4c48b00f-c8f6-419c-a5d2-da2b723242e8,Best Home Real Estate - Berlin,Private,1,4465.85386226327,Apartment,Berlin,Apartment,Berlin,Berlin,,2008-07-15 00:00:00
3696,bbc8e266-2fa9-472d-a2f0-2b9058d2db45,Ejendomsplus,Institutional,1,7379.819928,Hotel,Erfurt,Hotel,Erfurt,Thuringia,,2009-10-22 00:00:00
3697,4c48b00f-c8f6-419c-a5d2-da2b723242e8,Christmann Wohnbau-Gruppe,Private,1,14499.6462,Dev Site,Munich,Dev Site,Munich,Bavaria,,2013-10-14 00:00:00
3698,41e911a4-a4e5-4b9d-a385-8a6e9f2ed90b,Ennismore Capital,Institutional,1,,Hotel,Berlin,Hotel,Berlin,Berlin,,2019-12-01 00:00:00
3699,e27ce0ab-e4d8-4aa2-b8d3-741c26f635e6,Wilhelm von Opelsche Forst- und Grundstucksverwalt,User/Other,1,3999.9024,Office,Berlin,Office,Berlin,Berlin,,2010-06-01 00:00:00
3700,4c48b00f-c8f6-419c-a5d2-da2b723242e8,Schaefer Invest Projekt II Gmbh & Co. KG,Private,1,,Retail,Radebeul,Retail,Radebeul,Saxony,,2017-04-30 00:00:00
3701,e27ce0ab-e4d8-4aa2-b8d3-741c26f635e6,ARX Technology Trading GmbH,User/Other,1,6999.8292,Industrial,Seevetal,Industrial,Seevetal,Lower Saxony,,2016-03-01 00:00:00
3702,4c48b00f-c8f6-419c-a5d2-da2b723242e8,Hoteliersfamilie Kleinhuis,Private,1,,Hotel,Hamburg,Hotel,Hamburg,Hamburg,,2016-03-16 00:00:00
3703,4c48b00f-c8f6-419c-a5d2-da2b723242e8,Niklaus Kaiser von Rosenburg,Private,1,,Hotel,Hamburg,Hotel,Hamburg,Hamburg,,2016-03-16 00:00:00
3704,32b9234c-b9fe-4a30-8607-90293cde9572,Neska Bautrager GmbH,Private,1,2240.9453196,Industrial,Munich,Industrial,Munich,Bavaria,,2021-06-01 00:00:00
3705,abad3be0-aaf7-42e8-ab87-a88e220b0684,Baugenossenschaft fur den Stadt- und Landkreis Bamberg e.G.,User/Other,1,3499.9146,Office,Bamberg,Office,Bamberg,Bavaria,,2018-12-11 00:00:00
3706,eaf4bf3d-c951-4ad1-b40f-9ac89e8e102a,Stadtwerke Geesthacht,User/Other,1,8999.7804,Industrial,Geesthacht,Industrial,Geesthacht,Schleswig-Holstein,,2015-08-27 00:00:00
3707,e27ce0ab-e4d8-4aa2-b8d3-741c26f635e6,Sellenthin GmbH,User/Other,1,13999.6584,Dev Site,Geesthacht,Dev Site,Geesthacht,Schleswig-Holstein,,2021-01-27 00:00:00
3708,15eee320-4e04-4fdc-a8c8-c9e190c8d0ce,Halman Aldubi,Institutional,1,41998.9752,Office,Eschborn,Office,Eschborn,Hesse,,2017-06-30 00:00:00
3709,27a5d035-a646-4755-b761-67d5582e7fc0,IDI Insurance Co,Institutional,1,41998.9752,Office,Eschborn,Office,Eschborn,Hesse,,2017-06-30 00:00:00
3710,c6ccf7cc-21c1-4f79-9e7c-f1cec178d712,Leumi Bank,Institutional,1,41998.9752,Office,Eschborn,Office,Eschborn,Hesse,,2017-06-30 00:00:00
3711,4c48b00f-c8f6-419c-a5d2-da2b723242e8,Ampure,Private,1,7499.817,Dev Site,Eschborn,Dev Site,Eschborn,Hesse,,2023-09-18 00:00:00
3712,2b4107c2-f38d-4be5-9123-f7df708cb3de,Aixact Immobilien GmbH,Private,1,10499.7438,Dev Site,Aachen,Hotel; Dev Site,Aachen,North Rhine-Westphalia,,2017-08-14 00:00:00
3713,e27ce0ab-e4d8-4aa2-b8d3-741c26f635e6,Heinrich-Heine-Universitat Dusseldorf,User/Other,1,1899.95364,Office,Dusseldorf,Office,Dusseldorf,North Rhine-Westphalia,,2022-06-29 00:00:00
3714,4c48b00f-c8f6-419c-a5d2-da2b723242e8,LenzWerk Development,Private,1,1779.956568,Dev Site,Leipzig,Dev Site,Leipzig,Saxony,,2020-04-08 00:00:00
3715,e27ce0ab-e4d8-4aa2-b8d3-741c26f635e6,online sales,User/Other,1,1899.95364,Office,Leipzig,Office,Leipzig,Saxony,,2012-10-30 00:00:00
3716,463f6584-5aaa-4c8f-9d1c-72ac78c30c0d,Solarsiedlung GmbH 1. Sonnenschifffonds,Institutional,1,3724.90911,Retail,Freiburg im Breisgau,Retail,Freiburg im Breisgau,Baden-Wurttemberg,,2006-12-01 00:00:00
3717,fb611532-da55-463a-a715-7c3e03033bc6,Cancom SE,User/Other,1,8845.7841576,Office,Jettingen-Scheppach,Office,Jettingen-Scheppach,Bavaria,,2014-04-28 00:00:00
3718,4c48b00f-c8f6-419c-a5d2-da2b723242e8,Zweckverband Abfallwirtschaft,Private,1,22999.24735168,Dev Site,Trier,Dev Site,Trier,Rhineland-Palatinate,,2013-12-18 00:00:00
3719,b8583472-9a13-4e19-bbaa-df8249330501,DEG Sud,Private,1,8499.7926,Dev Site,Nurtingen,Dev Site,Nurtingen,Baden-Wurttemberg,,2015-11-15 00:00:00
3720,e27ce0ab-e4d8-4aa2-b8d3-741c26f635e6,RWG Rheinland eG,User/Other,1,3649.91094,Retail,Engelskirchen,Retail,Engelskirchen,North Rhine-Westphalia,,2023-01-03 00:00:00
3721,4c48b00f-c8f6-419c-a5d2-da2b723242e8,asset managers,Private,1,6159.849696,Apartment,,Apartment,,Berlin,,2011-09-22 00:00:00
3722,b7be90d9-3cd2-4f90-adeb-254c034c679f,CSU,User/Other,1,6999.8292,Office,Munich,Office,Munich,Bavaria,,2015-06-01 00:00:00
3723,aea050f5-0d5a-4512-8ebf-c17b9717f7f4,RENUM Projektgruppe,Private,1,2399.94144,Office,Bonn,Office,Bonn,North Rhine-Westphalia,,2024-05-01 00:00:00
3724,4c48b00f-c8f6-419c-a5d2-da2b723242e8,Bela Vita Wohnen,Private,1,5119.875072,Apartment,Enger,Apartment,Enger,North Rhine-Westphalia,,2014-02-20 00:00:00
3725,4c48b00f-c8f6-419c-a5d2-da2b723242e8,TK Chemnitz GmbH,Private,1,8099.80236,Office,Chemnitz,Office,Chemnitz,Saxony,,2006-12-12 00:00:00
3726,572c19d6-17c8-4894-aa72-1d47061dac93,Mitsubishi Electric,User/Other,1,20134.508706,Office,Ratingen,Office,Ratingen,North Rhine-Westphalia,,2014-01-17 00:00:00
3727,4c48b00f-c8f6-419c-a5d2-da2b723242e8,Wilkens Hotel GmbH,Private,1,,Hotel,Brake (Unterweser),Hotel,Brake (Unterweser),Lower Saxony,,2010-03-15 00:00:00
3728,e27ce0ab-e4d8-4aa2-b8d3-741c26f635e6,Heidelberg Instruments Mikrotechnik GmbH,User/Other,1,9899.75844,Industrial,Heidelberg,Industrial,Heidelberg,Baden-Wurttemberg,,2020-10-24 00:00:00
3729,4c48b00f-c8f6-419c-a5d2-da2b723242e8,GEDO Grundstücksentwicklungs- und Verwaltungsgesel,Private,1,10999.7316,Dev Site,Hagen ,Dev Site,Hagen ,North Rhine-Westphalia,,2011-08-15 00:00:00
3730,4c48b00f-c8f6-419c-a5d2-da2b723242e8,Frank Wolf,Private,1,1199.97072,Retail,Kerpen,Retail,Kerpen,North Rhine-Westphalia,,2015-07-15 00:00:00
3731,aff7a4b2-b9e8-458b-90e7-bb51565aaf82,Sprinkenhof,Private,1,13960.6593516,Office,Hamburg,Office,Hamburg,Hamburg,,2021-03-31 00:00:00
3732,4c48b00f-c8f6-419c-a5d2-da2b723242e8,GLO Properties S.ar.l.,Private,1,77498.109,Office,Hamburg,Office,Hamburg,Hamburg,,2019-04-29 00:00:00
3733,abad3be0-aaf7-42e8-ab87-a88e220b0684,Baugenossenschaft Mittelholstein eG,User/Other,1,3199.92192,Dev Site,Nortorf,Dev Site,Nortorf,Schleswig-Holstein,,2023-04-20 00:00:00
3734,4c48b00f-c8f6-419c-a5d2-da2b723242e8,Cosmobilien,Private,1,3699.90972,Industrial,"Hanau, Bruder-Grimm-Stadt",Industrial,"Hanau, Bruder-Grimm-Stadt",Hesse,,2016-02-01 00:00:00
3735,bd5657ae-402e-4677-a035-dc18a547bcae,Volkssolidarität Dresden e.V.,User/Other,1,3999.9024,Condo,Dresden,Condo,Dresden,Saxony,,2013-04-04 00:00:00
3736,e27ce0ab-e4d8-4aa2-b8d3-741c26f635e6,Residential Wuppertal Grundstücks GmbH,User/Other,1,,Apartment,Wuppertal,Apartment,Wuppertal,North Rhine-Westphalia,,2011-12-30 00:00:00
3737,4c48b00f-c8f6-419c-a5d2-da2b723242e8,Garbers Partner Wohnungsbaugesellschaft,Private,1,14999.634,Office,Lubeck,Office,Lubeck,Schleswig-Holstein,,2017-11-08 00:00:00
3738,4c48b00f-c8f6-419c-a5d2-da2b723242e8,Grund & Grun Immobilien GmbH,Private,1,10029.755268,Apartment,Schwelm,Apartment,Schwelm,North Rhine-Westphalia,,2023-10-31 00:00:00
3739,2c9257d0-1a9d-4b64-bfc9-8404879a46cf,CASA Investment GmbH,Institutional,1,2199.92774,Office,Essen,Office,Essen,North Rhine-Westphalia,,2007-07-15 00:00:00
3740,4c48b00f-c8f6-419c-a5d2-da2b723242e8,Family Office Daniel Hopp,Private,1,24999.39,Office,,Dev Site; Office,Dusseldorf,North Rhine-Westphalia; Hesse,,2020-12-08 00:00:00
3741,bd5657ae-402e-4677-a035-dc18a547bcae,Deutscher Studentenbund,User/Other,1,2019.950712,Office,Berlin,Office,Berlin,Berlin,,2002-06-01 00:00:00
3742,d3dd7738-9bc4-44ba-b901-22ebc6e28800,Breuer & Schmitz,User/Other,1,8999.7804,Dev Site,Solingen,Dev Site,Solingen,North Rhine-Westphalia,,2020-10-05 00:00:00
3743,4c48b00f-c8f6-419c-a5d2-da2b723242e8,Handelskammer,Private,1,7976.8053612,Office,Hamburg,Office,Hamburg,Hamburg,,2012-09-01 00:00:00
3744,4c48b00f-c8f6-419c-a5d2-da2b723242e8,BauWerk GmbH,Private,1,13999.6584,Dev Site,Giessen,Dev Site,Giessen,Hesse,,2013-12-31 00:00:00
3745,e27ce0ab-e4d8-4aa2-b8d3-741c26f635e6,PS-Beton Piederstorfer Solnhofer Transportbeton GmbH & Co. KG,User/Other,1,3999.9024,Dev Site,Munich,Dev Site,Munich,Bavaria,,2013-04-22 00:00:00
3746,4c48b00f-c8f6-419c-a5d2-da2b723242e8,J. u. D. Schilcher,Private,1,4999.878,Dev Site,Munich,Dev Site,Munich,Bavaria,,2012-11-05 00:00:00
3747,4c48b00f-c8f6-419c-a5d2-da2b723242e8,Proteus e.K.,Private,1,32724.20151,Office,Munich,Office,Munich,Bavaria,,2014-12-31 00:00:00
3748,29705626-6af3-47f3-be13-ca38384378ed,Universitat Bielefeld,User/Other,1,7149.82554,Office,Bielefeld,Office,Bielefeld,North Rhine-Westphalia,,2020-12-01 00:00:00
3749,4c48b00f-c8f6-419c-a5d2-da2b723242e8,Walter Hartmann,Private,1,3399.91704,Office,Wuppertal,Office,Wuppertal,North Rhine-Westphalia,,2015-01-22 00:00:00
3750,e27ce0ab-e4d8-4aa2-b8d3-741c26f635e6,Hahn & Kolb Werkzeuge GmbH,User/Other,1,47998.8288,Dev Site,Ludwigsburg,Dev Site,Ludwigsburg,Baden-Wurttemberg,,2011-12-15 00:00:00
3751,e27ce0ab-e4d8-4aa2-b8d3-741c26f635e6,DEMECAN Holding GmbH,User/Other,1,103281.4798704,Dev Site,Ebersbach,Dev Site,Ebersbach,Saxony,,2018-07-01 00:00:00
3752,4c48b00f-c8f6-419c-a5d2-da2b723242e8,Isarpline GmbH,Private,1,1299.96828,Apartment,Ingolstadt,Apartment,Ingolstadt,Bavaria,,2020-08-18 00:00:00
3753,4c48b00f-c8f6-419c-a5d2-da2b723242e8,Bauunternehmen Schmidt GmbH & Co.KG,Private,1,51998.7312,Dev Site,Wolfsburg,Dev Site,Wolfsburg,Lower Saxony,,2013-04-11 00:00:00
3754,4c48b00f-c8f6-419c-a5d2-da2b723242e8,Rhenania 4 PropCo,Private,1,,Apartment,Dormagen,Apartment,Dormagen,North Rhine-Westphalia,,2019-06-23 00:00:00
3755,4c48b00f-c8f6-419c-a5d2-da2b723242e8,EXXE Group,Private,1,,Hotel,Lieser,Hotel,Lieser,Rhineland-Palatinate,,2019-12-15 00:00:00
3756,4c48b00f-c8f6-419c-a5d2-da2b723242e8,Deutsche Haus- und Grundholding,Private,1,,Apartment,Dormagen,Apartment,Dormagen,North Rhine-Westphalia,,2012-11-27 00:00:00
3757,e27ce0ab-e4d8-4aa2-b8d3-741c26f635e6,Eisele AG Crane & Engineering Group,User/Other,1,11399.72184,Industrial,"Hanau, Bruder-Grimm-Stadt",Industrial,"Hanau, Bruder-Grimm-Stadt",Hesse,,2014-08-01 00:00:00
3758,4c48b00f-c8f6-419c-a5d2-da2b723242e8,Halog GmbH,Private,1,4399.89264,Retail,Erfurt,Retail,Erfurt,Thuringia,,2011-11-01 00:00:00
3759,e27ce0ab-e4d8-4aa2-b8d3-741c26f635e6,indasys IT Systemhaus AG,User/Other,1,7599.81456,Office,Stuttgart,Office,Stuttgart,Baden-Wurttemberg,,2020-11-27 00:00:00
3760,dd29415b-8324-4331-b68e-ae2f804b1891,Nowinta,Institutional,1,2699.93412,Dev Site,Nuremberg,Dev Site,Kempten (Allgau); Nuremberg,Bavaria,,2022-07-07 00:00:00
3761,e27ce0ab-e4d8-4aa2-b8d3-741c26f635e6,asian investor group,User/Other,1,634.984506,Apartment,Dusseldorf,Apartment,Dusseldorf,North Rhine-Westphalia,,2011-08-29 00:00:00
3762,4c48b00f-c8f6-419c-a5d2-da2b723242e8,Projektentwicklungsgesellschaft Niederelbe mbH & Co KG,Private,1,6999.8292,Dev Site,Bad Oldesloe,Dev Site,Bad Oldesloe,Schleswig-Holstein,,2011-09-15 00:00:00
3763,4c48b00f-c8f6-419c-a5d2-da2b723242e8,Densch & Schmidt,Private,1,7099.82676,Retail,Lubeck,Retail,Lubeck,Schleswig-Holstein,,2015-12-19 00:00:00
3764,e27ce0ab-e4d8-4aa2-b8d3-741c26f635e6,docsellent GmbH,User/Other,1,4849.88166,Office,Korschenbroich,Office,Korschenbroich,North Rhine-Westphalia,,2014-04-11 00:00:00
3765,4c48b00f-c8f6-419c-a5d2-da2b723242e8,Hubert Bovingloh,Private,1,6999.8292,Dev Site,Borken,Dev Site,Borken,North Rhine-Westphalia,,2013-10-11 00:00:00
3766,4c48b00f-c8f6-419c-a5d2-da2b723242e8,Wellensteyn International,Private,1,29725.2746856,Industrial,Norderstedt,Industrial,Norderstedt,Schleswig-Holstein,,2012-10-09 00:00:00
3767,e27ce0ab-e4d8-4aa2-b8d3-741c26f635e6,EMIKO Handelsgesellschaft mbH,User/Other,1,2399.94144,Industrial,Meckenheim,Industrial,Meckenheim,North Rhine-Westphalia,,2014-07-08 00:00:00
3768,0706dea2-3dbe-420b-9b38-d0f2f90b033c,Dresdener Pensionskasse VVaG,Institutional,1,2999.9268,Apartment,Berlin,Apartment,Berlin,Berlin,,2015-03-24 00:00:00
3769,4c48b00f-c8f6-419c-a5d2-da2b723242e8,I/REM Invest Real Estate Management GmbH,Private,1,25799.37048,Apartment,Bad Frankenhausen/Kyffhauser,Apartment,Bad Frankenhausen/Kyffhauser,Thuringia,,2021-09-14 00:00:00
3770,4c48b00f-c8f6-419c-a5d2-da2b723242e8,Hans-Rudolf Holtmann,Private,1,39999.024,Industrial,Grefrath,Industrial,Grefrath,North Rhine-Westphalia,,2014-09-30 00:00:00
3771,4c48b00f-c8f6-419c-a5d2-da2b723242e8,WIP-Dresden GmbH,Private,1,3629.911428,Office,Duisburg,Office,Duisburg,North Rhine-Westphalia,,2021-02-03 00:00:00
3772,3555db89-a3eb-45ce-a44c-2e7b2325c461,"Pantera AG, de",<unknown>,1,5799.85848,Dev Site,Ratingen,Dev Site,Ratingen,North Rhine-Westphalia,,2020-02-05 00:00:00
3773,9ff37a0c-eb76-40a0-aca0-9ed7ef15b009,Living Space GmbH,Private,1,5451.8669712,Dev Site,Essen,Apartment; Dev Site,Essen,North Rhine-Westphalia,,2016-06-28 00:00:00
3774,4c48b00f-c8f6-419c-a5d2-da2b723242e8,REAL ASSET Projektentwicklung Immobilienmanagement GmbH,Private,1,5999.8536,Dev Site,Bad Aibling,Dev Site,Bad Aibling,Bavaria,,2021-12-20 00:00:00
3775,e24f3105-cc5b-4a1f-b79d-419f0d837cd9,Hackenberg & Co,Institutional,1,1669.959252,Retail,Duisburg,Retail,Duisburg,North Rhine-Westphalia,,2014-07-28 00:00:00
3776,4c48b00f-c8f6-419c-a5d2-da2b723242e8,Diakoniewerk Gelsenkirchen und Wattenscheid e.V.,Private,1,4999.878,Office,Gelsenkirchen,Office,Gelsenkirchen,North Rhine-Westphalia,,2020-09-04 00:00:00
3777,df33791e-41b0-4346-bd94-7c24f09c2ca9,Coinel Development GmbH,Private,1,5182.8735348,Office,Bonn,Office,Bonn,North Rhine-Westphalia,,2013-07-17 00:00:00
3778,4c48b00f-c8f6-419c-a5d2-da2b723242e8,Raglan German Property,Private,1,2703.9340224,Retail,Freiburg im Breisgau,Retail,Freiburg im Breisgau,Baden-Wurttemberg,,2008-05-15 00:00:00
3779,4c48b00f-c8f6-419c-a5d2-da2b723242e8,Schuhpark Fascies GmbH,Private,1,1849.95486,Retail,Warendorf,Retail,Warendorf,North Rhine-Westphalia,,2012-01-20 00:00:00
3780,9baffe56-0a7b-4d6b-8b77-dfc0fbb787de,PF Metaal & Techniek,Institutional,1,4393.8927864,Office,Dusseldorf,Office,Dusseldorf,North Rhine-Westphalia,PF Metaal en Techniek,2007-07-24 00:00:00
3781,136db727-0b85-494e-b360-873bf8248445,Immo Croissance,Private,1,,Office,,Office,Dusseldorf,North Rhine-Westphalia,,2007-08-15 00:00:00
3782,e27ce0ab-e4d8-4aa2-b8d3-741c26f635e6,Vermogensverwaltung Berlin GmbH Harry & Hannes Rit,User/Other,1,999.9756,Office,Berlin,Office,Berlin,Berlin,,2012-03-01 00:00:00
3783,78baef63-9e3f-4f2a-b8dd-349e542705a5,Global Equity Partners,Private,1,4099.89996,Retail,Berlin,Retail,Berlin,Berlin,WertInvest,2014-08-30 00:00:00
3784,4c48b00f-c8f6-419c-a5d2-da2b723242e8,Knuellermann GmbH,Private,1,9999.756,Retail,Duisburg,Retail,Duisburg,North Rhine-Westphalia,,2011-03-15 00:00:00
3785,4c48b00f-c8f6-419c-a5d2-da2b723242e8,Dr. Lohbeck Grundbesitz GmbH & Co. KG,Private,1,,Hotel,Baiersbronn,Hotel,Baiersbronn,Baden-Wurttemberg,,2024-07-26 00:00:00
3786,abad3be0-aaf7-42e8-ab87-a88e220b0684,Wir vom Gut eG,User/Other,1,5499.8658,Seniors Housing & Care,Dusseldorf,Seniors Housing & Care,Dusseldorf,North Rhine-Westphalia,,2015-12-14 00:00:00
3787,c926f328-001a-4218-8472-ea157e9981ad,Hitachi,User/Other,1,2499.939,Industrial,Neustadt an der Weinstrasse,Industrial,Neustadt an der Weinstrasse,Rhineland-Palatinate,,2017-11-30 00:00:00
3788,4c48b00f-c8f6-419c-a5d2-da2b723242e8,Hotel Nadlerstraße GmbH & Co. KG,Private,1,4649.88654,Office,Stuttgart,Office,Stuttgart,Baden-Wurttemberg,,2015-03-05 00:00:00
3789,536e7174-0fe5-4c81-9f78-2914108b3ff2,Engelhardt,Private,1,34999.146,Dev Site,Erlangen,Office; Dev Site,Erlangen,Bavaria,,2019-01-09 00:00:00
3790,40959086-7a51-4a4e-89e3-0cf9d45a5ed3,Parc Real Estate,Private,1,4799.88288,Dev Site,Berlin,Dev Site,Berlin,Berlin,,2020-07-06 00:00:00
3791,4c48b00f-c8f6-419c-a5d2-da2b723242e8,Holger Jackisch,Private,1,46035.8766972,Industrial,Berlin,Industrial,Berlin,Berlin,,2015-03-31 00:00:00
3792,4c48b00f-c8f6-419c-a5d2-da2b723242e8,Uwe Fabich,Private,1,46035.8766972,Industrial,Berlin,Industrial,Berlin,Berlin,,2015-03-31 00:00:00
3793,eaf4bf3d-c951-4ad1-b40f-9ac89e8e102a,Municipality of Marktredwitz,User/Other,1,3255.9205536,Office,Marktredwitz,Office,Marktredwitz,Bavaria,,2014-02-18 00:00:00
3794,e27ce0ab-e4d8-4aa2-b8d3-741c26f635e6,Huettemann Gruppe/Merkel-Wetzel Logistik GmbH,User/Other,1,15999.6096,Dev Site,Bischweier,Dev Site,Bischweier,Baden-Wurttemberg,,2012-04-20 00:00:00
3795,4c48b00f-c8f6-419c-a5d2-da2b723242e8,Werkkontor Krefeld GmbH & Co. KG,Private,1,7999.8048,Industrial,Krefeld,Industrial,Krefeld,North Rhine-Westphalia,,2023-10-04 00:00:00
3796,4c48b00f-c8f6-419c-a5d2-da2b723242e8,GEWARC Entwicklungs GmbH,Private,1,29999.268,Dev Site,Leipzig,Dev Site,Leipzig,Saxony,,2020-10-13 00:00:00
3797,23ca9e79-2032-4eb4-8ada-f8583138ca4e,Rechtsanwaltsversorgungswerk Niedersachsen,Institutional,1,2799.93168,Office,Hamburg,Office,Hamburg,Hamburg,,2012-10-01 00:00:00
3798,b490de49-5ab0-4d9d-ba78-07fdd2d34399,Keystone Hotel Group,Private,1,7999.8048,Hotel,Frankfurt am Main,Hotel,Frankfurt am Main,Hesse,,2016-02-02 00:00:00
3799,e5d73492-b16d-4bbe-acc4-5fc95e1b3ee9,Polar Investments Ltd,Public,1,111941.936883874,Office,Stuttgart,Office,Stuttgart,Baden-Wurttemberg,,2007-10-21 00:00:00
3800,eaf4bf3d-c951-4ad1-b40f-9ac89e8e102a,DOGEWO21 Dortmunder Gesellschaft fur Wohnen mbH,User/Other,1,,Apartment,Dortmund,Apartment,Dortmund,North Rhine-Westphalia,,2013-02-20 00:00:00
3801,e27ce0ab-e4d8-4aa2-b8d3-741c26f635e6,Voigt & Schweitzer LLC,User/Other,1,39999.024,Dev Site,Netzschkau,Dev Site,Netzschkau,Saxony,,2014-01-26 00:00:00
3802,2b78e8fa-585f-4b86-af9b-645ffd1370d4,City of Beckum,User/Other,1,50998.7556,Dev Site,Beckum,Dev Site,Beckum,North Rhine-Westphalia,,2024-01-18 00:00:00
3803,4c48b00f-c8f6-419c-a5d2-da2b723242e8,Saud Abdulaziz Al-Rashed Group of Companies,Private,1,6994.829322,Office,Duisburg,Office,Duisburg,North Rhine-Westphalia,,2019-08-28 00:00:00
3804,22ef4d4c-0f2d-4210-88dd-a7b34a27047b,Nude Estates Ltd,Private,1,36999.0972,Office,Duisburg,Office,Duisburg,North Rhine-Westphalia,,2007-02-28 00:00:00
3805,4c48b00f-c8f6-419c-a5d2-da2b723242e8,Germaniastraße 12-20 Dortmund Grundstucks GmbH,Private,1,,Office,Hamm,Office,Hamm,North Rhine-Westphalia,,2012-04-20 00:00:00
3806,4c48b00f-c8f6-419c-a5d2-da2b723242e8,Penta Projektentwicklung,Private,1,669.983652,Retail,Hadamar,Retail,Hadamar,Hesse,,2020-06-03 00:00:00
3807,08c1c103-cfd3-46f3-b9d7-1187e496d431,City of Marburg,User/Other,1,12499.695,Office,Marburg,Office; Dev Site,Marburg,Hesse,,2023-12-07 00:00:00
3808,b52fa9aa-be25-41ee-b62b-ab5ceace06f2,DVV,User/Other,1,2799.93168,Dev Site,Duisburg,Dev Site,Duisburg,North Rhine-Westphalia,,2020-03-31 00:00:00
3809,4c48b00f-c8f6-419c-a5d2-da2b723242e8,Prof. Carlo Giersch,Private,1,5549.86458,Office,Frankfurt am Main,Office,Frankfurt am Main,Hesse,,2011-06-28 00:00:00
3810,b6dcffa2-8f5b-4f38-bafa-8e7c5baf9f9b,Susanne Klatten,Private,1,41998.9752,Office,Frankfurt am Main,Office,Frankfurt am Main,Hesse,,2014-11-27 00:00:00
3811,4c48b00f-c8f6-419c-a5d2-da2b723242e8,Bichler Bau Winterberg GmbH,Private,1,6099.85116,Retail,Winterberg,Retail,Winterberg,North Rhine-Westphalia,,2019-02-25 00:00:00
3812,e27ce0ab-e4d8-4aa2-b8d3-741c26f635e6,Lewa GmbH,User/Other,1,7999.8048,Dev Site,Leonberg,Dev Site,Leonberg,Baden-Wurttemberg,,2014-12-16 00:00:00
3813,4c48b00f-c8f6-419c-a5d2-da2b723242e8,SRH Holding (SdbR),Private,1,4527.8895168,Office,Gera,Office,Gera,Thuringia,,2013-06-14 00:00:00
3814,f4476eb6-75fb-407f-87a7-dde5d1611df3,Kurt Motz,Private,1,2799.93168,Retail,Ulm,Retail,Ulm,Baden-Wurttemberg,,2009-05-15 00:00:00
3815,e27ce0ab-e4d8-4aa2-b8d3-741c26f635e6,MV Marketing und Vertriebs GmbH,User/Other,1,5999.8536,Dev Site,Tuningen,Dev Site,Tuningen,Baden-Wurttemberg,,2015-08-03 00:00:00
3816,bd5657ae-402e-4677-a035-dc18a547bcae,Caritasverband Düsseldorf e.V.,User/Other,1,6499.8414,Dev Site,Dusseldorf,Dev Site,Dusseldorf,North Rhine-Westphalia,,2013-08-07 00:00:00
3817,eaf4bf3d-c951-4ad1-b40f-9ac89e8e102a,Bremer Investitionsgesellschaft mbH,User/Other,1,5611.8630672,Retail,Bremen,Retail,Bremen,Bremen,,2009-01-15 00:00:00
3818,e27ce0ab-e4d8-4aa2-b8d3-741c26f635e6,KNIEF & CO,User/Other,1,2999.9268,Retail,Bremen,Retail,Bremen,Bremen,,2013-07-15 00:00:00
3819,15a67fbd-f3bf-4f64-a94e-44f90f0ca5d5,Jebens Industriebau,Private,1,691.9831152,Industrial,Hamburg,Dev Site; Industrial,Hamburg,Hamburg,,2023-06-07 00:00:00
3820,4c48b00f-c8f6-419c-a5d2-da2b723242e8,Dohle Group,Private,1,,Hotel,Hamburg,Hotel,Hamburg,Hamburg,,2013-02-05 00:00:00
3821,4c48b00f-c8f6-419c-a5d2-da2b723242e8,INVESDO Grundbesitz GmbH,Private,1,3599.91216,Retail,Haan,Retail,Haan,North Rhine-Westphalia,,2019-01-02 00:00:00
3822,4c48b00f-c8f6-419c-a5d2-da2b723242e8,Meilicke Neue Markt GbR,Private,1,6649.83774,Retail,Meckenheim,Retail,Meckenheim,North Rhine-Westphalia,,2016-01-25 00:00:00
3823,1bfd4e05-b913-459c-a178-61f604cb4cd6,Pahnke Hamburg,User/Other,1,3599.91216,Dev Site,Hamburg,Dev Site,Hamburg,Hamburg,,2019-04-09 00:00:00
3824,463f6584-5aaa-4c8f-9d1c-72ac78c30c0d,Neuer Zollhof Sarl (Luxemburg),Institutional,1,10577.7418968,Office,Dusseldorf,Office,Dusseldorf,North Rhine-Westphalia,,2016-07-15 00:00:00
3825,4c48b00f-c8f6-419c-a5d2-da2b723242e8,DMNS Immobilien,Private,1,5299.87068,Apartment,Bad Sobernheim,Apartment,Bad Sobernheim,Rhineland-Palatinate,,2019-03-21 00:00:00
3826,e27ce0ab-e4d8-4aa2-b8d3-741c26f635e6,Rudolf Wohrl,User/Other,1,4199.862218,Retail,Munich,Retail,Munich,Bavaria,,2008-05-15 00:00:00
3827,eb338f17-2a77-4945-9da5-d4faad1b144e,Wilhelm von Finck Hauptverwaltung GmbH,Private,1,10499.7438,Retail,Munich,Retail,Munich,Bavaria,,2012-12-31 00:00:00
3828,db3f4f89-b28e-4348-b170-354a459d286a,Ekol Invest GmbH,Institutional,1,43998.9264,Office,Halle (Westf.),Office,Halle (Westf.),North Rhine-Westphalia,,2024-01-01 00:00:00
3829,2c9257d0-1a9d-4b64-bfc9-8404879a46cf,VR Bank Flensburg-Schleswig eG,Institutional,1,,Hotel,Flensburg,Hotel,Flensburg,Schleswig-Holstein,,2013-11-28 00:00:00
3830,4c48b00f-c8f6-419c-a5d2-da2b723242e8,brandhochzwei GmbH,Private,1,2899.92924,Office,Munich,Office,Munich,Bavaria,,2017-06-30 00:00:00
3831,24adb5fb-5a95-4838-8111-8f0549d7da8f,Pensionskasse der Mitarbeiter der Hoechst Gruppe VVaG,Institutional,1,2499.939,Office,Hamburg,Office,Hamburg,Hamburg,,2002-06-01 00:00:00
3832,24adb5fb-5a95-4838-8111-8f0549d7da8f,Nordhessiche Pensionskasse,Institutional,1,4499.8902,Apartment,Berlin,Apartment,Berlin,Berlin,,2003-03-01 00:00:00
3833,be5486bd-240c-4340-9b52-67882b088692,Flick GmbH,Private,1,4737.8843928,Office,Munich,Office,Munich,Bavaria,,2009-02-25 00:00:00
3834,0dccccbc-5bdf-44d9-897f-cf7cc77e4b79,Johannes-Beese-Stiftung,Institutional,1,4799.88288,Office,Munster,Office; Retail,Munster,North Rhine-Westphalia,,2019-10-15 00:00:00
3835,e27ce0ab-e4d8-4aa2-b8d3-741c26f635e6,"Yamaichi Electronics, JP",User/Other,1,25999.3656,Dev Site,Frankfurt (Oder),Dev Site,Frankfurt (Oder),Brandenburg,,2019-02-28 00:00:00
3836,4c48b00f-c8f6-419c-a5d2-da2b723242e8,Hausprojekt NiKa GmbH,Private,1,1999.9512,Office,Frankfurt am Main,Office,Frankfurt am Main,Hesse,,2016-08-30 00:00:00
3837,4c48b00f-c8f6-419c-a5d2-da2b723242e8,Geltinger Birk Sandkoppel GmbH,Private,1,79998.048,Dev Site,Nieby,Dev Site,Nieby,Schleswig-Holstein,,2014-01-02 00:00:00
3838,4c48b00f-c8f6-419c-a5d2-da2b723242e8,ProBonnum GmbH,Private,1,10401.7461912,Dev Site,Konigswinter,Dev Site,Konigswinter,North Rhine-Westphalia,,2013-05-03 00:00:00
3839,4c48b00f-c8f6-419c-a5d2-da2b723242e8,Wohn-Kreativ Immobilien GmbH,Private,1,10401.7461912,Dev Site,Konigswinter,Dev Site,Konigswinter,North Rhine-Westphalia,,2013-05-03 00:00:00
3840,4c48b00f-c8f6-419c-a5d2-da2b723242e8,Primag AG,Private,1,,Apartment,Dusseldorf,Apartment,Dusseldorf,North Rhine-Westphalia,,2014-02-28 00:00:00
3841,4c48b00f-c8f6-419c-a5d2-da2b723242e8,FG Wohnen Deutschland,Private,1,,Apartment,Niederkassel,Apartment,Niederkassel,North Rhine-Westphalia,,2021-12-14 00:00:00
3842,e27ce0ab-e4d8-4aa2-b8d3-741c26f635e6,Moll-Gruppe,User/Other,1,7599.81456,Dev Site,Dusseldorf,Dev Site,Dusseldorf,North Rhine-Westphalia,,2013-08-02 00:00:00
3843,15af7234-5c55-4f46-8238-81a8dc972b4c,TDR Capital,Institutional,1,6764.834934,Retail,Bad Homburg vor der Hohe,Retail,Bad Homburg vor der Hohe,Hesse,David Lloyd Leisure,2018-06-04 00:00:00
3844,28c9b89f-2fcb-448a-ba1e-3416f56f84f2,Moller Real Estate,Private,1,7439.818464,Office,Bielefeld,Office,Bielefeld,North Rhine-Westphalia,,2017-10-19 00:00:00
3845,e018868f-766f-41f3-af42-3ad68e8b1d25,Studierendenwerk Wurzburg,User/Other,1,4199.89752,Dev Site,Schweinfurt,Dev Site,Schweinfurt,Bavaria,,2015-09-22 00:00:00
3846,4c48b00f-c8f6-419c-a5d2-da2b723242e8,fundament_projektentwicklung GmbH,Private,1,7499.817,Dev Site,Cologne,Dev Site,Cologne,North Rhine-Westphalia,,2016-04-26 00:00:00
3847,d4c25bca-7a4c-48e3-b2fc-76a1b07ef1b9,KairosReds,Private,1,7499.817,Dev Site,Cologne,Dev Site; Office,Cologne,North Rhine-Westphalia,,2019-01-15 00:00:00
3848,4c48b00f-c8f6-419c-a5d2-da2b723242e8,IKR Kuschel,Private,1,19999.512,Office,Magdeburg,Office,Magdeburg,Saxony-Anhalt,,2022-06-08 00:00:00
3849,e27ce0ab-e4d8-4aa2-b8d3-741c26f635e6,Piller Blowers & Compressors GmbH,User/Other,1,5999.8536,Dev Site,Moringen,Dev Site,Moringen,Lower Saxony,,2015-04-30 00:00:00
3850,e27ce0ab-e4d8-4aa2-b8d3-741c26f635e6,Brohl Wellpappe,User/Other,1,23999.4144,Industrial,Mayen,Industrial,Mayen,Rhineland-Palatinate,,2023-05-15 00:00:00
3851,e27ce0ab-e4d8-4aa2-b8d3-741c26f635e6,Popp Feinkost GmbH,User/Other,1,34999.146,Dev Site,Kaltenkirchen,Dev Site,Kaltenkirchen,Schleswig-Holstein,,2016-01-08 00:00:00
3852,e27ce0ab-e4d8-4aa2-b8d3-741c26f635e6,Steilmann-Boecker Fashion Point,User/Other,1,2179.946808,Retail,Dillenburg,Retail,Dillenburg,Hesse,,2015-03-02 00:00:00
3853,4c48b00f-c8f6-419c-a5d2-da2b723242e8,Finkenkruger Grundstücksgesellschaft,Private,1,7999.8048,Industrial,Berlin,Industrial,Berlin,Berlin,,2002-09-01 00:00:00
3854,12b7cfbe-1436-4e30-b61f-eacf06c63a4b,ReAct Real Estate GmbH,Institutional,1,325989.33202816,Dev Site,Emmerich am Rhein,Dev Site; Seniors Housing & Care,Emmerich am Rhein,North Rhine-Westphalia,,2017-01-26 00:00:00
3855,56b6b750-d2be-4e52-bdda-25df1605afc9,Patrimonium AG,Institutional,1,31998.952577,Apartment,,Office; Apartment,Leipzig,Saxony,,2015-12-10 00:00:00
3856,4c48b00f-c8f6-419c-a5d2-da2b723242e8,Lührs Immobilienverwaltungsgesellschaft,Private,1,10251.7498512,Retail,Cuxhaven,Retail,Cuxhaven,Lower Saxony,,2013-03-19 00:00:00
3857,4c48b00f-c8f6-419c-a5d2-da2b723242e8,Adler-Schiffe / Nordseepark Husum,Private,1,5265.8715096,Other General,Husum,Other General,Husum,Schleswig-Holstein,,2020-10-07 00:00:00
3858,4c48b00f-c8f6-419c-a5d2-da2b723242e8,CAPREAL Immobilienmanagement GmbH,Private,1,8928.7821324,Dev Site,Regensburg,Dev Site,Regensburg,Bavaria,,2021-03-04 00:00:00
3859,4c48b00f-c8f6-419c-a5d2-da2b723242e8,WRV Gruppe,Private,1,4199.89752,Dev Site,Nuremberg,Dev Site,Nuremberg,Bavaria,,2022-03-24 00:00:00
3860,4c48b00f-c8f6-419c-a5d2-da2b723242e8,Nopan GbR,Private,1,6999.8292,Office,Nuremberg,Office,Nuremberg,Bavaria,,2010-06-01 00:00:00
3861,eaf4bf3d-c951-4ad1-b40f-9ac89e8e102a,Stadt Hilden,User/Other,1,3324.91887,Dev Site,Hilden,Dev Site,Hilden,North Rhine-Westphalia,,2012-07-23 00:00:00
3862,4c48b00f-c8f6-419c-a5d2-da2b723242e8,HPI Heberger Projektentwicklung Immobilien GmbH,Private,1,10099.75356,Dev Site,Offenbach am Main,Dev Site,Offenbach am Main,Hesse,,2019-03-26 00:00:00
3863,e27ce0ab-e4d8-4aa2-b8d3-741c26f635e6,Rehau AG + Co,User/Other,1,27999.3168,Dev Site,Bayreuth,Dev Site,Bayreuth,Bavaria,,2016-09-15 00:00:00
3864,4c48b00f-c8f6-419c-a5d2-da2b723242e8,per invest,Private,1,3399.91704,Retail,Dusseldorf,Retail,Dusseldorf,North Rhine-Westphalia,,2024-07-18 00:00:00
3865,4c48b00f-c8f6-419c-a5d2-da2b723242e8,B+S Immobilien GmbH,Private,1,3499.9146,Dev Site,Paderborn,Dev Site,Paderborn,North Rhine-Westphalia,,2016-08-18 00:00:00
3866,4c48b00f-c8f6-419c-a5d2-da2b723242e8,northgate enterprises group AG,Private,1,20999.4876,Industrial,Markranstadt,Industrial,Markranstadt,Saxony,,2021-03-24 00:00:00
3867,4c48b00f-c8f6-419c-a5d2-da2b723242e8,Alpha Immobilienmanagement GmbH,Private,1,89997.804,Industrial,Nuremberg,Industrial,Nuremberg,Bavaria,,2020-06-29 00:00:00
3868,e27ce0ab-e4d8-4aa2-b8d3-741c26f635e6,Wilco SE,User/Other,1,32999.1948,Dev Site,Dortmund,Dev Site,Dortmund,North Rhine-Westphalia,,2013-02-28 00:00:00
3869,e27ce0ab-e4d8-4aa2-b8d3-741c26f635e6,Wilo SE,User/Other,1,12999.6828,Dev Site,Dortmund,Dev Site,Dortmund,North Rhine-Westphalia,,2013-02-28 00:00:00
3870,a2352026-48f2-4a58-bd7e-d4e3b1cdf9d4,Schuco International,User/Other,1,99996.5600244,Dev Site,Gutersloh,Industrial; Dev Site,Gutersloh; Gross-Rohrheim; Grossrohrsdorf,North Rhine-Westphalia; Hesse; Saxony,,2023-08-21 00:00:00
3871,68a10d5c-4d80-4499-b4be-bc901163dc00,CONCEPT Generalbau und Verwaltungs GmbH,Institutional,1,,Apartment,Bingen am Rhein,Apartment,Bingen am Rhein,Rhineland-Palatinate,,2024-05-16 00:00:00
3872,4c48b00f-c8f6-419c-a5d2-da2b723242e8,First Property One GmbH & Co. KG,Private,1,5999.8536,Industrial,Berlin,Industrial,Berlin,Berlin,,2016-12-31 00:00:00
3873,e1f8c12f-15bf-46fa-9463-814288356d2d,The TJX Cos,User/Other,1,2499.939,Retail,Erlangen,Retail,Erlangen,Bavaria,,2016-09-30 00:00:00
3874,4c48b00f-c8f6-419c-a5d2-da2b723242e8,Enno Onken,Private,1,8249.7987,Retail,Dusseldorf,Retail,Dusseldorf,North Rhine-Westphalia,,2013-06-30 00:00:00
3875,1378a7e0-702a-466d-be70-7deaae37a84c,Sparkasse Erlangen,Institutional,1,8199.79992,Office,Erlangen,Office,Erlangen,Bavaria,,2020-12-01 00:00:00
3876,4c48b00f-c8f6-419c-a5d2-da2b723242e8,Thienel Holding GmbH,Private,1,31999.2192,Dev Site,Nordlingen,Dev Site,Nordlingen,Bavaria,,2012-08-09 00:00:00
3877,4c48b00f-c8f6-419c-a5d2-da2b723242e8,Wirtschaftsfurderungsgesellschaft Tubingen,Private,1,12999.497,Dev Site,Tubingen,Dev Site,Tubingen,Baden-Wurttemberg,,2008-03-15 00:00:00
3878,4c48b00f-c8f6-419c-a5d2-da2b723242e8,Domus Kompakt,Private,1,6754.835178,Dev Site,Oer-Erkenschwick,Dev Site,Oer-Erkenschwick,North Rhine-Westphalia,,2017-06-01 00:00:00
3879,4c48b00f-c8f6-419c-a5d2-da2b723242e8,Luise Handlmaier Immobilien GmbH & Co. KG,Private,1,4179.898008,Office,Regensburg,Office,Regensburg,Bavaria,,2017-11-15 00:00:00
3880,e27ce0ab-e4d8-4aa2-b8d3-741c26f635e6,S-Polytec GmbH,User/Other,1,2599.93656,Industrial,Kranenburg,Industrial,Kranenburg,North Rhine-Westphalia,,2021-11-05 00:00:00
3881,a285ae02-0044-4b3b-a00c-0d77354a963b,Gerling-Konzern Lebensversicherungs AG,Institutional,1,6799.83408,Office,Munich,Office,Munich,Bavaria,,2001-06-01 00:00:00
3882,4c48b00f-c8f6-419c-a5d2-da2b723242e8,Aureus Immobilien und Anlagen GmbH,Private,1,1760.9570316,Office,Munich,Office,Munich,Bavaria,,2003-09-01 00:00:00
3883,4c48b00f-c8f6-419c-a5d2-da2b723242e8,L.W. Cretschmar GmbH & Co. KG,Private,1,57998.5848,Dev Site,Dusseldorf,Dev Site,Dusseldorf,North Rhine-Westphalia,,2011-05-11 00:00:00
3884,4c48b00f-c8f6-419c-a5d2-da2b723242e8,Kithan GmbH,Private,1,5999.8536,Retail,Erlangen,Retail,Erlangen,Bavaria,,2013-09-19 00:00:00
3885,3f33da2a-51f5-42fe-a813-c5455d26a2e3,Sojitz,Public,1,21999.4632,Dev Site,Duisburg,Dev Site,Duisburg,North Rhine-Westphalia,,2011-09-06 00:00:00
3886,d1042592-2cbb-48c4-a1d8-15cde1ff5ed8,Mitsubishi Corp,Public,1,21999.4632,Dev Site,Duisburg,Dev Site,Duisburg,North Rhine-Westphalia,,2011-09-06 00:00:00
3887,e27ce0ab-e4d8-4aa2-b8d3-741c26f635e6,IWS Handling GmbH,User/Other,1,4499.8902,Dev Site,Wulfrath,Dev Site,Wulfrath,North Rhine-Westphalia,,2015-07-15 00:00:00
3888,e27ce0ab-e4d8-4aa2-b8d3-741c26f635e6,BEEWEN GmbH & Co. KG,User/Other,1,25999.3656,Dev Site,Siegen,Dev Site,Siegen,North Rhine-Westphalia,,2015-12-31 00:00:00
3889,f02eb555-17a8-4325-ba1e-dda9abc14226,Quercia Stwo,Private,1,13799.5484324302,Office,Ulm,Office,Ulm,Baden-Wurttemberg,,2007-08-31 00:00:00
3890,e27ce0ab-e4d8-4aa2-b8d3-741c26f635e6,MBG International Premium Brands GmbH,User/Other,1,11899.70964,Industrial,Paderborn,Industrial,Paderborn,North Rhine-Westphalia,,2014-06-24 00:00:00
3891,e27ce0ab-e4d8-4aa2-b8d3-741c26f635e6,Ullner u Ullner GmbH,User/Other,1,9999.756,Dev Site,Paderborn,Dev Site,Paderborn,North Rhine-Westphalia,,2011-07-01 00:00:00
3892,4c48b00f-c8f6-419c-a5d2-da2b723242e8,KONVENT Bau und Boden GmbH,Private,1,2474.93961,Dev Site,Mulheim an der Ruhr,Dev Site,Mulheim an der Ruhr,North Rhine-Westphalia,,2013-06-18 00:00:00
3893,1f7b9d8f-786c-4512-92a8-e7ee914672ed,Fabrix Capital,Institutional,1,6456.8424492,Industrial,Berlin,Industrial,Berlin,Berlin,,2019-11-26 00:00:00
3894,4c48b00f-c8f6-419c-a5d2-da2b723242e8,XTR Group,Private,1,1009.975356,Office,Frankfurt am Main,Office,Frankfurt am Main,Hesse,,2023-01-09 00:00:00
3895,4c48b00f-c8f6-419c-a5d2-da2b723242e8,aedus Development,Private,1,1009.975356,Office,Frankfurt am Main,Office,Frankfurt am Main,Hesse,,2023-01-09 00:00:00
3896,4c48b00f-c8f6-419c-a5d2-da2b723242e8,AIM Center GmbH,Private,1,12999.6828,Retail,Minden,Retail,Minden,North Rhine-Westphalia,,2020-06-29 00:00:00
3897,4c48b00f-c8f6-419c-a5d2-da2b723242e8,Bautraeger,Private,1,6999.8292,Dev Site,Munich,Dev Site,Munich,Bavaria,,2012-12-03 00:00:00
3898,4c48b00f-c8f6-419c-a5d2-da2b723242e8,Arens Family,Private,1,,Hotel,Sankt Martin,Hotel,Sankt Martin,Rhineland-Palatinate,,2017-11-24 00:00:00
3899,4c48b00f-c8f6-419c-a5d2-da2b723242e8,Ashkenaz B.V.,Private,1,2481.9394392,Retail,Ratingen,Retail,Ratingen,North Rhine-Westphalia,,2013-02-11 00:00:00
3900,4c48b00f-c8f6-419c-a5d2-da2b723242e8,Dr. Martin Kuster,Private,1,999.9756,Office,Cologne,Office,Cologne,North Rhine-Westphalia,,2020-10-12 00:00:00
3901,eaf4bf3d-c951-4ad1-b40f-9ac89e8e102a,City of Schluchtern,User/Other,1,10597.7414088,Dev Site,Schluchtern,Dev Site; Office,Schluchtern,Hesse,,2021-12-13 00:00:00
3902,e27ce0ab-e4d8-4aa2-b8d3-741c26f635e6,Casimir Kast,User/Other,1,4299.89508,Industrial,Gernsbach,Industrial,Gernsbach,Baden-Wurttemberg,,2009-04-15 00:00:00
3903,4c48b00f-c8f6-419c-a5d2-da2b723242e8,IMMOBA Projektentwicklung GmbH & Co. KG,Private,1,7999.8048,Industrial,Gernsbach,Industrial,Gernsbach,Baden-Wurttemberg,,2024-07-01 00:00:00
3904,4c48b00f-c8f6-419c-a5d2-da2b723242e8,Elleke Vermogensverwaltung,Private,1,26499.3534,Office,Berlin,Office,Berlin,Berlin,,2012-07-18 00:00:00
3905,eaf4bf3d-c951-4ad1-b40f-9ac89e8e102a,Bund (Auswärtiges Amt),User/Other,1,4092.9001308,Office,Berlin,Office,Berlin,Berlin,,2003-06-01 00:00:00
3906,4c48b00f-c8f6-419c-a5d2-da2b723242e8,NDG Group,Private,1,4999.878,Apartment,Hamburg,Apartment,Hamburg,Hamburg,,2023-07-27 00:00:00
3907,4c48b00f-c8f6-419c-a5d2-da2b723242e8,KVB GmbH,Private,1,4999.878,Apartment,Hamburg,Apartment,Hamburg,Hamburg,,2023-07-27 00:00:00
3908,4c48b00f-c8f6-419c-a5d2-da2b723242e8,A.-W. Heil & Sohn GmbH & Co. KG,Private,1,6299.84628,Dev Site,Teltow,Dev Site,Teltow,Brandenburg,,2011-04-04 00:00:00
3909,4c48b00f-c8f6-419c-a5d2-da2b723242e8,Autohaus Bopp & Siems GmbH,Private,1,1349.96706,Industrial,Hamburg,Industrial,Hamburg,Hamburg,,2013-07-08 00:00:00
3910,67a6e1f4-40bc-40dd-92e6-edf982f880fc,Marek Schramm Immobilien,Private,1,17999.5608,Dev Site,Ilmenau,Dev Site,Ilmenau,Thuringia,,2012-01-15 00:00:00
3911,4c48b00f-c8f6-419c-a5d2-da2b723242e8,Moeg,Private,1,33879.173328,Dev Site,Munich,Dev Site; Retail,Munich,Bavaria,,2019-07-17 00:00:00
3912,4c48b00f-c8f6-419c-a5d2-da2b723242e8,ML Immobilien Handels- und Verwaltungs- GmbH,Private,1,5099.87556,Dev Site,Dietzenbach,Dev Site,Dietzenbach,Hesse,,2013-10-14 00:00:00
3913,4c48b00f-c8f6-419c-a5d2-da2b723242e8,Jodana Vermogensverwaltung Gmb& Co. KG,Private,1,803.9803824,Apartment,Frankfurt am Main,Apartment,Frankfurt am Main,Hesse,,2023-05-08 00:00:00
3914,7b8d81cb-8248-42f4-bfdf-16e0218b27d0,Sumitomo Rubber Industries,User/Other,1,39998.6910464,Dev Site,"Hanau, Bruder-Grimm-Stadt",Dev Site,"Hanau, Bruder-Grimm-Stadt",Hesse,,2016-06-24 00:00:00
3915,e27ce0ab-e4d8-4aa2-b8d3-741c26f635e6,Myfreiday GmbH,User/Other,1,6999.8292,Hotel,Thurmansbang,Hotel,Thurmansbang,Bavaria,,2020-02-11 00:00:00
3916,4c48b00f-c8f6-419c-a5d2-da2b723242e8,The Verdi Dienstleistungen Weshner GmbH,Private,1,,Hotel,Braunschweig,Hotel,Braunschweig,Lower Saxony,,2011-11-11 00:00:00
3917,9acce215-0cc5-45a3-b609-1d7fa4ddea4c,Sybille Hahne-Stiftung,Private,1,6124.85055,Apartment,Borkum,Apartment,Borkum,Lower Saxony,,2015-01-31 00:00:00
3918,e27ce0ab-e4d8-4aa2-b8d3-741c26f635e6,Aktiv & Irma Verbrauchermarkt GmbH,User/Other,1,23999.4144,Dev Site,Rastede,Dev Site,Rastede,Lower Saxony,,2021-03-01 00:00:00
3919,e27ce0ab-e4d8-4aa2-b8d3-741c26f635e6,IWN GmbH & Co. KG,User/Other,1,53998.6824,Dev Site,Bielefeld,Dev Site,Bielefeld,North Rhine-Westphalia,,2013-11-29 00:00:00
3920,4c48b00f-c8f6-419c-a5d2-da2b723242e8,Stadtbau Schorndorf,Private,1,,Apartment,Schorndorf,Apartment,Schorndorf,Baden-Wurttemberg,,2020-09-18 00:00:00
3921,9acce215-0cc5-45a3-b609-1d7fa4ddea4c,Gips-Schule Stiftung,Private,1,2999.9268,Office,Stuttgart,Office,Stuttgart,Baden-Wurttemberg,,2013-06-30 00:00:00
3922,bbb88347-57c2-45d3-939b-2f691d3ffe27,Merckle Group,User/Other,1,47579.8390236,Office,Ulm,Office,Ulm,Baden-Wurttemberg,,2023-04-20 00:00:00
3923,71f63340-f80a-4e3d-a12c-90534e9ef668,Falcon Real Estate,Institutional,1,11669.715252,Office,Frankfurt am Main,Apartment; Office,Frankfurt am Main,Hesse,,2019-05-07 00:00:00
3924,eaf4bf3d-c951-4ad1-b40f-9ac89e8e102a,Marktgemeinde Garmisch-Partenkirchen,User/Other,1,27999.3168,Dev Site,Garmisch-Partenkirchen,Dev Site,Garmisch-Partenkirchen,Bavaria,,2013-09-10 00:00:00
3925,e27ce0ab-e4d8-4aa2-b8d3-741c26f635e6,United Robotics Group,User/Other,1,19999.512,Dev Site,Bochum,Dev Site,Bochum,North Rhine-Westphalia,,2022-05-03 00:00:00
3926,e27ce0ab-e4d8-4aa2-b8d3-741c26f635e6,CRS Pruftechnik GmbH,User/Other,1,11590.7171796,Industrial,Konstanz,Industrial,Konstanz,Baden-Wurttemberg,,2023-08-08 00:00:00
3927,e27ce0ab-e4d8-4aa2-b8d3-741c26f635e6,Konstanzer Yacht Club,User/Other,1,11590.7171796,Industrial,Konstanz,Industrial,Konstanz,Baden-Wurttemberg,,2023-08-08 00:00:00
3928,4c48b00f-c8f6-419c-a5d2-da2b723242e8,Beshiri Gastro GmbH,Private,1,11590.7171796,Industrial,Konstanz,Industrial,Konstanz,Baden-Wurttemberg,,2023-08-08 00:00:00
3929,9ba420e9-c850-4401-9caa-8ffc771e62c6,Capital Land Holdings,Institutional,1,3699.90972,Dev Site,Frankfurt am Main,Dev Site,Frankfurt am Main,Hesse,,2024-03-28 00:00:00
3930,e27ce0ab-e4d8-4aa2-b8d3-741c26f635e6,Druckerei Jos. Hillekamp GmbH,User/Other,1,4599.88776,Industrial,Monchengladbach,Industrial,Monchengladbach,North Rhine-Westphalia,,2016-06-02 00:00:00
3931,eaf4bf3d-c951-4ad1-b40f-9ac89e8e102a,Bündnis 90 / Die Grünen,User/Other,1,3199.92192,Apartment,Berlin,Apartment,Berlin,Berlin,,2004-12-01 00:00:00
3932,e27ce0ab-e4d8-4aa2-b8d3-741c26f635e6,Biotronic,User/Other,1,,Office,Berlin,Office,Berlin,Berlin,,2012-09-01 00:00:00
3933,4c48b00f-c8f6-419c-a5d2-da2b723242e8,Brenog Berlin GmbH,Private,1,649.98414,Retail,Berlin,Retail,Berlin,Berlin,,2015-02-15 00:00:00
3934,463f6584-5aaa-4c8f-9d1c-72ac78c30c0d,deutsche Pensionskasse,Institutional,1,11399.72184,Industrial,Grossbeeren,Industrial,Grossbeeren,Brandenburg,,2012-07-01 00:00:00
3935,bd5657ae-402e-4677-a035-dc18a547bcae,DRK-­Zukunfts-Stiftung Nurtingen-Kirchheim,User/Other,1,,Seniors Housing & Care,Kirchheim unter Teck,Seniors Housing & Care,Kirchheim unter Teck,Baden-Wurttemberg,,2014-02-03 00:00:00
3936,4c48b00f-c8f6-419c-a5d2-da2b723242e8,Goebels Family,Private,1,1999.9512,Office,Monchengladbach,Office,Monchengladbach,North Rhine-Westphalia,,2016-03-01 00:00:00
3937,e27ce0ab-e4d8-4aa2-b8d3-741c26f635e6,Friedrich W Schneider GmbH,User/Other,1,1899.95364,Industrial,Cologne,Industrial,Cologne,North Rhine-Westphalia,,2010-08-19 00:00:00
3938,4c48b00f-c8f6-419c-a5d2-da2b723242e8,Quissenz GmbH,Private,1,1999.9512,Dev Site,Frankfurt am Main,Dev Site; Hotel,Frankfurt am Main,Hesse,,2018-09-15 00:00:00
3939,e27ce0ab-e4d8-4aa2-b8d3-741c26f635e6,Gebr. Rochling KG,User/Other,1,16499.5974,Industrial,Wackersdorf,Industrial,Wackersdorf,Bavaria,,2012-05-07 00:00:00
3940,4c48b00f-c8f6-419c-a5d2-da2b723242e8,BIRGROUP Holding GmbH & Co. KG,Private,1,14999.634,Dev Site,Lubeck,Dev Site,Lubeck,Schleswig-Holstein,,2017-01-18 00:00:00
3941,c94e49be-64aa-4cfc-bade-f6efbe9e9213,City of Schenefeld,User/Other,1,31999.2192,Dev Site,Halstenbek,Dev Site,Halstenbek,Schleswig-Holstein,,2013-10-07 00:00:00
3942,4c48b00f-c8f6-419c-a5d2-da2b723242e8,Euro Auctions Immobilien GmbH,Private,1,489983.9653184,Dev Site,Oberhausen,Dev Site,Oberhausen,North Rhine-Westphalia,,2006-12-31 00:00:00
3943,eaf4bf3d-c951-4ad1-b40f-9ac89e8e102a,Verband Wohnen im Kreis Starnberg,User/Other,1,7499.817,Dev Site,Berg,Dev Site,Berg,Bavaria,,2017-07-02 00:00:00
3944,4c48b00f-c8f6-419c-a5d2-da2b723242e8,Adolph Gruenewald GmbH,Private,1,6744.835422,Office,Hamburg,Office,Hamburg,Hamburg,,2013-06-01 00:00:00
3945,4c48b00f-c8f6-419c-a5d2-da2b723242e8,Andreas & Martina Wienecke,Private,1,,Hotel,Hanover,Hotel,Hanover,Lower Saxony,,2009-10-15 00:00:00
3946,e27ce0ab-e4d8-4aa2-b8d3-741c26f635e6,Metallit GmbH,User/Other,1,8999.7804,Dev Site,Bielefeld,Dev Site,Bielefeld,North Rhine-Westphalia,,2016-01-13 00:00:00
3947,4c48b00f-c8f6-419c-a5d2-da2b723242e8,Ergün und Ertan Ilce,Private,1,1999.9512,Office,Bochum,Office,Bochum,North Rhine-Westphalia,,2016-07-13 00:00:00
3948,eaf4bf3d-c951-4ad1-b40f-9ac89e8e102a,Die Gruenen,User/Other,1,1199.97072,Office,Dusseldorf,Office,Dusseldorf,North Rhine-Westphalia,,2012-07-03 00:00:00
3949,d7deb8a5-ba4f-46d9-94a9-17e68bb6087a,OZW GmbH,Private,1,23199.2408429261,Industrial,Winsen (Luhe),Industrial,Winsen (Luhe),Lower Saxony,,2008-02-15 00:00:00
3950,9a8817cb-65aa-4dc5-ae4a-4786705eb4aa,Seehafen Kiel,User/Other,1,18499.5486,Industrial,Kiel,Industrial,Kiel,Schleswig-Holstein,,2016-02-12 00:00:00
3951,4c48b00f-c8f6-419c-a5d2-da2b723242e8,Agrar Terminal Peter Rothe GmbH,Private,1,,Hotel,Hamburg,Industrial; Hotel,Kiel; Hamburg,Schleswig-Holstein; Hamburg,,2021-12-06 00:00:00
3952,e27ce0ab-e4d8-4aa2-b8d3-741c26f635e6,AviComp Controls,User/Other,1,3599.91216,Industrial,Leipzig,Industrial,Leipzig,Saxony,,2012-08-09 00:00:00
3953,4c48b00f-c8f6-419c-a5d2-da2b723242e8,Wurzburger Versorgungs und Verkehrs GmbH (WVV),Private,1,59998.536,Dev Site,Wurzburg,Dev Site,Wurzburg,Bavaria,,2013-02-07 00:00:00
3954,e27ce0ab-e4d8-4aa2-b8d3-741c26f635e6,Hekuma GmbH,User/Other,1,32999.1948,Dev Site,Hallbergmoos,Dev Site,Hallbergmoos,Bavaria,,2016-03-08 00:00:00
3955,4c48b00f-c8f6-419c-a5d2-da2b723242e8,Quadriga Projektentwicklung GmbH & Co. KG,Private,1,5799.85848,Office,Mannheim,Office,Mannheim,Baden-Wurttemberg,,2013-01-30 00:00:00
3956,e27ce0ab-e4d8-4aa2-b8d3-741c26f635e6,Landes GmbH,User/Other,1,2499.939,Industrial,Schweitenkirchen,Industrial,Schweitenkirchen,Bavaria,,2021-09-21 00:00:00
3957,e27ce0ab-e4d8-4aa2-b8d3-741c26f635e6,Yukatel,User/Other,1,2785.9320216,Office,Dreieich,Office,Dreieich,Hesse,,2015-06-30 00:00:00
3958,e27ce0ab-e4d8-4aa2-b8d3-741c26f635e6,Multi Space GmbH,User/Other,1,16999.5852,Dev Site,"Hanau, Bruder-Grimm-Stadt",Dev Site,"Hanau, Bruder-Grimm-Stadt",Hesse,,2020-01-01 00:00:00
3959,e1ed9e14-947c-41e0-9d32-3b9c708896b4,Great Wall Motor Co Ltd,User/Other,1,2649.93534,Office,Dietzenbach,Office,Dietzenbach,Hesse,,2016-08-04 00:00:00
3960,abad3be0-aaf7-42e8-ab87-a88e220b0684,W.I.R. Wohnen Inklusiv Regensburg eG,User/Other,1,3848.9060844,Dev Site,Regensburg,Dev Site,Regensburg,Bavaria,,2015-01-01 00:00:00
3961,4c48b00f-c8f6-419c-a5d2-da2b723242e8,Oxin Investment Holding,Private,1,,Hotel,Feldkirchen,Hotel,Feldkirchen,Bavaria,,2018-05-30 00:00:00
3962,e27ce0ab-e4d8-4aa2-b8d3-741c26f635e6,Medical Helpline Worldwide GmbH,User/Other,1,1749.9573,Office,Bremen,Office,Bremen,Bremen,,2019-12-03 00:00:00
3963,e27ce0ab-e4d8-4aa2-b8d3-741c26f635e6,Dream-Tec GmbH,User/Other,1,4899.88044,Dev Site,Greven,Dev Site,Greven,North Rhine-Westphalia,,2015-04-20 00:00:00
3964,e27ce0ab-e4d8-4aa2-b8d3-741c26f635e6,regio-logistik Greven GmbH,User/Other,1,4499.8902,Dev Site,Greven,Dev Site,Greven,North Rhine-Westphalia,,2015-01-31 00:00:00
3965,4c48b00f-c8f6-419c-a5d2-da2b723242e8,htt HotelThermeTeinach GmbH,Private,1,,Hotel,Bad Teinach-Zavelstein,Hotel,Bad Teinach-Zavelstein,Baden-Wurttemberg,,2012-03-14 00:00:00
3966,e27ce0ab-e4d8-4aa2-b8d3-741c26f635e6,IQ 4 You GmbH,User/Other,1,,Hotel,Bad uberkingen,Hotel,Bad uberkingen,Baden-Wurttemberg,,2014-02-19 00:00:00
3967,e27ce0ab-e4d8-4aa2-b8d3-741c26f635e6,TDS Informationstechnologie,User/Other,1,10999.7316,Dev Site,Neuenstadt am Kocher,Dev Site,Neuenstadt am Kocher,Baden-Wurttemberg,,2009-02-15 00:00:00
3968,68a203f1-14ec-46ec-b77b-0bb36b19271c,Infrareal Group,Private,1,23999.4144,Office,Jena,Office,Jena,Thuringia,,2014-11-10 00:00:00
3969,a7a6f867-7dba-4356-94a5-dc4fc434cfbe,Church of Scientology,User/Other,1,3999.9024,Office,Berlin,Office,Berlin,Berlin,,2005-12-01 00:00:00
3970,4c48b00f-c8f6-419c-a5d2-da2b723242e8,Grundstucksgemeinschaft Riedel,Private,1,4699.88532,Office,Wiesbaden,Office,Wiesbaden,Hesse,,2010-12-15 00:00:00
3971,4c48b00f-c8f6-419c-a5d2-da2b723242e8,Derya Yalimcan,Private,1,2899.92924,Retail,Allendorf (Eder),Retail,Allendorf (Eder),Hesse,,2014-01-15 00:00:00
3972,4c48b00f-c8f6-419c-a5d2-da2b723242e8,Verwaltung Geschwister Zinkann,Private,1,2787,Office,Munich,Office,Munich,Bavaria,,2012-06-30 00:00:00
3973,75b7e208-d1c7-457c-af18-d84f034bbead,EchoStar,User/Other,1,2212.878,Office,Griesheim,Office,Griesheim,Hesse,,2016-04-25 00:00:00
3974,a74998b4-3567-4f88-a5a5-5e5fdbaa4a51,nordeck Gruppe,Private,1,5499.8658,Office,Hanover,Office,Hanover,Lower Saxony,,2012-08-23 00:00:00
3975,1c4c38e6-d637-45cd-a14a-76afca45b074,BTA Betriebs- und Anlagegesellschaft mbH,Institutional,1,3899.90484,Office,Dresden,Office,Dresden,Saxony,,2016-12-16 00:00:00
3976,b787b7f4-37f0-4764-ad52-4ea4e4966a03,projecta Consult fur Industrie- und Gewerbeimmobilien mbH,Private,1,29499.2802,Industrial,,Industrial,,Hesse,,2012-09-25 00:00:00
3977,4c48b00f-c8f6-419c-a5d2-da2b723242e8,Objektgesellschaft Darmstadt-West GmbH & Co. KG,Private,1,29499.2802,Industrial,,Industrial,,Hesse,,2012-09-25 00:00:00
3978,4c48b00f-c8f6-419c-a5d2-da2b723242e8,Durmaz International,Private,1,29999.0182848,Dev Site,Essen,Dev Site,Essen,North Rhine-Westphalia,,2019-03-27 00:00:00
3979,4c48b00f-c8f6-419c-a5d2-da2b723242e8,Noah Real Estate,Private,1,5199.87312,Industrial,Remscheid,Industrial,Remscheid,North Rhine-Westphalia,,2023-05-09 00:00:00
3980,4c48b00f-c8f6-419c-a5d2-da2b723242e8,Francisco Carlon,Private,1,7499.817,Industrial,Remscheid,Industrial,Remscheid,North Rhine-Westphalia,,2013-07-02 00:00:00
3981,4c48b00f-c8f6-419c-a5d2-da2b723242e8,Alfonso Carlon,Private,1,7499.817,Industrial,Remscheid,Industrial,Remscheid,North Rhine-Westphalia,,2013-07-02 00:00:00
3982,4c48b00f-c8f6-419c-a5d2-da2b723242e8,Jan Peter Arnz,Private,1,7499.817,Industrial,Remscheid,Industrial,Remscheid,North Rhine-Westphalia,,2013-07-02 00:00:00
3983,4c48b00f-c8f6-419c-a5d2-da2b723242e8,Gregor Deurer GmbH & Co. KG Bauunternehmen,Private,1,2899.92924,Dev Site,Munich,Dev Site,Munich,Bavaria,,2015-05-20 00:00:00
3984,4c48b00f-c8f6-419c-a5d2-da2b723242e8,Hess Invest,Private,1,4799.88288,Office,Berlin,Office,Berlin,Berlin,,2011-12-31 00:00:00
3985,bd5657ae-402e-4677-a035-dc18a547bcae,Lebenshilfe Westpfalz,User/Other,1,14999.634,Industrial,Kaiserslautern,Industrial,Kaiserslautern,Rhineland-Palatinate,,2017-11-10 00:00:00
3986,e27ce0ab-e4d8-4aa2-b8d3-741c26f635e6,"Carathotel Gruppe, Munich",User/Other,1,,Hotel,Wiesbaden,Hotel,Wiesbaden,Hesse,,2013-01-17 00:00:00
3987,4c48b00f-c8f6-419c-a5d2-da2b723242e8,Curator Gelsenkirchen GmbH,Private,1,3549.91338,Dev Site,Gelsenkirchen,Dev Site,Gelsenkirchen,North Rhine-Westphalia,,2019-07-09 00:00:00
3988,e27ce0ab-e4d8-4aa2-b8d3-741c26f635e6,Rafi Beteiligung,User/Other,1,2599.93656,Industrial,Ravensburg,Industrial,Ravensburg,Baden-Wurttemberg,,2023-04-26 00:00:00
3989,4c48b00f-c8f6-419c-a5d2-da2b723242e8,Traub Ingenieure Architekten,Private,1,2599.93656,Industrial,Ravensburg,Industrial,Ravensburg,Baden-Wurttemberg,,2023-04-26 00:00:00
3990,eaf4bf3d-c951-4ad1-b40f-9ac89e8e102a,Municipality of Bad Heilbrunn,User/Other,1,80298.04068,Dev Site,Bad Heilbrunn,Dev Site,Bad Heilbrunn,Bavaria,,2015-04-28 00:00:00
3991,e27ce0ab-e4d8-4aa2-b8d3-741c26f635e6,Schustermann & Borenstein (S&B),User/Other,1,129995.7459008,Dev Site,Poing,Dev Site,Poing,Bavaria,,2013-10-01 00:00:00
3992,e27ce0ab-e4d8-4aa2-b8d3-741c26f635e6,m3connect,User/Other,1,2999.9268,Office,Aachen,Office,Aachen,North Rhine-Westphalia,,2023-02-22 00:00:00
3993,e27ce0ab-e4d8-4aa2-b8d3-741c26f635e6,Gruen Software,User/Other,1,4999.878,Industrial,Aachen,Industrial,Aachen,North Rhine-Westphalia,,2016-06-19 00:00:00
3994,e27ce0ab-e4d8-4aa2-b8d3-741c26f635e6,Kahl Schwerlast,User/Other,1,14999.509165685,Industrial,Moers,Industrial,Moers,North Rhine-Westphalia,,2007-08-15 00:00:00
3995,e27ce0ab-e4d8-4aa2-b8d3-741c26f635e6,Caljan GmbH,User/Other,1,24899.39244,Dev Site,Halle (Westf.),Dev Site,Halle (Westf.),North Rhine-Westphalia,,2021-01-27 00:00:00
3996,37973b94-e02e-4f51-8f14-c7274c10868a,Transeuropean Property Investments Ltd,Private,1,7999.8048,Office,Berlin,Office,Berlin,Berlin,,2020-06-18 00:00:00
3997,4c48b00f-c8f6-419c-a5d2-da2b723242e8,Riebel GU GmbH & Co. KG,Private,1,2499.939,Dev Site,Munich,Dev Site,Munich,Bavaria,,2015-06-30 00:00:00
3998,4c48b00f-c8f6-419c-a5d2-da2b723242e8,G Immobilien 1 GmbH,Private,1,2051.9499312,Office,Oberhausen,Office,Oberhausen,North Rhine-Westphalia,,2021-07-22 00:00:00
3999,4c48b00f-c8f6-419c-a5d2-da2b723242e8,Gesellschaft fuer Verhaltensmedizin und Gesundheit,Private,1,4599.88776,Office,Stuttgart,Office,Stuttgart,Baden-Wurttemberg,,2012-11-21 00:00:00
4000,a285ae02-0044-4b3b-a00c-0d77354a963b,Stuttgarter Lebensversicherung a.G,Institutional,1,11204.726598,Office,,Office,,Baden-Wurttemberg,,2012-12-18 00:00:00
4001,2428bca4-e89e-4245-bb10-9a89350109e8,William Pears Group,Institutional,1,19799.51688,Retail,Berlin,Retail,Berlin,Berlin,,2010-06-01 00:00:00
4002,e27ce0ab-e4d8-4aa2-b8d3-741c26f635e6,BINZ Ambulance- und Umwelttechnik GmbH,User/Other,1,25799.37048,Industrial,Plauen,Industrial,Plauen,Saxony,,2021-04-08 00:00:00
4003,eb405055-a5b7-4953-aaa5-3995c9662e6f,China Logistics Co Ltd,Private,1,199993.455232,Dev Site,Wilhelmshaven,Dev Site,Wilhelmshaven,Lower Saxony,,2020-02-20 00:00:00
4004,e27ce0ab-e4d8-4aa2-b8d3-741c26f635e6,Ziegler Holzindustrie GmbH & Co. KG,User/Other,1,199995.12,Dev Site,Grafenwohr,Dev Site,Grafenwohr,Bavaria,,2021-12-01 00:00:00
4005,4c48b00f-c8f6-419c-a5d2-da2b723242e8,Mark Hotels,Private,1,,Hotel,Mettmann,Hotel,Mettmann,North Rhine-Westphalia,,2008-11-30 00:00:00
4006,4c48b00f-c8f6-419c-a5d2-da2b723242e8,Projekt Octave GmbH,Private,1,1799.95608,Retail,Hanover,Retail,Hanover,Lower Saxony,,2013-09-02 00:00:00
4007,4c48b00f-c8f6-419c-a5d2-da2b723242e8,Gemeinnutzige Wohnungsbau-Gesellschaft Ingolstadt GmbH,Private,1,14999.634,Dev Site,Ingolstadt,Dev Site,Ingolstadt,Bavaria,,2012-11-30 00:00:00
4008,bd5657ae-402e-4677-a035-dc18a547bcae,Eisenbahner-Wohnungsbaugenossenschaft eG,User/Other,1,2699.93412,Dev Site,Dresden,Dev Site,Dresden,Saxony,,2013-06-17 00:00:00
4009,8013a771-b0b4-4ac7-b9b1-20778c5d75fb,Travel24.com AG,Private,1,18849.54006,Office,Leipzig,Office; Hotel,Leipzig; Cologne,Saxony; North Rhine-Westphalia,,2021-06-23 00:00:00
4010,4c48b00f-c8f6-419c-a5d2-da2b723242e8,PV Vierte Projekt GmbH & Co. KG,Private,1,3964.903254,Industrial,Haar,Industrial,Haar,Bavaria,,2023-05-16 00:00:00
4011,eaf4bf3d-c951-4ad1-b40f-9ac89e8e102a,City of Kempen,User/Other,1,1399.96584,Industrial,Kempen,Industrial,Kempen,North Rhine-Westphalia,,2015-10-01 00:00:00
4012,4c48b00f-c8f6-419c-a5d2-da2b723242e8,Paracelsus GmbH & Co. KG,Private,1,85139.9225352,Dev Site,Hamm,Dev Site,Hamm,North Rhine-Westphalia,,2012-04-03 00:00:00
4013,4c48b00f-c8f6-419c-a5d2-da2b723242e8,August und Karl Grundker Bau- und Entwicklungsgesellschaft,Private,1,69998.292,Dev Site,Munster,Dev Site,Munster,North Rhine-Westphalia,,2013-05-08 00:00:00
4014,0af6c7ad-79e2-40a0-83af-f713b2ad6d2f,Heck Unternehmensgruppe,Private,1,6499.8414,Industrial,Heilbad Heiligenstadt,Industrial,Heilbad Heiligenstadt,Thuringia,,2016-01-06 00:00:00
4015,e27ce0ab-e4d8-4aa2-b8d3-741c26f635e6,Radeberger Gruppe,User/Other,1,219994.632,Dev Site,Bad Vilbel,Dev Site,Bad Vilbel,Hesse,,2009-06-15 00:00:00
4016,e27ce0ab-e4d8-4aa2-b8d3-741c26f635e6,Uvex Arbeitsschutz GmbH,User/Other,1,34998.8546656,Dev Site,Schwabach,Dev Site,Schwabach,Bavaria,,2020-04-15 00:00:00
4017,2e7f66ce-34b2-41aa-8b8b-25cff807b28e,Sparkasse Bad Tolz,Institutional,1,4399.89264,Dev Site,Wolfratshausen,Dev Site,Wolfratshausen,Bavaria,,2024-02-20 00:00:00
4018,da747c59-b0c5-44a2-b539-a24977f531d1,Immo 150,Private,1,3610.9118916,Dev Site,Kaiserslautern,Dev Site,Kaiserslautern,Rhineland-Palatinate,,2016-10-01 00:00:00
4019,4c48b00f-c8f6-419c-a5d2-da2b723242e8,Palatina Wohnbau,Private,1,1999.9512,Dev Site,Kaiserslautern,Dev Site,Kaiserslautern,Rhineland-Palatinate,,2021-11-17 00:00:00
4020,4c48b00f-c8f6-419c-a5d2-da2b723242e8,BWO Immobilien GmbH,Private,1,4299.89508,Dev Site,Witten,Dev Site,Witten,North Rhine-Westphalia,,2020-12-22 00:00:00
4021,e27ce0ab-e4d8-4aa2-b8d3-741c26f635e6,Caro Carre,User/Other,1,10999.7316,Dev Site,Ludwigsburg,Dev Site,Ludwigsburg,Baden-Wurttemberg,,2020-08-11 00:00:00
4022,4c48b00f-c8f6-419c-a5d2-da2b723242e8,Callidus Vulpes GmbH,Private,1,920.9775276,Retail,Frankfurt am Main,Retail,Frankfurt am Main,Hesse,,2013-12-04 00:00:00
4023,1c4c38e6-d637-45cd-a14a-76afca45b074,LRI Invest S.A.,Institutional,1,11982.7076148,Retail,Bretten,Retail,Bretten,Baden-Wurttemberg,,2013-09-30 00:00:00
4024,4c48b00f-c8f6-419c-a5d2-da2b723242e8,Stadtwerke Rodgau,Private,1,2151.9474912,Office,Offenbach am Main,Office,Offenbach am Main,Hesse,,2015-01-06 00:00:00
4025,e27ce0ab-e4d8-4aa2-b8d3-741c26f635e6,Poly-clip System GmbH & Co KG,User/Other,1,44998.902,Dev Site,Hattersheim am Main,Dev Site,Hattersheim am Main,Hesse,,2009-03-31 00:00:00
4026,4c48b00f-c8f6-419c-a5d2-da2b723242e8,Greiner GmbH,Private,1,44998.902,Dev Site,Nidderau,Dev Site,Nidderau,Hesse,,2022-02-21 00:00:00
4027,9ba65989-1aae-4f54-b7c5-933e3c8199ac,GermanInvest Property Group,Institutional,1,139996.584,Office,,Office,Duisburg,North Rhine-Westphalia,,2009-08-18 00:00:00
4028,e27ce0ab-e4d8-4aa2-b8d3-741c26f635e6,Oege-Trading GmbH & Co. KG,User/Other,1,6499.8414,Dev Site,Lunen,Dev Site,Lunen,North Rhine-Westphalia,,2020-02-13 00:00:00
4029,e27ce0ab-e4d8-4aa2-b8d3-741c26f635e6,RUG SEMIN GmbH,User/Other,1,4879.880928,Industrial,Langen (Hessen),Industrial,Langen (Hessen),Hesse,,2016-05-03 00:00:00
4030,4c48b00f-c8f6-419c-a5d2-da2b723242e8,Becker Objekt GmbH,Private,1,3899.90484,Dev Site,Munster,Dev Site,Munster,North Rhine-Westphalia,,2013-03-06 00:00:00
4031,e27ce0ab-e4d8-4aa2-b8d3-741c26f635e6,REFA Dachbau GmbH,User/Other,1,4399.89264,Office,Freiberg am Neckar,Office,Freiberg am Neckar,Baden-Wurttemberg,,2009-12-15 00:00:00
4032,e27ce0ab-e4d8-4aa2-b8d3-741c26f635e6,Brabon Immobilien Beteiligungs-GmbH & Co. KG,User/Other,1,5759.859456,Office,Bonn,Office,Bonn,North Rhine-Westphalia,,2012-08-22 00:00:00
4033,abad3be0-aaf7-42e8-ab87-a88e220b0684,DWG Deutsche Wohnungsbaugenossenschaft,User/Other,1,2699.93412,Apartment,Offenbach am Main,Apartment,Offenbach am Main,Hesse,,2020-02-12 00:00:00
4034,4c48b00f-c8f6-419c-a5d2-da2b723242e8,MH Global GmbH,Private,1,,Hotel,Suhl,Hotel,Suhl,Thuringia,,2017-01-14 00:00:00
4035,4c48b00f-c8f6-419c-a5d2-da2b723242e8,Bau- und Siedlungsgesellschaft,Private,1,905.9778936,Retail,Ulm,Retail,Ulm,Baden-Wurttemberg,,2012-04-12 00:00:00
4036,4c48b00f-c8f6-419c-a5d2-da2b723242e8,Achtstein Invest AG,Private,1,,Apartment,Gelsenkirchen,Apartment,Gelsenkirchen,North Rhine-Westphalia,,2022-08-04 00:00:00
4037,4c48b00f-c8f6-419c-a5d2-da2b723242e8,Bocker Wohnungsbau,Private,1,3999.9024,Dev Site,Hanover,Dev Site,Hanover,Lower Saxony,,2020-08-20 00:00:00
4038,e27ce0ab-e4d8-4aa2-b8d3-741c26f635e6,Habema Futtermittel,User/Other,1,4399.89264,Industrial,Hamburg,Industrial,Hamburg,Hamburg,,2010-04-09 00:00:00
4039,e27ce0ab-e4d8-4aa2-b8d3-741c26f635e6,Nain Trading GmbH,User/Other,1,2199.94632,Office,Hamburg,Office,Hamburg,Hamburg,,2022-04-21 00:00:00
4040,4c48b00f-c8f6-419c-a5d2-da2b723242e8,Grundstucksgesellschaft Porgesring GbR,Private,1,1014.0964,Dev Site,Hamburg,Dev Site,Hamburg,Hamburg,,2011-03-23 00:00:00
4041,4c48b00f-c8f6-419c-a5d2-da2b723242e8,Porschestrasse 102 Gmbh & Co KG,Private,1,15449.62302,Retail,Wolfsburg,Retail,Wolfsburg,Lower Saxony,,2019-01-11 00:00:00
4042,e27ce0ab-e4d8-4aa2-b8d3-741c26f635e6,Mietens & Partner GmbH,User/Other,1,2999.9268,Industrial,Salzgitter,Industrial,Salzgitter,Lower Saxony,,2009-11-15 00:00:00
4043,380b75ce-77da-4d94-b3d7-b37a71e59a10,Limehome,Private,1,1799.95608,Dev Site,Stuttgart,Dev Site,Stuttgart,Baden-Wurttemberg,,2022-05-25 00:00:00
4044,03e1c80f-4b59-4bc7-bbc4-7b3e69f3c622,Yum Brands Inc,User/Other,1,4499.8902,Dev Site,Ludwigsburg,Dev Site,Ludwigsburg,Baden-Wurttemberg,,2013-08-27 00:00:00
4045,e27ce0ab-e4d8-4aa2-b8d3-741c26f635e6,Beropack GmbH,User/Other,1,1129.972428,Industrial,Hainburg,Industrial,Hainburg,Hesse,,2008-08-01 00:00:00
4046,20624920-c872-443d-88ef-214d6f42f593,Corum XL SCPI (Corum),Private,1,4599.88776,Retail,Oldenburg (Oldenburg),Retail,Oldenburg (Oldenburg),Lower Saxony,,2017-12-23 00:00:00
4047,8724dd0c-3c4d-402f-bf25-d1bb390132a3,Stern Gewerbepark,Private,1,1299.96828,Office,Meerane,Office,Meerane,Saxony,,2018-03-29 00:00:00
4048,4c48b00f-c8f6-419c-a5d2-da2b723242e8,Wohnpark Heide GmbH,Private,1,7299.82188,Dev Site,Heide,Dev Site,Heide,Schleswig-Holstein,,2012-05-02 00:00:00
4049,4c48b00f-c8f6-419c-a5d2-da2b723242e8,Epple Verwaltungs GmbH,Private,1,972.9762588,Seniors Housing & Care,Ochsenhausen,Seniors Housing & Care,Ochsenhausen,Baden-Wurttemberg,,2021-12-17 00:00:00
4050,4c48b00f-c8f6-419c-a5d2-da2b723242e8,Silber-Bonz family,Private,1,,Hotel,Troisdorf,Hotel,Troisdorf,North Rhine-Westphalia,,2015-09-18 00:00:00
4051,35428c62-a131-41a2-addd-ecb8a358614f,Wave Group,Private,1,,Apartment,Frankfurt am Main,Apartment,Frankfurt am Main,Hesse,,2013-07-24 00:00:00
4052,4c48b00f-c8f6-419c-a5d2-da2b723242e8,VIG Vienna Immobilieninvestment Group GmbH,Private,1,1999.9512,Dev Site,Bad Duben,Dev Site,Bad Duben,Saxony,,2020-10-07 00:00:00
4053,4c48b00f-c8f6-419c-a5d2-da2b723242e8,Natives Capital GmbH,Private,1,2599.93656,Hotel,Berlin,Hotel,Berlin,Berlin,,2021-11-30 00:00:00
4054,3477c9a2-d561-4597-8ad2-2535e64727d5,SPG & Co Berlin,Private,1,9999.756,Office,Berlin,Office,Berlin,Berlin,,2019-07-19 00:00:00
4055,e27ce0ab-e4d8-4aa2-b8d3-741c26f635e6,Rent24,User/Other,1,4639.886784,Office,Berlin,Office,Berlin,Berlin,,2016-06-15 00:00:00
4056,4c48b00f-c8f6-419c-a5d2-da2b723242e8,Tippin,Private,1,24649.39854,Office,Berlin,Office,Berlin,Berlin,,2012-12-01 00:00:00
4057,8215dc85-20c9-4270-b369-c30d498caee0,AMLT Property Group,Private,1,4039.901424,Office,Berlin,Office,Berlin,Berlin,,2014-04-02 00:00:00
4058,4c48b00f-c8f6-419c-a5d2-da2b723242e8,Frederik Heede,Private,1,25999.3656,Dev Site,Osnabruck,Dev Site,Osnabruck,Lower Saxony,,2013-04-30 00:00:00
4059,e27ce0ab-e4d8-4aa2-b8d3-741c26f635e6,Veganz Group,User/Other,1,2499.939,Industrial,Cuxhaven,Industrial,Cuxhaven,Lower Saxony,,2023-10-25 00:00:00
4060,4c48b00f-c8f6-419c-a5d2-da2b723242e8,Brunner + Co Baugesellschaft mbH,Private,1,10099.75356,Office,Munich,Office,Munich,Bavaria,,2015-12-08 00:00:00
4061,e27ce0ab-e4d8-4aa2-b8d3-741c26f635e6,Otto Bock Healthcare,User/Other,1,24999.39,Dev Site,Berlin,Dev Site,Berlin,Berlin,,2011-01-15 00:00:00
4062,4c48b00f-c8f6-419c-a5d2-da2b723242e8,Release Vermogensverwaltung KG,Private,1,,Apartment,Neuss,Apartment,Neuss,North Rhine-Westphalia,,2011-03-31 00:00:00
4063,4c48b00f-c8f6-419c-a5d2-da2b723242e8,Michael Kafer,Private,1,,Hotel,Munich,Hotel,Munich,Bavaria,,2017-04-21 00:00:00
4064,eaf4bf3d-c951-4ad1-b40f-9ac89e8e102a,City of Waldsassen,User/Other,1,649.98414,Office,Waldsassen,Office,Waldsassen,Bavaria,,2021-01-12 00:00:00
4065,4c48b00f-c8f6-419c-a5d2-da2b723242e8,Klinkenberg Architekten,Private,1,1033.9747704,Office,Berlin,Office,Berlin,Berlin,,2015-06-01 00:00:00
4066,e27ce0ab-e4d8-4aa2-b8d3-741c26f635e6,Instana GmbH,User/Other,1,5499.8658,Industrial,Solingen,Industrial,Solingen,North Rhine-Westphalia,,2019-05-23 00:00:00
4067,4c48b00f-c8f6-419c-a5d2-da2b723242e8,Moritzplatz 1 Entwicklungsgesellschaft mbH,Private,1,13999.6584,Industrial,Berlin,Industrial,Berlin,Berlin,,2008-11-15 00:00:00
4068,4c48b00f-c8f6-419c-a5d2-da2b723242e8,Rhein Tower Ludwigshafen GmbH,Private,1,9999.756,Office,Ludwigshafen am Rhein,Office,Ludwigshafen am Rhein,Rhineland-Palatinate,,2008-09-16 00:00:00
4069,4c48b00f-c8f6-419c-a5d2-da2b723242e8,KUKUUN Projektentwicklung GmbH,Private,1,16999.44369472,Dev Site,Friedrichsdorf,Dev Site,Friedrichsdorf,Hesse,,2022-05-17 00:00:00
4070,4c48b00f-c8f6-419c-a5d2-da2b723242e8,Insellkamer,Private,1,11999.7072,Office,Munich,Office,Munich,Bavaria,,2004-06-01 00:00:00
4071,dff0eea9-30e5-40e2-9c82-af5ab31bd71d,Turkisch-Islamische Union der Anstalt fur Religion,User/Other,1,4999.878,Office,Bottrop,Office,Bottrop,North Rhine-Westphalia,,2011-08-02 00:00:00
4072,a7795810-5458-468d-bbd6-58f78b0383f4,Puma,User/Other,1,39998.6910464,Dev Site,Herzogenaurach,Dev Site,Herzogenaurach,Bavaria,,2015-07-16 00:00:00
4073,e27ce0ab-e4d8-4aa2-b8d3-741c26f635e6,Eyice-Kruger-Poljo GbR,User/Other,1,7199.82432,Industrial,Leverkusen,Industrial,Leverkusen,North Rhine-Westphalia,,2012-06-25 00:00:00
4074,4c48b00f-c8f6-419c-a5d2-da2b723242e8,May und Poth Gruppe,Private,1,6999.8292,Retail,Halberstadt,Retail,Halberstadt,Saxony-Anhalt,,2008-02-29 00:00:00
4075,4c48b00f-c8f6-419c-a5d2-da2b723242e8,Jan Wunschel,Private,1,2799.93168,Office,Fulda,Office,Fulda,Hesse,,2013-04-13 00:00:00
4076,4c48b00f-c8f6-419c-a5d2-da2b723242e8,Markus Rohner,Private,1,2799.93168,Office,Fulda,Office,Fulda,Hesse,,2013-04-13 00:00:00
4077,4c48b00f-c8f6-419c-a5d2-da2b723242e8,Erhard Buchel,Private,1,2799.93168,Office,Fulda,Office,Fulda,Hesse,,2013-04-13 00:00:00
4078,4c48b00f-c8f6-419c-a5d2-da2b723242e8,Armin Alt,Private,1,2799.93168,Office,Fulda,Office,Fulda,Hesse,,2013-04-13 00:00:00
4079,4c48b00f-c8f6-419c-a5d2-da2b723242e8,Landguard Projektmanagement,Private,1,3227.9212368,Dev Site,Duisburg,Dev Site,Duisburg,North Rhine-Westphalia,,2022-07-14 00:00:00
4080,4c48b00f-c8f6-419c-a5d2-da2b723242e8,SK 62 Real Estate GmbH,Private,1,3227.9212368,Dev Site,Duisburg,Dev Site,Duisburg,North Rhine-Westphalia,,2022-07-14 00:00:00
4081,4c48b00f-c8f6-419c-a5d2-da2b723242e8,Passat Immobilien,Private,1,5999.8536,Office,Hamburg,Office,Hamburg,Hamburg,,2002-06-01 00:00:00
4082,e27ce0ab-e4d8-4aa2-b8d3-741c26f635e6,HKL Baumaschinen GmbH,User/Other,1,1329.967548,Industrial,Hamburg,Industrial,Hamburg,Hamburg,,2018-05-14 00:00:00
4083,e27ce0ab-e4d8-4aa2-b8d3-741c26f635e6,Pixlip GmbH,User/Other,1,2499.939,Industrial,Langenfeld (Rheinland),Industrial,Langenfeld (Rheinland),North Rhine-Westphalia,,2015-10-15 00:00:00
4084,e27ce0ab-e4d8-4aa2-b8d3-741c26f635e6,Euroroll GmbH,User/Other,1,19999.3455232,Dev Site,Werne,Dev Site,Werne,North Rhine-Westphalia,,2019-03-01 00:00:00
4085,e27ce0ab-e4d8-4aa2-b8d3-741c26f635e6,Krajewski Unternehmensgruppe,User/Other,1,2399.94144,Industrial,Scharnebeck,Industrial,Scharnebeck,Lower Saxony,,2019-03-26 00:00:00
4086,d7bb25b3-28f1-4b8b-8c26-6ba46f00175c,Islamic Republic of Iran,User/Other,1,4399.89264,Dev Site,Frankfurt am Main,Dev Site,Frankfurt am Main,Hesse,,2001-03-01 00:00:00
4087,4c48b00f-c8f6-419c-a5d2-da2b723242e8,Jan Hayunga,Private,1,8999.7804,Retail,Seeth-Ekholt,Retail,Seeth-Ekholt,Schleswig-Holstein,,2018-03-02 00:00:00
4088,4c48b00f-c8f6-419c-a5d2-da2b723242e8,Asas,Private,1,879971.2030208,Dev Site,Neuwied,Dev Site,Neuwied,Rhineland-Palatinate,,2018-11-01 00:00:00
4089,4c48b00f-c8f6-419c-a5d2-da2b723242e8,Hans-Joachim Tessner,Private,1,,Hotel,Bernau am Chiemsee,Hotel,Bernau am Chiemsee,Bavaria,,2008-09-15 00:00:00
4090,41016f47-3c89-475e-8e2d-a3729231fcd4,Contec Immobilien Gruppe,Private,1,8699.78772,Retail,Viersen,Retail,Viersen,North Rhine-Westphalia,,2016-04-23 00:00:00
4091,eaf4bf3d-c951-4ad1-b40f-9ac89e8e102a,City of Ludwigshafen,User/Other,1,32999.1948,Retail,Ludwigshafen am Rhein,Retail,Ludwigshafen am Rhein,Rhineland-Palatinate,,2019-04-16 00:00:00
4092,eaf4bf3d-c951-4ad1-b40f-9ac89e8e102a,Stadt Ludwigsfelde,User/Other,1,,Office,Ludwigsfelde,Office,Ludwigsfelde,Brandenburg,,2013-02-08 00:00:00
4093,4c48b00f-c8f6-419c-a5d2-da2b723242e8,Thorsten Fein,Private,1,,Hotel,Hofheim am Taunus,Hotel,Hofheim am Taunus,Hesse,,2009-01-14 00:00:00
4094,4c48b00f-c8f6-419c-a5d2-da2b723242e8,Cemil Esen,Private,1,,Apartment,Cologne,Apartment,Cologne,North Rhine-Westphalia,,2014-06-11 00:00:00
4095,4c48b00f-c8f6-419c-a5d2-da2b723242e8,Red Circle s.r.l.,Private,1,1499.9634,Office,Dusseldorf,Office,Dusseldorf,North Rhine-Westphalia,,2004-09-01 00:00:00
4096,4c48b00f-c8f6-419c-a5d2-da2b723242e8,Inselmuhle Usedom GmbH,Private,1,,Hotel,Schonbeck,Hotel,Schonbeck,Mecklenburg-West Pomerania,,2019-12-06 00:00:00
4097,e27ce0ab-e4d8-4aa2-b8d3-741c26f635e6,Rolf Benzinger Spedition-Transporte GmbH,User/Other,1,11283.7246704,Industrial,Lommatzsch,Industrial,Lommatzsch,Saxony,,2015-06-25 00:00:00
4098,e27ce0ab-e4d8-4aa2-b8d3-741c26f635e6,Gartencenter Brockmeyer GmbH & Co. KG,User/Other,1,21699.47052,Dev Site,Halle (Westf.),Dev Site,Halle (Westf.),North Rhine-Westphalia,,2021-01-27 00:00:00
4099,e27ce0ab-e4d8-4aa2-b8d3-741c26f635e6,Convent Spedition,User/Other,1,32499.207,Dev Site,Emmerich am Rhein,Dev Site,Emmerich am Rhein,North Rhine-Westphalia,,2018-12-19 00:00:00
4100,4c48b00f-c8f6-419c-a5d2-da2b723242e8,Lars Pieron,Private,1,2399.94144,Retail,Bocholt,Retail,Bocholt,North Rhine-Westphalia,,2011-06-01 00:00:00
4101,4c48b00f-c8f6-419c-a5d2-da2b723242e8,Hotel Fahrhaus Munkmarsch GmbH,Private,1,,Hotel,Baiersbronn,Hotel,Baiersbronn,Baden-Wurttemberg,,2017-09-06 00:00:00
4102,abad3be0-aaf7-42e8-ab87-a88e220b0684,bbg Berliner Baugenossenschaft eG,User/Other,1,,Apartment,Berlin,Apartment,Berlin,Berlin,,2014-09-30 00:00:00
4103,eaf4bf3d-c951-4ad1-b40f-9ac89e8e102a,Landkreis Passau,User/Other,1,,Office,Passau,Office,Passau,Bavaria,,2003-12-31 00:00:00
4104,4c48b00f-c8f6-419c-a5d2-da2b723242e8,Capital H Immobilien,Private,1,4024.90179,Apartment,Germering,Industrial; Apartment,Emmering; Germering,Bavaria,,2020-05-07 00:00:00
4105,4c48b00f-c8f6-419c-a5d2-da2b723242e8,Brueder Family,Private,1,3599.91216,Apartment,Munich,Apartment,Munich,Bavaria,,2012-02-01 00:00:00
4106,e27ce0ab-e4d8-4aa2-b8d3-741c26f635e6,ASG Aluminium und Stahl GmbH,User/Other,1,7269.822612,Dev Site,Juchen,Dev Site,Juchen,North Rhine-Westphalia,,2022-05-13 00:00:00
4107,4c48b00f-c8f6-419c-a5d2-da2b723242e8,MaTo Immo UG,Private,1,2734.933266,Industrial,Achim,Industrial,Achim,Lower Saxony,,2014-10-09 00:00:00
4108,abad3be0-aaf7-42e8-ab87-a88e220b0684,Industrie- und Handelskammer Hochrhein-Bodensee,User/Other,1,10699.73892,Office,Konstanz,Office,Konstanz,Baden-Wurttemberg,,2014-08-31 00:00:00
4109,e27ce0ab-e4d8-4aa2-b8d3-741c26f635e6,3D-Micromac,User/Other,1,8999.7804,Dev Site,Chemnitz,Dev Site,Chemnitz,Saxony,,2015-10-07 00:00:00
4110,ac50448d-e544-4100-9f2c-d91ce7940514,Ostermayer Wohnbau,Private,1,20999.4876,Dev Site,Mannheim,Dev Site,Mannheim,Baden-Wurttemberg,,2014-12-16 00:00:00
4111,4c48b00f-c8f6-419c-a5d2-da2b723242e8,Wolfsteller Projekt und Bau GmbH,Private,1,7392.8196108,Dev Site,Barsinghausen,Dev Site,Barsinghausen,Lower Saxony,,2023-11-23 00:00:00
4112,e27ce0ab-e4d8-4aa2-b8d3-741c26f635e6,Liebherr-Nenzing GmbH,User/Other,1,43998.9264,Dev Site,Hamburg,Dev Site,Hamburg,Hamburg,,2017-05-09 00:00:00
4113,dff0eea9-30e5-40e2-9c82-af5ab31bd71d,Bhakti Marga,User/Other,1,4999.878,Hotel,Kirchheim,Hotel,Kirchheim,Hesse,,2020-11-18 00:00:00
4114,4c48b00f-c8f6-419c-a5d2-da2b723242e8,"""Guter Freund am Preuswald"" Vermogensverwaltung GmbH & Co. KG",Private,1,13599.66816,Apartment,Aachen,Apartment,Aachen,North Rhine-Westphalia,,2018-09-11 00:00:00
4115,bd5657ae-402e-4677-a035-dc18a547bcae,Lange Rode Stiftung,User/Other,1,1106.9729892,Apartment,Hamburg,Apartment,Hamburg,Hamburg,,2023-04-13 00:00:00
4116,8ba7f5fb-5bd6-46c7-94ed-a610cddc6c24,GKV-Spitzenverband,Institutional,1,15061.6324872,Office,Berlin,Office,Berlin,Berlin,,2014-09-01 00:00:00
4117,24adb5fb-5a95-4838-8111-8f0549d7da8f,Marburger Bund Treuhandgesellschaft mbH,Institutional,1,1099.97316,Office,Berlin,Office,Berlin,Berlin,,2004-03-01 00:00:00
4118,d8fad9e6-8983-4e36-b60f-49fb4cfc6d66,Aegila Cap Mgmt,Institutional,1,55803.638358,Office,Essen,Office,Essen,North Rhine-Westphalia,,2018-10-01 00:00:00
4119,4c48b00f-c8f6-419c-a5d2-da2b723242e8,Familien Prangenberg und Zaum,Private,1,3499.9146,Office,Viersen,Office,Viersen,North Rhine-Westphalia,,2014-03-31 00:00:00
4120,3ee910a4-e8ee-4c1c-8d43-1dfcb1f88145,Bloemer am Markt GmbH & Co. KG,Private,1,405.9900936,Retail,Bonn,Retail,Bonn,North Rhine-Westphalia,,2015-01-12 00:00:00
4121,4c48b00f-c8f6-419c-a5d2-da2b723242e8,Kleinpoppen Projekte,Private,1,27999.3168,Dev Site,Wermelskirchen,Dev Site,Wermelskirchen,North Rhine-Westphalia,,2012-07-06 00:00:00
4122,e27ce0ab-e4d8-4aa2-b8d3-741c26f635e6,Micro Technica® Technologies GmbH,User/Other,1,3529.913868,Industrial,Kornwestheim,Industrial,Kornwestheim,Baden-Wurttemberg,,2012-09-20 00:00:00
4123,4c48b00f-c8f6-419c-a5d2-da2b723242e8,Auto-Service-Park Immobiliengesellschaft (ASP),Private,1,39999.024,Dev Site,Neumunster,Dev Site,Neumunster,Schleswig-Holstein,,2013-11-14 00:00:00
4124,4c48b00f-c8f6-419c-a5d2-da2b723242e8,Michael Wagner,Private,1,2185.9466616,Hotel,Dusseldorf,Hotel,Dusseldorf,North Rhine-Westphalia,,2008-11-15 00:00:00
4125,e27ce0ab-e4d8-4aa2-b8d3-741c26f635e6,Pfitzenmeier,User/Other,1,4122.8993988,Dev Site,Bruhl,Dev Site,Bruhl,Baden-Wurttemberg,,2015-09-03 00:00:00
4126,4c48b00f-c8f6-419c-a5d2-da2b723242e8,RNNR GmbH& Co. KG,Private,1,1201.9706712,Retail,Berlin,Retail,Berlin,Berlin,,2013-07-24 00:00:00
4127,4c48b00f-c8f6-419c-a5d2-da2b723242e8,Metternich & Partner,Private,1,1749.9573,Office,Berlin,Office,Berlin,Berlin,,2015-04-23 00:00:00
4128,4c48b00f-c8f6-419c-a5d2-da2b723242e8,C. Steimel,Private,1,1479.963888,Office,Bonn,Office,Bonn,North Rhine-Westphalia,,2013-04-08 00:00:00
4129,e27ce0ab-e4d8-4aa2-b8d3-741c26f635e6,Kempf GmbH,User/Other,1,89997.804,Dev Site,Rohrbach,Dev Site,Rohrbach,Bavaria,,2018-07-18 00:00:00
4130,4c48b00f-c8f6-419c-a5d2-da2b723242e8,Reiner Schenke,Private,1,10999.7316,Dev Site,Gutersloh,Dev Site,Gutersloh,North Rhine-Westphalia,,2014-04-10 00:00:00
4131,24adb5fb-5a95-4838-8111-8f0549d7da8f,Kommunaler Versorgungsverband Sachsen,Institutional,1,9999.756,Retail,Mainz,Retail,Mainz,Rhineland-Palatinate,,2020-03-20 00:00:00
4132,e27ce0ab-e4d8-4aa2-b8d3-741c26f635e6,Fahrrad XXL Franz,User/Other,1,11249.7255,Retail,Mainz,Retail,Mainz,Rhineland-Palatinate,,2020-03-01 00:00:00
4133,4c48b00f-c8f6-419c-a5d2-da2b723242e8,Marquardt GmbH & Co. KG,Private,1,1379.966328,Industrial,Cologne,Industrial,Cologne,North Rhine-Westphalia,,2009-04-21 00:00:00
4134,2c9257d0-1a9d-4b64-bfc9-8404879a46cf,Rheingauer Volksbank,Institutional,1,12299.69988,Industrial,Oestrich-Winkel,Industrial,Oestrich-Winkel,Hesse,,2023-12-19 00:00:00
4135,4c48b00f-c8f6-419c-a5d2-da2b723242e8,Mehmet Ali Sen,Private,1,84997.926,Dev Site,Mannheim,Dev Site,Mannheim,Baden-Wurttemberg,,2013-06-06 00:00:00
4136,93ea2221-a3bc-4e42-a43f-f124cdd1c332,KRE Vastgoed,Private,1,4149.89874,Dev Site,Monheim am Rhein,Dev Site; Office; Parking Facility,Monheim am Rhein,North Rhine-Westphalia,,2022-12-31 00:00:00
4137,4c48b00f-c8f6-419c-a5d2-da2b723242e8,Monheim Investments Sarl,Private,1,11983.7075904,Office,Monheim am Rhein,Office,Monheim am Rhein,North Rhine-Westphalia,,2006-06-01 00:00:00
4138,b3b10da5-455f-4a47-a9b0-dddb32eb711b,InPartner,Institutional,1,27343.105573,Industrial,Rees,Industrial,Rees,North Rhine-Westphalia,,2006-07-31 00:00:00
4139,4c48b00f-c8f6-419c-a5d2-da2b723242e8,Schulte Immobilien-Gruppe,Private,1,1049.97438,Retail,Bremerhaven,Retail,Bremerhaven,Bremen,,2020-11-03 00:00:00
4140,4c48b00f-c8f6-419c-a5d2-da2b723242e8,AWR Abbruch,Private,1,105997.4136,Dev Site,Neuwied,Dev Site,Neuwied,Rhineland-Palatinate,,2023-08-07 00:00:00
4141,4c48b00f-c8f6-419c-a5d2-da2b723242e8,Wackerbau GmbH & Co. KG,Private,1,,Apartment,Baden-Baden,Apartment,Baden-Baden,Baden-Wurttemberg,,2021-06-10 00:00:00
4142,4c48b00f-c8f6-419c-a5d2-da2b723242e8,invenio GmbH,Private,1,799.98048,Office,Wiesbaden,Office,Wiesbaden,Hesse,,2013-12-28 00:00:00
4143,4c48b00f-c8f6-419c-a5d2-da2b723242e8,Alpenland Gruppe Berlin GmbH,Private,1,,Seniors Housing & Care,Berlin,Seniors Housing & Care,Berlin,Berlin,,2014-05-12 00:00:00
4144,4c48b00f-c8f6-419c-a5d2-da2b723242e8,Stahlwerke Unna,Private,1,59998.536,Dev Site,Bonen,Dev Site,Bonen,North Rhine-Westphalia,,2011-11-01 00:00:00
4145,e27ce0ab-e4d8-4aa2-b8d3-741c26f635e6,Riani GmbH,User/Other,1,9999.756,Dev Site,Schorndorf,Dev Site,Schorndorf,Baden-Wurttemberg,,2015-09-19 00:00:00
4146,e27ce0ab-e4d8-4aa2-b8d3-741c26f635e6,Uncle Sam GmbH,User/Other,1,1319.967792,Industrial,Cologne,Industrial,Cologne,North Rhine-Westphalia,,2012-11-08 00:00:00
4147,4c48b00f-c8f6-419c-a5d2-da2b723242e8,DuDuisburger Hafen AG,Private,1,34998.8547199316,Industrial,Duisburg,Industrial,Duisburg,North Rhine-Westphalia,,2008-01-15 00:00:00
4148,4c48b00f-c8f6-419c-a5d2-da2b723242e8,"Braun Leberfinger Ludwig Weidinger Steuerberater,",Private,1,4359.893616,Office,Munich,Office,Munich,Bavaria,,2011-09-29 00:00:00
4149,eaf4bf3d-c951-4ad1-b40f-9ac89e8e102a,Ministry of Finance Baden-Wurttemberg,User/Other,1,999.9756,Office,Stuttgart,Office,Stuttgart,Baden-Wurttemberg,,2012-04-19 00:00:00
4150,4c48b00f-c8f6-419c-a5d2-da2b723242e8,BauFormArt,Private,1,3015.9264096,Dev Site,Krefeld,Dev Site,Krefeld,North Rhine-Westphalia,,2022-03-01 00:00:00
4151,953da06b-1289-4d6d-b63d-14e626284145,Rotterdam Gruppe,Private,1,2099.94876,Retail,Hilden,Retail,Hilden,North Rhine-Westphalia,,2015-07-15 00:00:00
4152,4c48b00f-c8f6-419c-a5d2-da2b723242e8,Obotritia Capital KGAA,Private,1,6686.8368372,Industrial,Berlin,Industrial,Berlin,Berlin,,2015-04-29 00:00:00
4153,e27ce0ab-e4d8-4aa2-b8d3-741c26f635e6,Nanntsche Handelsagentur GmbH,User/Other,1,10599.74136,Industrial,Reutlingen,Industrial,Reutlingen,Baden-Wurttemberg,,2012-05-15 00:00:00
4154,e27ce0ab-e4d8-4aa2-b8d3-741c26f635e6,Dohler Gruppe,User/Other,1,61997.97112192,Dev Site,Darmstadt,Dev Site,Darmstadt,Hesse,,2013-07-17 00:00:00
4155,51c0ea42-6ca0-40b8-ab19-b84f353e9988,City of Datteln,User/Other,1,5029835.3990848,Dev Site,Datteln,Dev Site,Datteln,North Rhine-Westphalia,,2019-09-01 00:00:00
4156,4c48b00f-c8f6-419c-a5d2-da2b723242e8,Geestmann Bau,Private,1,1874.95425,Retail,Ritterhude,Retail,Ritterhude,Lower Saxony,,2020-07-07 00:00:00
4157,4c48b00f-c8f6-419c-a5d2-da2b723242e8,Castlewood Hotels Und Resorts AG,Private,1,2249.9451,Hotel,Lindberg,Hotel,Lindberg,Bavaria,,2023-10-02 00:00:00
4158,4c48b00f-c8f6-419c-a5d2-da2b723242e8,HSG Immobilienkontor mbH,Private,1,17399.57544,Dev Site,Erfurt,Dev Site,Erfurt,Thuringia,,2012-04-19 00:00:00
4159,e27ce0ab-e4d8-4aa2-b8d3-741c26f635e6,Bonifatius Seniorendienste GmbH,User/Other,1,5999.8536,Dev Site,Bornheim,Dev Site,Bornheim,North Rhine-Westphalia,,2015-09-11 00:00:00
4160,a285ae02-0044-4b3b-a00c-0d77354a963b,Athora Lebensversicherung AG,Institutional,1,9999.756,Office,Frankfurt am Main,Office,Munich; Frankfurt am Main,Bavaria; Hesse,,2022-08-31 00:00:00
4161,7f5bc5a9-84d4-4065-a337-e021547e6ca9,Seaside Hotels,Private,1,,Hotel,Dresden,Hotel,Dresden,Saxony,,2005-12-31 00:00:00
4162,e27ce0ab-e4d8-4aa2-b8d3-741c26f635e6,Diao Elevator,User/Other,1,16999.5852,Dev Site,Buchholz in der Nordheide,Dev Site,Buchholz in der Nordheide,Lower Saxony,,2014-11-12 00:00:00
4163,4c48b00f-c8f6-419c-a5d2-da2b723242e8,Wellner - das Modehaus GmbH & Co. KG,Private,1,2499.939,Office,Hameln,Office,Hameln,Lower Saxony,,2024-04-17 00:00:00
4164,4a79cc62-1690-4829-b997-18d7681f6b91,Lifestyle Hospitality & Entertainment Group,Private,1,7999.8048,Apartment,Dusseldorf,Apartment,Dusseldorf,North Rhine-Westphalia,,2010-09-01 00:00:00
4165,4c48b00f-c8f6-419c-a5d2-da2b723242e8,BEST Fluidsysteme GmbH,Private,1,1519.962912,Industrial,Maintal,Industrial,Maintal,Hesse,,2008-10-23 00:00:00
4166,e27ce0ab-e4d8-4aa2-b8d3-741c26f635e6,DMT Produktentwicklung,User/Other,1,5199.87312,Dev Site,Gartringen,Dev Site,Gartringen,Baden-Wurttemberg,,2023-01-24 00:00:00
4167,e27ce0ab-e4d8-4aa2-b8d3-741c26f635e6,Egeplast International,User/Other,1,35998.82194176,Dev Site,Greven,Dev Site,Greven,North Rhine-Westphalia,,2022-02-21 00:00:00
4168,e27ce0ab-e4d8-4aa2-b8d3-741c26f635e6,Kubivent GmbH,User/Other,1,8199.79992,Industrial,Urbach,Industrial,Urbach,Baden-Wurttemberg,,2015-08-13 00:00:00
4169,aee8e7bb-634a-4743-8615-d2f6c36b225d,Krug Gruppe,Private,1,49998.78,Industrial,Bebra,Industrial,Bebra,Hesse,,2012-02-29 00:00:00
4170,4c48b00f-c8f6-419c-a5d2-da2b723242e8,EKZ Laatzen GbR,Private,1,10999.7316,Retail,Laatzen,Retail,Laatzen,Lower Saxony,,2010-01-31 00:00:00
4171,4c48b00f-c8f6-419c-a5d2-da2b723242e8,Harald & Rainer Opolka,Private,1,,Hotel,Storkow (Mark),Hotel,Storkow (Mark),Brandenburg,,2012-06-15 00:00:00
4172,19d400a1-c306-469c-8b11-94e2b9009763,Kruse Immobiliengesellschaft,Private,1,11799.71208,Dev Site,Cologne,Dev Site,Cologne,North Rhine-Westphalia,,2010-04-16 00:00:00
4173,4c48b00f-c8f6-419c-a5d2-da2b723242e8,Real Future GmbH DE,Private,1,40998.9996,Dev Site,Furstenberg/Havel,Dev Site,Furstenberg/Havel,Brandenburg,,2022-11-20 00:00:00
4174,4c48b00f-c8f6-419c-a5d2-da2b723242e8,Hillenbrand Gurgiel,Private,1,3999.9024,Office,Bonn,Office,Bonn,North Rhine-Westphalia,,2015-01-31 00:00:00
4175,83aaf04f-b617-4f2d-a16c-2e0e0fb1d09e,Koch Immobilien,Private,1,2999.90183313699,Office,Dusseldorf,Office,Dusseldorf,North Rhine-Westphalia,,2007-02-28 00:00:00
4176,4c48b00f-c8f6-419c-a5d2-da2b723242e8,EN-Leit Gesellschaft für Grundstucksverwaltung mbH,Private,1,3199.92192,Industrial,"Hanau, Bruder-Grimm-Stadt",Industrial,"Hanau, Bruder-Grimm-Stadt",Hesse,,2013-12-17 00:00:00
4177,bd5657ae-402e-4677-a035-dc18a547bcae,Lebenshilfe Giessen eV,User/Other,1,5599.86336,Dev Site,Giessen,Dev Site,Giessen,Hesse,,2016-01-22 00:00:00
4178,5f9ada73-f747-4b35-9cf9-b51435174bc8,Fraser & Neave,Public,1,14999.634,Office,Hamburg,Office,Hamburg,Hamburg,Frasers Hospitality,2013-10-07 00:00:00
4179,4c48b00f-c8f6-419c-a5d2-da2b723242e8,Hecker & Partner,Private,1,1138.9722084,Hotel,Pulheim,Hotel,Pulheim,North Rhine-Westphalia,,2019-12-15 00:00:00
4180,4c48b00f-c8f6-419c-a5d2-da2b723242e8,P.H. und C.H.B. Gbr,Private,1,2390.9416596,Office,Heidelberg,Office,Heidelberg,Baden-Wurttemberg,,2019-01-07 00:00:00
4181,5bb852fe-51fb-435f-a175-1fa347776725,Rheinische Wohnbau,Private,1,1403.9657424,Office,Dusseldorf,Office,Dusseldorf,North Rhine-Westphalia,,2011-05-11 00:00:00
4182,bd5657ae-402e-4677-a035-dc18a547bcae,Stiftung Edith Maryon,User/Other,1,37999.0728,Industrial,Berlin,Industrial,Berlin,Berlin,,2015-11-26 00:00:00
4183,e27ce0ab-e4d8-4aa2-b8d3-741c26f635e6,OKI GmbH,User/Other,1,105997.4136,Dev Site,Osnabruck,Dev Site,Osnabruck,Lower Saxony,,2010-04-15 00:00:00
4184,eaf4bf3d-c951-4ad1-b40f-9ac89e8e102a,Rhein-Neckar-Kreis,User/Other,1,5499.8658,Office,Heidelberg,Office,Heidelberg,Baden-Wurttemberg,,2016-11-30 00:00:00
4185,e27ce0ab-e4d8-4aa2-b8d3-741c26f635e6,3.HRC Immo-Fonds,User/Other,1,32999.1948,Dev Site,Wittlich,Dev Site,Wittlich,Rhineland-Palatinate,,2009-07-24 00:00:00
4186,e27ce0ab-e4d8-4aa2-b8d3-741c26f635e6,Gottfried Schmidt OHG,User/Other,1,29999.268,Dev Site,Alzenau,Dev Site,Alzenau,Bavaria,,2016-08-04 00:00:00
4187,e27ce0ab-e4d8-4aa2-b8d3-741c26f635e6,Hertz Flavors GmbH & Co. KG,User/Other,1,34499.1582,Dev Site,Reinbek,Dev Site,Reinbek,Schleswig-Holstein,,2016-04-26 00:00:00
4188,bd5657ae-402e-4677-a035-dc18a547bcae,Rosalux,User/Other,1,2299.94388,Office,Berlin,Office,Berlin,Berlin,,2009-05-15 00:00:00
4189,4c48b00f-c8f6-419c-a5d2-da2b723242e8,4. Freiburger Solarfonds GbR,Private,1,880.9785036,Apartment,Freiburg im Breisgau,Apartment,Freiburg im Breisgau,Baden-Wurttemberg,,2004-12-01 00:00:00
4190,4c48b00f-c8f6-419c-a5d2-da2b723242e8,Fundus Projektentwicklungsgesellschaft,Private,1,27999.3168,Dev Site,Windeck,Dev Site,Windeck,North Rhine-Westphalia,,2013-11-18 00:00:00
4191,4c48b00f-c8f6-419c-a5d2-da2b723242e8,H.H. Sorgenfrei GmbH,Private,1,8899.78284,Retail,Dortmund,Retail,Dortmund,North Rhine-Westphalia,,2017-05-09 00:00:00
4192,a00b4ba1-ea5d-4c23-998d-599483cf735c,EsCo-Park GmbH,Private,1,3499.9146,Office,Coburg,Office,Coburg,Bavaria,,2009-05-09 00:00:00
4193,d8909631-02a4-461b-ba5c-d90e97ef368d,Assenheimer Immobilien,Private,1,8999.7804,Dev Site,Heilbronn,Dev Site,Heilbronn,Baden-Wurttemberg,,2010-07-15 00:00:00
4194,4c48b00f-c8f6-419c-a5d2-da2b723242e8,TREUBODEN Liegenschaftsverwaltung GmbH & Co. Grundbesitz KG,Private,1,1705.9583736,Retail,Vogtareuth,Retail,Vogtareuth,Bavaria,,2016-12-06 00:00:00
4195,4c48b00f-c8f6-419c-a5d2-da2b723242e8,Wahidulla Amiri,Private,1,4199.89752,Retail,"Hanau, Bruder-Grimm-Stadt",Retail,"Hanau, Bruder-Grimm-Stadt",Hesse,,2014-04-02 00:00:00
4196,abad3be0-aaf7-42e8-ab87-a88e220b0684,eG Wohnen 1902,User/Other,1,5799.85848,Retail,Cottbus,Retail,Cottbus,Brandenburg,,2021-09-21 00:00:00
4197,4c48b00f-c8f6-419c-a5d2-da2b723242e8,RNR Medizinische Versorgungszentren GmbH,Private,1,,Seniors Housing & Care,Ratingen,Seniors Housing & Care,Ratingen,North Rhine-Westphalia,,2015-07-16 00:00:00
4198,4c48b00f-c8f6-419c-a5d2-da2b723242e8,Albert Fischer Hausbau GmbH,Private,1,3499.9146,Apartment,Gilching,Apartment,Gilching,Bavaria,,2023-02-27 00:00:00
4199,85d31d51-70ca-4eb5-aadd-2b9c49546a57,Eigenbetrieb Wohnungswirtschaft Hohen Neuendorf,User/Other,1,9999.756,Dev Site,Hohen Neuendorf,Dev Site,Hohen Neuendorf,Brandenburg,,2021-02-25 00:00:00
4200,eaf4bf3d-c951-4ad1-b40f-9ac89e8e102a,HOWOGE Wohnungsbaugesellschaft mbH,User/Other,1,729982.188,Dev Site,Berlin,Dev Site,Berlin,Berlin,,2016-06-04 00:00:00
4201,e27ce0ab-e4d8-4aa2-b8d3-741c26f635e6,PM Werkzeugbau GmbH,User/Other,1,999.9756,Industrial,Altena,Industrial,Altena,North Rhine-Westphalia,,2016-06-01 00:00:00
4202,e27ce0ab-e4d8-4aa2-b8d3-741c26f635e6,MN Kaltformteile Märkische Nietenfabrik GmbH & Co. KG,User/Other,1,14999.634,Dev Site,Altena,Dev Site,Altena,North Rhine-Westphalia,,2014-12-31 00:00:00
4203,4c48b00f-c8f6-419c-a5d2-da2b723242e8,RDR Immobiliengruppe,Private,1,14799.63888,Industrial,Crailsheim,Industrial,Crailsheim,Baden-Wurttemberg,,2008-08-31 00:00:00
4204,4c48b00f-c8f6-419c-a5d2-da2b723242e8,Darimex GmbH,Private,1,2999.9268,Office,Hanover,Office,Hanover,Lower Saxony,,2011-05-19 00:00:00
4205,43eb0138-7086-459b-8c47-1515ceb63f8d,Grammer Immobilien,Private,1,7499.817,Office,Erlangen,Apartment; Office,Nuremberg; Erlangen,Bavaria,,2017-11-23 00:00:00
4206,4c48b00f-c8f6-419c-a5d2-da2b723242e8,WuWoBau GmbH,Private,1,10270.7493876,Apartment,Wurzburg,Apartment,Wurzburg,Bavaria,,2009-12-01 00:00:00
4207,4c48b00f-c8f6-419c-a5d2-da2b723242e8,Hausverwaltung Kratz,Private,1,10270.7493876,Apartment,Wurzburg,Apartment,Wurzburg,Bavaria,,2009-12-01 00:00:00
4208,4c48b00f-c8f6-419c-a5d2-da2b723242e8,Friedhelm Loh Stiftung & Co. KG,Private,1,8599.79016,Apartment,Mainz,Apartment,Mainz,Rhineland-Palatinate,,2022-06-09 00:00:00
4209,56b05c3d-9e95-43c6-b30c-57c4ca104680,Baron Maximilian Freiherr von Furstenberg,Private,1,49998.78,Industrial,Essen,Industrial,Essen,North Rhine-Westphalia,,2014-02-18 00:00:00
4210,e27ce0ab-e4d8-4aa2-b8d3-741c26f635e6,Zentrale Autoglas GmbH,User/Other,1,7399.81944,Industrial,Melle,Industrial,Melle,Lower Saxony,,2016-09-28 00:00:00
4211,4c48b00f-c8f6-419c-a5d2-da2b723242e8,Hadi Teherani Resorts GmbH,Private,1,129995.7459008,Dev Site,Malente,Dev Site,Malente,Schleswig-Holstein,,2023-04-05 00:00:00
4212,4c48b00f-c8f6-419c-a5d2-da2b723242e8,R. Schandel e.K,Private,1,9999.756,Industrial,Offenbach am Main,Industrial,Offenbach am Main,Hesse,,2013-09-30 00:00:00
4213,4c48b00f-c8f6-419c-a5d2-da2b723242e8,Dietz & Schader AG,Private,1,,Apartment,Troisdorf,Apartment,Troisdorf,North Rhine-Westphalia,,2014-07-30 00:00:00
4214,4c48b00f-c8f6-419c-a5d2-da2b723242e8,Dr. Vogg Unternehmensgruppe,Private,1,9999.756,Dev Site,Stuttgart,Dev Site,Stuttgart,Baden-Wurttemberg,,2015-07-02 00:00:00
4215,4c48b00f-c8f6-419c-a5d2-da2b723242e8,Wohnmark Immobilien GmbH,Private,1,12249.7011,Apartment,Rathenow,Apartment,Rathenow,Brandenburg,,2024-02-09 00:00:00
4216,4c48b00f-c8f6-419c-a5d2-da2b723242e8,Drehscheibe-Lokschuppen GbR,Private,1,6399.84384,Dev Site,Marburg,Dev Site,Marburg,Hesse,,2018-03-13 00:00:00
4217,eaf4bf3d-c951-4ad1-b40f-9ac89e8e102a,Landkreis Neuwied,User/Other,1,3199.92192,Industrial,Neuwied,Industrial,Neuwied,Rhineland-Palatinate,,2016-11-09 00:00:00
4218,e27ce0ab-e4d8-4aa2-b8d3-741c26f635e6,Mobel Schulze,User/Other,1,69998.292,Dev Site,Rodental,Dev Site,Rodental,Bavaria,,2012-03-05 00:00:00
4219,e7fef5c3-bac6-4037-a42c-749d0dd9257c,BGP Bavaria,Private,1,15499.6218,Industrial,,Retail; Apartment; Industrial,Ahrensfelde,Brandenburg,,2012-07-03 00:00:00
4220,4c48b00f-c8f6-419c-a5d2-da2b723242e8,Zoerkler Internationale Spedition,Private,1,1199.97072,Industrial,Murr,Industrial,Murr,Baden-Wurttemberg,,2012-04-11 00:00:00
4221,e27ce0ab-e4d8-4aa2-b8d3-741c26f635e6,Kroop & Co. Transport + Logistik GmbH,User/Other,1,44998.902,Dev Site,Neu Wulmstorf,Dev Site,Neu Wulmstorf,Lower Saxony,,2018-09-01 00:00:00
4222,e27ce0ab-e4d8-4aa2-b8d3-741c26f635e6,Zum Dorfkrug Produktions-und Handelsgesellschaft m,User/Other,1,44998.5274272,Dev Site,Neu Wulmstorf,Dev Site,Neu Wulmstorf,Lower Saxony,,2011-01-24 00:00:00
4223,9c6c48ce-404c-43a2-ae6c-2d4b84daeeef,Bracchi Transport & Logistic,User/Other,1,44687.9095884,Dev Site,Mahlberg,Dev Site; Industrial,Mahlberg,Baden-Wurttemberg,,2020-01-30 00:00:00
4224,4c48b00f-c8f6-419c-a5d2-da2b723242e8,Joachim Rehder,Private,1,9999.756,Dev Site,Wedel,Dev Site,Wedel,Schleswig-Holstein,,2013-12-31 00:00:00
4225,4c48b00f-c8f6-419c-a5d2-da2b723242e8,Airport Hotel Adlershof GMBH,Private,1,,Hotel,Berlin,Apartment; Hotel,Berlin,Berlin,,2019-11-18 00:00:00
4226,c11d4c67-81a8-4f40-bdb8-ff9bcaae6abc,Hanwha Inv & Securities,Institutional,1,62248.4811,Office,Berlin,Office,Berlin,Berlin,,2017-06-01 00:00:00
4227,e27ce0ab-e4d8-4aa2-b8d3-741c26f635e6,TFG Luhn & Ackermann KG,User/Other,1,39999.024,Dev Site,Stahnsdorf,Dev Site,Stahnsdorf,Brandenburg,,2010-10-28 00:00:00
4228,4c48b00f-c8f6-419c-a5d2-da2b723242e8,City Quartier Kaiserslautern GmbH,Private,1,9828.7601724,Office,Kaiserslautern,Office,Kaiserslautern,Rhineland-Palatinate,,2021-07-06 00:00:00
4229,e27ce0ab-e4d8-4aa2-b8d3-741c26f635e6,QCS Quick Cargo Service GmbH,User/Other,1,3677.9102568,Industrial,Hamburg,Industrial,Hamburg,Hamburg,,2011-12-29 00:00:00
4230,6e829536-7d34-4f24-89c0-20db22cbeb41,GHG GmbH,Private,1,2479.939488,Office,Berlin,Office,Berlin,Berlin,,2014-09-30 00:00:00
4231,4c48b00f-c8f6-419c-a5d2-da2b723242e8,Patrick McGrath,Private,1,6499.8414,Dev Site,Rostock,Dev Site,Rostock,Mecklenburg-West Pomerania,,2013-04-17 00:00:00
4232,9baddde5-f386-4d61-93d6-e3f193e4ffa8,Kommunale Unfallversicherung Bayern,Institutional,1,6699.83652,Office,Munich,Office,Munich,Bavaria,,2022-12-31 00:00:00
4233,50c51435-b5df-49ee-afea-bc31670b0434,Tre-Co Trapp Real Estate,Private,1,539986.824,Dev Site,Dortmund,Dev Site,Dortmund,North Rhine-Westphalia,,2017-11-13 00:00:00
4234,4c48b00f-c8f6-419c-a5d2-da2b723242e8,Marx City Investor GmbH & Co. KG,Private,1,3649.91094,Hotel,Essen,Hotel,Essen,North Rhine-Westphalia,,2015-03-27 00:00:00
4235,4c48b00f-c8f6-419c-a5d2-da2b723242e8,LogProject Development GmbH,Private,1,247993.9488,Dev Site,Rheinberg,Dev Site,Rheinberg,North Rhine-Westphalia,,2014-03-07 00:00:00
4236,e27ce0ab-e4d8-4aa2-b8d3-741c26f635e6,Creatable Porzellanhaus GmbH,User/Other,1,9299.77308,Dev Site,Kleinblittersdorf,Dev Site,Kleinblittersdorf,Saarland,,2012-03-28 00:00:00
4237,4c48b00f-c8f6-419c-a5d2-da2b723242e8,Bergolin GmbH &Co. KG,Private,1,49998.78,Industrial,Osterholz-Scharmbeck,Industrial,Osterholz-Scharmbeck,Lower Saxony,,2010-11-03 00:00:00
4238,0701a8d1-5a67-468c-80fb-11e2f4aea73c,Gebruder Weiss,User/Other,1,13599.66816,Industrial,Straubing,Industrial,Straubing,Bavaria,,2021-09-16 00:00:00
4239,dab6b4a8-4d60-4945-a106-8c0b126f5828,Shanghai Shenda,User/Other,1,16113.6068184,Industrial,Straubing,Industrial,Straubing,Bavaria,,2022-12-14 00:00:00
4240,e27ce0ab-e4d8-4aa2-b8d3-741c26f635e6,Messer Group,User/Other,1,7999.8048,Dev Site,Bad Soden am Taunus,Dev Site,Bad Soden am Taunus,Hesse,,2008-12-15 00:00:00
4241,4c48b00f-c8f6-419c-a5d2-da2b723242e8,Conzept Immobilien GmbH,Private,1,49998.78,Dev Site,Rottweil,Dev Site,Rottweil,Baden-Wurttemberg,,2016-01-19 00:00:00
4242,e27ce0ab-e4d8-4aa2-b8d3-741c26f635e6,GT Gastech GmbH,User/Other,1,2199.94632,Industrial,Witten,Industrial,Witten,North Rhine-Westphalia,,2020-07-14 00:00:00
4243,eaf4bf3d-c951-4ad1-b40f-9ac89e8e102a,Versorgungsanstalt des Bundes und der Laender,User/Other,1,10075.7541456,Apartment,Leipzig,Apartment,Leipzig,Saxony,,2012-03-01 00:00:00
4244,e27ce0ab-e4d8-4aa2-b8d3-741c26f635e6,Triaz Group GmbH,User/Other,1,64998.414,Dev Site,Kenzingen,Dev Site,Kenzingen,Baden-Wurttemberg,,2016-03-16 00:00:00
4245,4c48b00f-c8f6-419c-a5d2-da2b723242e8,Lindenstruth GmbH & Co. Grundstücks KG Salzstraße,Private,1,1159.971696,Office,Munster,Office,Munster,North Rhine-Westphalia,,2013-06-24 00:00:00
4246,24adb5fb-5a95-4838-8111-8f0549d7da8f,Ingenieurversorgung Mecklenburg-Vorpommern,Institutional,1,4259.896056,Office,Bremen,Office,Bremen,Bremen,,2019-04-29 00:00:00
4247,e04e7a69-bcd5-48a2-9073-6d67be27d0d5,Peek & Cloppenburg,Institutional,1,105997.4136,Dev Site,Bedburg,Dev Site; Retail; Office,Bedburg; Giessen; Berlin,North Rhine-Westphalia; Hesse; Berlin,,2021-06-14 00:00:00
4248,e27ce0ab-e4d8-4aa2-b8d3-741c26f635e6,Hamburger Schnee und Eisbeseitigung Ost,User/Other,1,354.991338,Office,Hamburg,Office,Hamburg,Hamburg,,2008-11-15 00:00:00
4249,4c48b00f-c8f6-419c-a5d2-da2b723242e8,Hotel Solingen GmbH,Private,1,5399.86824,Dev Site,Solingen,Dev Site,Solingen,North Rhine-Westphalia,,2019-04-05 00:00:00
4250,4c48b00f-c8f6-419c-a5d2-da2b723242e8,Tecon GmbH,Private,1,8499.7926,Retail,Ludenscheid,Retail,Ludenscheid,North Rhine-Westphalia,,2020-02-06 00:00:00
4251,4c48b00f-c8f6-419c-a5d2-da2b723242e8,SaWe,Private,1,7157.8253448,Hotel,Frankfurt am Main,Hotel,Frankfurt am Main,Hesse,,2015-01-15 00:00:00
4252,e27ce0ab-e4d8-4aa2-b8d3-741c26f635e6,TWE GmbH & Co KG,User/Other,1,33913.1724984,Industrial,Hachenburg,Industrial,Hachenburg,Rhineland-Palatinate,,2020-12-03 00:00:00
4253,e27ce0ab-e4d8-4aa2-b8d3-741c26f635e6,Palmer AG,User/Other,1,4054.901058,Office,Hamburg,Office,Hamburg,Hamburg,,2011-12-01 00:00:00
4254,e27ce0ab-e4d8-4aa2-b8d3-741c26f635e6,SySS GmbH,User/Other,1,13999.6584,Dev Site,Tubingen,Dev Site,Tubingen,Baden-Wurttemberg,,2013-05-15 00:00:00
4255,4c48b00f-c8f6-419c-a5d2-da2b723242e8,FORT Hufingen Entwicklungsgesellschaft,Private,1,15999.47641856,Dev Site,Hufingen,Dev Site,Hufingen,Baden-Wurttemberg,,2018-12-01 00:00:00
4256,4c48b00f-c8f6-419c-a5d2-da2b723242e8,Business-Apartments MUC Verwaltungs GmbH,Private,1,4689.885564,Apartment,Munich,Apartment,Munich,Bavaria,,2013-09-18 00:00:00
4257,eaf4bf3d-c951-4ad1-b40f-9ac89e8e102a,City of Sebnitz,User/Other,1,151995.02597632,Dev Site,Sebnitz,Dev Site,Sebnitz,Saxony,,2024-07-09 00:00:00
4258,e27ce0ab-e4d8-4aa2-b8d3-741c26f635e6,IHK Koln,User/Other,1,5879.856528,Office,Cologne,Office,Cologne,North Rhine-Westphalia,,2019-12-13 00:00:00
4259,eaf4bf3d-c951-4ad1-b40f-9ac89e8e102a,City of Uetze,User/Other,1,32999.1948,Dev Site,Uetze,Dev Site,Uetze,Lower Saxony,,2015-08-14 00:00:00
4260,4c48b00f-c8f6-419c-a5d2-da2b723242e8,European Property Investment S.a.r.l.,Private,1,6249.8475,Retail,Chemnitz,Retail,Chemnitz,Saxony,,2014-04-30 00:00:00
4261,4c48b00f-c8f6-419c-a5d2-da2b723242e8,Heupel und Partner Grundstucks- Verwaltungs Gbr,Private,1,24999.39,Industrial,Stadtallendorf,Industrial,Stadtallendorf,Hesse,,2011-11-30 00:00:00
4262,4c48b00f-c8f6-419c-a5d2-da2b723242e8,Pierce Capital Investments,Private,1,45998.8776,Industrial,Munich,Industrial,Munich,Bavaria,,2019-04-15 00:00:00
4263,4c48b00f-c8f6-419c-a5d2-da2b723242e8,Gemeinnuetzige Stiftung Munich,Private,1,2699.911824,Office,Hamburg,Office,Hamburg,Hamburg,,2011-05-19 00:00:00
4264,eaf4bf3d-c951-4ad1-b40f-9ac89e8e102a,City of Elmshorn,User/Other,1,9499.7682,Dev Site,Elmshorn,Dev Site,Elmshorn,Schleswig-Holstein,,2014-09-30 00:00:00
4265,4c48b00f-c8f6-419c-a5d2-da2b723242e8,Horst Busch,Private,1,4749.8841,Dev Site,Hamburg,Dev Site,Hamburg,Hamburg,,2013-01-31 00:00:00
4266,4c48b00f-c8f6-419c-a5d2-da2b723242e8,Josef Radlinger Unternehmensgruppe,Private,1,2499.939,Apartment,Munich,Apartment,Munich,Bavaria,,2024-02-21 00:00:00
4267,4c48b00f-c8f6-419c-a5d2-da2b723242e8,"Bayernfonds Immobilienverwaltung Objekte Munchen,",Private,1,4739.884344,Office,Munich,Office,Munich,Bavaria,,2012-06-01 00:00:00
4268,e27ce0ab-e4d8-4aa2-b8d3-741c26f635e6,GFT AG,User/Other,1,3475.9151856,Office,Stuttgart,Office,Stuttgart,Baden-Wurttemberg,,2017-02-06 00:00:00
4269,4c48b00f-c8f6-419c-a5d2-da2b723242e8,Pfaffinger Hochbau,Private,1,18699.54372,Dev Site,Iggensbach,Dev Site,Iggensbach,Bavaria,,2022-01-19 00:00:00
4270,e27ce0ab-e4d8-4aa2-b8d3-741c26f635e6,Sigma System Audio-Visuell GmbH,User/Other,1,4859.881416,Industrial,Dusseldorf,Industrial,Dusseldorf,North Rhine-Westphalia,,2010-12-21 00:00:00
4271,4c48b00f-c8f6-419c-a5d2-da2b723242e8,dt+p Dorkowski,Private,1,2842.9306308,Dev Site,Bremerhaven,Dev Site,Bremerhaven,Bremen,,2022-07-12 00:00:00
4272,e27ce0ab-e4d8-4aa2-b8d3-741c26f635e6,UHU GmbH & Co KG,User/Other,1,81997.9992,Dev Site,Rheinmunster,Dev Site,Rheinmunster,Baden-Wurttemberg,,2016-12-09 00:00:00
4273,e27ce0ab-e4d8-4aa2-b8d3-741c26f635e6,Gorgens Group,User/Other,1,2999.9268,Retail,Cologne,Retail,Cologne,North Rhine-Westphalia,,2008-11-15 00:00:00
4274,4c48b00f-c8f6-419c-a5d2-da2b723242e8,Deuwa Deutsche Wohn- und Anlagengesellschaft,Private,1,3359.918016,Office,Mainz,Office,Mainz,Rhineland-Palatinate,,2014-03-20 00:00:00
4275,62d1f5c7-9028-4ac6-a9a1-a023f8f731db,City of Iserlohn,User/Other,1,20999.4876,Retail,Iserlohn,Retail,Iserlohn,North Rhine-Westphalia,,2014-07-16 00:00:00
4276,e27ce0ab-e4d8-4aa2-b8d3-741c26f635e6,Nic-Systemhaus,User/Other,1,12499.695,Industrial,Eislingen/Fils,Industrial,Eislingen/Fils,Baden-Wurttemberg,,2011-10-27 00:00:00
4277,4c48b00f-c8f6-419c-a5d2-da2b723242e8,Grau Grundbesitz,Private,1,1499.9634,Office,Munster,Office,Munster,North Rhine-Westphalia,,2015-11-06 00:00:00
4278,4c48b00f-c8f6-419c-a5d2-da2b723242e8,Vermoegensgesellschafter Schuhmacher,Private,1,2832.9308748,Hotel,Munich,Hotel,Munich,Bavaria,,2011-05-20 00:00:00
4279,4c48b00f-c8f6-419c-a5d2-da2b723242e8,Invivas,Private,1,999.9756,Office,Frankfurt am Main,Office,Frankfurt am Main,Hesse,,2013-09-26 00:00:00
4280,4c48b00f-c8f6-419c-a5d2-da2b723242e8,"K & S – Dr. Krantz Sozialbau und Betreuung SE & Co. KG, Sottrum",Private,1,6699.83652,Dev Site,Zwickau,Dev Site,Zwickau,Saxony,,2015-09-08 00:00:00
4281,4c48b00f-c8f6-419c-a5d2-da2b723242e8,Selztal Verwaltungs GmbH,Private,1,5299.87068,Dev Site,Rodgau,Dev Site,Rodgau,Hesse,,2014-10-14 00:00:00
4282,4c48b00f-c8f6-419c-a5d2-da2b723242e8,MAB-Grundstucksgesellschaft mbH,Private,1,20999.4876,Dev Site,Hagen,Dev Site,Hagen,North Rhine-Westphalia,,2014-11-30 00:00:00
4283,4c48b00f-c8f6-419c-a5d2-da2b723242e8,Smart Investments GmbH,Private,1,1659.959496,Retail,Solingen,Retail,Solingen,North Rhine-Westphalia,,2021-04-15 00:00:00
4284,4c48b00f-c8f6-419c-a5d2-da2b723242e8,Immobilien KWATES GmbH,Private,1,7199.82432,Apartment,Gladbeck,Apartment,Gladbeck,North Rhine-Westphalia,,2013-01-24 00:00:00
4285,db8e6838-0832-4332-a8a2-a52b2673d2b4,HMT Immobilienverwaltungs GmbH,Private,1,33998.8874422193,Industrial,Eltville am Rhein,Industrial,Eltville am Rhein,Hesse,,2008-01-15 00:00:00
4286,e27ce0ab-e4d8-4aa2-b8d3-741c26f635e6,Rockenstein AG,User/Other,1,13999.6584,Dev Site,Veitshochheim,Dev Site,Veitshochheim,Bavaria,,2019-10-24 00:00:00
4287,4c48b00f-c8f6-419c-a5d2-da2b723242e8,Professor Dr.-medic Alina Fratila,Private,1,1059.974136,Office,Bonn,Office,Bonn,North Rhine-Westphalia,,2012-11-20 00:00:00
4288,4c48b00f-c8f6-419c-a5d2-da2b723242e8,ng.-Karl-Richter-Stiftung,Private,1,,Hotel,Kochel am See,Hotel,Kochel am See,Bavaria,,2012-11-20 00:00:00
4289,1c4c38e6-d637-45cd-a14a-76afca45b074,VGV Immobilienfonds (Berlin Doctors & Dentist Fund),Institutional,1,15999.6096,Retail,Munich,Retail,Munich,Bavaria,,2017-04-01 00:00:00
4290,e27ce0ab-e4d8-4aa2-b8d3-741c26f635e6,Suss Micro Tech,User/Other,1,,Industrial,Garching bei Munchen,Industrial,Garching bei Munchen,Bavaria,,2013-01-23 00:00:00
4291,4c48b00f-c8f6-419c-a5d2-da2b723242e8,Wohnwert Immobilien GmbH,Private,1,29999.268,Dev Site,Remscheid,Dev Site,Remscheid,North Rhine-Westphalia,,2016-04-19 00:00:00
4292,1c4c38e6-d637-45cd-a14a-76afca45b074,Lycona Sarl,Institutional,1,,Apartment,Wolfsburg,Apartment,Wolfsburg,Lower Saxony,,2021-06-07 00:00:00
4293,e27ce0ab-e4d8-4aa2-b8d3-741c26f635e6,Strama-MPS Maschinenbau,User/Other,1,22941.4402152,Industrial,Straubing,Industrial,Straubing,Bavaria,,2020-10-01 00:00:00
4294,0f1af4a8-95ca-469d-b10f-2c1f340f13b6,NET plan,Private,1,439985.6015104,Dev Site,Rendsburg,Dev Site,Rendsburg,Schleswig-Holstein,,2015-10-04 00:00:00
4295,e27ce0ab-e4d8-4aa2-b8d3-741c26f635e6,Mondex GmbH,User/Other,1,1080.9736236,Industrial,Hamburg,Industrial,Hamburg,Hamburg,,2018-05-14 00:00:00
4296,1c4c38e6-d637-45cd-a14a-76afca45b074,Immobilien-Projektgesellschaft Salamander-Areal Ko,Institutional,1,3999.9024,Office,Ludwigsburg,Office,Ludwigsburg,Baden-Wurttemberg,,2013-01-15 00:00:00
4297,221d009c-03e4-4afc-917f-f3fcb62171bd,Chateauform Group,Private,1,,Hotel,Nettetal,Hotel,Nettetal,North Rhine-Westphalia,,2015-09-09 00:00:00
4298,87b09e41-5e75-4b2d-979f-112a29eb50e2,SGI,Private,1,3199.92192,Other General,Hepberg,Other General,Hepberg,Bavaria,,2015-06-09 00:00:00
4299,4c48b00f-c8f6-419c-a5d2-da2b723242e8,Essinger Wohnbau GmbH,Private,1,37499.085,Dev Site,Heidenheim an der Brenz,Dev Site; Office,Heidenheim an der Brenz,Baden-Wurttemberg,,2023-02-08 00:00:00
4300,1c4c38e6-d637-45cd-a14a-76afca45b074,Kliniken Landkreis Heidenheim gGmbH,Institutional,1,6999.8292,Office,Heidenheim an der Brenz,Office,Heidenheim an der Brenz,Baden-Wurttemberg,,2023-02-08 00:00:00
4301,4c48b00f-c8f6-419c-a5d2-da2b723242e8,Contec Unternehmensgruppe,Private,1,9499.7682,Retail,Radevormwald auf der Hohe,Retail,Radevormwald auf der Hohe,North Rhine-Westphalia,,2014-12-31 00:00:00
4302,4c48b00f-c8f6-419c-a5d2-da2b723242e8,FIT Future Innovative Thailand Institute,Private,1,,Hotel,Badenweiler,Hotel,Badenweiler,Baden-Wurttemberg,,2013-07-10 00:00:00
4303,4c48b00f-c8f6-419c-a5d2-da2b723242e8,Systema Unternehmensgruppe,Private,1,15799.61448,Dev Site,Rendsburg,Dev Site,Rendsburg,Schleswig-Holstein,,2019-01-15 00:00:00
4304,266f3839-b802-4751-8559-635fa8b2cf76,Aestiam,Institutional,1,7160.8252716,Hotel,Rothenbuch,Hotel,Rothenbuch,Bavaria,Foncia Pierre Gestion,2017-08-26 00:00:00
4305,8a223959-69b7-4d11-a31d-92278fa99609,SCPI Aestiam Agora,Private,1,7160.8252716,Hotel,Rothenbuch,Hotel,Rothenbuch,Bavaria,SCPI Aestiam Cap'Hebergimmo,2017-08-26 00:00:00
4306,4c48b00f-c8f6-419c-a5d2-da2b723242e8,Brenog Berlin GmbH Ijzendoorn Einzelhandelsimmobilien II & Co. KG,Private,1,524.98719,Retail,Berlin,Retail,Berlin,Berlin,,2014-04-25 00:00:00
4307,4c48b00f-c8f6-419c-a5d2-da2b723242e8,Schloss Petershagen,Private,1,1801.9560312,Other Hospitality,Petershagen,Other Hospitality,Petershagen,North Rhine-Westphalia,,2022-02-10 00:00:00
4308,d86312fa-5c74-4c52-bb5e-5bfb40885d0d,York Capital,Institutional,1,75998.1456,Retail,Berlin,Retail,Berlin,Berlin,,2021-12-20 00:00:00
4309,4c48b00f-c8f6-419c-a5d2-da2b723242e8,Wehrhahn Grundbesitz,Private,1,1339.967304,Retail,Berlin,Retail,Berlin,Berlin,,2003-12-01 00:00:00
4310,4c48b00f-c8f6-419c-a5d2-da2b723242e8,Murat Altinok,Private,1,,Hotel,Kempen,Hotel,Kempen,North Rhine-Westphalia,,2013-10-21 00:00:00
4311,4c48b00f-c8f6-419c-a5d2-da2b723242e8,AVE Immobilien GmbH,Private,1,7199.82432,Office,Stuttgart,Office,Stuttgart,Baden-Wurttemberg,,2019-01-04 00:00:00
4312,4c48b00f-c8f6-419c-a5d2-da2b723242e8,Kose Immobilien DE,Private,1,3839.906304,Apartment,Augsburg,Apartment,Augsburg,Bavaria,,2022-11-10 00:00:00
4313,4c48b00f-c8f6-419c-a5d2-da2b723242e8,Baris Babayigit,Private,1,13999.6584,Apartment,Wuppertal,Apartment,Wuppertal,North Rhine-Westphalia,,2016-08-26 00:00:00
4314,e27ce0ab-e4d8-4aa2-b8d3-741c26f635e6,Heil & Sohn,User/Other,1,6971.8298832,Industrial,Hamburg,Industrial,Hamburg,Hamburg,,2019-06-25 00:00:00
4315,37a9128a-aa3e-41e3-b28a-45ee936f0d7a,Shell,User/Other,1,6971.8298832,Industrial,Hamburg,Industrial,Hamburg,Hamburg,,2019-06-25 00:00:00
4316,e27ce0ab-e4d8-4aa2-b8d3-741c26f635e6,Celik Doner & Fleischgrosshandel GmbH,User/Other,1,3709.909476,Industrial,Hamburg,Industrial,Hamburg,Hamburg,,2011-06-01 00:00:00
4317,e27ce0ab-e4d8-4aa2-b8d3-741c26f635e6,Johannes J. Matthies GmbH,User/Other,1,6999.8292,Industrial,Hamburg,Industrial,Hamburg,Hamburg,,2016-01-07 00:00:00
4318,e27ce0ab-e4d8-4aa2-b8d3-741c26f635e6,Rodi GmbH,User/Other,1,6339.845304,Industrial,Hamburg,Industrial,Hamburg,Hamburg,,2017-09-27 00:00:00
4319,e27ce0ab-e4d8-4aa2-b8d3-741c26f635e6,Kissel Spedition GmbH,User/Other,1,93997.7064,Dev Site,Mainaschaff,Dev Site,Mainaschaff,Bavaria,,2019-10-26 00:00:00
4320,4c48b00f-c8f6-419c-a5d2-da2b723242e8,Gisela Nagel,Private,1,1999.9512,Retail,Remscheid,Retail,Remscheid,North Rhine-Westphalia,,2011-11-11 00:00:00
4321,e27ce0ab-e4d8-4aa2-b8d3-741c26f635e6,Patronas Financial System,User/Other,1,829.979748,Office,Freiburg im Breisgau,Office,Freiburg im Breisgau,Baden-Wurttemberg,,2016-03-16 00:00:00
4322,4c48b00f-c8f6-419c-a5d2-da2b723242e8,Team Estate Objektverwaltung GmbH,Private,1,15599.61936,Office,Essen,Office,Essen,North Rhine-Westphalia,,2019-10-09 00:00:00
4323,eaf4bf3d-c951-4ad1-b40f-9ac89e8e102a,Municipality of Husum,User/Other,1,36999.0972,Dev Site,Husum,Dev Site,Husum,Schleswig-Holstein,,2013-06-12 00:00:00
4324,4c48b00f-c8f6-419c-a5d2-da2b723242e8,GVS Gesellschaft für Vermögensverwaltung Stuttgart mbH,Private,1,3999.9024,Office,Stuttgart,Office,Stuttgart,Baden-Wurttemberg,,2024-07-01 00:00:00
4325,4c48b00f-c8f6-419c-a5d2-da2b723242e8,Adams & Partner Wohnungsbau GmbH,Private,1,9183.7759104,Dev Site,Wuppertal,Dev Site,Wuppertal,North Rhine-Westphalia,,2011-03-31 00:00:00
4326,4c48b00f-c8f6-419c-a5d2-da2b723242e8,Immobilien Werk Bautrager GmbH,Private,1,1899.95364,Dev Site,Metzingen,Dev Site,Metzingen,Baden-Wurttemberg,,2006-12-31 00:00:00
4327,7ca8877e-86fc-408d-a449-969ec22e066c,Geno50,Private,1,1299.957132,Apartment,Wiesbaden,Apartment,Wiesbaden,Hesse,,2008-02-15 00:00:00
4328,4c48b00f-c8f6-419c-a5d2-da2b723242e8,PROCON Ingenieurgesellschaft mbH,Private,1,99996.727616,Dev Site,Bremen,Dev Site,Bremen,Bremen,,2021-01-08 00:00:00
4329,4c48b00f-c8f6-419c-a5d2-da2b723242e8,RheinlandWohnen Trias zweite GmbH & Co. KG,Private,1,11349.72306,Apartment,Berlin,Apartment,Berlin,Berlin,,2018-01-29 00:00:00
4330,e27ce0ab-e4d8-4aa2-b8d3-741c26f635e6,A Saumweber GmbH,User/Other,1,18999.5364,Dev Site,Rosenheim,Dev Site,Rosenheim,Bavaria,,2021-02-15 00:00:00
4331,7d74597f-fbf2-402b-88a9-43553a2b0bad,Knightsbridge Props,Private,1,3710.9094516,Apartment,Berlin,Apartment,Berlin,Berlin,,2007-08-15 00:00:00
4332,a285ae02-0044-4b3b-a00c-0d77354a963b,Berlinische Lebensversicherung AG,Institutional,1,2599.93656,Office,Hamburg,Office,Hamburg,Hamburg,,2002-06-01 00:00:00
4333,4c48b00f-c8f6-419c-a5d2-da2b723242e8,AuCom. MCS GmbH & Co. KG DE,Private,1,2499.939,Industrial,Sendenhorst,Industrial,Sendenhorst,North Rhine-Westphalia,,2024-05-06 00:00:00
4334,4c48b00f-c8f6-419c-a5d2-da2b723242e8,Matador Grundstucksgesellschaft,Private,1,1199.97072,Retail,Fellbach,Retail,Fellbach,Baden-Wurttemberg,,2014-11-18 00:00:00
4335,e27ce0ab-e4d8-4aa2-b8d3-741c26f635e6,Kappel,User/Other,1,11999.7072,Dev Site,Dinslaken,Dev Site,Dinslaken,North Rhine-Westphalia,,2009-06-15 00:00:00
4336,15303fad-a1b7-442f-b7b4-d84e3bed87d5,Moses Mendelssohn Stiftung,User/Other,1,3799.90728,Apartment,Hamburg,Apartment,Hamburg,Hamburg,,2013-08-14 00:00:00
4337,1ea7a2c4-f496-4814-907b-01630018fc13,Reteam group,Private,1,16999.5852,Retail,Hamburg,Retail,Hamburg,Hamburg,,2021-06-12 00:00:00
4338,dff0eea9-30e5-40e2-9c82-af5ab31bd71d,Evangelisches Diakoniewerk Zoar,User/Other,1,,Hotel,Ludwigshafen am Rhein,Hotel,Ludwigshafen am Rhein,Rhineland-Palatinate,,2013-06-30 00:00:00
4339,e27ce0ab-e4d8-4aa2-b8d3-741c26f635e6,MB-Portatec GmbH,User/Other,1,37299.08988,Industrial,Grossrohrsdorf,Industrial,Grossrohrsdorf,Saxony,,2014-10-16 00:00:00
4340,4c48b00f-c8f6-419c-a5d2-da2b723242e8,Kreisbaugesellschaft Heidenheim GmbH,Private,1,2199.94632,Dev Site,Heidenheim an der Brenz,Dev Site,Heidenheim an der Brenz,Baden-Wurttemberg,,2013-09-30 00:00:00
4341,716e68fc-cac5-41bd-827d-2c0b5a80cd6f,City of Gronau,User/Other,1,8667.7885008,Retail,Gronau (Westf.),Retail,Gronau (Westf.),North Rhine-Westphalia,,2013-10-25 00:00:00
4342,4c48b00f-c8f6-419c-a5d2-da2b723242e8,Skiba Wohnbau GmbH,Private,1,2499.939,Dev Site,Hattingen,Dev Site,Hattingen,North Rhine-Westphalia,,2018-08-31 00:00:00
4343,e09e5670-a5af-47cb-aaa5-1b273777f867,City of Schwelm,User/Other,1,5999.8536,Dev Site,Schwelm,Dev Site,Schwelm,North Rhine-Westphalia,,2017-05-16 00:00:00
4344,e27ce0ab-e4d8-4aa2-b8d3-741c26f635e6,Spedition Pfaff,User/Other,1,9999.756,Dev Site,Baienfurt,Dev Site,Baienfurt,Baden-Wurttemberg,,2009-07-15 00:00:00
4345,e27ce0ab-e4d8-4aa2-b8d3-741c26f635e6,Nellen & Quack The Green Line,User/Other,1,37999.0728,Dev Site,Schuttorf,Dev Site,Schuttorf,Lower Saxony,,2015-04-16 00:00:00
4346,e27ce0ab-e4d8-4aa2-b8d3-741c26f635e6,SLK Kock Int. Spedition & Logistik GmbH,User/Other,1,37999.0728,Dev Site,Schuttorf,Dev Site,Schuttorf,Lower Saxony,,2015-04-16 00:00:00
4347,4c48b00f-c8f6-419c-a5d2-da2b723242e8,Igemet GmbH,Private,1,7148.8255644,Office,Dresden,Office,Dresden,Saxony,,2012-06-04 00:00:00
4348,e27ce0ab-e4d8-4aa2-b8d3-741c26f635e6,Ragaller Gruppe,User/Other,1,2999.9268,Industrial,Norderstedt,Industrial,Norderstedt,Schleswig-Holstein,,2014-12-09 00:00:00
4349,e70a7979-a0ed-49d5-97c1-15f7c30f0ae0,HPI Bremen,Private,1,19999.512,Dev Site,Bremen,Dev Site,Bremen,Bremen,,2009-10-28 00:00:00
4350,c03bd39e-1546-4591-8cf8-b7d26ee2bf35,LEWO Immobilien,Private,1,,Hotel,Leipzig,Hotel,Leipzig,Saxony,,2016-05-13 00:00:00
4351,4c48b00f-c8f6-419c-a5d2-da2b723242e8,Staatsweingut Eltville,Private,1,15399.62424,Dev Site,Eltville am Rhein,Dev Site,Eltville am Rhein,Hesse,,2013-06-25 00:00:00
4352,4c48b00f-c8f6-419c-a5d2-da2b723242e8,Grundstucksgesellschaft Domane Eltville GmbH,Private,1,3672.9103788,Dev Site,Eltville am Rhein,Dev Site,Eltville am Rhein,Hesse,,2021-06-01 00:00:00
4353,eaf4bf3d-c951-4ad1-b40f-9ac89e8e102a,Landkreis Harz,User/Other,1,19999.512,Office,Halberstadt,Office,Halberstadt,Saxony-Anhalt,,2013-03-08 00:00:00
4354,4c48b00f-c8f6-419c-a5d2-da2b723242e8,Anton Schneider 5.,Private,1,7999.8048,Dev Site,Frankfurt am Main,Dev Site,Frankfurt am Main,Hesse,,2009-12-31 00:00:00
4355,e27ce0ab-e4d8-4aa2-b8d3-741c26f635e6,relexa hotel GmbH,User/Other,1,,Hotel,Munich,Hotel,Munich,Bavaria,,2013-05-03 00:00:00
4356,7d41f427-fb19-47d0-a226-8e734e290840,Kavun Unternehmensgruppe,Private,1,2623.9359744,Office,Munich,Office,Munich,Bavaria,,2008-08-15 00:00:00
4357,e4cf4c13-8712-4d35-bed5-9e16c44fdab5,CPM Invest A/S,Institutional,1,2199.94632,Retail,Hanover,Retail,Hanover,Lower Saxony,,2008-10-15 00:00:00
4358,4f8606b4-17ff-42d1-989a-ecdd6a4a5fa7,La Patria,Private,1,21999.4632,Dev Site,Gifhorn,Dev Site,Gifhorn,Lower Saxony,,2015-04-22 00:00:00
4359,e27ce0ab-e4d8-4aa2-b8d3-741c26f635e6,Amprion Offshore GmbH,User/Other,1,279993.168,Dev Site,Ibbenburen,Dev Site,Ibbenburen,North Rhine-Westphalia,,2023-07-19 00:00:00
4360,4c48b00f-c8f6-419c-a5d2-da2b723242e8,Buhlerhohe Castle Invest,Private,1,,Hotel,Buhl,Hotel,Buhl,Baden-Wurttemberg,,2013-12-11 00:00:00
4361,1000868d-5317-4f01-ac17-161c426e1255,Hansgrohe,User/Other,1,1599.96096,Apartment,Frankfurt am Main,Apartment,Frankfurt am Main,Hesse,,2021-11-03 00:00:00
4362,3f769cc6-effe-47a1-8a85-6ca1b855677c,Mambo Invest,Private,1,1999.9512,Dev Site,Schweinfurt,Dev Site,Schweinfurt,Bavaria,,2022-06-06 00:00:00
4363,e27ce0ab-e4d8-4aa2-b8d3-741c26f635e6,Projektentwicklung Westfriedhof Wismar Gmbh DE,User/Other,1,4869.881172,Dev Site,Wismar,Dev Site,Wismar,Mecklenburg-West Pomerania,,2022-08-24 00:00:00
4364,4c48b00f-c8f6-419c-a5d2-da2b723242e8,Schuhmacher Standort-Entwicklungs GmbH,Private,1,1799.95608,Office,Solingen,Office,Solingen,North Rhine-Westphalia,,2012-03-19 00:00:00
4365,9acce215-0cc5-45a3-b609-1d7fa4ddea4c,Potsdamer Wohnungsgenossenschaft 1956 eG,Private,1,703.9828224,Apartment,Schwielowsee,Apartment,Schwielowsee,Brandenburg,,2023-07-17 00:00:00
4366,e27ce0ab-e4d8-4aa2-b8d3-741c26f635e6,Oranier Gruppe,User/Other,1,41698.98252,Industrial,Haiger,Industrial,Haiger,Hesse,,2014-05-09 00:00:00
4367,4c48b00f-c8f6-419c-a5d2-da2b723242e8,Wohnpark Scharnhorst GmbH,Private,1,54998.658,Dev Site,Osnabruck,Dev Site,Osnabruck,Lower Saxony,,2013-03-07 00:00:00
4368,4c48b00f-c8f6-419c-a5d2-da2b723242e8,Erbbauverein Koln eG,Private,1,6159.849696,Dev Site,Cologne,Dev Site,Cologne,North Rhine-Westphalia,,2018-12-15 00:00:00
4369,e27ce0ab-e4d8-4aa2-b8d3-741c26f635e6,SITEX Textile Dienstleistungen Simeonsbetriebe GmbH,User/Other,1,7529.816268,Industrial,Kaltenkirchen,Industrial,Kaltenkirchen,Schleswig-Holstein,,2021-02-25 00:00:00
4370,eaf4bf3d-c951-4ad1-b40f-9ac89e8e102a,BWSA,User/Other,1,3999.9024,Office,Magdeburg,Office,Magdeburg,Saxony-Anhalt,,2010-06-23 00:00:00
4371,1ca81f61-1f36-466c-9624-bebdd499be1d,HNK Development,Private,1,9999.756,Dev Site,Berlin,Dev Site,Berlin,Berlin,,2015-03-12 00:00:00
4372,4c48b00f-c8f6-419c-a5d2-da2b723242e8,Sea Palace AG,Private,1,39999.024,Dev Site,Konstanz,Dev Site,Konstanz,Baden-Wurttemberg,,2016-03-04 00:00:00
4373,7db03fe1-49e2-423e-ace1-41806351ed69,Landwehr,User/Other,1,39999.024,Industrial,Kassel,Dev Site; Industrial,Hamburg; Kassel,Hamburg; Hesse,,2024-02-22 00:00:00
4374,f68d6561-b760-4c49-9e8a-b63c140d24d9,Frank Wagner Hldg,Institutional,1,393.987107418658,Industrial,Norderstedt,Industrial,Norderstedt,Schleswig-Holstein,,2007-07-31 00:00:00
4375,e1da3153-9ed4-402f-b2da-a77bb078b37a,Apple,User/Other,1,7199.82432,Dev Site,Munich,Dev Site,Munich,Bavaria,,2023-01-02 00:00:00
4376,de43adc7-27e3-4e6a-acc0-4eb5ee9589d2,Reinbold Co,Private,1,,Hotel,Munich,Hotel,Munich,Bavaria,,2004-06-30 00:00:00
4377,e27ce0ab-e4d8-4aa2-b8d3-741c26f635e6,Krug Meerane GmbH & Co. KG,User/Other,1,2644.935462,Industrial,Meerane,Industrial,Meerane,Saxony,,2015-06-01 00:00:00
4378,4c48b00f-c8f6-419c-a5d2-da2b723242e8,Wilfried Boerboom,Private,1,,Seniors Housing & Care,Mulheim an der Ruhr,Seniors Housing & Care,Mulheim an der Ruhr,North Rhine-Westphalia,,2015-02-28 00:00:00
4379,4c48b00f-c8f6-419c-a5d2-da2b723242e8,HaKa Verwaltungs GmbH,Private,1,3199.92192,Retail,Giessen,Retail,Giessen,Hesse,,2021-06-14 00:00:00
4380,4c48b00f-c8f6-419c-a5d2-da2b723242e8,Faber Bau GmbH,Private,1,4099.89996,Retail,Giessen,Retail,Giessen,Hesse,,2021-06-07 00:00:00
4381,4c48b00f-c8f6-419c-a5d2-da2b723242e8,HP Handels GmbH,Private,1,2210.9460516,Industrial,Gross-Umstadt,Industrial,Gross-Umstadt,Hesse,,2011-12-02 00:00:00
4382,e27ce0ab-e4d8-4aa2-b8d3-741c26f635e6,Azul Kaffee GmbH & Co. KG,User/Other,1,4999.878,Industrial,Bremen,Industrial,Bremen,Bremen,,2016-01-05 00:00:00
4383,a4ebdbf8-51a0-4e4d-8635-2f8a27ae3861,Michels Verwaltungs,Private,1,4499.8902,Retail,Paderborn,Retail,Paderborn,North Rhine-Westphalia,,2015-07-21 00:00:00
4384,2c9257d0-1a9d-4b64-bfc9-8404879a46cf,WL BANK AG,Institutional,1,5999.8536,Dev Site,Munster,Dev Site,Munster,North Rhine-Westphalia,,2015-01-31 00:00:00
4385,4c48b00f-c8f6-419c-a5d2-da2b723242e8,Sundern Investment Management S.à r.l.,Private,1,,Seniors Housing & Care,Sundern (Sauerland),Seniors Housing & Care,Sundern (Sauerland),North Rhine-Westphalia,,2013-11-15 00:00:00
4386,4c48b00f-c8f6-419c-a5d2-da2b723242e8,Global-Act GmbH,Private,1,1199.97072,Apartment,Cologne,Apartment,Cologne,North Rhine-Westphalia,,2012-11-28 00:00:00
4387,4c48b00f-c8f6-419c-a5d2-da2b723242e8,Global Immobilien,Private,1,773.9811144,Retail,Cologne,Retail,Cologne,North Rhine-Westphalia,,2020-06-10 00:00:00
4388,eaf4bf3d-c951-4ad1-b40f-9ac89e8e102a,Municipality of Reichenbach,User/Other,1,5049.87678,Dev Site,Reichenbach an der Fils,Dev Site,Reichenbach an der Fils,Baden-Wurttemberg,,2014-05-15 00:00:00
4389,50c014b1-5f52-493e-9b17-eeebf19c669b,Compass Logistics,User/Other,1,79997.3820928,Dev Site,Germersheim,Dev Site,Germersheim,Rhineland-Palatinate,,2015-05-13 00:00:00
4390,e27ce0ab-e4d8-4aa2-b8d3-741c26f635e6,Creativ Werkstaetten,User/Other,1,5999.8536,Industrial,Puchheim,Industrial,Puchheim,Bavaria,,2013-04-30 00:00:00
4391,a8989836-734b-4a4c-9b0b-ba4bb658d651,Sparkasse Munich,Institutional,1,7847.8085088,Apartment,Munich,Apartment,Munich,Bavaria,,2011-06-11 00:00:00
4392,4c48b00f-c8f6-419c-a5d2-da2b723242e8,Hoveler Spezialfutterwerke GmbH,Private,1,5899.85604,Industrial,Dormagen,Industrial,Dormagen,North Rhine-Westphalia,,2009-02-25 00:00:00
4393,e27ce0ab-e4d8-4aa2-b8d3-741c26f635e6,Zweckverband Abfallverwertung Südostbayern (ZAS),User/Other,1,10999.7316,Dev Site,Muhldorf am Inn,Dev Site,Muhldorf am Inn,Bavaria,,2013-04-24 00:00:00
4394,7328f199-fb01-4fae-9754-6027eb4ea68d,Strategia Investment Co,Institutional,1,10133.7527304,Office,Bad Homburg vor der Hohe,Office,Bad Homburg vor der Hohe,Hesse,,2015-03-06 00:00:00
4395,e27ce0ab-e4d8-4aa2-b8d3-741c26f635e6,XbO GmbH,User/Other,1,659.983896,Office,Egelsbach,Office,Egelsbach,Hesse,,2017-09-14 00:00:00
4396,e27ce0ab-e4d8-4aa2-b8d3-741c26f635e6,Kemmler Baustoffe,User/Other,1,6899.83164,Industrial,Reutlingen,Industrial,Reutlingen,Baden-Wurttemberg,,2020-06-30 00:00:00
4397,4c48b00f-c8f6-419c-a5d2-da2b723242e8,Riebel Bauunternehmung,Private,1,9999.756,Dev Site,Dachau,Dev Site,Dachau,Bavaria,,2017-07-04 00:00:00
4398,e27ce0ab-e4d8-4aa2-b8d3-741c26f635e6,Govinda Natur GmbH,User/Other,1,4869.881172,Industrial,Neuhofen,Industrial,Neuhofen,Rhineland-Palatinate,,2013-01-10 00:00:00
4399,4c48b00f-c8f6-419c-a5d2-da2b723242e8,Inter-Kapital Real Estate,Private,1,9999.756,Industrial,Gersthofen,Industrial,Gersthofen,Bavaria,,2020-02-05 00:00:00
4400,4c48b00f-c8f6-419c-a5d2-da2b723242e8,Business Property Development,Private,1,28279.309968,Dev Site,Bonen,Dev Site,Bonen,North Rhine-Westphalia,,2024-07-05 00:00:00
4401,e27ce0ab-e4d8-4aa2-b8d3-741c26f635e6,Robatherm,User/Other,1,95996.85851136,Dev Site,Jettingen-Scheppach,Dev Site,Jettingen-Scheppach,Bavaria,,2009-08-15 00:00:00
4402,e27ce0ab-e4d8-4aa2-b8d3-741c26f635e6,Alternate GmbH,User/Other,1,23999.4144,Dev Site,Linden,Dev Site,Linden,Hesse,,2019-03-19 00:00:00
4403,e27ce0ab-e4d8-4aa2-b8d3-741c26f635e6,Schenk Consulting,User/Other,1,29999.268,Dev Site,Markranstadt,Dev Site,Markranstadt,Saxony,,2016-09-05 00:00:00
4404,4c48b00f-c8f6-419c-a5d2-da2b723242e8,Projekt Maybach Beteiligungs GmbH,Private,1,10699.73892,Dev Site,Stuttgart,Dev Site,Stuttgart,Baden-Wurttemberg,,2014-02-28 00:00:00
4405,4c48b00f-c8f6-419c-a5d2-da2b723242e8,Goldwert Gruppe,Private,1,2649.93534,Dev Site,Hamburg,Dev Site,Hamburg,Hamburg,,2011-06-20 00:00:00
4406,9acce215-0cc5-45a3-b609-1d7fa4ddea4c,Karl-Schlecht-Stiftung,Private,1,5559.864336,Office,Stuttgart,Office,Stuttgart,Baden-Wurttemberg,,2015-03-31 00:00:00
4407,4c48b00f-c8f6-419c-a5d2-da2b723242e8,Andrea Bezold,Private,1,1999.9512,Industrial,Nuremberg,Industrial,Nuremberg,Bavaria,,2012-06-15 00:00:00
4408,1e818f70-68b6-4a80-84a5-df2b4c9146ea,Bonafide Immobilien GmbH,Private,1,11507.7192048,Dev Site,Bornheim,Dev Site,Bornheim,North Rhine-Westphalia,,2018-08-01 00:00:00
4409,b0cf4376-2d32-4a90-bea7-f2e7c56558d6,Iconiq Capital,Institutional,1,35799.12648,Industrial,Liederbach am Taunus,Industrial,Liederbach am Taunus,Hesse,IPI Data Center Partners,2022-10-11 00:00:00
4410,72c7b6df-52ed-44a2-930e-4eb541b42a49,Stack Infrastructure,Private,1,35799.12648,Industrial,Liederbach am Taunus,Industrial,Liederbach am Taunus,Hesse,,2022-10-11 00:00:00
4411,f7660112-6f4f-4a90-a6b6-3f991a1452d5,Iron Point Partners,Institutional,1,35799.12648,Industrial,Liederbach am Taunus,Industrial,Liederbach am Taunus,Hesse,,2022-10-11 00:00:00
4412,4c48b00f-c8f6-419c-a5d2-da2b723242e8,Isar Real Beteiligungs GmbH,Private,1,,Apartment,Kerpen,Apartment,Kerpen,North Rhine-Westphalia,,2013-07-19 00:00:00
4413,4c48b00f-c8f6-419c-a5d2-da2b723242e8,Huseyin Aydogan,Private,1,6499.8414,Office,Baden-Baden,Office,Baden-Baden,Baden-Wurttemberg,,2014-05-13 00:00:00
4414,e27ce0ab-e4d8-4aa2-b8d3-741c26f635e6,Biolink,User/Other,1,24999.39,Dev Site,Bad Tolz,Dev Site,Bad Tolz,Bavaria,,2015-08-15 00:00:00
4415,6bc978a5-c447-4100-bf96-3d16bd2b1a5e,Vestas Wind Systems,User/Other,1,64998.414,Dev Site,Lubeck,Dev Site,Lubeck,Schleswig-Holstein,,2010-10-14 00:00:00
4416,521c6efe-d72d-45a4-8556-7073c2ed1f34,Landessparkasse zu Oldenburg,Institutional,1,3629.911428,Dev Site,Cloppenburg,Dev Site,Cloppenburg,Lower Saxony,,2018-03-15 00:00:00
4417,4c48b00f-c8f6-419c-a5d2-da2b723242e8,Aldex Group GmbH,Private,1,5099.87556,Dev Site,Ratingen,Dev Site,Ratingen,North Rhine-Westphalia,,2021-04-30 00:00:00
4418,4c48b00f-c8f6-419c-a5d2-da2b723242e8,Architekturburo Klaus Kathan,Private,1,21999.4632,Dev Site,Friedrichshafen,Dev Site,Friedrichshafen,Baden-Wurttemberg,,2013-11-14 00:00:00
4419,4c48b00f-c8f6-419c-a5d2-da2b723242e8,Optimal-Wohnbau,Private,1,21999.4632,Dev Site,Friedrichshafen,Dev Site,Friedrichshafen,Baden-Wurttemberg,,2013-11-14 00:00:00
4420,bd5657ae-402e-4677-a035-dc18a547bcae,Zeppelin Wohlfahrt GmbH,User/Other,1,21999.4632,Dev Site,Friedrichshafen,Dev Site,Friedrichshafen,Baden-Wurttemberg,,2013-11-14 00:00:00
4421,2b3a94eb-02fd-488f-af49-60aa4cb57338,SWG Friedrichshafen,User/Other,1,21999.4632,Dev Site,Friedrichshafen,Dev Site,Friedrichshafen,Baden-Wurttemberg,,2013-11-14 00:00:00
4422,463f6584-5aaa-4c8f-9d1c-72ac78c30c0d,Callista Private Equity GmbH,Institutional,1,3599.91216,Industrial,Eichstatt,Industrial,Eichstatt,Bavaria,,2020-08-27 00:00:00
4423,4a40f985-61a8-44ab-9e71-effe1b732d68,MIFIM,Private,1,3799.90728,Office,Berlin,Office,Berlin,Berlin,,2017-05-31 00:00:00
4424,4c48b00f-c8f6-419c-a5d2-da2b723242e8,Aybrook Financial Partners,Private,1,5999.8536,Hotel,Berlin,Hotel,Berlin,Berlin,,2014-12-01 00:00:00
4425,eaf4bf3d-c951-4ad1-b40f-9ac89e8e102a,European Central bank,User/Other,1,119847.07566,Dev Site,Frankfurt am Main,Dev Site,Frankfurt am Main,Hesse,,2002-03-01 00:00:00
4426,bd5657ae-402e-4677-a035-dc18a547bcae,Hessischer Landesverband des Arbeiter-Samariter-Bunds (ASB),User/Other,1,12517.6945608,Office,Frankfurt am Main,Office,Frankfurt am Main,Hesse,,2016-01-16 00:00:00
4427,4c48b00f-c8f6-419c-a5d2-da2b723242e8,BLL Braun Leberfinger Ludwig,Private,1,4089.900204,Office,Munich,Office,Munich,Bavaria,,2019-01-16 00:00:00
4428,e27ce0ab-e4d8-4aa2-b8d3-741c26f635e6,K-iS Systemhaus Unternehmensgruppe,User/Other,1,3299.91948,Dev Site,Siegen,Dev Site,Siegen,North Rhine-Westphalia,,2018-06-30 00:00:00
4429,e27ce0ab-e4d8-4aa2-b8d3-741c26f635e6,Qundis GmbH,User/Other,1,13999.6584,Industrial,Erfurt,Industrial,Erfurt,Thuringia,,2013-06-12 00:00:00
4430,e27ce0ab-e4d8-4aa2-b8d3-741c26f635e6,Pneumo Drucklufttechnik,User/Other,1,959.976576,Industrial,Frankfurt am Main,Industrial,Frankfurt am Main,Hesse,,2006-05-31 00:00:00
4431,dff0eea9-30e5-40e2-9c82-af5ab31bd71d,Gamaat Bismi Allah e.V.,User/Other,1,2799.93168,Industrial,Frankfurt am Main,Industrial,Frankfurt am Main,Hesse,,2014-09-23 00:00:00
4432,4c48b00f-c8f6-419c-a5d2-da2b723242e8,Groupe Eurinvest,Private,1,539.986824,Retail,Gera,Retail,Gera,Thuringia,,2008-11-15 00:00:00
4433,4c48b00f-c8f6-419c-a5d2-da2b723242e8,Dapcom GmbH,Private,1,539.986824,Retail,Gera,Retail,Gera,Thuringia,,2008-11-15 00:00:00
4434,4c48b00f-c8f6-419c-a5d2-da2b723242e8,Marcus Ritzmann,Private,1,,Retail,Gera,Retail,Gera,Thuringia,,2011-06-29 00:00:00
4435,4c48b00f-c8f6-419c-a5d2-da2b723242e8,FN Reus Kiel GbR,Private,1,3308.9192604,Office,Kiel,Office,Kiel,Schleswig-Holstein,,2023-12-19 00:00:00
4436,e27ce0ab-e4d8-4aa2-b8d3-741c26f635e6,InVision AG,User/Other,1,1999.9512,Office,Dusseldorf,Office,Dusseldorf,North Rhine-Westphalia,,2013-12-09 00:00:00
4437,0c88e220-463e-4644-8d88-bafb2ddebe8c,Dock 13 MBH,Private,1,,Hotel,Dusseldorf,Hotel,Dusseldorf,North Rhine-Westphalia,,2004-06-30 00:00:00
4438,a1c5e2b3-fa9a-4d95-9dfb-35d2fe6270d2,Safran,User/Other,1,5999.80365696,Dev Site,Norderstedt,Dev Site,Norderstedt,Schleswig-Holstein,,2022-11-30 00:00:00
4439,4c48b00f-c8f6-419c-a5d2-da2b723242e8,Atlas von der Wehl GmbH DE,Private,1,799.98048,Industrial,Lubeck,Industrial,Lubeck,Schleswig-Holstein,,2024-02-29 00:00:00
4440,4c48b00f-c8f6-419c-a5d2-da2b723242e8,Averitas Holding,Private,1,9999.756,Dev Site,Neustadt an der Weinstrasse,Dev Site,Neustadt an der Weinstrasse,Rhineland-Palatinate,,2022-08-31 00:00:00
4441,3a9e2fdb-0237-43c7-91ee-fe1d96990bb0,Macquarie 88,Private,1,12599.69256,Office,Berlin,Office,Berlin,Berlin,,2022-12-16 00:00:00
4442,6be7de5f-ab16-4ff3-b0a4-117bdf1afa6a,KR Immobilienmanagement,Private,1,8499.7926,Office,Hanover,Office,Hanover,Lower Saxony,,2009-09-15 00:00:00
4443,47a64f92-b064-44e8-ad8f-9763606f68a4,Shaross invest GmbH,Private,1,7999.8048,Office,Berlin,Office,Berlin,Berlin,,2015-03-10 00:00:00
4444,4c48b00f-c8f6-419c-a5d2-da2b723242e8,Lars Windhorst,Private,1,199995.12,Apartment,Hanover,Apartment,Hanover,Lower Saxony,,2019-03-28 00:00:00
4445,4c48b00f-c8f6-419c-a5d2-da2b723242e8,Konrad Kloster & Maik Tauchert,Private,1,10999.7316,Dev Site,Braunschweig,Dev Site,Braunschweig,Lower Saxony,,2013-02-12 00:00:00
4446,e27ce0ab-e4d8-4aa2-b8d3-741c26f635e6,Bocks Sportswear,User/Other,1,649.98414,Retail,Schweinfurt,Retail,Schweinfurt,Bavaria,,2013-07-02 00:00:00
4447,e27ce0ab-e4d8-4aa2-b8d3-741c26f635e6,Spedition Lange & Tochter GmbH,User/Other,1,27499.329,Dev Site,Brandenburg an der Havel,Dev Site,Brandenburg an der Havel,Brandenburg,,2018-12-15 00:00:00
4448,4c48b00f-c8f6-419c-a5d2-da2b723242e8,Dritte Caurus Grundstücksgesellschaft,Private,1,21499.4754,Industrial,Dresden,Industrial,Dresden,Saxony,,2015-03-24 00:00:00
4449,4c48b00f-c8f6-419c-a5d2-da2b723242e8,Frank Pentzin,Private,1,3860.9057916,Office,Hamburg,Office,Hamburg,Hamburg,,2016-06-03 00:00:00
4450,4c48b00f-c8f6-419c-a5d2-da2b723242e8,Heiko Fuhlendorf,Private,1,3860.9057916,Office,Hamburg,Office,Hamburg,Hamburg,,2016-06-03 00:00:00
4451,4c48b00f-c8f6-419c-a5d2-da2b723242e8,GbR Sportallee 54a+b A. M. & K,Private,1,7699.81212,Office,Hamburg,Office,Hamburg,Hamburg,,2016-10-12 00:00:00
4452,4c48b00f-c8f6-419c-a5d2-da2b723242e8,Unruh-Deerberg Immobiliengesellschaft,Private,1,9999.756,Dev Site,Ebersbach-Neugersdorf,Dev Site,Ebersbach-Neugersdorf,Saxony,,2020-03-31 00:00:00
4453,e702494d-1ab9-4b84-a4f0-28e406d1166e,City of Puchheim,User/Other,1,,Apartment,Puchheim,Apartment,Puchheim,Bavaria,,2014-07-31 00:00:00
4454,4c48b00f-c8f6-419c-a5d2-da2b723242e8,Vier Quartier GmbH & Co. KG,Private,1,28999.2924,Dev Site,Bremen,Dev Site,Bremen,Bremen,,2020-01-15 00:00:00
4455,9f7b0e73-f491-4959-8e96-bde253aa636f,Gebr. Rausch HAUSBAU GmbH & Co. KG,Private,1,28999.2924,Dev Site,Bremen,Dev Site,Bremen,Bremen,,2020-01-15 00:00:00
4456,4c48b00f-c8f6-419c-a5d2-da2b723242e8,Sachs Real Estate,Private,1,,Hotel,Kaiserslautern,Hotel,Kaiserslautern,Rhineland-Palatinate,,2017-04-26 00:00:00
4457,e27ce0ab-e4d8-4aa2-b8d3-741c26f635e6,Mitteldeutsche Rundfunk MDR,User/Other,1,14999.634,Office,Magdeburg,Office,Magdeburg,Saxony-Anhalt,,2018-06-25 00:00:00
4458,4c48b00f-c8f6-419c-a5d2-da2b723242e8,Casa Sogno,Private,1,3199.92192,Dev Site,Dortmund,Dev Site,Dortmund,North Rhine-Westphalia,,2022-03-01 00:00:00
4459,bd5657ae-402e-4677-a035-dc18a547bcae,Dr Kurt & Ilse Nolke Stiftung,User/Other,1,14999.634,Dev Site,Gluckstadt,Dev Site,Gluckstadt,Schleswig-Holstein,,2015-10-06 00:00:00
4460,4c48b00f-c8f6-419c-a5d2-da2b723242e8,Archy Nova,Private,1,5999.8536,Dev Site,Stuttgart,Dev Site,Stuttgart,Baden-Wurttemberg,,2012-12-31 00:00:00
4461,2cfacd5b-ce8f-4766-8c5f-693f4606305a,WohnWert Koln GmbH,Private,1,761.9814072,Apartment,Cologne,Apartment,Cologne,North Rhine-Westphalia,,2010-10-14 00:00:00
4462,e27ce0ab-e4d8-4aa2-b8d3-741c26f635e6,akquinet AG,User/Other,1,10759.737456,Dev Site,Hamburg,Dev Site,Hamburg,Hamburg,,2020-11-30 00:00:00
4463,4c48b00f-c8f6-419c-a5d2-da2b723242e8,Becker Immobilien GmbH,Private,1,2999.9268,Apartment,Bielefeld,Apartment,Bielefeld,North Rhine-Westphalia,,2011-06-01 00:00:00
4464,e27ce0ab-e4d8-4aa2-b8d3-741c26f635e6,Hasenkamp Group,User/Other,1,,Industrial,Morfelden-Walldorf,Industrial,Morfelden-Walldorf,Hesse,,2024-05-01 00:00:00
4465,e27ce0ab-e4d8-4aa2-b8d3-741c26f635e6,Multibox Management,User/Other,1,3799.90728,Dev Site,Darmstadt,Dev Site,Darmstadt,Hesse,,2020-05-27 00:00:00
4466,4c48b00f-c8f6-419c-a5d2-da2b723242e8,List & Nieklauson GmbH,Private,1,,Hotel,Jena,Hotel,Jena,Thuringia,,2012-01-01 00:00:00
4467,4c48b00f-c8f6-419c-a5d2-da2b723242e8,Wohnartplus GmbH,Private,1,,Hotel,Dresden,Hotel,Dresden,Saxony,,2024-02-15 00:00:00
4468,4c48b00f-c8f6-419c-a5d2-da2b723242e8,Customcells Holding GmbH,Private,1,28150.3131156,Dev Site,Reutlingen,Dev Site,Reutlingen,Baden-Wurttemberg,,2021-12-17 00:00:00
4469,4c48b00f-c8f6-419c-a5d2-da2b723242e8,Das Schauwerk GmbH,Private,1,2499.939,Industrial,Freiberg am Neckar,Industrial,Freiberg am Neckar,Baden-Wurttemberg,,2014-04-02 00:00:00
4470,4c48b00f-c8f6-419c-a5d2-da2b723242e8,SBI GmbH,Private,1,499.9878,Dev Site,Nuremberg,Dev Site,Nuremberg,Bavaria,,2016-03-31 00:00:00
4471,e27ce0ab-e4d8-4aa2-b8d3-741c26f635e6,GTM,User/Other,1,49998.78,Dev Site,Barleben,Dev Site,Barleben,Saxony-Anhalt,,2008-11-15 00:00:00
4472,4c48b00f-c8f6-419c-a5d2-da2b723242e8,Crowd & Care Invest AG,Private,1,,Seniors Housing & Care,Wietze,Seniors Housing & Care,Wietze,Lower Saxony,,2021-06-14 00:00:00
4473,eaf4bf3d-c951-4ad1-b40f-9ac89e8e102a,City of Kirchheim unter Teck,User/Other,1,34998.8546656,Dev Site,Kirchheim unter Teck,Dev Site,Kirchheim unter Teck,Baden-Wurttemberg,,2015-03-13 00:00:00
4474,e27ce0ab-e4d8-4aa2-b8d3-741c26f635e6,Reha Parcs Dusselaue,User/Other,1,10899.73404,Office,Erkrath,Office,Erkrath,North Rhine-Westphalia,,2010-09-30 00:00:00
4475,e27ce0ab-e4d8-4aa2-b8d3-741c26f635e6,Envia Mitteldeutsche Energie AG,User/Other,1,4699.88532,Office,Naumburg (Saale),Office,Naumburg (Saale),Saxony-Anhalt,,2020-10-08 00:00:00
4476,9fbd55b8-69ba-46e8-9dab-897c3256b045,B Logistik GmbH,User/Other,1,27999.3168,Dev Site,Beckum,Dev Site,Beckum,North Rhine-Westphalia,,2015-12-22 00:00:00
4477,e27ce0ab-e4d8-4aa2-b8d3-741c26f635e6,STI Security Training International GmbH,User/Other,1,6280.2258,Office,Florsheim am Main,Office,Florsheim am Main,Hesse,,2019-04-18 00:00:00
4478,4c48b00f-c8f6-419c-a5d2-da2b723242e8,DG Steinplatz 4 GmbH,Private,1,,Hotel,Berlin,Hotel,Berlin,Berlin,,2011-07-15 00:00:00
4479,d074f52b-915b-4266-9535-33544e06853f,Hapimag AG,Private,1,2699.93412,Office,Hamburg,Office,Hamburg,Hamburg,,2012-12-31 00:00:00
4480,2c9257d0-1a9d-4b64-bfc9-8404879a46cf,Stadtsparkasse Oberhausen,Institutional,1,87997.8528,Dev Site,Oberhausen,Dev Site,Oberhausen,North Rhine-Westphalia,,2024-03-12 00:00:00
4481,4c48b00f-c8f6-419c-a5d2-da2b723242e8,Matthai Bauunternehmen,Private,1,4519.889712,Industrial,Westerstede,Industrial,Westerstede,Lower Saxony,,2022-04-03 00:00:00
4482,e27ce0ab-e4d8-4aa2-b8d3-741c26f635e6,Slaney Foods,User/Other,1,10499.7438,Office,Ludenscheid,Office,Ludenscheid,North Rhine-Westphalia,,2008-08-31 00:00:00
4483,eaf4bf3d-c951-4ad1-b40f-9ac89e8e102a,City of Donauworth,User/Other,1,299992.68,Dev Site,Donauworth,Dev Site,Donauworth,Bavaria,,2016-08-04 00:00:00
4484,e27ce0ab-e4d8-4aa2-b8d3-741c26f635e6,Cycot Gmbh,User/Other,1,3399.91704,Office,Augsburg,Office,Augsburg,Bavaria,,2017-08-14 00:00:00
4485,e59a7b6e-f15d-483d-8afd-dfb86d7af513,TFM Wohnbau,Private,1,11699.71452,Dev Site,Augsburg,Apartment; Dev Site,Augsburg,Bavaria,,2013-12-31 00:00:00
4486,bd5657ae-402e-4677-a035-dc18a547bcae,Diakonie Deutschland Evangelischer Bundesverband,User/Other,1,1146.9720132,Office,Lengerich,Office,Lengerich,North Rhine-Westphalia,,2015-11-11 00:00:00
4487,e27ce0ab-e4d8-4aa2-b8d3-741c26f635e6,Argos Deutschland GmbH,User/Other,1,11364.6281112006,Industrial,Neuss,Industrial,Neuss,North Rhine-Westphalia,,2007-10-15 00:00:00
4488,e27ce0ab-e4d8-4aa2-b8d3-741c26f635e6,Wandscher Gruppe,User/Other,1,1799.95608,Other General,Bremen,Other General,Bremen,Bremen,,2021-06-30 00:00:00
4489,64e27310-bb37-4bf9-88f6-7ec3292ffcf8,Uni Apart,Private,1,5799.85848,Dev Site,Neu-Ulm,Dev Site,Neu-Ulm,Bavaria,,2020-02-13 00:00:00
4490,ce8e5dfa-4f74-4776-8746-024dbd0d17a6,Quell Real Estate,Private,1,2299.94388,Dev Site,Barsbuttel,Dev Site,Barsbuttel,Schleswig-Holstein,,2015-02-28 00:00:00
4491,3555db89-a3eb-45ce-a44c-2e7b2325c461,Martin Schmalzle Fonds,<unknown>,1,4483.8905904,Office,Bielefeld,Office,Bielefeld,North Rhine-Westphalia,,2002-12-31 00:00:00
4492,4c48b00f-c8f6-419c-a5d2-da2b723242e8,SICON Hospitality GmbH,Private,1,1949.95242,Office,Hamburg,Office,Hamburg,Hamburg,,2023-08-01 00:00:00
4493,4c48b00f-c8f6-419c-a5d2-da2b723242e8,CLL AG,Private,1,5999.8536,Office,Frankfurt am Main,Office,Frankfurt am Main,Hesse,,2022-04-01 00:00:00
4494,4c48b00f-c8f6-419c-a5d2-da2b723242e8,Projektgesellschaft Ewald 35 Oer-Erkenschwick GmbH,Private,1,6218.8482564,Dev Site,Oer-Erkenschwick,Dev Site,Oer-Erkenschwick,North Rhine-Westphalia,,2020-08-13 00:00:00
4495,662837d6-445e-467a-b07d-efe7614b714e,Wohnbau Balingen,Private,1,5699.86092,Dev Site,Balingen,Dev Site,Balingen,Baden-Wurttemberg,,2010-07-15 00:00:00
4496,4c48b00f-c8f6-419c-a5d2-da2b723242e8,Bauconzept Real Estate,Private,1,7599.81456,Industrial,Solingen,Industrial,Solingen,North Rhine-Westphalia,,2022-04-04 00:00:00
4497,0edae075-841e-4d5c-9479-5fdddc0f300c,MSC Mediterranean Shipping Company,User/Other,1,2619.936072,Dev Site,Hamburg,Dev Site,Hamburg,Hamburg,,2024-01-19 00:00:00
4498,e27ce0ab-e4d8-4aa2-b8d3-741c26f635e6,AST GmbH,User/Other,1,1135.9722816,Industrial,Leipzig,Industrial,Leipzig,Saxony,,2009-06-15 00:00:00
4499,e27ce0ab-e4d8-4aa2-b8d3-741c26f635e6,Kanal-Turpe-Döben GmbH & Co.KG,User/Other,1,1999.9512,Industrial,Leipzig,Industrial,Leipzig,Saxony,,2018-07-13 00:00:00
4500,4c48b00f-c8f6-419c-a5d2-da2b723242e8,Area 205 GmbH,Private,1,4212.861715,Office,Cologne,Office,Cologne,North Rhine-Westphalia,,2019-06-17 00:00:00
4501,4c48b00f-c8f6-419c-a5d2-da2b723242e8,Gerd Sauren,Private,1,7999.8048,Dev Site,Aachen,Dev Site,Aachen,North Rhine-Westphalia,,2016-04-13 00:00:00
4502,4c48b00f-c8f6-419c-a5d2-da2b723242e8,Andres Czwicklinski und Dirk Michalski / CM Immobi,Private,1,14999.634,Apartment,Bad Oldesloe,Apartment,Bad Oldesloe,Schleswig-Holstein,,2011-08-13 00:00:00
4503,67d0c53a-2bb7-4d90-8dda-ecc513fe2bab,Oddo BHF,Institutional,1,4499.8902,Office,Dusseldorf,Office,Offenbach am Main; Dusseldorf,Hesse; North Rhine-Westphalia,,2024-04-19 00:00:00
4504,4c48b00f-c8f6-419c-a5d2-da2b723242e8,A-Medialynx,Private,1,6899.83164,Office,Berlin,Office,Berlin,Berlin,,2004-03-01 00:00:00
4505,4c48b00f-c8f6-419c-a5d2-da2b723242e8,Noordkant Investment Partners,Private,1,,Hotel,Binz,Hotel,Binz,Mecklenburg-West Pomerania,,2024-07-11 00:00:00
4506,4c48b00f-c8f6-419c-a5d2-da2b723242e8,Rück Immobilien GmbH & Co. Neue Mitte KG,Private,1,20699.49492,Office,Essen,Office,Essen,North Rhine-Westphalia,,2017-06-20 00:00:00
4507,4c48b00f-c8f6-419c-a5d2-da2b723242e8,Claus Kellnberge,Private,1,11531.7186192,Office,Chemnitz,Office,Chemnitz,Saxony,,2010-01-12 00:00:00
4508,e27ce0ab-e4d8-4aa2-b8d3-741c26f635e6,Viessmann Werke GmbH,User/Other,1,3999.9024,Dev Site,Hanover,Dev Site,Hanover,Lower Saxony,,2011-11-15 00:00:00
4509,4c48b00f-c8f6-419c-a5d2-da2b723242e8,G-Eins,Private,1,5999.8536,Dev Site,Gutersloh,Dev Site,Gutersloh,North Rhine-Westphalia,,2016-04-27 00:00:00
4510,eaf4bf3d-c951-4ad1-b40f-9ac89e8e102a,Chinese Consular General,User/Other,1,12999.6828,Office,Frankfurt am Main,Office,Frankfurt am Main,Hesse,,2007-09-28 00:00:00
4511,4c48b00f-c8f6-419c-a5d2-da2b723242e8,Kurt Krieger,Private,1,27836.3207772,Dev Site,Neuss,Dev Site,Neuss,North Rhine-Westphalia,,2015-11-19 00:00:00
4512,e27ce0ab-e4d8-4aa2-b8d3-741c26f635e6,Deutscher Bundeswehrverband,User/Other,1,5199.87312,Office,Berlin,Office,Berlin,Berlin,,2015-12-16 00:00:00
4513,e27ce0ab-e4d8-4aa2-b8d3-741c26f635e6,SelfStorage Dein Lagerraum GmbH,User/Other,1,2999.9268,Dev Site,Bremen,Dev Site,Bremen,Bremen,,2022-03-28 00:00:00
4514,4c48b00f-c8f6-419c-a5d2-da2b723242e8,Correal Immobilienmanagement GmbH,Private,1,777.9810168,Apartment,Hamburg,Apartment,Hamburg,Hamburg,,2022-04-25 00:00:00
4515,e27ce0ab-e4d8-4aa2-b8d3-741c26f635e6,Schneider Logistik GmbH,User/Other,1,6249.8475,Industrial,Ebersbach an der Fils,Industrial,Ebersbach an der Fils,Baden-Wurttemberg,,2014-01-27 00:00:00
4516,e27ce0ab-e4d8-4aa2-b8d3-741c26f635e6,Gerhard D. Wempe GmbH & Co. KG,User/Other,1,3611.9118672,Office,Hamburg,Office,Hamburg,Hamburg,,2023-11-01 00:00:00
4517,4c48b00f-c8f6-419c-a5d2-da2b723242e8,MyCo Living GmbH,Private,1,24999.181904,Dev Site,Bad Harzburg,Dev Site,Bad Harzburg,Lower Saxony,,2022-06-30 00:00:00
4518,7d0a631b-aa5d-4363-9fe3-f9241f59f6a7,Pestana Group,Private,1,,Hotel,Berlin,Hotel,Berlin,Berlin,,2011-05-11 00:00:00
4519,e27ce0ab-e4d8-4aa2-b8d3-741c26f635e6,Helmholtz Zentrum für Infektionsforschung GmbH,User/Other,1,11999.7072,Dev Site,Saarbrucken,Dev Site,Saarbrucken,Saarland,,2012-11-14 00:00:00
4520,4c48b00f-c8f6-419c-a5d2-da2b723242e8,Schatz Gruppe,Private,1,9999.756,Dev Site,Salach,Dev Site,Salach,Baden-Wurttemberg,,2021-03-08 00:00:00
4521,153b5b1e-e7f1-4b44-aca8-a32e0b0a30e1,Gorgeous Smiling Hotels GmbH,Private,1,,Hotel,Korntal-Munchingen,Hotel,Korntal-Munchingen,Baden-Wurttemberg,,2022-09-05 00:00:00
4522,eaf4bf3d-c951-4ad1-b40f-9ac89e8e102a,City of Bietigheim-Bissingen,User/Other,1,84997.926,Industrial,Bietigheim-Bissingen,Industrial,Bietigheim-Bissingen,Baden-Wurttemberg,,2015-12-23 00:00:00
4523,4c48b00f-c8f6-419c-a5d2-da2b723242e8,OSWA Unternehmensgruppe,Private,1,84997.926,Industrial,Bietigheim-Bissingen,Industrial,Bietigheim-Bissingen,Baden-Wurttemberg,,2015-12-23 00:00:00
4524,4c48b00f-c8f6-419c-a5d2-da2b723242e8,Wolfram Wascher and Rainer Walser,Private,1,,Hotel,Gomadingen,Hotel,Gomadingen,Baden-Wurttemberg,,2013-07-02 00:00:00
4525,4c48b00f-c8f6-419c-a5d2-da2b723242e8,Wohnungsbau GmbH Neumünster,Private,1,8199.79992,Dev Site,Neumunster,Dev Site,Neumunster,Schleswig-Holstein,,2013-08-06 00:00:00
4526,4c48b00f-c8f6-419c-a5d2-da2b723242e8,Hagag Family Office,Private,1,7999.8048,Retail,Lippstadt,Retail,Lippstadt,North Rhine-Westphalia,,2019-11-22 00:00:00
4527,4c48b00f-c8f6-419c-a5d2-da2b723242e8,Gewireal GmbH,Private,1,9799.76088,Dev Site,Norderstedt,Dev Site; Office,Norderstedt,Schleswig-Holstein,,2022-02-03 00:00:00
4528,4c48b00f-c8f6-419c-a5d2-da2b723242e8,Logemann Vermogensverwaltung Gmbh & Co KG,Private,1,11425.7212056,Dev Site,Bielefeld,Dev Site,Bielefeld,North Rhine-Westphalia,,2015-03-27 00:00:00
4529,e27ce0ab-e4d8-4aa2-b8d3-741c26f635e6,Windmöller & Hölscher KG,User/Other,1,16999.5852,Dev Site,Lengerich,Dev Site,Lengerich,North Rhine-Westphalia,,2013-03-31 00:00:00
4530,e27ce0ab-e4d8-4aa2-b8d3-741c26f635e6,Apex Group,User/Other,1,51998.7312,Dev Site,Lubmin,Dev Site,Lubmin,Mecklenburg-West Pomerania,,2023-07-27 00:00:00
4531,4c48b00f-c8f6-419c-a5d2-da2b723242e8,CT Formpolster GmbH,Private,1,13799.66328,Industrial,Enger,Industrial,Enger,North Rhine-Westphalia,,2019-09-12 00:00:00
4532,e27ce0ab-e4d8-4aa2-b8d3-741c26f635e6,Altech Industries Germany GmbH,User/Other,1,139995.4186624,Dev Site,Spreetal,Dev Site,Spreetal,Saxony,,2022-01-25 00:00:00
4533,fcbdf3c8-2da8-4f5e-9fb8-e959b565c1b2,Thylander Gruppen,Institutional,1,7107.76740997925,Office,Hamburg,Office,Hamburg,Hamburg,,2007-07-11 00:00:00
4534,4c48b00f-c8f6-419c-a5d2-da2b723242e8,B&S REAL ESTATE GmbH,Private,1,6499.8414,Dev Site,Mullheim,Dev Site,Mullheim,Baden-Wurttemberg,,2021-11-30 00:00:00
4535,4c48b00f-c8f6-419c-a5d2-da2b723242e8,TWG Tessiner Wohnungsbaugesellschaft,Private,1,5999.8536,Dev Site,Tessin,Dev Site,Tessin,Mecklenburg-West Pomerania,,2016-05-06 00:00:00
4536,8c2a840b-8bd2-4ab6-b930-409772f1ada1,PFEIL Projektentwicklung,Private,1,4731.8845392,Dev Site,Mannheim,Apartment; Dev Site,Mannheim,Baden-Wurttemberg,,2018-08-24 00:00:00
4537,4c48b00f-c8f6-419c-a5d2-da2b723242e8,Participaties Daelmanns IV,Private,1,7199.764864,Apartment,Munich,Apartment,Munich,Bavaria,,2008-08-15 00:00:00
4538,5c1086a6-5893-455f-ba94-36524f6be94c,City of Ehingen,User/Other,1,33999.1704,Office,Ehingen (Donau),Office,Ehingen (Donau),Baden-Wurttemberg,,2015-04-24 00:00:00
4539,e27ce0ab-e4d8-4aa2-b8d3-741c26f635e6,Hatje GmbH,User/Other,1,84497.9382,Dev Site,Rellingen,Dev Site,Rellingen,Schleswig-Holstein,,2015-11-18 00:00:00
4540,4c48b00f-c8f6-419c-a5d2-da2b723242e8,i-pro Gisag GmbH,Private,1,17999.5608,Retail,Klipphausen,Retail,Klipphausen,Saxony,,2013-08-26 00:00:00
4541,4c48b00f-c8f6-419c-a5d2-da2b723242e8,Wirtgen Invest Holding GmbH,Private,1,29162.2884228,Office,Frankfurt am Main,Office,Frankfurt am Main,Hesse,,2019-06-17 00:00:00
4542,f0edb512-3e77-419b-9620-b746c62e37fb,Optima,Private,1,16999.5852,Office,Munich,Office,Munich,Bavaria,,2021-09-30 00:00:00
4543,6c40f5e6-847b-4593-8df3-1d7df8195836,TriStone Realty Mgmt,Institutional,1,16999.5852,Office,Munich,Office,Munich,Bavaria,,2021-09-30 00:00:00
4544,4c48b00f-c8f6-419c-a5d2-da2b723242e8,Kairos Grundbesitzentwicklungsgesellschaft mbH,Private,1,2960.9277516,Dev Site,Mainz,Dev Site,Mainz,Rhineland-Palatinate,,2012-08-15 00:00:00
4545,e82b7bf0-d420-4c5b-b90d-a82a5332edf6,Elo Mutual,Institutional,1,65398.40424,Office,Frankfurt am Main,Office,Frankfurt am Main,Hesse,,2016-12-23 00:00:00
4546,a0be105d-3c13-4a40-8f40-3a7072954a80,Varma,Institutional,1,65398.40424,Office,Frankfurt am Main,Office,Frankfurt am Main,Hesse,,2016-12-23 00:00:00
4547,4c48b00f-c8f6-419c-a5d2-da2b723242e8,Rosenheimer Wohnhaugesellschaft GRWS,Private,1,,Apartment,Rosenheim,Apartment,Rosenheim,Bavaria,,2010-08-15 00:00:00
4548,4c48b00f-c8f6-419c-a5d2-da2b723242e8,Gewerkschaftl Vermogensgesellschaft,Private,1,3499.9146,Office,Essen,Office,Essen,North Rhine-Westphalia,,2009-11-12 00:00:00
4549,e27ce0ab-e4d8-4aa2-b8d3-741c26f635e6,KapPa Antipasti GmbH,User/Other,1,16999.5852,Industrial,Giessen,Industrial,Giessen,Hesse,,2015-12-18 00:00:00
4550,6068a6e1-d448-4de8-8af1-a1019a7aa588,Topland Group,Private,1,78997.4149392742,Retail,,Retail,Berlin,Berlin,,2017-08-17 00:00:00
4551,eaf4bf3d-c951-4ad1-b40f-9ac89e8e102a,Wirtschaft und Marketing Soest (WMS),User/Other,1,79998.048,Dev Site,Soest,Dev Site,Soest,North Rhine-Westphalia,,2020-06-09 00:00:00
4552,fd97c632-cf96-40b5-85f0-87e8634c5136,Stanhope,Institutional,1,4064.900814,Retail,Berlin,Retail,Berlin,Berlin,,2019-03-27 00:00:00
4553,4c48b00f-c8f6-419c-a5d2-da2b723242e8,Paritatische Wohlfartsverband,Private,1,2608.9107,Office,Berlin,Office,Berlin,Berlin,,2022-07-27 00:00:00
4554,e27ce0ab-e4d8-4aa2-b8d3-741c26f635e6,Drechsel & Marschner Vermögensverwaltungs GmbH & C,User/Other,1,1014.975234,Office,Berlin,Office,Berlin,Berlin,,2012-08-22 00:00:00
4555,4c48b00f-c8f6-419c-a5d2-da2b723242e8,JMES Vermögensverwaltung GmbH,Private,1,4499.8902,Office,Berlin,Office,Berlin,Berlin,,2013-12-01 00:00:00
4556,4c48b00f-c8f6-419c-a5d2-da2b723242e8,Entwicklungsgesellschaft Petrisberg,Private,1,79998.048,Dev Site,Trier,Dev Site,Trier,Rhineland-Palatinate,,2022-05-09 00:00:00
4557,4c48b00f-c8f6-419c-a5d2-da2b723242e8,Harm Mueller Spreer,Private,1,2799.93168,Dev Site,Hamburg,Dev Site,Hamburg,Hamburg,,2011-07-20 00:00:00
4558,3b537c5f-e8f4-46e0-8aa9-b856cf21daef,City of Luedinghauseg,User/Other,1,89997.804,Dev Site,Ludinghausen,Dev Site,Ludinghausen,North Rhine-Westphalia,,2011-06-18 00:00:00
4559,4c48b00f-c8f6-419c-a5d2-da2b723242e8,EKZ Sindorf Thaliastrasse GmbH,Private,1,11999.7072,Retail,Kerpen,Retail,Kerpen,North Rhine-Westphalia,,2013-08-19 00:00:00
4560,4c48b00f-c8f6-419c-a5d2-da2b723242e8,Jurgen Schmitter,Private,1,3997.9024488,Office,Aachen,Office,Aachen,North Rhine-Westphalia,,2014-02-13 00:00:00
4561,29705626-6af3-47f3-be13-ca38384378ed,Universitatsklinikum Essen,User/Other,1,21599.47296,Office,Essen,Office,Essen,North Rhine-Westphalia,,2022-08-23 00:00:00
4562,e27ce0ab-e4d8-4aa2-b8d3-741c26f635e6,Behälter KG,User/Other,1,29999.268,Industrial,Bremen,Industrial,Bremen,Bremen,,2014-10-21 00:00:00
4563,710ffb58-dc9b-4eb9-a133-2db5398c04ac,CDL Hospitality REIT,Public,1,17499.573,Hotel,Munich,Hotel,Munich,Bavaria,,2017-06-27 00:00:00
4564,4c48b00f-c8f6-419c-a5d2-da2b723242e8,IPK Immoprojekt Kassel,Private,1,,Apartment,Kassel,Apartment,Kassel,Hesse,,2013-12-27 00:00:00
4565,4c48b00f-c8f6-419c-a5d2-da2b723242e8,Artec Immobilienentwicklungs- und Managementgesellschaft mbH,Private,1,699.98292,Retail,Kassel,Retail,Kassel,Hesse,,2023-04-17 00:00:00
4566,691506c0-63d2-4c48-8d18-860a138341f4,KIA Motors,User/Other,1,,Office,Frankfurt am Main,Office,Frankfurt am Main,Hesse,,2005-06-01 00:00:00
4567,4c48b00f-c8f6-419c-a5d2-da2b723242e8,JKV Grundstücksverwertungs GmbH,Private,1,14592.6439308,Retail,Ingolstadt,Retail,Ingolstadt,Bavaria,,2015-11-30 00:00:00
4568,e27ce0ab-e4d8-4aa2-b8d3-741c26f635e6,Regh Unternehmensgruppe,User/Other,1,6999.8292,Dev Site,Duisburg,Dev Site,Duisburg,North Rhine-Westphalia,,2012-08-15 00:00:00
4569,ddfabc25-420b-484e-8ac3-a38a37ce14c0,CM Projektbau,Private,1,2179.946808,Dev Site,Hamburg,Dev Site,Hamburg,Hamburg,,2016-07-06 00:00:00
4570,4c48b00f-c8f6-419c-a5d2-da2b723242e8,Volksfursorge Deutsche Lebensversicherung AG,Private,1,23199.240688,Office,Munich,Office,Munich,Bavaria,,2008-07-15 00:00:00
4571,4c48b00f-c8f6-419c-a5d2-da2b723242e8,Dr Hocherl,Private,1,23199.240688,Office,Munich,Office,Munich,Bavaria,,2008-07-15 00:00:00
4572,e27ce0ab-e4d8-4aa2-b8d3-741c26f635e6,Heiz24.de,User/Other,1,5333.8698504,Dev Site,Pinneberg,Dev Site,Pinneberg,Schleswig-Holstein,,2014-01-15 00:00:00
4573,4c48b00f-c8f6-419c-a5d2-da2b723242e8,Jurgen B Harder,Private,1,32869.197972,Dev Site,Nuremberg,Dev Site,Nuremberg,Bavaria,,2010-04-15 00:00:00
4574,e27ce0ab-e4d8-4aa2-b8d3-741c26f635e6,ARAS Tiernahrung Vertriebsgesellschaft mbH,User/Other,1,3199.92192,Dev Site,Nuremberg,Dev Site,Nuremberg,Bavaria,,2010-06-15 00:00:00
4575,29dc28fa-1c24-4c7d-a806-189e2968a856,Vetturino,Private,1,17920.5627276,Industrial,Nuremberg,Industrial,Nuremberg,Bavaria,,2010-02-10 00:00:00
4576,3a9e028f-8030-45d9-8fcc-75d2f4f60f92,REG realservices,Private,1,4836.8819772,Office,Leipzig,Office,Leipzig,Saxony,,2016-03-01 00:00:00
4577,e27ce0ab-e4d8-4aa2-b8d3-741c26f635e6,Obermann Unternehmensgruppe,User/Other,1,29999.268,Industrial,Bad Grund (Harz),Industrial,Bad Grund (Harz),Lower Saxony,,2012-04-01 00:00:00
4578,e27ce0ab-e4d8-4aa2-b8d3-741c26f635e6,Stiebel Eltron,User/Other,1,33998.88738944,Dev Site,Eschwege,Dev Site,Eschwege,Hesse,,2024-02-24 00:00:00
4579,2a9875d2-fe08-422b-a955-c93ec0aedbff,Sparkasse Nurnberg,Institutional,1,25799.37048,Industrial,Nuremberg,Industrial,Nuremberg,Bavaria,,2015-02-10 00:00:00
4580,4c48b00f-c8f6-419c-a5d2-da2b723242e8,Norispark Grundstücksentwicklungsgesellschaft mbH,Private,1,60998.5116,Dev Site,Nuremberg,Dev Site,Nuremberg,Bavaria,,2015-02-15 00:00:00
4581,4c48b00f-c8f6-419c-a5d2-da2b723242e8,Dinslakener Flachenentwicklungsgesellschaft (DIN FLEG),Private,1,84997.2184736,Dev Site,Dinslaken,Dev Site,Dinslaken,North Rhine-Westphalia,,2019-03-01 00:00:00
4582,4c48b00f-c8f6-419c-a5d2-da2b723242e8,Salvea,Private,1,7199.82432,Office,Kleve,Office,Kleve,North Rhine-Westphalia,,2015-01-31 00:00:00
4583,e27ce0ab-e4d8-4aa2-b8d3-741c26f635e6,Jäger Fischer GmbH & Co. KG,User/Other,1,23999.4144,Dev Site,Heppenheim (Bergstrasse),Dev Site,Heppenheim (Bergstrasse),Hesse,,2015-02-28 00:00:00
4584,4c48b00f-c8f6-419c-a5d2-da2b723242e8,Deufol West GmbH,Private,1,29999.268,Dev Site,Mulheim an der Ruhr,Dev Site,Mulheim an der Ruhr,North Rhine-Westphalia,,2016-08-17 00:00:00
4585,e27ce0ab-e4d8-4aa2-b8d3-741c26f635e6,Brückner Textile Technologies GmbH & Co KG,User/Other,1,79998.048,Dev Site,Tittmoning,Dev Site,Tittmoning,Bavaria,,2016-03-08 00:00:00
4586,4c48b00f-c8f6-419c-a5d2-da2b723242e8,DTU Beta,Private,1,11612.7166428,Retail,Bergkamen,Retail,Bergkamen,North Rhine-Westphalia,,2019-04-10 00:00:00
4587,787df56e-63a1-448c-ab37-a3a6f88c4725,ABG Development,Private,1,5599.86336,Dev Site,Munich,Apartment; Dev Site,Stadtoldendorf; Munich,Lower Saxony; Bavaria,,2013-05-06 00:00:00
4588,e27ce0ab-e4d8-4aa2-b8d3-741c26f635e6,Catodica GmbH,User/Other,1,1350.9670356,Dev Site,Monchengladbach,Dev Site,Monchengladbach,North Rhine-Westphalia,,2022-04-01 00:00:00
4589,08ccbd00-ebe8-463b-b6a1-c8daa703a010,Victoria Wohnungsbau GmbH,Private,1,4889.880684,Dev Site,Leipzig,Dev Site,Leipzig,Saxony,,2020-03-31 00:00:00
4590,4c48b00f-c8f6-419c-a5d2-da2b723242e8,Viessmann and Hakan Koc,Private,1,3999.9024,Apartment,Berlin,Apartment,Berlin,Berlin,,2015-12-31 00:00:00
4591,e27ce0ab-e4d8-4aa2-b8d3-741c26f635e6,Verein Deutscher Zementwerke (VDZ),User/Other,1,5599.86336,Dev Site,Dusseldorf,Dev Site,Dusseldorf,North Rhine-Westphalia,,2013-02-19 00:00:00
4592,030fa92e-9b32-4317-8b33-d5d9d9aac3bf,NGEG,Private,1,16699.59252,Dev Site,Lubeck,Dev Site; Apartment,Lubeck; Kiel,Schleswig-Holstein,,2023-05-08 00:00:00
4593,4c48b00f-c8f6-419c-a5d2-da2b723242e8,Builders Direct S.a.,Private,1,22499.451,Office,Aachen,Office,Aachen,North Rhine-Westphalia,,2019-01-15 00:00:00
4594,4c48b00f-c8f6-419c-a5d2-da2b723242e8,Viresca GmbH,Private,1,379990.728,Dev Site,Hermeskeil,Dev Site,Hermeskeil,Rhineland-Palatinate,,2011-04-15 00:00:00
4595,300e553d-2c0b-4ad8-b0a0-f601d6ccd427,Heinz Schnorpfeil Bau,Private,1,379990.728,Dev Site,Hermeskeil,Dev Site,Hermeskeil,Rhineland-Palatinate,,2011-04-15 00:00:00
4596,eaf4bf3d-c951-4ad1-b40f-9ac89e8e102a,Municipality of Kall,User/Other,1,44998.902,Dev Site,Kall,Dev Site,Kall,North Rhine-Westphalia,,2014-12-19 00:00:00
4597,e27ce0ab-e4d8-4aa2-b8d3-741c26f635e6,psg invest,User/Other,1,40998.9996,Dev Site,Eichwalde,Dev Site,Eichwalde,Brandenburg,,2011-09-20 00:00:00
4598,4c48b00f-c8f6-419c-a5d2-da2b723242e8,Schönherr+Fritsch Bau GmbH,Private,1,31999.2192,Dev Site,Frankfurt (Oder),Dev Site,Frankfurt (Oder),Brandenburg,,2016-03-17 00:00:00
4599,4c48b00f-c8f6-419c-a5d2-da2b723242e8,Seetel Hotel GmbH,Private,1,3599.91216,Hotel,Koserow,Hotel,Koserow,Mecklenburg-West Pomerania,,2021-02-08 00:00:00
4600,4c48b00f-c8f6-419c-a5d2-da2b723242e8,Parques Reunidos Group,Private,1,,Other Hospitality,Halbe,Other Hospitality,Halbe,Brandenburg,,2018-12-12 00:00:00
4601,4c48b00f-c8f6-419c-a5d2-da2b723242e8,Dr. Meinhof und Felsmann,Private,1,41998.9752,Dev Site,Goslar,Dev Site,Goslar,Lower Saxony,,2022-04-28 00:00:00
4602,ac49323c-f076-491d-99ce-e141ee7990aa,NordCapital,Institutional,1,3999.9024,Office,Munich,Office,Munich,Bavaria,,2012-08-17 00:00:00
4603,e27ce0ab-e4d8-4aa2-b8d3-741c26f635e6,Franz Tress GmbH,User/Other,1,69998.292,Dev Site,Gutsbezirk Munsingen,Dev Site,Gutsbezirk Munsingen,Baden-Wurttemberg,,2015-10-02 00:00:00
4604,4c48b00f-c8f6-419c-a5d2-da2b723242e8,Fischer Weilheim,Private,1,57998.5848,Dev Site,Boblingen,Dev Site,Boblingen,Baden-Wurttemberg,,2020-12-02 00:00:00
4605,e27ce0ab-e4d8-4aa2-b8d3-741c26f635e6,Krage & Gerloff Logistik,User/Other,1,3399.91704,Industrial,Magdeburg,Industrial,Magdeburg,Saxony-Anhalt,,2024-03-18 00:00:00
4606,e27ce0ab-e4d8-4aa2-b8d3-741c26f635e6,Schutten & Lemmerholz GmbH & Co. KG,User/Other,1,14999.634,Dev Site,Neuss,Dev Site,Neuss,North Rhine-Westphalia,,2012-04-12 00:00:00
4607,4c48b00f-c8f6-419c-a5d2-da2b723242e8,Ernst Freiberger,Private,1,12499.5909714041,Office,Berlin,Office,Berlin,Berlin,,2007-02-28 00:00:00
4608,404d6490-c509-41c3-a745-4f8ed4abff00,Ruhl Immo Verwaltungs GmbH,Private,1,8999.7804,Retail,Ochsenfurt,Retail,Ochsenfurt,Bavaria,,2010-12-01 00:00:00
4609,4c48b00f-c8f6-419c-a5d2-da2b723242e8,Gisinger Immobilien GmbH,Private,1,5420.8677276,Industrial,Freiburg im Breisgau,Industrial,Freiburg im Breisgau,Baden-Wurttemberg,,2022-01-24 00:00:00
4610,e27ce0ab-e4d8-4aa2-b8d3-741c26f635e6,Reuter Chemische Apparatebau KG,User/Other,1,79998.048,Dev Site,Wyhl am Kaiserstuhl,Dev Site,Wyhl am Kaiserstuhl,Baden-Wurttemberg,,2013-04-17 00:00:00
4611,4c48b00f-c8f6-419c-a5d2-da2b723242e8,H+F Hilbers-Bau Und Handelsgesellschaft Mbh,Private,1,2999.9268,Dev Site,Ludinghausen,Dev Site,Ludinghausen,North Rhine-Westphalia,,2010-01-19 00:00:00
4612,767c308e-f63d-4113-934d-7e1e0b700a8c,Continuum Cap Funding,Institutional,1,48998.8044,Office,Bonn,Office,Bonn,North Rhine-Westphalia,,2014-09-30 00:00:00
4613,e27ce0ab-e4d8-4aa2-b8d3-741c26f635e6,Live Fast DIE Young Clothing GmbH,User/Other,1,2999.9268,Office,Dusseldorf,Office,Dusseldorf,North Rhine-Westphalia,,2021-03-17 00:00:00
4614,4c48b00f-c8f6-419c-a5d2-da2b723242e8,CT Siebente Immobiliengesellschaft mbH & Co KG,Private,1,2999.9268,Hotel,Norddorf auf Amrum,Hotel,Norddorf auf Amrum,Schleswig-Holstein,,2021-06-11 00:00:00
4615,4c48b00f-c8f6-419c-a5d2-da2b723242e8,Alpha Bauprojekt GmbH,Private,1,3999.9024,Office,Moers,Apartment; Office,Moers,North Rhine-Westphalia,,2019-02-04 00:00:00
4616,4c48b00f-c8f6-419c-a5d2-da2b723242e8,OMD Objekt Marketing und Development,Private,1,3999.9024,Industrial,Moers,Industrial,Moers,North Rhine-Westphalia,,2008-10-15 00:00:00
4617,4c48b00f-c8f6-419c-a5d2-da2b723242e8,Okando Holding GmbH,Private,1,1713.9581784,Industrial,Walsrode,Industrial,Walsrode,Lower Saxony,,2015-03-09 00:00:00
4618,4c48b00f-c8f6-419c-a5d2-da2b723242e8,Voith AG,Private,1,55998.167242,Industrial,Kiel,Industrial,Kiel,Schleswig-Holstein,,2007-11-15 00:00:00
4619,4c48b00f-c8f6-419c-a5d2-da2b723242e8,PPE,Private,1,6399.84384,Office,Berlin,Office,Berlin,Berlin,,2012-01-01 00:00:00
4620,4c48b00f-c8f6-419c-a5d2-da2b723242e8,Tanore Group,Private,1,4999.878,Office,Berlin,Office,Berlin,Berlin,,2006-12-01 00:00:00
4621,e27ce0ab-e4d8-4aa2-b8d3-741c26f635e6,Casar-Preller,User/Other,1,999.9756,Office,Wiesbaden,Office,Wiesbaden,Hesse,,2012-06-06 00:00:00
4622,e27ce0ab-e4d8-4aa2-b8d3-741c26f635e6,Intenta GmbH,User/Other,1,4999.878,Industrial,Chemnitz,Industrial,Chemnitz,Saxony,,2015-02-11 00:00:00
4623,4c48b00f-c8f6-419c-a5d2-da2b723242e8,E Layher Gmbh & Co KG,Private,1,15999.6096,Dev Site,Stuttgart,Dev Site,Stuttgart,Baden-Wurttemberg,,2015-04-30 00:00:00
4624,4c48b00f-c8f6-419c-a5d2-da2b723242e8,Planbau Hochbauunternehmen GmbH,Private,1,5799.810172,Industrial,Stuttgart,Industrial; Office,Stuttgart,Baden-Wurttemberg,,2010-12-07 00:00:00
4625,4c48b00f-c8f6-419c-a5d2-da2b723242e8,Living Immotions GmbH,Private,1,12999.6828,Industrial,Aalen,Industrial,Aalen,Baden-Wurttemberg,,2016-06-02 00:00:00
4626,4c48b00f-c8f6-419c-a5d2-da2b723242e8,Asset Grundbesitz- und Vermogensverwaltung GmbH,Private,1,23999.4144,Dev Site,Augsburg,Dev Site,Augsburg,Bavaria,,2012-02-24 00:00:00
4627,e27ce0ab-e4d8-4aa2-b8d3-741c26f635e6,Kistler Group,User/Other,1,13579.668648,Dev Site,Boblingen,Dev Site,Boblingen,Baden-Wurttemberg,,2013-07-10 00:00:00
4628,4c48b00f-c8f6-419c-a5d2-da2b723242e8,Muller-Spreer AG,Private,1,4354.893738,Retail,Berlin,Retail,Berlin,Berlin,,2014-10-01 00:00:00
4629,e27ce0ab-e4d8-4aa2-b8d3-741c26f635e6,Kohne Elektronik GmbH,User/Other,1,3999.9024,Dev Site,Werlte,Dev Site,Werlte,Lower Saxony,,2015-09-15 00:00:00
4630,4c48b00f-c8f6-419c-a5d2-da2b723242e8,Gerhold Family,Private,1,19399.52664,Office,Magdeburg,Office,Magdeburg,Saxony-Anhalt,,2017-10-05 00:00:00
4631,4c48b00f-c8f6-419c-a5d2-da2b723242e8,Erhard & Carsten Schafer GmbH,Private,1,12414.697074,Retail,Fulda,Retail,Fulda,Hesse,,2014-07-24 00:00:00
4632,29705626-6af3-47f3-be13-ca38384378ed,Ruhr-Universitat Bochum,User/Other,1,16638.5940084,Office,Bochum,Office,Bochum,North Rhine-Westphalia,,2019-10-13 00:00:00
4633,c3c2d0df-d98f-4e6c-9559-4b7d55e1f183,Jost Unternehmensgruppe,Private,1,24999.39,Dev Site,Bayreuth,Dev Site,Bayreuth,Bavaria,,2016-11-17 00:00:00
4634,50a858e2-f487-4e6b-894d-9ffc86758f75,Frame Investments Ltd,Private,1,37160,Office,Wiesbaden,Office,Wiesbaden,Hesse,,2007-10-15 00:00:00
4635,4c48b00f-c8f6-419c-a5d2-da2b723242e8,Müller-Spreer AG,Private,1,13621.6676232,Office,Berlin,Office,Berlin,Berlin,,2014-10-29 00:00:00
4636,76d5785c-a2ab-495e-96a2-0d9fc0c19d24,Mathias Dopfner,Private,1,,Retail,Berlin,Retail,Berlin,Berlin,,2014-02-18 00:00:00
4637,0ec658f9-0762-45e4-90d1-151f5ec84c6b,MKK Wohnpark,Private,1,6799.83408,Dev Site,Furth,Dev Site,Furth,Bavaria,,2014-12-31 00:00:00
4638,4c48b00f-c8f6-419c-a5d2-da2b723242e8,STÖHR Logistik e.K.,Private,1,2499.939,Industrial,Ingoldingen,Industrial,Ingoldingen,Baden-Wurttemberg,,2017-01-01 00:00:00
4639,4c48b00f-c8f6-419c-a5d2-da2b723242e8,Familie Geisendorfer,Private,1,8299.79748,Office,Fulda,Office,Fulda,Hesse,,2012-12-12 00:00:00
4640,4c48b00f-c8f6-419c-a5d2-da2b723242e8,Familie Burg,Private,1,8299.79748,Office,Fulda,Office,Fulda,Hesse,,2012-12-12 00:00:00
4641,4c48b00f-c8f6-419c-a5d2-da2b723242e8,SIVG Saale Immobilienverwaltung GmbH,Private,1,3249.9207,Retail,Jena,Retail,Jena,Thuringia,,2021-06-29 00:00:00
4642,4c48b00f-c8f6-419c-a5d2-da2b723242e8,Valartis Group AG,Private,1,,Seniors Housing & Care,Hilchenbach,Seniors Housing & Care,Hilchenbach,North Rhine-Westphalia,,2019-01-11 00:00:00
4643,4c48b00f-c8f6-419c-a5d2-da2b723242e8,ALINGIS Capital Management GmbH,Private,1,7299.82188,Office,Kassel,Office,Kassel,Hesse,,2023-12-31 00:00:00
4644,eaf4bf3d-c951-4ad1-b40f-9ac89e8e102a,Gemeinnütziges Wohnungsunternehmen GmbH,User/Other,1,11499.7194,Apartment,Eschborn,Apartment,Eschborn,Hesse,,2012-11-29 00:00:00
4645,4c48b00f-c8f6-419c-a5d2-da2b723242e8,Lars Behrmann,Private,1,5174.87373,Retail,Bremen,Retail,Bremen,Bremen,,2014-11-15 00:00:00
4646,4c48b00f-c8f6-419c-a5d2-da2b723242e8,Rolf Becker,Private,1,5174.87373,Retail,Bremen,Retail,Bremen,Bremen,,2014-11-15 00:00:00
4647,bd5657ae-402e-4677-a035-dc18a547bcae,Karl Schlecht Stiftung,User/Other,1,3384.917406,Office,Stuttgart,Office,Stuttgart,Baden-Wurttemberg,,2012-12-17 00:00:00
4648,4c48b00f-c8f6-419c-a5d2-da2b723242e8,P. Kose,Private,1,6227.8480368,Apartment,Krefeld,Apartment,Krefeld,North Rhine-Westphalia,,2011-10-18 00:00:00
4649,e27ce0ab-e4d8-4aa2-b8d3-741c26f635e6,MEIER Gastechnik GmbH & Co.KG,User/Other,1,3499.9146,Office,Oberursel (Taunus),Office,Oberursel (Taunus),Hesse,,2012-03-24 00:00:00
4650,4c48b00f-c8f6-419c-a5d2-da2b723242e8,Reichenstein Liegenschaften GmbH,Private,1,6714.836154,Industrial,Budelsdorf,Industrial,Budelsdorf,Schleswig-Holstein,,2021-04-27 00:00:00
4651,4c48b00f-c8f6-419c-a5d2-da2b723242e8,Ingo Teichgraber,Private,1,2599.93656,Office,Bonn,Office,Bonn,North Rhine-Westphalia,,2012-10-16 00:00:00
4652,c8fc55ee-25e7-4735-b67b-f90bb78584a2,Broadwick Holdings,Private,1,9799.76088,Retail,Hanover,Retail,Hanover,Lower Saxony,,2011-04-01 00:00:00
4653,e27ce0ab-e4d8-4aa2-b8d3-741c26f635e6,Medline International Germany GmbH,User/Other,1,69997.7093312,Dev Site,Kleve,Dev Site,Kleve,North Rhine-Westphalia,,2014-03-20 00:00:00
4654,4c48b00f-c8f6-419c-a5d2-da2b723242e8,BBF Immobiliengruppe,Private,1,15999.6096,Dev Site,Rosrath,Dev Site,Rosrath,North Rhine-Westphalia,,2021-10-10 00:00:00
4655,4c48b00f-c8f6-419c-a5d2-da2b723242e8,agisra e.V.,Private,1,652.9941,Office,Cologne,Office,Cologne,North Rhine-Westphalia,,2022-11-29 00:00:00
4656,e27ce0ab-e4d8-4aa2-b8d3-741c26f635e6,Akku Sys,User/Other,1,4999.878,Dev Site,Halstenbek,Dev Site,Halstenbek,Schleswig-Holstein,,2014-12-31 00:00:00
4657,4c48b00f-c8f6-419c-a5d2-da2b723242e8,VALVO Immobilien M. Vogler,Private,1,12999.6828,Industrial,Hamburg,Industrial; Office,Hamburg,Hamburg,,2013-12-18 00:00:00
4658,24adb5fb-5a95-4838-8111-8f0549d7da8f,Pensionsfonds der Beiersdorf AG,Institutional,1,12999.6828,Office,Hamburg,Office,Hamburg,Hamburg,,2013-12-18 00:00:00
4659,c14f96fa-e033-4e6e-b5b8-4889347fa814,Lorenz & Partner GmbH,Private,1,6574.83957,Dev Site,Hamburg,Office; Dev Site,Hamburg,Hamburg,,2016-09-30 00:00:00
4660,e27ce0ab-e4d8-4aa2-b8d3-741c26f635e6,Wostmann,User/Other,1,14999.634,Dev Site,Gutersloh,Dev Site,Gutersloh,North Rhine-Westphalia,,2009-05-19 00:00:00
4661,3fd4ed3c-4742-47ef-8f7a-605fecb99dbc,Hamburger Wohnen,User/Other,1,12999.6828,Dev Site,Hamburg,Dev Site,Hamburg,Hamburg,,2019-11-08 00:00:00
4662,4c48b00f-c8f6-419c-a5d2-da2b723242e8,Rusch family,Private,1,8499.7926,Dev Site,Meitingen,Dev Site,Meitingen,Bavaria,,2015-12-02 00:00:00
4663,4c48b00f-c8f6-419c-a5d2-da2b723242e8,Peter Lecher,Private,1,19999.512,Industrial,Marl,Industrial,Marl,North Rhine-Westphalia,,2017-02-02 00:00:00
4664,4c48b00f-c8f6-419c-a5d2-da2b723242e8,Hubert Schulte-Kemper,Private,1,19999.512,Industrial,Marl,Industrial,Marl,North Rhine-Westphalia,,2017-02-02 00:00:00
4665,4c48b00f-c8f6-419c-a5d2-da2b723242e8,Roland Wübbe,Private,1,19999.512,Industrial,Marl,Industrial,Marl,North Rhine-Westphalia,,2017-02-02 00:00:00
4666,0c19ec65-2a10-40ff-9fe0-67319cd69acd,Albeck & Zehden Hotels,Private,1,,Hotel,Oberwiesenthal,Hotel,Oberwiesenthal,Saxony,,2010-07-15 00:00:00
4667,4c48b00f-c8f6-419c-a5d2-da2b723242e8,Sachs Real Estate Services,Private,1,14999.634,Retail,Saarbrucken,Retail,Saarbrucken,Saarland,,2019-07-02 00:00:00
4668,4c48b00f-c8f6-419c-a5d2-da2b723242e8,Rüdiger Schmitz,Private,1,24999.39,Dev Site,Krefeld,Dev Site,Krefeld,North Rhine-Westphalia,,2015-11-23 00:00:00
4669,2c9257d0-1a9d-4b64-bfc9-8404879a46cf,Evangelische Bank eG,Institutional,1,5799.85848,Office,Kassel,Office,Kassel,Hesse,,2017-03-10 00:00:00
4670,e27ce0ab-e4d8-4aa2-b8d3-741c26f635e6,Datev,User/Other,1,42998.9508,Dev Site,Nuremberg,Dev Site,Nuremberg,Bavaria,,2019-04-04 00:00:00
4671,4c48b00f-c8f6-419c-a5d2-da2b723242e8,Thomas Fischer,Private,1,619.984872,Retail,Mettmann,Retail,Mettmann,North Rhine-Westphalia,,2009-12-15 00:00:00
4672,001dfb3e-afab-410a-9db8-c9d99f6b08ed,Holtburgh Capital,Private,1,11870.7103476,Dev Site,Schleiden,Dev Site,Schleiden,North Rhine-Westphalia,,2020-03-31 00:00:00
4673,4c48b00f-c8f6-419c-a5d2-da2b723242e8,Top Bautraeger,Private,1,,Other General,Villingen-Schwenningen,Other General,Villingen-Schwenningen,Baden-Wurttemberg,,2012-12-13 00:00:00
4674,e27ce0ab-e4d8-4aa2-b8d3-741c26f635e6,Wera Werkzeug,User/Other,1,21999.4632,Dev Site,Wuppertal,Dev Site,Wuppertal,North Rhine-Westphalia,,2015-11-05 00:00:00
4675,e27ce0ab-e4d8-4aa2-b8d3-741c26f635e6,Ergullu Mediterrane Spezialitaten GmbH & Co. KG,User/Other,1,1688.9587884,Industrial,Ratingen,Industrial,Ratingen,North Rhine-Westphalia,,2013-05-06 00:00:00
4676,950aa7ab-e87a-4dd2-8b7a-2ec32e0054aa,Kleinewefers Gruppe,User/Other,1,42998.9508,Industrial,Krefeld,Industrial,Krefeld,North Rhine-Westphalia,,2015-07-31 00:00:00
4677,37ba4e82-5488-4af9-a83f-8c99042b74f4,Terra Nova,Private,1,99997.56,Dev Site,Leipzig,Dev Site,Leipzig,Saxony,,2014-12-31 00:00:00
4678,e27ce0ab-e4d8-4aa2-b8d3-741c26f635e6,Schake GmbH Metallwarenfabrik,User/Other,1,10138.7526084,Dev Site,Hagen,Dev Site,Hagen,North Rhine-Westphalia,,2016-11-30 00:00:00
4679,e27ce0ab-e4d8-4aa2-b8d3-741c26f635e6,Schmidt-Gevelsberg GmbH Internationale Spedition,User/Other,1,13499.6706,Industrial,Sprockhovel,Industrial,Sprockhovel,North Rhine-Westphalia,,2016-07-27 00:00:00
4680,e27ce0ab-e4d8-4aa2-b8d3-741c26f635e6,AMT Automatisierungstechnik GmbH,User/Other,1,729.982188,Office,Bottrop,Office,Bottrop,North Rhine-Westphalia,,2009-09-15 00:00:00
4681,4c48b00f-c8f6-419c-a5d2-da2b723242e8,Bagesh GmbH,Private,1,2341.9428552,Dev Site,Aachen,Dev Site,Aachen,North Rhine-Westphalia,,2021-08-24 00:00:00
4682,4c48b00f-c8f6-419c-a5d2-da2b723242e8,"Feser, Graf & Co. Automobil Holding GmbH",Private,1,9999.756,Dev Site,Nuremberg,Dev Site,Nuremberg,Bavaria,,2022-09-29 00:00:00
4683,e27ce0ab-e4d8-4aa2-b8d3-741c26f635e6,Minimax Fire Solutions International GmbH,User/Other,1,3199.92192,Office,Cologne,Office,Cologne,North Rhine-Westphalia,,2022-02-01 00:00:00
4684,463f6584-5aaa-4c8f-9d1c-72ac78c30c0d,Projekt Fonds Gruppe,Institutional,1,2242.9452708,Dev Site,Munich,Dev Site,Munich,Bavaria,,2012-06-18 00:00:00
4685,4c48b00f-c8f6-419c-a5d2-da2b723242e8,Private Assets,Private,1,9099.77796,Industrial,Ostbevern,Industrial,Ostbevern,North Rhine-Westphalia,,2023-12-29 00:00:00
4686,e27ce0ab-e4d8-4aa2-b8d3-741c26f635e6,Lippische Vermögensverwaltungsgesellschaft m.b.H.,User/Other,1,8999.70549941098,Office,Munster,Office,Munster,North Rhine-Westphalia,,2007-07-30 00:00:00
4687,1c4c38e6-d637-45cd-a14a-76afca45b074,Gemeinschaft Deutsche Altenhilfe,Institutional,1,,Seniors Housing & Care,Bad Homburg vor der Hohe,Seniors Housing & Care,Bad Homburg vor der Hohe,Hesse,,2012-01-03 00:00:00
4688,e27ce0ab-e4d8-4aa2-b8d3-741c26f635e6,Omnitron Griese,User/Other,1,9999.756,Dev Site,Hilchenbach,Dev Site,Hilchenbach,North Rhine-Westphalia,,2014-11-30 00:00:00
4689,4c48b00f-c8f6-419c-a5d2-da2b723242e8,Forest Investments Sarl,Private,1,14999.634,Office,Dortmund,Office,Dortmund,North Rhine-Westphalia,,2019-12-01 00:00:00
4690,e27ce0ab-e4d8-4aa2-b8d3-741c26f635e6,Arbeitergeberverband Gesamtmetall,User/Other,1,2329.943148,Office,Berlin,Office,Berlin,Berlin,,2002-06-01 00:00:00
4691,4c48b00f-c8f6-419c-a5d2-da2b723242e8,Umarex GmbH,Private,1,24999.39,Dev Site,Arnsberg,Dev Site,Arnsberg,North Rhine-Westphalia,,2012-01-27 00:00:00
4692,6044ce05-e96d-403e-8ee3-ed87d92e696a,ROY ROBSON FASHION GmbH & Co. KG,User/Other,1,54998.658,Dev Site,Luneburg,Dev Site,Luneburg,Lower Saxony,,2015-03-19 00:00:00
4693,e27ce0ab-e4d8-4aa2-b8d3-741c26f635e6,PalNet GmbH Air Cargo Products,User/Other,1,7999.8048,Dev Site,Wiesbaum,Dev Site,Wiesbaum,Rhineland-Palatinate,,2019-06-12 00:00:00
4694,e27ce0ab-e4d8-4aa2-b8d3-741c26f635e6,Gastro GmbH,User/Other,1,8999.7804,Industrial,Wiesbaum,Industrial,Wiesbaum,Rhineland-Palatinate,,2018-08-17 00:00:00
4695,e27ce0ab-e4d8-4aa2-b8d3-741c26f635e6,Heo GmbH,User/Other,1,19999.512,Dev Site,Herxheim bei Landau/ Pfalz,Dev Site,Herxheim bei Landau/ Pfalz,Rhineland-Palatinate,,2019-05-20 00:00:00
4696,4c48b00f-c8f6-419c-a5d2-da2b723242e8,VS Logistics,Private,1,9999.756,Industrial,Kurnach,Industrial,Kurnach,Bavaria,,2013-09-01 00:00:00
4697,4c48b00f-c8f6-419c-a5d2-da2b723242e8,Heinrich Immobilien GmbH,Private,1,,Apartment,Stuttgart,Apartment,Stuttgart,Baden-Wurttemberg,,2013-05-06 00:00:00
4698,b2183e99-2edd-4469-80d0-4e80a3ae4cc1,Bico Group,User/Other,1,3036.9258972,Dev Site,Berlin,Dev Site; Office,Berlin,Berlin,,2023-12-31 00:00:00
4699,c1f643a0-3191-4dee-a706-a9197f6cb08e,GPI Denmark,Private,1,1595.9610576,Retail,Hamburg,Retail,Hamburg,Hamburg,,2015-04-02 00:00:00
4700,abad3be0-aaf7-42e8-ab87-a88e220b0684,Freie Scholle,User/Other,1,7499.817,Dev Site,Berlin,Dev Site,Berlin,Berlin,,2017-04-28 00:00:00
4701,538fa3a7-03e6-46ec-a05c-46d204238929,Andreas Layher & Geschwister GmbH,Private,1,33999.1704,Industrial,Stuttgart,Industrial,Stuttgart,Baden-Wurttemberg,,2010-01-31 00:00:00
4702,eaf4bf3d-c951-4ad1-b40f-9ac89e8e102a,Wirtschaftfsfoerderung FWTM,User/Other,1,39998.6910464,Dev Site,Freiburg im Breisgau,Dev Site,Freiburg im Breisgau,Baden-Wurttemberg,,2013-06-04 00:00:00
4703,e27ce0ab-e4d8-4aa2-b8d3-741c26f635e6,Holzland Becker GmbH & Co. KG.,User/Other,1,19999.512,Industrial,Obertshausen,Industrial,Obertshausen,Hesse,,2012-03-29 00:00:00
4704,2c9257d0-1a9d-4b64-bfc9-8404879a46cf,Volksbank Sauerland eG,Institutional,1,4999.8363808,Dev Site,Meschede,Dev Site,Meschede,North Rhine-Westphalia,,2020-06-01 00:00:00
4705,7f5bf7c9-4ef9-48d4-b0ec-93b55067dd29,VR Bad Hersfeld Rotenburg,Institutional,1,4319.894592,Retail,Schwalmstadt,Retail,Schwalmstadt,Hesse,,2020-03-23 00:00:00
4706,bd5657ae-402e-4677-a035-dc18a547bcae,Stiftung Wissenschaft und Demokratie,User/Other,1,1699.95852,Office,Kiel,Office,Kiel,Schleswig-Holstein,,2017-09-05 00:00:00
4707,0f3b7696-36a9-4f5b-9883-c2fab7429f6d,LaSalle Group,Private,1,56862.6125184,Industrial,Ladenburg,Industrial,Ladenburg,Baden-Wurttemberg,,2021-10-11 00:00:00
4708,4c48b00f-c8f6-419c-a5d2-da2b723242e8,AG für Haus- und Grundbesitz,Private,1,8211.7996272,Office,Berlin,Office,Berlin,Berlin,,2012-12-01 00:00:00
4709,e27ce0ab-e4d8-4aa2-b8d3-741c26f635e6,Mueller-BBM Holding,User/Other,1,6999.8292,Dev Site,Gelsenkirchen,Dev Site,Gelsenkirchen,North Rhine-Westphalia,,2016-06-23 00:00:00
4710,eaf4bf3d-c951-4ad1-b40f-9ac89e8e102a,Stadt Langenhagen,User/Other,1,29999.268,Dev Site,Langenhagen,Dev Site,Langenhagen,Lower Saxony,,2010-12-15 00:00:00
4711,4c48b00f-c8f6-419c-a5d2-da2b723242e8,Entwicklungsgesellschaft Langenhagen (Tochter der,Private,1,29999.268,Dev Site,Langenhagen,Dev Site,Langenhagen,Lower Saxony,,2010-12-01 00:00:00
4712,eb6ea447-355b-4f94-9b0a-783387f773bf,Zurbruggen,User/Other,1,17999.5608,Dev Site,Herne,Dev Site,Herne,North Rhine-Westphalia,,2017-10-10 00:00:00
4713,91eaa7f4-b113-441e-b767-062b08d202e4,WG Einheit,Private,1,7499.817,Dev Site,Chemnitz,Dev Site,Chemnitz,Saxony,,2015-10-19 00:00:00
4714,eaf4bf3d-c951-4ad1-b40f-9ac89e8e102a,City of Elsterberg,User/Other,1,209994.876,Dev Site,Elsterberg,Dev Site,Elsterberg,Saxony,,2012-12-31 00:00:00
4715,4c48b00f-c8f6-419c-a5d2-da2b723242e8,PrimaVilla,Private,1,8999.7804,Dev Site,Wiesbaden,Dev Site,Wiesbaden,Hesse,,2013-12-12 00:00:00
4716,a285ae02-0044-4b3b-a00c-0d77354a963b,HEK Hanseatische Krankenkasse,Institutional,1,6499.8414,Office,Hamburg,Office,Hamburg,Hamburg,,2016-04-05 00:00:00
4717,e27ce0ab-e4d8-4aa2-b8d3-741c26f635e6,F.W.Muller & Sohne GmbH,User/Other,1,5399.86824,Industrial,Cologne,Industrial,Cologne,North Rhine-Westphalia,,2017-06-26 00:00:00
4718,4c48b00f-c8f6-419c-a5d2-da2b723242e8,Wohnungsgenossenschaft (WG) Warnow,Private,1,6999.8292,Dev Site,Rostock,Dev Site,Rostock,Mecklenburg-West Pomerania,,2010-11-05 00:00:00
4719,4c48b00f-c8f6-419c-a5d2-da2b723242e8,GS Projektmanagement GmbH,Private,1,557.9863848,Apartment,Aachen,Apartment,Aachen,North Rhine-Westphalia,,2010-05-02 00:00:00
4720,4c48b00f-c8f6-419c-a5d2-da2b723242e8,HT-Group,Private,1,,Office,Gottingen,Office,Gottingen,Lower Saxony,,2017-07-10 00:00:00
4721,5fcd489c-1807-4e1e-9e49-5b00e8293790,Propos Projektentwicklung GmbH,Private,1,20999.4876,Dev Site,Essen,Dev Site,Essen,North Rhine-Westphalia,,2022-01-03 00:00:00
4722,e27ce0ab-e4d8-4aa2-b8d3-741c26f635e6,Membran-Filtrations-Technik GmbH (MFT),User/Other,1,2549.93778,Industrial,Hurth,Industrial,Hurth,North Rhine-Westphalia,,2020-12-18 00:00:00
4723,08f59236-d489-4fe9-bbf1-dfec38fdf2c9,HPC Group,Private,1,14999.634,Office,Bremen,Office,Bremen,Bremen,,2017-11-07 00:00:00
4724,e27ce0ab-e4d8-4aa2-b8d3-741c26f635e6,Harting Technologiegruppe,User/Other,1,9999.756,Office,Rahden,Office,Rahden,North Rhine-Westphalia,,2008-11-15 00:00:00
4725,4c48b00f-c8f6-419c-a5d2-da2b723242e8,Grundstucksgesellschaft Weidenbaumsweg GmbH & Co. KG,Private,1,3875.9054256,Retail,Hamburg,Retail,Hamburg,Hamburg,,2016-03-12 00:00:00
4726,e27ce0ab-e4d8-4aa2-b8d3-741c26f635e6,Nextrend GmbH,User/Other,1,5149.87434,Industrial,Florsheim am Main,Industrial,Florsheim am Main,Hesse,,2016-04-01 00:00:00
4727,4c48b00f-c8f6-419c-a5d2-da2b723242e8,MCS Group GmbH,Private,1,27999.3168,Dev Site,Gladbeck,Dev Site,Gladbeck,North Rhine-Westphalia,,2019-05-16 00:00:00
4728,4c48b00f-c8f6-419c-a5d2-da2b723242e8,KSI Projektentwicklungsgesellschaft,Private,1,11004.731478,Dev Site,Dresden,Dev Site,Dresden,Saxony,,2015-06-29 00:00:00
4729,4c48b00f-c8f6-419c-a5d2-da2b723242e8,GGM Gastro International GmbH,Private,1,34999.146,Dev Site,Ochtrup,Dev Site,Ochtrup,North Rhine-Westphalia,,2012-06-07 00:00:00
4730,6d5f66fb-a944-4bf8-af72-494ebd22de30,IMBW Capital & Consulting,Private,1,3109.924116,Retail,Munich,Retail,Munich,Bavaria,,2003-12-01 00:00:00
4731,4c48b00f-c8f6-419c-a5d2-da2b723242e8,Thurn & Taxis Immobilien Service GmbH,Private,1,3916.9044252,Retail,Munich,Retail,Munich,Bavaria,,2001-06-01 00:00:00
4732,a8d26896-d961-459a-97f6-5bd3c9c939b2,Charlottenburger Baugenossenschaft eG,User/Other,1,2599.93656,Apartment,Berlin,Apartment,Berlin,Berlin,,2022-01-01 00:00:00
4733,4c48b00f-c8f6-419c-a5d2-da2b723242e8,AC Aachener Immobilien Gesellschaft mbH,Private,1,14249.6523,Office,Aachen,Office,Aachen,North Rhine-Westphalia,,2014-01-23 00:00:00
4734,e27ce0ab-e4d8-4aa2-b8d3-741c26f635e6,Rainer GmbH,User/Other,1,14530.6454436,Dev Site,Cologne,Dev Site,Cologne,North Rhine-Westphalia,,2013-07-23 00:00:00
4735,e27ce0ab-e4d8-4aa2-b8d3-741c26f635e6,VONEXIO Logistik & Fulfillment GmbH,User/Other,1,5899.85604,Industrial,Cologne,Industrial,Cologne,North Rhine-Westphalia,,2021-05-06 00:00:00
4736,24adb5fb-5a95-4838-8111-8f0549d7da8f,Healthcare of Ontario Pension Plan,Institutional,1,15119.631072,Industrial,Hanover,Industrial,Hanover,Lower Saxony,,2023-02-10 00:00:00
4737,e27ce0ab-e4d8-4aa2-b8d3-741c26f635e6,Bereket GmbH & Co. KG Grossbäckerei,User/Other,1,11999.7072,Industrial,Gelsenkirchen,Industrial,Gelsenkirchen,North Rhine-Westphalia,,2016-08-11 00:00:00
4738,4c48b00f-c8f6-419c-a5d2-da2b723242e8,Obotritia Hotel Betriebsgesellschaft mbH,Private,1,,Hotel,Bautzen,Hotel,Bautzen,Saxony,,2017-08-02 00:00:00
4739,e27ce0ab-e4d8-4aa2-b8d3-741c26f635e6,Nico Mooij,User/Other,1,9999.756,Dev Site,Werder (Havel),Dev Site,Werder (Havel),Brandenburg,,2016-11-08 00:00:00
4740,4c48b00f-c8f6-419c-a5d2-da2b723242e8,ANDANDO Real Estate S.a r.l,Private,1,2601.9365112,Apartment,Berlin,Apartment,Berlin,Berlin,,2021-06-28 00:00:00
4741,e27ce0ab-e4d8-4aa2-b8d3-741c26f635e6,Deutsche Plasser Bahnmaschinen GmbH,User/Other,1,5299.87068,Dev Site,Leverkusen,Dev Site,Leverkusen,North Rhine-Westphalia,,2016-11-30 00:00:00
4742,e27ce0ab-e4d8-4aa2-b8d3-741c26f635e6,Deutsche Plasser Bahnbaumaschinen,User/Other,1,6899.83164,Industrial,Leverkusen,Industrial,Leverkusen,North Rhine-Westphalia,,2009-08-15 00:00:00
4743,eaf4bf3d-c951-4ad1-b40f-9ac89e8e102a,City of Montabaur,User/Other,1,7999.8048,Dev Site,Montabaur,Dev Site,Montabaur,Rhineland-Palatinate,,2021-05-10 00:00:00
4744,eaf4bf3d-c951-4ad1-b40f-9ac89e8e102a,Kreis Recklinghausen,User/Other,1,2089931.6071744,Dev Site,Haltern am See,Dev Site,Haltern am See,North Rhine-Westphalia,,2016-06-14 00:00:00
4745,4c48b00f-c8f6-419c-a5d2-da2b723242e8,Uniresta Capital Investors GmbH,Private,1,39999.024,Industrial,Lichtenfels,Industrial,Lichtenfels,Bavaria,,2022-07-05 00:00:00
4746,e27ce0ab-e4d8-4aa2-b8d3-741c26f635e6,Häcker Küchen GmbH & Co. KG,User/Other,1,14999.634,Dev Site,Rodinghausen,Dev Site,Rodinghausen,North Rhine-Westphalia,,2015-12-11 00:00:00
4747,e27ce0ab-e4d8-4aa2-b8d3-741c26f635e6,Clemens GmbH & Co KG,User/Other,1,39999.024,Dev Site,Wittlich,Dev Site,Wittlich,Rhineland-Palatinate,,2020-07-16 00:00:00
4748,4c48b00f-c8f6-419c-a5d2-da2b723242e8,Cordes & Graefe Bremen KG,Private,1,129995.7459008,Dev Site,Selm,Dev Site,Selm,North Rhine-Westphalia,,2020-01-18 00:00:00
4749,4c48b00f-c8f6-419c-a5d2-da2b723242e8,Mendler Vertriebs-GmbH,Private,1,8999.7804,Retail,Magdeburg,Retail,Magdeburg,Saxony-Anhalt,,2015-10-01 00:00:00
4750,e27ce0ab-e4d8-4aa2-b8d3-741c26f635e6,Rohrer Consulting GmbH,User/Other,1,1799.95608,Industrial,Forst,Industrial,Forst,Baden-Wurttemberg,,2015-06-01 00:00:00
4751,4c48b00f-c8f6-419c-a5d2-da2b723242e8,DW Verwaltungsgesellschaft Spanien mbH,Private,1,9999.756,Industrial,Wesel,Industrial,Wesel,North Rhine-Westphalia,,2014-07-31 00:00:00
4752,4c48b00f-c8f6-419c-a5d2-da2b723242e8,Yabeo Management GmbH,Private,1,1939.952664,Apartment,Rosenheim,Apartment,Rosenheim,Bavaria,,2021-08-02 00:00:00
4753,e27ce0ab-e4d8-4aa2-b8d3-741c26f635e6,Baumann GmbH,User/Other,1,74998.17,Dev Site,Amberg,Dev Site,Amberg,Bavaria,,2015-11-16 00:00:00
4754,e27ce0ab-e4d8-4aa2-b8d3-741c26f635e6,FAMO GmbH,User/Other,1,53998.6824,Dev Site,Oldenburg (Oldenburg),Dev Site,Oldenburg (Oldenburg),Lower Saxony,,2011-11-04 00:00:00
4755,eaf4bf3d-c951-4ad1-b40f-9ac89e8e102a,Schwetzingen,User/Other,1,69998.292,Dev Site,Schwetzingen,Dev Site,Schwetzingen,Baden-Wurttemberg,,2011-07-15 00:00:00
4756,8bd9143b-e4bd-4d56-b955-716ab458fc96,Eurinvest,Private,1,3999.9024,Retail,Wuppertal,Retail,Wuppertal,North Rhine-Westphalia,,2013-01-11 00:00:00
4757,e27ce0ab-e4d8-4aa2-b8d3-741c26f635e6,MTW-Endoskopie W. Haag KG,User/Other,1,7999.8048,Dev Site,Wesel,Dev Site,Wesel,North Rhine-Westphalia,,2018-01-10 00:00:00
4758,8bc54894-1054-49e2-a1ff-d37bc4eb19c2,MDU Gruppe,Private,1,9899.75844,Office,Minden,Office; Apartment,Minden,North Rhine-Westphalia,,2019-12-10 00:00:00
4759,e27ce0ab-e4d8-4aa2-b8d3-741c26f635e6,Crealize GmbH,User/Other,1,9529.767468,Industrial,Essen,Industrial,Essen,North Rhine-Westphalia,,2021-04-19 00:00:00
4760,e27ce0ab-e4d8-4aa2-b8d3-741c26f635e6,ADVISA Steuerberatungsgesellschaft mbH,User/Other,1,1092.903332508,Office,Essen,Office,Essen,North Rhine-Westphalia,,2019-04-11 00:00:00
4761,8fdcabc4-0697-4076-b2ba-146d8c150cfb,LR Immobilienverwaltung,Private,1,,Office,Munich,Hotel; Office,Munich,Bavaria,,2017-09-30 00:00:00
4762,4c48b00f-c8f6-419c-a5d2-da2b723242e8,Psychosomatische Klinik GmbH & Co. Windach / Ammersee KG,Private,1,2499.939,Office,Munich,Office,Munich,Bavaria,,2013-09-23 00:00:00
4763,9acce215-0cc5-45a3-b609-1d7fa4ddea4c,Andreas Deilmann Familienstiftung,Private,1,8565.7909896,Office,Dortmund,Office,Dortmund,North Rhine-Westphalia,,2023-05-02 00:00:00
4764,4c48b00f-c8f6-419c-a5d2-da2b723242e8,Silvia and Hartmut Lerche,Private,1,5199.87312,Other General,Huy,Hotel; Other General,Huy,Saxony-Anhalt,,2019-03-20 00:00:00
4765,4c48b00f-c8f6-419c-a5d2-da2b723242e8,Dirk Mohrle,Private,1,3338.9185284,Retail,Elmshorn,Retail,Elmshorn,Schleswig-Holstein,,2014-01-15 00:00:00
4766,95cff7a1-43e2-4e30-a05c-b919825a8852,Keystone Property,Private,1,3489.914844,Office,Dortmund,Office,Dortmund,North Rhine-Westphalia,,2017-05-11 00:00:00
4767,e27ce0ab-e4d8-4aa2-b8d3-741c26f635e6,Fernseh Berlet GmbH und Co. KG,User/Other,1,4199.89752,Office,Hamm,Office,Hamm,North Rhine-Westphalia,,2011-12-01 00:00:00
4768,4c48b00f-c8f6-419c-a5d2-da2b723242e8,Brune & Company,Private,1,5999.8536,Dev Site,Norderney,Dev Site,Norderney,Lower Saxony,,2020-06-01 00:00:00
4769,e27ce0ab-e4d8-4aa2-b8d3-741c26f635e6,Beinbrech GmbH & Co. KG,User/Other,1,11199.72672,Dev Site,Bad Sobernheim,Dev Site,Bad Sobernheim,Rhineland-Palatinate,,2023-01-30 00:00:00
4770,07d925e8-9cf1-43ab-a4d3-7b7ee2879fe7,HKM Management,Private,1,5999.8536,Dev Site,Boblingen,Retail; Dev Site,Boblingen; Dorsten,Baden-Wurttemberg; North Rhine-Westphalia,,2017-12-12 00:00:00
4771,c82cd812-af82-4554-8727-610d76783206,Mount Row Capital,Institutional,1,22766.4444852,Retail,Arnsberg,Retail,Arnsberg,North Rhine-Westphalia,,2007-02-19 00:00:00
4772,7393e71a-682f-47bd-b560-5f90176349a9,City of Tarp,User/Other,1,384475.618566,Dev Site,Tarp,Dev Site,Tarp,Schleswig-Holstein,,2009-12-15 00:00:00
4773,e27ce0ab-e4d8-4aa2-b8d3-741c26f635e6,Semcoglas Holding GmbH,User/Other,1,7199.82432,Dev Site,Dulmen,Dev Site,Dulmen,North Rhine-Westphalia,,2017-07-02 00:00:00
4774,4c48b00f-c8f6-419c-a5d2-da2b723242e8,Hugh Curran,Private,1,799.973822169865,Retail,Leverkusen,Retail,Leverkusen,North Rhine-Westphalia,,2007-08-10 00:00:00
4775,e27ce0ab-e4d8-4aa2-b8d3-741c26f635e6,J.P. Gorgens GmbH,User/Other,1,3499.9146,Retail,Leverkusen,Retail,Leverkusen,North Rhine-Westphalia,,2019-04-30 00:00:00
4776,00ff8f5f-fa0e-4b86-97d7-3da621347336,Tai Tak Estates,Private,1,18999.5364,Hotel,Frankfurt am Main,Hotel,Frankfurt am Main,Hesse,,2017-12-08 00:00:00
4777,7d5cd916-3f07-44c1-9132-e3d1ae51b051,CDL,Public,1,18999.5364,Hotel,Frankfurt am Main,Hotel,Frankfurt am Main,Hesse,,2017-12-08 00:00:00
4778,8a257122-7503-44d7-9997-8c89c872a727,GSWG Senne,Private,1,,Apartment,Remscheid,Apartment,Remscheid,North Rhine-Westphalia,,2015-09-10 00:00:00
4779,a28b808c-9ae5-481f-be7e-a4437cbf227e,Mulheimer Wohnungsbau,Private,1,,Apartment,,Office; Apartment,Mulheim an der Ruhr,North Rhine-Westphalia,,2021-04-15 00:00:00
4780,e27ce0ab-e4d8-4aa2-b8d3-741c26f635e6,Gotz+Moriz GmbH,User/Other,1,5899.85604,Dev Site,Lorrach,Dev Site,Lorrach,Baden-Wurttemberg,,2014-07-30 00:00:00
4781,e27ce0ab-e4d8-4aa2-b8d3-741c26f635e6,Komsystec,User/Other,1,8499.7926,Dev Site,Lunen,Dev Site,Lunen,North Rhine-Westphalia,,2022-06-10 00:00:00
4782,4c48b00f-c8f6-419c-a5d2-da2b723242e8,Kennedy Property Sarl,Private,1,57388.599684,Office,Dusseldorf,Office,Dusseldorf,North Rhine-Westphalia,,2018-11-29 00:00:00
4783,4c48b00f-c8f6-419c-a5d2-da2b723242e8,Hans Georg Stocker,Private,1,29999.0182848,Dev Site,Munich,Dev Site,Munich,Bavaria,,2013-11-27 00:00:00
4784,4c48b00f-c8f6-419c-a5d2-da2b723242e8,HPV Hanseat Personalleasing und Verwaltungs GmbH,Private,1,4199.89752,Industrial,Hamburg,Industrial,Hamburg,Hamburg,,2018-03-08 00:00:00
4785,2d1ee9fd-19c0-4e19-b06c-c133046ae604,Dr. Vogg Immobilien,Private,1,101997.5112,Dev Site,Unterfohring,Dev Site,Unterfohring,Bavaria,,2022-07-18 00:00:00
4786,4c48b00f-c8f6-419c-a5d2-da2b723242e8,Stiftung Polytechnische Gesellschaft,Private,1,2890.9294596,Office,Frankfurt am Main,Office,Frankfurt am Main,Hesse,,2013-09-30 00:00:00
4787,463f6584-5aaa-4c8f-9d1c-72ac78c30c0d,Skandinavische Fondsgesellschaft,Institutional,1,2099.94876,Apartment,Frankfurt am Main,Apartment,Frankfurt am Main,Hesse,,2010-01-15 00:00:00
4788,e27ce0ab-e4d8-4aa2-b8d3-741c26f635e6,Schuh-Graf GmbH & Co. KG,User/Other,1,3249.9207,Industrial,Kernen im Remstal,Industrial,Kernen im Remstal,Baden-Wurttemberg,,2014-02-11 00:00:00
4789,4c48b00f-c8f6-419c-a5d2-da2b723242e8,Heming Familien Stiftung,Private,1,2521.9384632,Industrial,Maintal,Industrial,Maintal,Hesse,,2018-05-07 00:00:00
4790,4c48b00f-c8f6-419c-a5d2-da2b723242e8,Dr. Maasjost & Collegen AG,Private,1,3999.9024,Dev Site,Munster,Dev Site,Munster,North Rhine-Westphalia,,2013-09-04 00:00:00
4791,833e9766-e050-4780-bba8-263d4425ea5a,Wilhelm Schickard Campus,Private,1,4399.89264,Dev Site,Munster,Dev Site,Munster,North Rhine-Westphalia,,2019-12-10 00:00:00
4792,e27ce0ab-e4d8-4aa2-b8d3-741c26f635e6,SudSolar GmbH,User/Other,1,41198.99472,Industrial,Murrhardt,Industrial,Murrhardt,Baden-Wurttemberg,,2007-06-15 00:00:00
4793,e27ce0ab-e4d8-4aa2-b8d3-741c26f635e6,Arri AG,User/Other,1,13999.6584,Dev Site,Munich,Dev Site,Munich,Bavaria,,2014-01-17 00:00:00
4794,4c48b00f-c8f6-419c-a5d2-da2b723242e8,Tuttlinger Wohnbau GmbH,Private,1,5499.8658,Office,Tuttlingen,Office,Tuttlingen,Baden-Wurttemberg,,2012-06-05 00:00:00
4795,4c48b00f-c8f6-419c-a5d2-da2b723242e8,Prius Capital GmbH,Private,1,1059.974136,Office,Offenbach am Main,Office,Offenbach am Main,Hesse,,2021-11-04 00:00:00
4796,4c48b00f-c8f6-419c-a5d2-da2b723242e8,Sergius Artunian,Private,1,1559.961936,Retail,Hachenburg,Retail,Hachenburg,Rhineland-Palatinate,,2018-05-16 00:00:00
4797,4c48b00f-c8f6-419c-a5d2-da2b723242e8,Arslan Group,Private,1,1199.97072,Apartment,Herne,Apartment,Herne,North Rhine-Westphalia,,2022-09-22 00:00:00
4798,7a1fe813-1354-43c8-a255-83dbc73defdf,Arcadia Berlin Stiftung,Private,1,7989.805044,Office,Berlin,Office,Berlin,Berlin,,2009-08-28 00:00:00
4799,4c48b00f-c8f6-419c-a5d2-da2b723242e8,E. Heitkamp GmbH,Private,1,1999.9512,Office,Herne,Office,Herne,North Rhine-Westphalia,,2013-11-13 00:00:00
4800,e27ce0ab-e4d8-4aa2-b8d3-741c26f635e6,tollimmobilien Besitz- & Verwaltungsgesellschaft m,User/Other,1,2208.9461004,Office,Stuttgart,Office,Stuttgart,Baden-Wurttemberg,,2012-11-22 00:00:00
4801,4c48b00f-c8f6-419c-a5d2-da2b723242e8,Willi-Schwabe-Straße GmbH,Private,1,3299.91948,Dev Site,Berlin,Dev Site,Berlin,Berlin,,2018-08-03 00:00:00
4802,a6268c54-62ef-4572-81ef-eda4344eb7ca,Quester Privatstiftung,Private,1,17999.41097088,Dev Site,Bad Aibling,Dev Site,Bad Aibling,Bavaria,,2023-09-14 00:00:00
4803,e27ce0ab-e4d8-4aa2-b8d3-741c26f635e6,Senator Hotel GmbH & Co,User/Other,1,6999.8292,Hotel,Lubeck,Hotel,Lubeck,Schleswig-Holstein,,2011-11-10 00:00:00
4804,e27ce0ab-e4d8-4aa2-b8d3-741c26f635e6,Fischbach Holding GmbH,User/Other,1,8234.799066,Office,Gelsenkirchen,Office,Gelsenkirchen,North Rhine-Westphalia,,2020-11-03 00:00:00
4805,f71567a1-79f9-4ada-8c6f-1c638fcd112c,Arzteversorgung Brandenburg,Institutional,1,99997.56,Office,Cologne,Office,Cologne,North Rhine-Westphalia,,2019-12-02 00:00:00
4806,24adb5fb-5a95-4838-8111-8f0549d7da8f,Lufthansa-Pensionsfonds,Institutional,1,99997.56,Office,Cologne,Office,Cologne,North Rhine-Westphalia,,2019-12-02 00:00:00
4807,10dbeb20-8c1f-40c9-8e7b-905ab145a37c,HEV GmbH & Co KG,Private,1,13063.6812384,Hotel,Essen,Hotel,Essen,North Rhine-Westphalia,,2009-11-27 00:00:00
4808,843d2ad5-f03e-4531-91ac-e4fc366dff1d,Junson Capital,Private,1,83697.95772,Other General,Cologne,Other General,Cologne,North Rhine-Westphalia,,2015-12-22 00:00:00
4809,4c48b00f-c8f6-419c-a5d2-da2b723242e8,Isay Utay,Private,1,7999.8048,Dev Site,"Hanau, Bruder-Grimm-Stadt",Dev Site,"Hanau, Bruder-Grimm-Stadt",Hesse,,2017-06-27 00:00:00
4810,e27ce0ab-e4d8-4aa2-b8d3-741c26f635e6,Marnet GmbH,User/Other,1,11999.7072,Dev Site,Oberursel (Taunus),Dev Site,Oberursel (Taunus),Hesse,,2014-08-30 00:00:00
4811,4c48b00f-c8f6-419c-a5d2-da2b723242e8,Amtra GmbH,Private,1,26999.3412,Dev Site,Wesseling,Dev Site,Wesseling,North Rhine-Westphalia,,2011-09-02 00:00:00
4812,b2b83da2-2c89-4d04-a15e-0e6dcd025b60,GWS Gesellschaft fuer Warenwirtschaft-Systeme mbH,Private,1,8199.79992,Dev Site,Munster,Dev Site,Munster,North Rhine-Westphalia,,2011-05-16 00:00:00
4813,e27ce0ab-e4d8-4aa2-b8d3-741c26f635e6,Christof Fischer Kälte- und Klimatechik,User/Other,1,9074.77857,Industrial,Kernen im Remstal,Industrial,Kernen im Remstal,Baden-Wurttemberg,,2017-02-14 00:00:00
4814,4c48b00f-c8f6-419c-a5d2-da2b723242e8,Klaus Petri,Private,1,2569.937292,Dev Site,Berlin,Dev Site,Berlin,Berlin,,2014-12-10 00:00:00
4815,522cd588-f0bd-42fe-a8d0-0cf72e49e678,DVAG,User/Other,1,44598.91176,Office,Frankfurt am Main,Office,Frankfurt am Main,Hesse,,2015-03-11 00:00:00
4816,4c48b00f-c8f6-419c-a5d2-da2b723242e8,Wohnbaugruppe Augsburg,Private,1,3699.90972,Apartment,Augsburg,Apartment,Augsburg,Bavaria,,2020-06-18 00:00:00
4817,e27ce0ab-e4d8-4aa2-b8d3-741c26f635e6,Sanden Gruppe,User/Other,1,2999.9268,Office,Mechernich,Office,Mechernich,North Rhine-Westphalia,,2016-01-28 00:00:00
4818,e27ce0ab-e4d8-4aa2-b8d3-741c26f635e6,Silag Handel AG,User/Other,1,69998.292,Industrial,Langenfeld (Rheinland),Industrial,Langenfeld (Rheinland),North Rhine-Westphalia,,2013-05-18 00:00:00
4819,4c48b00f-c8f6-419c-a5d2-da2b723242e8,Sturmtor Immobilien,Private,1,1399.96584,Office,Nuremberg,Office,Nuremberg,Bavaria,,2020-04-22 00:00:00
4820,4c48b00f-c8f6-419c-a5d2-da2b723242e8,Schwaben Park,Private,1,2299.94388,Hotel,Kaisersbach,Hotel,Kaisersbach,Baden-Wurttemberg,,2023-01-30 00:00:00
4821,2c9257d0-1a9d-4b64-bfc9-8404879a46cf,Saarlandische Vermogensverwaltungs-Gesellschaft mbH,Institutional,1,3479.915088,Industrial,Hamburg,Industrial,Hamburg,Hamburg,,2001-12-01 00:00:00
4822,4c48b00f-c8f6-419c-a5d2-da2b723242e8,Aprithan-Gruppe,Private,1,13449.67182,Dev Site,Dresden,Dev Site,Dresden,Saxony,,2014-12-31 00:00:00
4823,4c48b00f-c8f6-419c-a5d2-da2b723242e8,"G & D ZUKUNFT-HAUS, Bautragergesellschaft mbH",Private,1,7999.8048,Dev Site,Lorch,Dev Site,Lorch,Hesse,,2013-09-21 00:00:00
4824,e27ce0ab-e4d8-4aa2-b8d3-741c26f635e6,Hubert Stark GmbH,User/Other,1,9999.756,Dev Site,Ludwigshafen am Rhein,Dev Site,Ludwigshafen am Rhein,Rhineland-Palatinate,,2012-06-08 00:00:00
4825,4c48b00f-c8f6-419c-a5d2-da2b723242e8,"Stadtbau Moers, Entwicklungs-, Erschließungs- und Verwaltungsgesellschaft mbH",Private,1,12399.69744,Industrial,Moers,Industrial,Moers,North Rhine-Westphalia,,2022-10-14 00:00:00
4826,618ffded-6c24-446b-9d34-26719fb577c7,Heinrich Schmid Systemhaus,User/Other,1,10999.64003776,Dev Site,Chemnitz,Dev Site,Chemnitz,Saxony,,2018-04-30 00:00:00
4827,4c48b00f-c8f6-419c-a5d2-da2b723242e8,Plan Plus Faktor Entwicklungsgesellschaft mbH,Private,1,1599.96096,Office,Frankfurt am Main,Office,Frankfurt am Main,Hesse,,2001-12-01 00:00:00
4828,4c48b00f-c8f6-419c-a5d2-da2b723242e8,Lapp Holding AG,Private,1,54998.658,Dev Site,Ludwigsburg,Dev Site,Ludwigsburg,Baden-Wurttemberg,,2010-10-29 00:00:00
4829,2c9257d0-1a9d-4b64-bfc9-8404879a46cf,Raiffeisenbank Sudstormarn Molln eG,Institutional,1,249991.81904,Dev Site,Grosshansdorf,Dev Site,Grosshansdorf,Schleswig-Holstein,,2020-11-20 00:00:00
4830,4c48b00f-c8f6-419c-a5d2-da2b723242e8,E&H Beteiligungs GmbH,Private,1,10499.7438,Office,Braunschweig,Office,Braunschweig,Lower Saxony,,2021-12-31 00:00:00
4831,c399a888-128e-4c94-aa23-782ba632c934,Kreissparkasse Boblingen,Institutional,1,11999.7072,Office,Boblingen,Office,Boblingen,Baden-Wurttemberg,,2021-03-12 00:00:00
4832,4c48b00f-c8f6-419c-a5d2-da2b723242e8,City Wohnen Stuttgart GmbH W 36,Private,1,8240.7989196,Office,Stuttgart,Office,Stuttgart,Baden-Wurttemberg,,2013-06-19 00:00:00
4833,4c48b00f-c8f6-419c-a5d2-da2b723242e8,Kommunalprojekt PPP GmbH,Private,1,1475.9639856,Dev Site,Stuttgart,Dev Site,Stuttgart,Baden-Wurttemberg,,2014-07-04 00:00:00
4834,e27ce0ab-e4d8-4aa2-b8d3-741c26f635e6,Bank fur Sozialwirtschaft,User/Other,1,7999.8048,Office,Cologne,Office,Cologne,North Rhine-Westphalia,,2016-03-23 00:00:00
4835,4c48b00f-c8f6-419c-a5d2-da2b723242e8,Infinity Estate,Private,1,,Apartment,Ludwigshafen am Rhein,Apartment,Ludwigshafen am Rhein,Rhineland-Palatinate,,2019-07-27 00:00:00
4836,4c48b00f-c8f6-419c-a5d2-da2b723242e8,Stichweh Leinepark GbR,Private,1,16999.5852,Dev Site,Hanover,Dev Site,Hanover,Lower Saxony,,2013-11-24 00:00:00
4837,e27ce0ab-e4d8-4aa2-b8d3-741c26f635e6,OMAC GmbH,User/Other,1,1199.97072,Industrial,Wuppertal,Industrial,Wuppertal,North Rhine-Westphalia,,2016-01-08 00:00:00
4838,ca833670-b1b2-4188-a1e9-d2a771d6708f,Aaldering Unternehmensgruppe,Private,1,12999.6828,Industrial,Rheinberg,Industrial,Rheinberg,North Rhine-Westphalia,,2015-01-07 00:00:00
4839,e27ce0ab-e4d8-4aa2-b8d3-741c26f635e6,Baustoffzentrum Wilhelm Harbecke GmbH,User/Other,1,23999.4144,Dev Site,Mulheim an der Ruhr,Dev Site,Mulheim an der Ruhr,North Rhine-Westphalia,,2014-01-03 00:00:00
4840,e27ce0ab-e4d8-4aa2-b8d3-741c26f635e6,Kampmann + Aretz GmbH + Co. KG,User/Other,1,5999.8536,Dev Site,Wuppertal,Dev Site,Wuppertal,North Rhine-Westphalia,,2013-01-28 00:00:00
4841,e714c930-6dcb-4d75-8e62-6e822e222586,Stiftung Liebenau,User/Other,1,1629.960228,Apartment,Rottenburg am Neckar,Apartment,Rottenburg am Neckar,Baden-Wurttemberg,,2022-01-12 00:00:00
4842,d93ed542-74ea-4765-bf03-7b8e73964aac,AS Wohnbau GmbH,Private,1,5599.86336,Dev Site,Munster,Dev Site,Munster,North Rhine-Westphalia,,2014-12-31 00:00:00
4843,c4a96f29-2df4-4eb7-8f83-b6c0edae171e,WTC,Institutional,1,,Apartment,Freiburg im Breisgau,Apartment,Freiburg im Breisgau,Baden-Wurttemberg,,2015-03-31 00:00:00
4844,e27ce0ab-e4d8-4aa2-b8d3-741c26f635e6,MAPI Pharma Ltd,User/Other,1,9999.756,Dev Site,Luckenwalde,Dev Site,Luckenwalde,Brandenburg,,2010-03-15 00:00:00
4845,4c48b00f-c8f6-419c-a5d2-da2b723242e8,Adco Umweltdienste Holding,Private,1,2499.939,Industrial,Essen,Industrial,Essen,North Rhine-Westphalia,,2016-10-11 00:00:00
4846,e27ce0ab-e4d8-4aa2-b8d3-741c26f635e6,BMZ GmbH,User/Other,1,54998.658,Dev Site,Karlstein am Main,Dev Site,Karlstein am Main,Bavaria,,2015-02-28 00:00:00
4847,24adb5fb-5a95-4838-8111-8f0549d7da8f,Bayerische Landeszahnarztekammer (BLZK),Institutional,1,999.9756,Dev Site,Munich,Dev Site,Munich,Bavaria,,2013-11-01 00:00:00
4848,4c48b00f-c8f6-419c-a5d2-da2b723242e8,Arthur Wiener,Private,1,3999.9024,Office,Frankfurt am Main,Office,Frankfurt am Main,Hesse,,2012-01-18 00:00:00
4849,e27ce0ab-e4d8-4aa2-b8d3-741c26f635e6,Nexen Tire,User/Other,1,10799.73648,Dev Site,Kelkheim (Taunus),Dev Site,Kelkheim (Taunus),Hesse,,2014-10-04 00:00:00
4850,e27ce0ab-e4d8-4aa2-b8d3-741c26f635e6,Wellteam-Unternehmensgruppe,User/Other,1,21999.28007552,Dev Site,Herford,Dev Site,Herford,North Rhine-Westphalia,,2013-04-22 00:00:00
4851,e27ce0ab-e4d8-4aa2-b8d3-741c26f635e6,TommaTech GmbH,User/Other,1,4299.89508,Industrial,Garching bei Munchen,Industrial,Garching bei Munchen,Bavaria,,2023-06-05 00:00:00
4852,4c48b00f-c8f6-419c-a5d2-da2b723242e8,Jorg Reents,Private,1,21999.4632,Industrial,Sigmaringen,Industrial,Sigmaringen,Baden-Wurttemberg,,2023-08-20 00:00:00
4853,e27ce0ab-e4d8-4aa2-b8d3-741c26f635e6,UTS Biogastechnik,User/Other,1,1199.97072,Office,Hallbergmoos,Office,Hallbergmoos,Bavaria,,2008-12-15 00:00:00
4854,e27ce0ab-e4d8-4aa2-b8d3-741c26f635e6,Joseph Dresselhaus GmbH & Co. KG,User/Other,1,16999.5852,Dev Site,Herford,Dev Site,Herford,North Rhine-Westphalia,,2012-03-01 00:00:00
4855,e27ce0ab-e4d8-4aa2-b8d3-741c26f635e6,Jens Dunkel Glas-und Bauelemente GmbH,User/Other,1,2699.93412,Industrial,Burg,Industrial,Burg,Saxony-Anhalt,,2018-02-08 00:00:00
4856,4c48b00f-c8f6-419c-a5d2-da2b723242e8,REDRA GmbH & Co. KG,Private,1,112997.2428,Dev Site,Elsteraue,Dev Site,Elsteraue,Saxony-Anhalt,,2022-03-28 00:00:00
4857,eaf4bf3d-c951-4ad1-b40f-9ac89e8e102a,City of Muhlacker,User/Other,1,224994.51,Dev Site,Muhlacker,Dev Site,Muhlacker,Baden-Wurttemberg,,2017-07-05 00:00:00
4858,4c48b00f-c8f6-419c-a5d2-da2b723242e8,Witt & Sohne GmbH,Private,1,1199.97072,Industrial,Pinneberg,Industrial,Pinneberg,Schleswig-Holstein,,2012-02-20 00:00:00
4859,4c48b00f-c8f6-419c-a5d2-da2b723242e8,Spreadworks Real Estate GmbH,Private,1,49998.78,Dev Site,Wildeck,Dev Site,Wildeck,Hesse,,2021-06-01 00:00:00
4860,4c48b00f-c8f6-419c-a5d2-da2b723242e8,Luftschiffbau Zeppelin GmbH,Private,1,,Hotel,Friedrichshafen,Hotel,Friedrichshafen,Baden-Wurttemberg,,2015-01-02 00:00:00
4861,e27ce0ab-e4d8-4aa2-b8d3-741c26f635e6,Privatbrauerei Schwerter Meissen GmbH,User/Other,1,14999.634,Industrial,Meissen,Industrial,Meissen,Saxony,,2016-02-10 00:00:00
4862,4c48b00f-c8f6-419c-a5d2-da2b723242e8,Ekkehard Streletzki,Private,1,34999.146,Dev Site,Berlin,Dev Site,Berlin,Berlin,,2013-09-19 00:00:00
4863,e27ce0ab-e4d8-4aa2-b8d3-741c26f635e6,WKK GmbH,User/Other,1,9999.756,Dev Site,Nettetal,Dev Site,Nettetal,North Rhine-Westphalia,,2021-03-31 00:00:00
4864,e27ce0ab-e4d8-4aa2-b8d3-741c26f635e6,Kordel Antriebstechnik,User/Other,1,48998.39653184,Dev Site,Olfen,Dev Site,Olfen,North Rhine-Westphalia,,2019-06-01 00:00:00
4865,4c48b00f-c8f6-419c-a5d2-da2b723242e8,Grupo Cenit,Private,1,4399.89264,Office,Berlin,Office,Berlin,Berlin,,2006-12-01 00:00:00
4866,4c48b00f-c8f6-419c-a5d2-da2b723242e8,Compagnia Sviluppi Industrieali Ed Immobiliari SPA (CSII SPA),Private,1,3974.90301,Office,Berlin,Office,Berlin,Berlin,,2015-12-31 00:00:00
4867,e27ce0ab-e4d8-4aa2-b8d3-741c26f635e6,Netztechnik Schiffmann GmbH,User/Other,1,3499.9146,Office,Essen,Office,Essen,North Rhine-Westphalia,,2015-07-21 00:00:00
4868,4c48b00f-c8f6-419c-a5d2-da2b723242e8,Marn Objektmanagement,Private,1,1372.9664988,Retail,Tostedt,Retail,Tostedt,Lower Saxony,,2020-10-19 00:00:00
4869,463f6584-5aaa-4c8f-9d1c-72ac78c30c0d,TIGA-Fonds 10 Galerie Betzenberg,Institutional,1,33163.1907984,Retail,Kaiserslautern,Retail,Kaiserslautern,Rhineland-Palatinate,,2003-09-01 00:00:00
4870,e27ce0ab-e4d8-4aa2-b8d3-741c26f635e6,Herder Verlagsgruppe,User/Other,1,8299.79748,Office,Freiburg im Breisgau,Office,Freiburg im Breisgau,Baden-Wurttemberg,,2013-03-31 00:00:00
4871,4c48b00f-c8f6-419c-a5d2-da2b723242e8,Zollhof Betreiber GmbH,Private,1,2799.93168,Office,Nuremberg,Office,Nuremberg,Bavaria,,2017-12-15 00:00:00
4872,5621fc5e-9014-4b9d-bed0-071f8c671044,Stadtbau Bamberg,Private,1,,Apartment,Bamberg,Apartment,Bamberg,Bavaria,,2016-07-28 00:00:00
4873,e27ce0ab-e4d8-4aa2-b8d3-741c26f635e6,"Transpark AG, de",User/Other,1,31999.2192,Dev Site,Grossweitzschen,Dev Site,Grossweitzschen,Saxony,,2017-12-31 00:00:00
4874,e27ce0ab-e4d8-4aa2-b8d3-741c26f635e6,Lagerlowe GmbH,User/Other,1,7022.8286388,Dev Site,Leipzig,Dev Site,Leipzig,Saxony,,2022-07-13 00:00:00
4875,ef9d322e-86cd-4686-8335-91f2644ee9b3,Sixt SE,User/Other,1,24999.39,Office,Pullach im Isartal,Office,Pullach im Isartal,Bavaria,,2015-12-31 00:00:00
4876,4c48b00f-c8f6-419c-a5d2-da2b723242e8,NRP Projekt-Investition AG,Private,1,5499.8658,Office,Dusseldorf,Office,Dusseldorf,North Rhine-Westphalia,,2003-03-01 00:00:00
4877,e27ce0ab-e4d8-4aa2-b8d3-741c26f635e6,move:elevator,User/Other,1,7999.8048,Dev Site,Oberhausen,Dev Site,Oberhausen,North Rhine-Westphalia,,2013-10-01 00:00:00
4878,e27ce0ab-e4d8-4aa2-b8d3-741c26f635e6,Holzhandlung BECHER GmbH & Co. KG,User/Other,1,8414.794674,Dev Site,Oberhausen,Dev Site,Oberhausen,North Rhine-Westphalia,,2016-12-12 00:00:00
4879,e27ce0ab-e4d8-4aa2-b8d3-741c26f635e6,Vergolst GmbH,User/Other,1,5499.8658,Dev Site,Oberhausen,Dev Site,Oberhausen,North Rhine-Westphalia,,2019-06-26 00:00:00
4880,e27ce0ab-e4d8-4aa2-b8d3-741c26f635e6,Amprion GmbH,User/Other,1,133996.7304,Dev Site,Bergheim,Dev Site,Bergheim,North Rhine-Westphalia,,2015-11-20 00:00:00
4881,c49b640d-9231-4c93-95fc-89fe5fe7a8c6,hit-Technopark,Private,1,8699.78772,Office,Hamburg,Office,Hamburg,Hamburg,,2009-11-15 00:00:00
4882,4a2c2eea-5b93-4b0b-b819-f5491b38d08b,Cadillac Fairview,Institutional,1,43151.9470668,Industrial,Limeshain,Industrial,Limeshain,Hesse,,2023-08-08 00:00:00
4883,4c48b00f-c8f6-419c-a5d2-da2b723242e8,Areal Group Wealth Management GmbH,Private,1,3252.9206268,Apartment,Potsdam,Apartment,Potsdam,Brandenburg,,2018-06-07 00:00:00
4884,e27ce0ab-e4d8-4aa2-b8d3-741c26f635e6,AO World PLC,User/Other,1,9999.756,Dev Site,Grossbeeren,Dev Site,Grossbeeren,Brandenburg,,2014-12-05 00:00:00
4885,e27ce0ab-e4d8-4aa2-b8d3-741c26f635e6,EC POWER GmbH,User/Other,1,1614.960594,Industrial,Grossbeeren,Industrial,Grossbeeren,Brandenburg,,2023-02-15 00:00:00
4886,e27ce0ab-e4d8-4aa2-b8d3-741c26f635e6,6B47 Asset Management Deutschland,User/Other,1,3699.90972,Dev Site,Frankfurt am Main,Dev Site,Frankfurt am Main,Hesse,,2012-09-28 00:00:00
4887,e27ce0ab-e4d8-4aa2-b8d3-741c26f635e6,DHG Dachbaustoff-Handels-Gesellschaft mbH,User/Other,1,1649.95974,Industrial,Bremen,Industrial,Bremen,Bremen,,2015-02-03 00:00:00
4888,e27ce0ab-e4d8-4aa2-b8d3-741c26f635e6,FrigoVans GmbH,User/Other,1,3799.90728,Dev Site,Lunen,Dev Site,Lunen,North Rhine-Westphalia,,2023-12-01 00:00:00
4889,4c48b00f-c8f6-419c-a5d2-da2b723242e8,VGS,Private,1,6869.832372,Office,Kronshagen,Office,Kronshagen,Schleswig-Holstein,,2015-06-26 00:00:00
4890,4c48b00f-c8f6-419c-a5d2-da2b723242e8,Ebel Gruppe,Private,1,4599.88776,Hotel,Bad Bevensen,Hotel,Bad Bevensen,Lower Saxony,,2023-09-07 00:00:00
4891,9bac26db-22e3-4ebf-b94b-758bfa00e663,LMEY Investments,Private,1,269991.1645632,Dev Site,Wittenburg,Dev Site,Wittenburg,Mecklenburg-West Pomerania,,2016-02-17 00:00:00
4892,4c48b00f-c8f6-419c-a5d2-da2b723242e8,Porta Nova Immobiliengesellschaft,Private,1,33999.1704,Dev Site,Trier,Dev Site,Trier,Rhineland-Palatinate,,2011-12-08 00:00:00
4893,e27ce0ab-e4d8-4aa2-b8d3-741c26f635e6,Profine Group,User/Other,1,69998.292,Dev Site,Pirmasens,Dev Site,Pirmasens,Rhineland-Palatinate,,2015-10-26 00:00:00
4894,4c48b00f-c8f6-419c-a5d2-da2b723242e8,MDI Real Estate GmbH,Private,1,9224.77491,Office,Chemnitz,Office,Chemnitz,Saxony,,2019-07-12 00:00:00
4895,4c48b00f-c8f6-419c-a5d2-da2b723242e8,Elmar Klingseis; Alexander Penzkofer,Private,1,3174.7646,Industrial,Regen,Industrial,Regen,Bavaria,,2016-07-22 00:00:00
4896,4c48b00f-c8f6-419c-a5d2-da2b723242e8,Michael Wilkes,Private,1,1999.9512,Office,Wentorf bei Hamburg,Office,Wentorf bei Hamburg,Schleswig-Holstein,,2014-07-31 00:00:00
4897,4c48b00f-c8f6-419c-a5d2-da2b723242e8,Paul Abeler,Private,1,1999.9512,Office,Wentorf bei Hamburg,Office,Wentorf bei Hamburg,Schleswig-Holstein,,2014-07-31 00:00:00
4898,e27ce0ab-e4d8-4aa2-b8d3-741c26f635e6,ApS Corp Nordic A/S,User/Other,1,2784.908821,Retail,Schwerte an der Ruhr,Retail,Schwerte an der Ruhr,North Rhine-Westphalia,,2008-03-15 00:00:00
4899,4c48b00f-c8f6-419c-a5d2-da2b723242e8,Tolle Immobilien GmbH,Private,1,1499.9634,Apartment,Berlin,Apartment,Berlin,Berlin,,2023-10-25 00:00:00
4900,a7bdb405-cde4-425c-ae18-3a93088f14ec,B.G.M. Ltd,Private,1,40998.9996,Retail,,Retail,,,,2023-10-11 00:00:00
4901,e27ce0ab-e4d8-4aa2-b8d3-741c26f635e6,Lockamp Vertriebsgesellschaft,User/Other,1,4949.87922,Industrial,Gelsenkirchen,Industrial,Gelsenkirchen,North Rhine-Westphalia,,2023-08-21 00:00:00
4902,4c48b00f-c8f6-419c-a5d2-da2b723242e8,Moayedi Investments,Private,1,12999.6828,Office,Potsdam,Office,Potsdam,Brandenburg,,2023-06-27 00:00:00
4903,4c48b00f-c8f6-419c-a5d2-da2b723242e8,Arenova GmbH,Private,1,10304.748558,Apartment,Lauterbach (Hessen),Apartment,Lauterbach (Hessen),Hesse,,2023-06-12 00:00:00
4904,220f3dd1-009a-4eca-872f-79f2070c8e3a,Birger Dehne AG,Private,1,,Apartment,,Apartment,,,,2023-06-07 00:00:00
4905,4c48b00f-c8f6-419c-a5d2-da2b723242e8,Woelfer Real Estate,Private,1,6999.8292,Dev Site,,Dev Site,,North Rhine-Westphalia,,2023-04-03 00:00:00
4906,4c48b00f-c8f6-419c-a5d2-da2b723242e8,BIN GmbH,Private,1,,Apartment,Nienburg (Weser),Apartment,Nienburg (Weser),Lower Saxony,,2023-03-09 00:00:00
4907,4c48b00f-c8f6-419c-a5d2-da2b723242e8,KM-Wohnbau,Private,1,,Apartment,Munich,Apartment,Munich,Bavaria,,2023-02-15 00:00:00
4908,4c48b00f-c8f6-419c-a5d2-da2b723242e8,PASCA Holding,Private,1,999.9756,Apartment,Hamburg,Apartment,Hamburg,Hamburg,,2023-02-06 00:00:00
4909,4c48b00f-c8f6-419c-a5d2-da2b723242e8,Loan Land GmbH,Private,1,4299.89508,Office,Berlin,Office,Berlin,Berlin,,2023-01-27 00:00:00
4910,23c1c5ee-a53c-4047-be4a-09492bc01101,Berlin III A/S,Institutional,1,,Apartment,,Apartment; Office,Stuttgart,Berlin; Baden-Wurttemberg,,2012-01-17 00:00:00
4911,4c48b00f-c8f6-419c-a5d2-da2b723242e8,IAC,Private,1,,Industrial,,Industrial,,,,2006-03-31 00:00:00
4912,5323cab1-5c0e-4049-b264-bf30227cc36b,Slough Estates,Public,1,299990.0788,Dev Site,Dusseldorf,Dev Site; Industrial,Dusseldorf; Grevenbroich,North Rhine-Westphalia,,2006-02-14 00:00:00
4913,15b890c7-9896-4f9d-8d5b-bfd91fbf9ba6,Taliesin,Public,1,,Apartment,,Apartment,Berlin,Berlin,,2018-02-23 00:00:00
4914,4c48b00f-c8f6-419c-a5d2-da2b723242e8,Michael Pribil,Private,1,20867.4908208,Apartment,,Apartment,,,,2012-05-15 00:00:00
4915,c1425814-cf7f-4f4f-a15b-00d7aa82f5ae,HP Stoessel Unternehmensbeteiligungen.,Institutional,1,,Apartment,,Apartment,,Berlin,,2005-08-26 00:00:00
4916,e27ce0ab-e4d8-4aa2-b8d3-741c26f635e6,Bepro Blech & Profilstahl GmbH & Co,User/Other,1,19999.512,Dev Site,Gelsenkirchen,Dev Site,Gelsenkirchen,North Rhine-Westphalia,,2008-08-31 00:00:00
4917,75971fd9-5be1-4164-8e3f-e12c572f4d55,RVG Real Estate,Private,1,,Apartment,,Apartment,,Schleswig-Holstein,,2013-10-22 00:00:00
4918,4c48b00f-c8f6-419c-a5d2-da2b723242e8,Wohnen am See Zernsdorf GmbH,Private,1,139995.3763,Dev Site,Konigs Wusterhausen,Dev Site,Konigs Wusterhausen,Brandenburg,,2008-07-31 00:00:00
4919,8bfcb025-b5b8-4b7e-ab9e-b4a681fd6913,Caprice Real Estate,Private,1,,Retail,,Retail,,,,2008-07-15 00:00:00
4920,4c48b00f-c8f6-419c-a5d2-da2b723242e8,Ulick & Des McEvaddy,Private,1,348018.264,Dev Site,Berlin,Dev Site,Berlin,Berlin,,2008-05-23 00:00:00
4921,cd4296ec-cb89-44ba-8748-5c648133baf6,Ruecker Immobilien AG,Public,1,,Apartment,,Apartment; Dev Site,Cologne,North Rhine-Westphalia,,2008-12-23 00:00:00
4922,4c48b00f-c8f6-419c-a5d2-da2b723242e8,Sarn Ejendomme,Private,1,,Retail,,Retail,,Bremen,,2008-02-15 00:00:00
4923,7be5427d-7f33-4a7f-9136-2164b1b9ea2b,WIAG,Private,1,31798.959315,Apartment,,Apartment,,,,2008-02-15 00:00:00
4924,4c48b00f-c8f6-419c-a5d2-da2b723242e8,GbR,Private,1,,Apartment,,Apartment,,,,2008-02-15 00:00:00
4925,e27ce0ab-e4d8-4aa2-b8d3-741c26f635e6,Nuka,User/Other,1,9649.684229924,Retail,,Retail,,,,2008-02-15 00:00:00
4926,4c48b00f-c8f6-419c-a5d2-da2b723242e8,Luttich 49 Properties GmbH,Private,1,,Apartment,,Apartment,,North Rhine-Westphalia,,2012-04-15 00:00:00
4927,9e8f0cc7-83e7-445b-805a-d148be47f811,Rowan Asset Management,Institutional,1,9999.67239,Retail,,Retail,,North Rhine-Westphalia,,2007-08-15 00:00:00
4928,ad8738ce-8019-430f-82aa-394770bdbbce,Fordinvest,Private,1,97197.62832,Apartment,,Apartment,,Brandenburg,,2015-11-05 00:00:00
4929,09683404-d86c-4b05-acb9-c4e3e9fe5879,River Investment Group,Private,1,,Retail,,Retail,,,,2007-07-24 00:00:00
4930,82d01836-a701-4564-997f-72af41a08e6c,FAZ,User/Other,1,,Apartment,,Apartment,,,,2007-07-13 00:00:00
4931,1be48612-2dd8-4a3c-b972-59e7e63c9b98,Pangaea Real Estate Ltd,Private,1,,Apartment,Leipzig,Apartment,Leipzig,Saxony,,2007-06-26 00:00:00
4932,02aa5842-6712-426f-b404-27fd9ceca738,Rhein Main Invest,Private,1,9299.77308,Office,Cologne,Office,Cologne,North Rhine-Westphalia,,2012-03-26 00:00:00
4933,bce52b76-c90b-4fc0-960c-0ede182e0fac,International investor,Private,1,355988.3408,Apartment,,Apartment,,,,2007-05-15 00:00:00
4934,c23ebcb5-d280-4c09-91e5-b34ae31966ce,International Investment Bank,Institutional,1,,Office,,Office,,Bavaria,,2007-04-30 00:00:00
4935,4c48b00f-c8f6-419c-a5d2-da2b723242e8,TN Eagle 1 GmbH,Private,1,105056.4365604,Apartment,,Apartment,,,,2010-04-15 00:00:00
4936,07d75391-692c-43b8-a774-064cba6458bc,Prashkovsky Investments,Public,1,11299.6302381493,Office,,Office,,Bavaria,,2007-03-26 00:00:00
4937,4c48b00f-c8f6-419c-a5d2-da2b723242e8,Fetter + Spiritini production & Service GmbH,Private,1,17999.5608,Dev Site,Passau,Dev Site,Passau,Bavaria,,2014-03-13 00:00:00
4938,e27ce0ab-e4d8-4aa2-b8d3-741c26f635e6,Der Metzger Schneider GmbH,User/Other,1,2999.9268,Industrial,Freiberg am Neckar,Industrial,Freiberg am Neckar,Baden-Wurttemberg,,2014-03-11 00:00:00
4939,f3560823-f219-4ac8-8af3-65e6a6443d45,Forte Cap Management LLC,Private,1,108804.3451092,Apartment,,Apartment,,,,2014-02-20 00:00:00
4940,e27ce0ab-e4d8-4aa2-b8d3-741c26f635e6,Jumo GmbH & Co KG,User/Other,1,99997.56,Dev Site,Fulda,Dev Site,Fulda,Hesse,,2014-01-31 00:00:00
4941,e27ce0ab-e4d8-4aa2-b8d3-741c26f635e6,Elementar Analysensysteme GmbH,User/Other,1,14999.634,Dev Site,Langenselbold,Dev Site,Langenselbold,Hesse,,2014-01-22 00:00:00
4942,4c48b00f-c8f6-419c-a5d2-da2b723242e8,CityGrund GmbH,Private,1,9489.768444,Apartment,,Apartment,,Bremen,,2013-12-31 00:00:00
4943,4c48b00f-c8f6-419c-a5d2-da2b723242e8,Blausee GmbH,Private,1,3499885.46656,Dev Site,Bitterfeld-Wolfen,Dev Site,Bitterfeld-Wolfen,Saxony-Anhalt,,2013-12-12 00:00:00
4944,4c48b00f-c8f6-419c-a5d2-da2b723242e8,Klaus Wallraff,Private,1,6999.8292,Industrial,Leverkusen,Industrial,Leverkusen,North Rhine-Westphalia,,2013-11-13 00:00:00
4945,4c48b00f-c8f6-419c-a5d2-da2b723242e8,KH Real Estate,Private,1,28899.29484,Dev Site,Troisdorf,Dev Site,Troisdorf,North Rhine-Westphalia,,2012-02-09 00:00:00
4946,65f5ddff-23f7-41c5-a812-8f3d9a894445,Medical Props Trust,Public,1,,Seniors Housing & Care,,Seniors Housing & Care,,,,2013-10-10 00:00:00
4947,3555db89-a3eb-45ce-a44c-2e7b2325c461,Hamburger Fondsgesellschaft,<unknown>,1,2099.94876,Apartment,Berlin,Apartment,Berlin,Berlin,,2012-02-01 00:00:00
4948,4d14f271-b847-4366-9766-f435a2a83c2e,KP Real Estate,Private,1,2599.93656,Retail,Bad Segeberg,Retail,Bad Segeberg,Schleswig-Holstein,,2013-08-08 00:00:00
4949,4c48b00f-c8f6-419c-a5d2-da2b723242e8,Hanseatic Wohnbaugesellschaft,Private,1,6799.83408,Apartment,,Apartment,,Lower Saxony,,2013-08-01 00:00:00
4950,4c48b00f-c8f6-419c-a5d2-da2b723242e8,Schillinger Beregnungsanlagen GmbH,Private,1,44998.902,Dev Site,Breisach am Rhein,Dev Site,Breisach am Rhein,Baden-Wurttemberg,,2013-07-16 00:00:00
4951,e27ce0ab-e4d8-4aa2-b8d3-741c26f635e6,Samvardhana Motherson Peguform (SMP),User/Other,1,69997.7093312,Dev Site,Schierling,Dev Site,Schierling,Bavaria,,2013-06-26 00:00:00
4952,de9b2c23-cab3-47c4-8bf0-e556fcce7c99,KFM Kreativbau,Private,1,2999.9268,Apartment,,Apartment,,Bavaria,,2013-05-22 00:00:00
4953,e27ce0ab-e4d8-4aa2-b8d3-741c26f635e6,Gilde-Beteiligungs AG (Zentrag),User/Other,1,2499.939,Industrial,Gross-Gerau,Industrial,Gross-Gerau,Hesse,,2013-04-29 00:00:00
4954,4c48b00f-c8f6-419c-a5d2-da2b723242e8,Sivaka Germany Properties Sarl,Private,1,,Apartment,Stadtoldendorf,Apartment,Stadtoldendorf,Lower Saxony,,2013-03-28 00:00:00
4955,e27ce0ab-e4d8-4aa2-b8d3-741c26f635e6,Diamant Software GmbH & Co. KG,User/Other,1,18499.5486,Dev Site,Bielefeld,Dev Site,Bielefeld,North Rhine-Westphalia,,2012-01-05 00:00:00
4956,463f6584-5aaa-4c8f-9d1c-72ac78c30c0d,7x7 Sachwerte West I,Institutional,1,,Retail,,Retail,,,,2013-01-21 00:00:00
4957,4c48b00f-c8f6-419c-a5d2-da2b723242e8,WBG Gluck Auf Gera e.G.,Private,1,,Apartment,Gera,Apartment,Gera,Thuringia,,2012-12-30 00:00:00
4958,2f1fa8e3-5fb4-4ce8-b734-da5de969b07b,Familienheim Rhein-Neckar e.G.,Private,1,,Apartment,,Apartment,,Baden-Wurttemberg,,2012-12-21 00:00:00
4959,4c48b00f-c8f6-419c-a5d2-da2b723242e8,Thomas Sabo GmbH & Co Schmuckhandel KG,Private,1,29999.268,Dev Site,Lauf an der Pegnitz,Dev Site,Lauf an der Pegnitz,Bavaria,,2012-12-12 00:00:00
4960,68c6fbaa-b09f-41f0-9043-fecb0db16f99,GT Medical Properties REIT,Public,1,17186.5,Office,,Office,,,,2012-11-16 00:00:00
4961,e27ce0ab-e4d8-4aa2-b8d3-741c26f635e6,Schuhmacher Packaging,User/Other,1,104997.438,Dev Site,Greven,Dev Site,Greven,North Rhine-Westphalia,,2012-10-11 00:00:00
4962,e27ce0ab-e4d8-4aa2-b8d3-741c26f635e6,FIR e.V.,User/Other,1,3499.9146,Office,Aachen,Office,Aachen,North Rhine-Westphalia,,2011-12-20 00:00:00
4963,e27ce0ab-e4d8-4aa2-b8d3-741c26f635e6,Spedition Klaus Meier GmbH,User/Other,1,32263.2127584,Industrial,Rottenburg am Neckar,Industrial,Rottenburg am Neckar,Baden-Wurttemberg,,2012-06-20 00:00:00
4964,e27ce0ab-e4d8-4aa2-b8d3-741c26f635e6,Schief Entsorgungs GmbH & Co,User/Other,1,35183.1415104,Industrial,Winnenden,Industrial,Winnenden,Baden-Wurttemberg,,2011-12-12 00:00:00
4965,4c48b00f-c8f6-419c-a5d2-da2b723242e8,Bille Invest & Immobilien GmbH,Private,1,2399.94144,Industrial,Hamburg,Industrial,Hamburg,Hamburg,,2015-12-16 00:00:00
4966,4c48b00f-c8f6-419c-a5d2-da2b723242e8,Geld & Grund Immobilien GmbH,Private,1,9299.77308,Apartment,Mullheim,Apartment,Mullheim,Baden-Wurttemberg,,2011-12-06 00:00:00
4967,e27ce0ab-e4d8-4aa2-b8d3-741c26f635e6,Nagel Verwaltung & Logistik GmbH,User/Other,1,9999.756,Dev Site,Oberkochen,Dev Site,Oberkochen,Baden-Wurttemberg,,2015-08-16 00:00:00
4968,4c48b00f-c8f6-419c-a5d2-da2b723242e8,KANT Beteiligungs- und Vermögensverwaltungs GmbH,Private,1,15999.6096,Dev Site,Adendorf,Dev Site,Adendorf,Lower Saxony,,2015-08-04 00:00:00
4969,eaf4bf3d-c951-4ad1-b40f-9ac89e8e102a,wbg Nurnberg GmbH,User/Other,1,12999.6828,Dev Site,Nuremberg,Dev Site,Nuremberg,Bavaria,,2011-11-03 00:00:00
4970,4dbdc7c3-eab1-4bc2-97ca-e8de1ccdc0e0,City of Bocholt,User/Other,1,,Apartment,Bocholt,Apartment,Bocholt,North Rhine-Westphalia,,2015-07-12 00:00:00
4971,e27ce0ab-e4d8-4aa2-b8d3-741c26f635e6,Fresh Nuts GmbH,User/Other,1,3988.9026684,Industrial,Bad Oldesloe,Industrial,Bad Oldesloe,Schleswig-Holstein,,2015-06-09 00:00:00
4972,ecd1c9fd-49b3-48d9-a659-e68b4fec8541,City of Dingolfing,User/Other,1,,Apartment,Dingolfing,Apartment,Dingolfing,Bavaria,,2015-04-23 00:00:00
4973,4c48b00f-c8f6-419c-a5d2-da2b723242e8,Fruchtsafthersteller Dohler,Private,1,6999.8292,Dev Site,Darmstadt,Dev Site,Darmstadt,Hesse,,2011-10-05 00:00:00
4974,4c48b00f-c8f6-419c-a5d2-da2b723242e8,EBV Immobilien Göttingen GmbH & Co KG,Private,1,,Apartment,Gottingen,Apartment,Gottingen,Lower Saxony,,2015-03-31 00:00:00
4975,4c48b00f-c8f6-419c-a5d2-da2b723242e8,Andreas Deuerlein,Private,1,,Apartment,Nuremberg,Apartment,Nuremberg,Bavaria,,2015-03-19 00:00:00
4976,4c48b00f-c8f6-419c-a5d2-da2b723242e8,HAIH Hamburgische Investment Holding GmbH,Private,1,163995.9984,Industrial,,Industrial,,,,2015-03-11 00:00:00
4977,0136676e-0db5-4bdf-9db7-43d8220b2b84,Optibase Ltd,Institutional,1,,Retail,,Retail,,Bavaria,,2015-03-06 00:00:00
4978,4c48b00f-c8f6-419c-a5d2-da2b723242e8,Vesterra Urban Living GmbH,Private,1,3920.9043276,Apartment,Offenbach am Main,Apartment,Offenbach am Main,Hesse,,2015-02-28 00:00:00
4979,e27ce0ab-e4d8-4aa2-b8d3-741c26f635e6,Deiter GmbH,User/Other,1,14999.634,Dev Site,Frechen,Dev Site,Frechen,North Rhine-Westphalia,,2015-01-27 00:00:00
4980,f2279f31-a4ca-42ff-8f47-01d1d157cc32,OPERATIO GmbH,Institutional,1,7061.8276872,Apartment,,Apartment,,Saxony-Anhalt,,2015-01-14 00:00:00
4981,1ac2b5d8-972c-49a6-bd69-7adf5ba08366,Euro Investipierre SCPI,Private,1,24999.39,Retail,,Retail,,,,2015-01-13 00:00:00
4982,e27ce0ab-e4d8-4aa2-b8d3-741c26f635e6,Vita,User/Other,1,159994.7641856,Dev Site,Neuenburg am Rhein,Dev Site,Neuenburg am Rhein,Baden-Wurttemberg,,2014-12-17 00:00:00
4983,d86121b1-189c-42a5-bf75-6afe304d3dc4,DFK Deutsche Fondskonzept GmbH,Institutional,1,,Apartment,,Apartment,,Schleswig-Holstein,,2011-09-15 00:00:00
4984,e27ce0ab-e4d8-4aa2-b8d3-741c26f635e6,DPD Dynamic Parcel Distribution GmbH & Co. KG,User/Other,1,94997.682,Dev Site,Bonen,Dev Site,Bonen,North Rhine-Westphalia,,2014-12-11 00:00:00
4985,4c48b00f-c8f6-419c-a5d2-da2b723242e8,ACB Gruppe,Private,1,13999.6584,Apartment,,Apartment,,Bavaria,,2014-09-18 00:00:00
4986,4c48b00f-c8f6-419c-a5d2-da2b723242e8,Paul Siewer,Private,1,1149.97194,Retail,Detmold,Retail,Detmold,North Rhine-Westphalia,,2014-08-21 00:00:00
4987,e27ce0ab-e4d8-4aa2-b8d3-741c26f635e6,Italpannelli Srl,User/Other,1,99996.727616,Dev Site,Fohren,Dev Site,Fohren,Rhineland-Palatinate,,2014-06-23 00:00:00
4988,4c48b00f-c8f6-419c-a5d2-da2b723242e8,MEC Manangement Estate Company GmbH,Private,1,14020.6578876,Apartment,,Apartment,,Berlin,,2014-05-13 00:00:00
4989,4c48b00f-c8f6-419c-a5d2-da2b723242e8,TIZIAN WohnWert Partners GmbH,Private,1,999.9756,Apartment,Erfurt,Apartment,Erfurt,Thuringia,,2017-08-30 00:00:00
4990,4c48b00f-c8f6-419c-a5d2-da2b723242e8,HAU+S Bautrager GmbH,Private,1,,Apartment,,Apartment,,,,2017-08-10 00:00:00
4991,4c48b00f-c8f6-419c-a5d2-da2b723242e8,Gerico Invest GmbH,Private,1,,Apartment,,Apartment,,,,2017-08-10 00:00:00
4992,4c48b00f-c8f6-419c-a5d2-da2b723242e8,Origami PROPCO,Private,1,,Retail,,Retail,,,,2017-06-30 00:00:00
4993,c71db475-f44e-4677-8a5d-5434b2c8fede,Feondor Group,Institutional,1,169995.852,Apartment,Iserlohn,Apartment,Iserlohn,North Rhine-Westphalia,,2020-04-03 00:00:00
4994,4c48b00f-c8f6-419c-a5d2-da2b723242e8,Markus Schwarz,Private,1,7274.82249,Apartment,Clausthal-Zellerfeld,Apartment,Clausthal-Zellerfeld,Lower Saxony,,2017-05-01 00:00:00
4995,0c118f03-3ee5-4469-aab1-fe788ef26c75,The First Investor,Institutional,1,22559.0928,Office,Stuttgart,Office,Stuttgart,Baden-Wurttemberg,,2017-04-17 00:00:00
4996,e27ce0ab-e4d8-4aa2-b8d3-741c26f635e6,Borgward Group AG,User/Other,1,139996.584,Dev Site,Bremen,Dev Site,Bremen,Bremen,,2017-04-12 00:00:00
4997,0c1c7f8c-2819-4f69-b581-7d4b00419bae,‘t Bolwerk SA,Private,1,7409.819196,Apartment,,Apartment,,Hamburg,,2017-03-23 00:00:00
4998,4c48b00f-c8f6-419c-a5d2-da2b723242e8,Abinger Group,Private,1,9999.756,Retail,,Retail,,North Rhine-Westphalia,,2016-10-18 00:00:00
4999,bd5657ae-402e-4677-a035-dc18a547bcae,Wohnbaugenossenschaft Stadt und Landkreis Bamberg,User/Other,1,19399.52664,Apartment,Furth,Apartment,Furth,Bavaria,,2011-07-21 00:00:00
5000,eaf4bf3d-c951-4ad1-b40f-9ac89e8e102a,City of Freiberg,User/Other,1,132936.756264,Apartment,Freiberg,Apartment,Freiberg,Saxony,,2016-08-08 00:00:00
5001,307e6b66-e205-4059-9b90-1c061956c693,CA Fastigheter AB,Private,1,22185.4586616,Apartment,,Apartment,,,,2016-08-05 00:00:00
5002,e27ce0ab-e4d8-4aa2-b8d3-741c26f635e6,NordGrundInvest,User/Other,1,6499.8414,Apartment,,Apartment,,Lower Saxony,,2011-07-07 00:00:00
5003,8faf8bb8-2ce2-4955-87ef-9d9cb87efb63,Peter Gross Bau,Private,1,7499.817,Dev Site,Kaiserslautern,Dev Site,Kaiserslautern,Rhineland-Palatinate,,2016-07-28 00:00:00
5004,d9e2feaf-5bee-4c23-896b-2a9e942f158a,FIHM,Institutional,1,9999.756,Retail,,Retail,,,,2011-07-04 00:00:00
5005,e27ce0ab-e4d8-4aa2-b8d3-741c26f635e6,S+B Maschinenhandels GmbH,User/Other,1,7299.82188,Industrial,Karlsbad,Industrial,Karlsbad,Baden-Wurttemberg,,2016-05-17 00:00:00
5006,e27ce0ab-e4d8-4aa2-b8d3-741c26f635e6,Beumer Group,User/Other,1,34999.146,Dev Site,Beckum,Dev Site,Beckum,North Rhine-Westphalia,,2016-04-01 00:00:00
5007,e27ce0ab-e4d8-4aa2-b8d3-741c26f635e6,Soellner Reisen,User/Other,1,9399.77064,Dev Site,Obertraubling,Dev Site,Obertraubling,Bavaria,,2016-03-30 00:00:00
5008,bf4ba4dd-f400-41d4-a0c7-d8bce1201dd3,Wert Estate,Private,1,19999.512,Apartment,,Apartment,,North Rhine-Westphalia,,2016-03-29 00:00:00
5009,4c48b00f-c8f6-419c-a5d2-da2b723242e8,Gunstiger Wohnen 4 GmbH,Private,1,,Apartment,,Apartment,,Saxony,,2016-03-07 00:00:00
5010,bd5657ae-402e-4677-a035-dc18a547bcae,LC & Profundo OHG,User/Other,1,5459.866776,Apartment,,Apartment,,Baden-Wurttemberg,,2011-06-15 00:00:00
5011,4c48b00f-c8f6-419c-a5d2-da2b723242e8,IMS Immobilienmanagement & Service GmbH,Private,1,1430.9650836,Office,Monchengladbach,Office,Monchengladbach,North Rhine-Westphalia,,2016-02-12 00:00:00
5012,4c48b00f-c8f6-419c-a5d2-da2b723242e8,Rhein-Ruhr Invest GmbH,Private,1,11699.71452,Apartment,,Apartment,,North Rhine-Westphalia,,2016-02-09 00:00:00
5013,854e558f-91c3-4177-95cb-4bc68fc9a457,Meyer & Sohne,Private,1,11049.73038,Apartment,,Apartment,,Hesse,,2015-12-31 00:00:00
5014,53839cca-9e2a-4886-89d3-4805866683dd,GWG1897,User/Other,1,10789.736724,Apartment,,Apartment,,North Rhine-Westphalia,,2015-12-31 00:00:00
5015,4c48b00f-c8f6-419c-a5d2-da2b723242e8,Paneuropaeischen Immobilienfonds Epsio,Private,1,,Apartment,,Apartment,,Berlin,,2011-05-23 00:00:00
5016,4c48b00f-c8f6-419c-a5d2-da2b723242e8,FKC Real Estate Investment AG,Private,1,2999.9268,Office,Burgthann,Office,Burgthann,Bavaria,,2019-05-27 00:00:00
5017,e27ce0ab-e4d8-4aa2-b8d3-741c26f635e6,tegut,User/Other,1,229994.388,Dev Site,"Hunfeld, Konrad-Zuse-Stadt",Dev Site,"Hunfeld, Konrad-Zuse-Stadt",Hesse,,2019-04-11 00:00:00
5018,e27ce0ab-e4d8-4aa2-b8d3-741c26f635e6,Meier-Medizintechnik,User/Other,1,19499.5242,Dev Site,Hille,Dev Site,Hille,North Rhine-Westphalia,,2019-03-01 00:00:00
5019,ca0b7c81-27a7-4814-ba2c-44624f09d25e,SteinFischer GmbH,Institutional,1,13199.67792,Apartment,Magdeburg,Apartment,Magdeburg,Saxony-Anhalt,,2019-02-25 00:00:00
5020,4c48b00f-c8f6-419c-a5d2-da2b723242e8,Projekt Zwo Immobilien GmbH,Private,1,9999.6727616,Dev Site,Giessen,Dev Site,Giessen,Hesse,,2018-12-01 00:00:00
5021,dda897e5-cfc3-4ee1-aa0c-58cc39908e49,Phoenix Spencer,User/Other,1,13649.66694,Apartment,Berlin,Apartment,Berlin,Berlin,,2018-11-30 00:00:00
5022,b675b1ce-7430-4ec1-a6c8-453541f84171,DGH AG,Private,1,19887.5147328,Apartment,,Apartment,,Bavaria,,2018-11-07 00:00:00
5023,44ddcab3-dea4-47fe-a969-6f0f96abd4d8,DIK Deutsche Immobilien & Kapital,Private,1,,Apartment,,Apartment,,Hesse,,2018-10-26 00:00:00
5024,4c48b00f-c8f6-419c-a5d2-da2b723242e8,Baltic-Immo-Holding GmbH,Private,1,3999.9024,Apartment,Rendsburg,Apartment,Rendsburg,Schleswig-Holstein,,2018-09-11 00:00:00
5025,4c48b00f-c8f6-419c-a5d2-da2b723242e8,AVV Allgemeine Vermogensverwaltung GmbH,Private,1,,Apartment,Wuppertal,Apartment,Wuppertal,North Rhine-Westphalia,,2018-09-04 00:00:00
5026,ae7b1a83-565d-4f5e-b7e3-dd414d04df18,nbre GmbH,Private,1,699.98292,Apartment,Frankfurt am Main,Apartment,Frankfurt am Main,Hesse,,2018-07-31 00:00:00
5027,4c48b00f-c8f6-419c-a5d2-da2b723242e8,Wohnungsbaugenossenschaft,Private,1,13999.6584,Apartment,,Apartment,,Lower Saxony,,2011-03-23 00:00:00
5028,4c48b00f-c8f6-419c-a5d2-da2b723242e8,DG Real Estate,Private,1,,Retail,,Retail,,,,2018-06-01 00:00:00
5029,65e7c2f2-b0ac-45ed-b774-b83bea930a87,Meridian Gruppe,Private,1,,Apartment,Dusseldorf,Apartment,Dusseldorf,North Rhine-Westphalia,,2011-03-11 00:00:00
5030,e27ce0ab-e4d8-4aa2-b8d3-741c26f635e6,IBU-tec advanced materials AG,User/Other,1,3999.9024,Industrial,Bitterfeld-Wolfen,Industrial,Bitterfeld-Wolfen,Saxony-Anhalt,,2018-04-23 00:00:00
5031,4c48b00f-c8f6-419c-a5d2-da2b723242e8,DBE GmbH,Private,1,,Retail,Hanover,Retail,Hanover,Lower Saxony,,2018-04-18 00:00:00
5032,5fe6823e-e859-4237-85d6-7cafcb38a2c7,Modernes Wohnen Koblenz eG,Private,1,2949.92802,Apartment,,Apartment,,Rhineland-Palatinate,,2011-01-15 00:00:00
5033,f008d5ca-e48f-4f9e-8f07-e9fa66e9a8e5,Earth Capital,Private,1,2099.94876,Retail,Bordeland,Retail,Bordeland,Saxony-Anhalt,,2017-10-02 00:00:00
5034,4c48b00f-c8f6-419c-a5d2-da2b723242e8,IAV GmbH,Private,1,14999.634,Dev Site,Heimsheim,Dev Site,Heimsheim,Baden-Wurttemberg,,2017-09-30 00:00:00
5035,4c48b00f-c8f6-419c-a5d2-da2b723242e8,Lenovi Projekt GmbH,Private,1,449.98902,Apartment,Fulda,Apartment,Fulda,Hesse,,2021-03-23 00:00:00
5036,e27ce0ab-e4d8-4aa2-b8d3-741c26f635e6,Hans Schuy Baustoff GmbH,User/Other,1,9999.756,Dev Site,Langenfeld (Rheinland),Dev Site,Langenfeld (Rheinland),North Rhine-Westphalia,,2021-03-08 00:00:00
5037,4c48b00f-c8f6-419c-a5d2-da2b723242e8,Hassler furs Buro GmbH,Private,1,969.976332,Office,Winterbach,Office,Winterbach,Baden-Wurttemberg,,2021-02-17 00:00:00
5038,4c48b00f-c8f6-419c-a5d2-da2b723242e8,Mogk GmbH & Co. KG,Private,1,11999.7072,Apartment,Erfurt,Apartment,Erfurt,Thuringia,,2021-02-09 00:00:00
5039,4c48b00f-c8f6-419c-a5d2-da2b723242e8,Investor community,Private,1,2211.9460272,Apartment,,Apartment,,Rhineland-Palatinate,,2021-01-07 00:00:00
5040,598eb36f-5ce6-4ed8-8f08-a841e629074c,RS Immo,Private,1,929.977308,Apartment,Leipzig,Apartment,Leipzig,Saxony,,2020-12-15 00:00:00
5041,4c48b00f-c8f6-419c-a5d2-da2b723242e8,Reconia Immobilienberatung GmbH,Private,1,3799.90728,Dev Site,Munich,Dev Site,Munich,Bavaria,,2020-12-14 00:00:00
5042,4c48b00f-c8f6-419c-a5d2-da2b723242e8,Axia Immobilien Group,Private,1,3499.9146,Dev Site,Hanover,Dev Site,Hanover,Lower Saxony,,2020-11-25 00:00:00
5043,4c48b00f-c8f6-419c-a5d2-da2b723242e8,ASCARD Capital Group,Private,1,,Retail,,Retail,,,,2020-10-30 00:00:00
5044,4c48b00f-c8f6-419c-a5d2-da2b723242e8,DUSAPRO Immobilien,Private,1,1699.95852,Apartment,,Apartment,,,,2020-10-09 00:00:00
5045,4c48b00f-c8f6-419c-a5d2-da2b723242e8,Gebruder Schweinle Immobilien GbR,Private,1,13999.6584,Industrial,Buchen (Odenwald),Industrial,Buchen (Odenwald),Baden-Wurttemberg,,2020-03-17 00:00:00
5046,4c48b00f-c8f6-419c-a5d2-da2b723242e8,Aspera Capital,Private,1,30792.2486508,Retail,,Retail,,,,2020-03-05 00:00:00
5047,4c48b00f-c8f6-419c-a5d2-da2b723242e8,B. u. I. Immobilienverwaltung,Private,1,2299.94388,Apartment,Mannheim,Apartment,Mannheim,Baden-Wurttemberg,,2020-02-14 00:00:00
5048,4c48b00f-c8f6-419c-a5d2-da2b723242e8,MWCM Holding,Private,1,799.98048,Retail,Pinneberg,Retail,Pinneberg,Schleswig-Holstein,,2019-10-23 00:00:00
5049,b3cac3a4-aa30-4eb4-8797-257e3db3da80,Cristal Life #SCPI Inter gestion,Private,1,35928.1233324,Retail,,Retail,,,,2022-12-30 00:00:00
5050,665f1dbb-720c-4434-bdfe-8ff55bbe33f7,InterGestion,Institutional,1,35928.1233324,Retail,,Retail,,,,2022-12-30 00:00:00
5051,4c48b00f-c8f6-419c-a5d2-da2b723242e8,Georg Glatzel Grundbesitz,Private,1,23431.4282592,Industrial,Gaiberg,Industrial,Gaiberg,Baden-Wurttemberg,,2022-12-22 00:00:00
5052,d7faf294-0b67-40bf-bf14-66ecb0affed3,Safestore,Public,1,29999.268,Self Storage,,Self Storage,,,,2022-12-02 00:00:00
5053,47c92d56-0971-4add-a0ea-7e0576e5f52e,GMA Essentialis,Institutional,1,13499.6706,Retail,,Retail,,,,2022-11-29 00:00:00
5054,4377dd2a-a533-48c5-a369-2464d929d369,Greenman Arth,Institutional,1,13499.6706,Retail,,Retail,,,,2022-11-29 00:00:00
5055,4c48b00f-c8f6-419c-a5d2-da2b723242e8,Mannheimer Bodenfonds,Private,1,1999.9512,Dev Site,Mannheim,Dev Site,Mannheim,Baden-Wurttemberg,,2022-11-24 00:00:00
5056,e27ce0ab-e4d8-4aa2-b8d3-741c26f635e6,TeamSport E-Karting,User/Other,1,4999.878,Other General,Bergkirchen,Other General,Bergkirchen,Bavaria,,2022-11-10 00:00:00
5057,4c48b00f-c8f6-419c-a5d2-da2b723242e8,GVZ-Entwicklungsmaßnahmen GmbH,Private,1,84997.926,Dev Site,Augsburg,Dev Site,Augsburg,Bavaria,,2022-10-17 00:00:00
5058,4c48b00f-c8f6-419c-a5d2-da2b723242e8,Haas Unternehmensgruppe,Private,1,48748.8105,Apartment,Thale,Apartment,Thale,Saxony-Anhalt,,2022-10-01 00:00:00
5059,4c48b00f-c8f6-419c-a5d2-da2b723242e8,Actum Real Estate Investment GmbH,Private,1,13999.6584,Industrial,Frankfurt am Main,Industrial,Frankfurt am Main,Hesse,,2022-09-27 00:00:00
5060,4c48b00f-c8f6-419c-a5d2-da2b723242e8,Alpine Immobilien GmbH,Private,1,149995.091424,Dev Site,Schonefeld,Dev Site,Schonefeld,Brandenburg,,2022-08-16 00:00:00
5061,3617c4df-3537-4279-821d-6e95fc25803b,Bauen und Wohnen,Private,1,144996.462,Apartment,,Apartment,,Berlin,,2010-06-16 00:00:00
5062,4c48b00f-c8f6-419c-a5d2-da2b723242e8,Surplus Equity Partners GmbH,Private,1,76998.1212,Apartment,Berlin,Apartment,Berlin,Berlin,,2022-06-07 00:00:00
5063,4c48b00f-c8f6-419c-a5d2-da2b723242e8,Fundament Advisory,Private,1,76998.1212,Apartment,Berlin,Apartment,Berlin,Berlin,,2022-06-07 00:00:00
5064,4c48b00f-c8f6-419c-a5d2-da2b723242e8,BXR Real Estate Investment,Private,1,673983.5544,Apartment,,Apartment,,,,2010-05-31 00:00:00
5065,4c48b00f-c8f6-419c-a5d2-da2b723242e8,Christ Immobilien,Private,1,14499.6462,Dev Site,Stuttgart,Dev Site,Stuttgart,Baden-Wurttemberg,,2022-04-27 00:00:00
5066,4c48b00f-c8f6-419c-a5d2-da2b723242e8,HG Beratungs GmbH,Private,1,2999.9268,Apartment,Werdau,Apartment,Werdau,Saxony,,2022-03-23 00:00:00
5067,0e19f204-4d68-4034-96f4-8522e2bc4bc2,Trobonn GmbH,Private,1,6999.8292,Apartment,,Apartment,,North Rhine-Westphalia,,2010-05-15 00:00:00
5068,4c48b00f-c8f6-419c-a5d2-da2b723242e8,Rentry GmbH,Private,1,,Apartment,Essen,Apartment,Essen,North Rhine-Westphalia,,2022-03-10 00:00:00
5069,4c48b00f-c8f6-419c-a5d2-da2b723242e8,DUSAPRO Immobilien GmbH,Private,1,,Apartment,Dormagen,Apartment,Dormagen,North Rhine-Westphalia,,2022-02-23 00:00:00
5070,e27ce0ab-e4d8-4aa2-b8d3-741c26f635e6,Wegatrade GmbH,User/Other,1,949.97682,Retail,Solingen,Retail,Solingen,North Rhine-Westphalia,,2022-01-12 00:00:00
5071,01acff92-2e66-4c0c-9126-0fad74f28825,BAE Systems Pension,Institutional,1,,Seniors Housing & Care,,Seniors Housing & Care,,,,2022-01-05 00:00:00
5072,01cc1a0d-f1ab-4c09-ad5e-2fbdce13c2f6,KKR (KREF),Public,1,9699.76332,Apartment,Dingolfing,Apartment,Dingolfing,Bavaria,,2021-12-31 00:00:00
5073,4c48b00f-c8f6-419c-a5d2-da2b723242e8,Beno Holding AG,Private,1,14691.6415152,Industrial,,Industrial,,Bavaria,,2021-10-08 00:00:00
5074,e27ce0ab-e4d8-4aa2-b8d3-741c26f635e6,Pro Contur,User/Other,1,21999.28007552,Dev Site,Wallscheid,Dev Site,Wallscheid,Rhineland-Palatinate,,2021-09-27 00:00:00
5075,4c48b00f-c8f6-419c-a5d2-da2b723242e8,Peter Family Office GmbH,Private,1,1939.952664,Apartment,Nuremberg,Apartment,Nuremberg,Bavaria,,2021-09-15 00:00:00
5076,4c48b00f-c8f6-419c-a5d2-da2b723242e8,Schweinle Immobilien,Private,1,8699.78772,Industrial,Saalfeld/Saale,Industrial,Saalfeld/Saale,Thuringia,,2021-09-02 00:00:00
5077,9a87494b-da93-46cc-8de3-94d451b48f79,MiddleCap Real Estate,Private,1,13999.6584,Office,Berlin,Office,Berlin,Berlin,,2021-07-30 00:00:00
5078,4c48b00f-c8f6-419c-a5d2-da2b723242e8,Magma Rock Estate GmbH,Private,1,2499.939,Apartment,Wandlitz,Apartment,Wandlitz,Brandenburg,,2021-06-03 00:00:00
5079,4c48b00f-c8f6-419c-a5d2-da2b723242e8,Berlin Income One GmbH,Private,1,21999.4632,Office,,Office,,Brandenburg,,2021-05-31 00:00:00
5080,4c48b00f-c8f6-419c-a5d2-da2b723242e8,ESTATIS Gruppe,Private,1,4199.89752,Industrial,Heidenheim an der Brenz,Industrial,Heidenheim an der Brenz,Baden-Wurttemberg,,2021-05-14 00:00:00
5081,e27ce0ab-e4d8-4aa2-b8d3-741c26f635e6,Kuchen Aktuell,User/Other,1,8499.7926,Dev Site,Wuppertal,Dev Site,Wuppertal,North Rhine-Westphalia,,2010-02-08 00:00:00
5082,e3d89f4c-a236-463c-945a-99a1d61b8d5c,Werbellin Invest,Private,1,,Apartment,,Apartment,,Brandenburg,,2010-01-28 00:00:00
5083,92aa945f-79a5-40c6-9d09-8ea45fc5bf1e,Volks-Bau-und Sparverein Frankfurt,Private,1,,Apartment,,Apartment,,Hesse,,2010-01-15 00:00:00
5084,4c48b00f-c8f6-419c-a5d2-da2b723242e8,Consus Property Group,Private,1,46998.8532,Apartment,,Apartment,,North Rhine-Westphalia,,2009-12-09 00:00:00
5085,8c8538fd-5166-42e8-9532-07c1b89951c3,WWL GmbH,Private,1,55248.6519,Apartment,,Apartment,,Saxony-Anhalt,,2009-12-08 00:00:00
5086,4c48b00f-c8f6-419c-a5d2-da2b723242e8,Wohnbau Salzgitter GmbH,Private,1,,Apartment,Peine,Apartment,Peine,Lower Saxony,,2009-09-28 00:00:00
5087,4c48b00f-c8f6-419c-a5d2-da2b723242e8,RE Kronberg,Private,1,76598.13096,Apartment,,Apartment,,Berlin,,2009-09-17 00:00:00
5088,4c48b00f-c8f6-419c-a5d2-da2b723242e8,DWF Deutscher Wohnfonds 01 GmbH & Co,Private,1,1327.9675968,Apartment,Cologne,Apartment,Cologne,North Rhine-Westphalia,,2009-09-16 00:00:00
5089,3a72f125-77aa-4343-be85-35f876c567f8,Asgard Objekte,Private,1,24369.405372,Apartment,,Apartment,,Berlin,,2009-08-28 00:00:00
5090,4c48b00f-c8f6-419c-a5d2-da2b723242e8,Treibreu Group,Private,1,,Apartment,,Apartment,,,,2009-06-26 00:00:00
5091,e27ce0ab-e4d8-4aa2-b8d3-741c26f635e6,Werntges Studios,User/Other,1,1499.9634,Dev Site,Gladbeck,Dev Site,Gladbeck,North Rhine-Westphalia,,2009-03-20 00:00:00
5092,ddc4e2bb-d0c1-4c2c-929d-d30a81ccf33c,Bakkenist & Emmens,Institutional,1,,Retail,,Retail,,,,2009-02-10 00:00:00
5093,a4907f0b-64b6-4804-96b3-cfc02a0d68c0,REIP Holding,Institutional,1,31999.2192,Apartment,,Apartment,,Hesse,,2008-12-16 00:00:00
5094,4c48b00f-c8f6-419c-a5d2-da2b723242e8,Storchen Immobilien Management GmbH,Private,1,1399.96584,Office,Munich,Office,Munich,Bavaria,,2024-07-25 00:00:00
5095,ee1227c9-8833-4d1a-8e97-cb361baf99bd,AP Capital GmbH,Private,1,12999.6828,Apartment,Chemnitz,Apartment,Chemnitz,Saxony,,2024-07-01 00:00:00
5096,3e5d5f2f-169a-4af3-9d32-43a486532d1d,Mattes GmbH,<unknown>,1,64998.414,Office,,Office,,,,2024-06-12 00:00:00
5097,4c48b00f-c8f6-419c-a5d2-da2b723242e8,Doser+Partner Baugesellschaft,Private,1,6499.8414,Industrial,Singen (Hohentwiel),Industrial,Singen (Hohentwiel),Baden-Wurttemberg,,2024-05-28 00:00:00
5098,4c48b00f-c8f6-419c-a5d2-da2b723242e8,KHW Kommunale Haus und Wohnen GmbH,Private,1,1499.9634,Apartment,Gutersloh,Apartment,Gutersloh,North Rhine-Westphalia,,2024-04-02 00:00:00
5099,e27ce0ab-e4d8-4aa2-b8d3-741c26f635e6,Backerei Kress,User/Other,1,1999.9512,Dev Site,Offenbach am Main,Dev Site,Offenbach am Main,Hesse,,2024-03-19 00:00:00
5100,4c48b00f-c8f6-419c-a5d2-da2b723242e8,N17 Projects Gmbh,Private,1,1599.96096,Dev Site,Frankfurt am Main,Dev Site,Frankfurt am Main,Hesse,,2024-03-11 00:00:00
5101,4c48b00f-c8f6-419c-a5d2-da2b723242e8,Callidus Real Estate Capital GmbH,Private,1,1599.96096,Dev Site,Frankfurt am Main,Dev Site,Frankfurt am Main,Hesse,,2024-03-11 00:00:00
5102,4c48b00f-c8f6-419c-a5d2-da2b723242e8,Quadoro Investment GmbH,Private,1,7999.8048,Office,,Office,,North Rhine-Westphalia,,2024-03-04 00:00:00
5103,4c48b00f-c8f6-419c-a5d2-da2b723242e8,LBU Immobilien Invest,Private,1,9999.756,Office,Kiel,Office,Kiel,Schleswig-Holstein,,2023-12-12 00:00:00
5104,c95ddfd4-1e58-4a15-9086-0289d8a94614,Icom,User/Other,1,2426.14080072,Industrial,Heusenstamm,Industrial,Heusenstamm,Hesse,,2023-11-27 00:00:00
